surface,top_menu,page_name,page_route,control_type,action_name,method,normalized_path,query_fields,path_fields,body_fields,header_fields,parameter_source,http_status,business_status,response_structure,auth_role,side_effect,before_state,after_state,original_category,original_name,original_source_file,classification,currently_used_by_ui,evidence,anomaly,blocked_scope
admin,Agent Management,Agency statistical report,/agency-management/agency-statistical,filter_submit,Apply registered filters via Query,GET,/admin/reports/agency,"end_time,field,page,page_size,sort,start_time,user_name",,,"accept,accept-language,client-id,client-version,d,lang,referer,sec-ch-ua,sec-ch-ua-mobile,sec-ch-ua-platform,t,user-agent,x-device-id",Query: current page filter/pagination; Header: authenticated browser session/runtime,200,True,"object; keys=a,d,t",FAT admin authenticated browser session; exact role/permission mapping pending,No mutation observed; registered low-risk interaction,Page reloaded and Network reached quiet state before action,Action response captured; no business mutation observed,admin/report,代理统计报表,后台/代理管理/代理统计报表.bru,ACTIVE,YES,fat-admin-explicit-read-actions.json Network events 147; exact selector registered Query/Search selector from explicit action inventory,,
admin,Agent Management,Agency statistical report,/agency-management/agency-statistical,input,End Date,,,,,,,No request captured,,,unverified,FAT admin authenticated browser session; exact role/permission mapping pending,No mutation observed,Page loaded,No request captured,,,,DOCUMENTED_UNVERIFIED,CONTROL_PRESENT_NO_REQUEST,"fat-admin-explicit-read-actions.json execution status=INTERACTED; exact selector {""locator"": ""input, textarea"", ""placeholder_or_name"": ""End Date""}",,Click produced no XHR/fetch; navigation/DOM effect requires follow-up
admin,Agent Management,Agency statistical report,/agency-management/agency-statistical,input,Page Size,,,,,,,No request captured,,,unverified,FAT admin authenticated browser session; exact role/permission mapping pending,No mutation observed,Page loaded,No request captured,,,,DOCUMENTED_UNVERIFIED,CONTROL_PRESENT_NO_REQUEST,"fat-admin-explicit-read-actions.json execution status=SKIPPED_NOT_ACTIONABLE; exact selector {""locator"": ""input, textarea"", ""placeholder_or_name"": ""Page Size""}",,Control was not actionable in the fresh page state
admin,Agent Management,Agency statistical report,/agency-management/agency-statistical,select,Page Size,,,,,,,No request captured,,,unverified,FAT admin authenticated browser session; exact role/permission mapping pending,No mutation observed,Page loaded,No request captured,,,,DOCUMENTED_UNVERIFIED,CONTROL_PRESENT_NO_REQUEST,"fat-admin-explicit-read-actions.json execution status=SKIPPED_NOT_ACTIONABLE; exact selector {""locator"": "".ant-layout-content .ant-select"", ""visible_text"": ""Page Size""}",,Control was not actionable in the fresh page state
admin,Agent Management,Agency statistical report,/agency-management/agency-statistical,input,Please enter the agent account,,,,,,,No request captured,,,unverified,FAT admin authenticated browser session; exact role/permission mapping pending,No mutation observed,Page loaded,No request captured,,,,DOCUMENTED_UNVERIFIED,CONTROL_PRESENT_NO_REQUEST,"fat-admin-explicit-read-actions.json execution status=INTERACTED; exact selector {""locator"": ""input, textarea"", ""placeholder_or_name"": ""Please enter the agent account""}",,Click produced no XHR/fetch; navigation/DOM effect requires follow-up
admin,Agent Management,Agency statistical report,/agency-management/agency-statistical,input,Start Date,,,,,,,No request captured,,,unverified,FAT admin authenticated browser session; exact role/permission mapping pending,No mutation observed,Page loaded,No request captured,,,,DOCUMENTED_UNVERIFIED,CONTROL_PRESENT_NO_REQUEST,"fat-admin-explicit-read-actions.json execution status=INTERACTED; exact selector {""locator"": ""input, textarea"", ""placeholder_or_name"": ""Start Date""}",,Click produced no XHR/fetch; navigation/DOM effect requires follow-up
admin,Game,Betting Record,/game/bet-orders,filter_submit,Apply registered filters via Query,POST,/admin/record/game,,,,"accept,accept-language,client-id,client-version,content-type,d,lang,referer,sec-ch-ua,sec-ch-ua-mobile,sec-ch-ua-platform,t,user-agent,x-device-id",Header: authenticated browser session/runtime,200,True,"object; keys=a,d,fd,s,t",FAT admin authenticated browser session; exact role/permission mapping pending,No mutation observed; registered low-risk interaction,Page reloaded and Network reached quiet state before action,Action response captured; no business mutation observed,,,,UNDOCUMENTED_ACTIVE,YES,fat-admin-explicit-read-actions.json Network events 843; exact selector registered Query/Search selector from explicit action inventory,,
admin,Game,Betting Record,/game/bet-orders,input,End Date,,,,,,,No request captured,,,unverified,FAT admin authenticated browser session; exact role/permission mapping pending,No mutation observed,Page loaded,No request captured,,,,DOCUMENTED_UNVERIFIED,CONTROL_PRESENT_NO_REQUEST,"fat-admin-explicit-read-actions.json execution status=INTERACTED; exact selector {""locator"": ""input, textarea"", ""placeholder_or_name"": ""End Date""}",,Click produced no XHR/fetch; navigation/DOM effect requires follow-up
admin,Game,Betting Record,/game/bet-orders,input,Please enter,,,,,,,No request captured,,,unverified,FAT admin authenticated browser session; exact role/permission mapping pending,No mutation observed,Page loaded,No request captured,,,,DOCUMENTED_UNVERIFIED,CONTROL_PRESENT_NO_REQUEST,"fat-admin-explicit-read-actions.json execution status=INTERACTED; exact selector {""locator"": ""input, textarea"", ""placeholder_or_name"": ""Please enter""}",,Click produced no XHR/fetch; navigation/DOM effect requires follow-up
admin,Game,Betting Record,/game/bet-orders,select,Please select,,,,,,,No request captured,,,unverified,FAT admin authenticated browser session; exact role/permission mapping pending,No mutation observed,Page loaded,No request captured,,,,DOCUMENTED_UNVERIFIED,CONTROL_PRESENT_NO_REQUEST,"fat-admin-explicit-read-actions.json execution status=INTERACTED; exact selector {""locator"": "".ant-layout-content .ant-select"", ""visible_text"": ""Please select""}",,Click produced no XHR/fetch; navigation/DOM effect requires follow-up
admin,Game,Betting Record,/game/bet-orders,select,Select,,,,,,,No request captured,,,unverified,FAT admin authenticated browser session; exact role/permission mapping pending,No mutation observed,Page loaded,No request captured,,,,DOCUMENTED_UNVERIFIED,CONTROL_PRESENT_NO_REQUEST,"fat-admin-explicit-read-actions.json execution status=INTERACTED; exact selector {""locator"": "".ant-layout-content .ant-select"", ""visible_text"": ""Select""}",,Click produced no XHR/fetch; navigation/DOM effect requires follow-up
admin,Game,Betting Record,/game/bet-orders,input,Start Date,,,,,,,No request captured,,,unverified,FAT admin authenticated browser session; exact role/permission mapping pending,No mutation observed,Page loaded,No request captured,,,,DOCUMENTED_UNVERIFIED,CONTROL_PRESENT_NO_REQUEST,"fat-admin-explicit-read-actions.json execution status=INTERACTED; exact selector {""locator"": ""input, textarea"", ""placeholder_or_name"": ""Start Date""}",,Click produced no XHR/fetch; navigation/DOM effect requires follow-up
admin,Game,FS 派发管理,/gamev2/freespin-grants,select,All,,,,,,,No request captured,,,unverified,FAT admin authenticated browser session; exact role/permission mapping pending,No mutation observed,Page loaded,No request captured,,,,DOCUMENTED_UNVERIFIED,CONTROL_PRESENT_NO_REQUEST,"fat-admin-explicit-read-actions.json execution status=INTERACTED; exact selector {""locator"": "".ant-layout-content .ant-select"", ""visible_text"": ""All""}",,Click produced no XHR/fetch; navigation/DOM effect requires follow-up
admin,Game,FS 派发管理,/gamev2/freespin-grants,input,End Time,,,,,,,No request captured,,,unverified,FAT admin authenticated browser session; exact role/permission mapping pending,No mutation observed,Page loaded,No request captured,,,,DOCUMENTED_UNVERIFIED,CONTROL_PRESENT_NO_REQUEST,"fat-admin-explicit-read-actions.json execution status=INTERACTED; exact selector {""locator"": ""input, textarea"", ""placeholder_or_name"": ""End Time""}",,Click produced no XHR/fetch; navigation/DOM effect requires follow-up
admin,Game,FS 派发管理,/gamev2/freespin-grants,input,Enter batch ID,,,,,,,No request captured,,,unverified,FAT admin authenticated browser session; exact role/permission mapping pending,No mutation observed,Page loaded,No request captured,,,,DOCUMENTED_UNVERIFIED,CONTROL_PRESENT_NO_REQUEST,"fat-admin-explicit-read-actions.json execution status=INTERACTED; exact selector {""locator"": ""input, textarea"", ""placeholder_or_name"": ""Enter batch ID""}",,Click produced no XHR/fetch; navigation/DOM effect requires follow-up
admin,Game,FS 派发管理,/gamev2/freespin-grants,select,Enter or select activity,,,,,,,No request captured,,,unverified,FAT admin authenticated browser session; exact role/permission mapping pending,No mutation observed,Page loaded,No request captured,,,,DOCUMENTED_UNVERIFIED,CONTROL_PRESENT_NO_REQUEST,"fat-admin-explicit-read-actions.json execution status=INTERACTED; exact selector {""locator"": "".ant-layout-content .ant-select"", ""visible_text"": ""Enter or select activity""}",,Click produced no XHR/fetch; navigation/DOM effect requires follow-up
admin,Game,FS 派发管理,/gamev2/freespin-grants,select,Enter or select vendor,,,,,,,No request captured,,,unverified,FAT admin authenticated browser session; exact role/permission mapping pending,No mutation observed,Page loaded,No request captured,,,,DOCUMENTED_UNVERIFIED,CONTROL_PRESENT_NO_REQUEST,"fat-admin-explicit-read-actions.json execution status=INTERACTED; exact selector {""locator"": "".ant-layout-content .ant-select"", ""visible_text"": ""Enter or select vendor""}",,Click produced no XHR/fetch; navigation/DOM effect requires follow-up
admin,Game,FS 派发管理,/gamev2/freespin-grants,input,Enter phone number,,,,,,,No request captured,,,unverified,FAT admin authenticated browser session; exact role/permission mapping pending,No mutation observed,Page loaded,No request captured,,,,DOCUMENTED_UNVERIFIED,CONTROL_PRESENT_NO_REQUEST,"fat-admin-explicit-read-actions.json execution status=INTERACTED; exact selector {""locator"": ""input, textarea"", ""placeholder_or_name"": ""Enter phone number""}",,Click produced no XHR/fetch; navigation/DOM effect requires follow-up
admin,Game,FS 派发管理,/gamev2/freespin-grants,input,Enter username,,,,,,,No request captured,,,unverified,FAT admin authenticated browser session; exact role/permission mapping pending,No mutation observed,Page loaded,No request captured,,,,DOCUMENTED_UNVERIFIED,CONTROL_PRESENT_NO_REQUEST,"fat-admin-explicit-read-actions.json execution status=INTERACTED; exact selector {""locator"": ""input, textarea"", ""placeholder_or_name"": ""Enter username""}",,Click produced no XHR/fetch; navigation/DOM effect requires follow-up
admin,Game,FS 派发管理,/gamev2/freespin-grants,input,Page Size,,,,,,,No request captured,,,unverified,FAT admin authenticated browser session; exact role/permission mapping pending,No mutation observed,Page loaded,No request captured,,,,DOCUMENTED_UNVERIFIED,CONTROL_PRESENT_NO_REQUEST,"fat-admin-explicit-read-actions.json execution status=SKIPPED_NOT_ACTIONABLE; exact selector {""locator"": ""input, textarea"", ""placeholder_or_name"": ""Page Size""}",,Control was not actionable in the fresh page state
admin,Game,FS 派发管理,/gamev2/freespin-grants,select,Page Size,,,,,,,No request captured,,,unverified,FAT admin authenticated browser session; exact role/permission mapping pending,No mutation observed,Page loaded,No request captured,,,,DOCUMENTED_UNVERIFIED,CONTROL_PRESENT_NO_REQUEST,"fat-admin-explicit-read-actions.json execution status=SKIPPED_NOT_ACTIONABLE; exact selector {""locator"": "".ant-layout-content .ant-select"", ""visible_text"": ""Page Size""}",,Control was not actionable in the fresh page state
admin,Game,FS 派发管理,/gamev2/freespin-grants,input,Start Time,,,,,,,No request captured,,,unverified,FAT admin authenticated browser session; exact role/permission mapping pending,No mutation observed,Page loaded,No request captured,,,,DOCUMENTED_UNVERIFIED,CONTROL_PRESENT_NO_REQUEST,"fat-admin-explicit-read-actions.json execution status=INTERACTED; exact selector {""locator"": ""input, textarea"", ""placeholder_or_name"": ""Start Time""}",,Click produced no XHR/fetch; navigation/DOM effect requires follow-up
admin,Game,FS 派发管理,/gamev2/freespin-grants,input,VE...,,,,,,,No request captured,,,unverified,FAT admin authenticated browser session; exact role/permission mapping pending,No mutation observed,Page loaded,No request captured,,,,DOCUMENTED_UNVERIFIED,CONTROL_PRESENT_NO_REQUEST,"fat-admin-explicit-read-actions.json execution status=INTERACTED; exact selector {""locator"": ""input, textarea"", ""placeholder_or_name"": ""VE...""}",,Click produced no XHR/fetch; navigation/DOM effect requires follow-up
admin,Game,FS 批量派发纪录,/gamev2/freespin-import-logs,input,End Time,,,,,,,No request captured,,,unverified,FAT admin authenticated browser session; exact role/permission mapping pending,No mutation observed,Page loaded,No request captured,,,,DOCUMENTED_UNVERIFIED,CONTROL_PRESENT_NO_REQUEST,"fat-admin-explicit-read-actions.json execution status=INTERACTED; exact selector {""locator"": ""input, textarea"", ""placeholder_or_name"": ""End Time""}",,Click produced no XHR/fetch; navigation/DOM effect requires follow-up
admin,Game,FS 批量派发纪录,/gamev2/freespin-import-logs,input,Enter distributor,,,,,,,No request captured,,,unverified,FAT admin authenticated browser session; exact role/permission mapping pending,No mutation observed,Page loaded,No request captured,,,,DOCUMENTED_UNVERIFIED,CONTROL_PRESENT_NO_REQUEST,"fat-admin-explicit-read-actions.json execution status=INTERACTED; exact selector {""locator"": ""input, textarea"", ""placeholder_or_name"": ""Enter distributor""}",,Click produced no XHR/fetch; navigation/DOM effect requires follow-up
admin,Game,FS 批量派发纪录,/gamev2/freespin-import-logs,input,Start Time,,,,,,,No request captured,,,unverified,FAT admin authenticated browser session; exact role/permission mapping pending,No mutation observed,Page loaded,No request captured,,,,DOCUMENTED_UNVERIFIED,CONTROL_PRESENT_NO_REQUEST,"fat-admin-explicit-read-actions.json execution status=INTERACTED; exact selector {""locator"": ""input, textarea"", ""placeholder_or_name"": ""Start Time""}",,Click produced no XHR/fetch; navigation/DOM effect requires follow-up
admin,Game,Game List Management,/gamev2/game-management,input,"""ID can only be searched exactly, supports batch query, separated by commas, 1–5000 characters in length""",,,,,,,No request captured,,,unverified,FAT admin authenticated browser session; exact role/permission mapping pending,No mutation observed,Page loaded,No request captured,,,,DOCUMENTED_UNVERIFIED,CONTROL_PRESENT_NO_REQUEST,"fat-admin-explicit-read-actions.json execution status=INTERACTED; exact selector {""locator"": ""input, textarea"", ""placeholder_or_name"": ""\""ID can only be searched exactly, supports batch query, separated by commas, 1–5000 characters in length\""""}",,Click produced no XHR/fetch; navigation/DOM effect requires follow-up
admin,Game,Game List Management,/gamev2/game-management,input,"""Name supports fuzzy search (within 100 characters)""",,,,,,,No request captured,,,unverified,FAT admin authenticated browser session; exact role/permission mapping pending,No mutation observed,Page loaded,No request captured,,,,DOCUMENTED_UNVERIFIED,CONTROL_PRESENT_NO_REQUEST,"fat-admin-explicit-read-actions.json execution status=INTERACTED; exact selector {""locator"": ""input, textarea"", ""placeholder_or_name"": ""\""Name supports fuzzy search (within 100 characters)\""""}",,Click produced no XHR/fetch; navigation/DOM effect requires follow-up
admin,Game,Game List Management,/gamev2/game-management,filter_submit,Apply registered filters via Query,POST,/admin/game/search,,,,"accept,accept-language,client-id,client-version,content-type,d,lang,referer,sec-ch-ua,sec-ch-ua-mobile,sec-ch-ua-platform,t,user-agent,x-device-id",Header: authenticated browser session/runtime,200,False,string,FAT admin authenticated browser session; exact role/permission mapping pending,No mutation observed; registered low-risk interaction,Page reloaded and Network reached quiet state before action,Action response captured; no business mutation observed,admin/game,+游戏列表查询-owen-aliang,后台/game管理/游戏管理/+游戏列表查询-owen-aliang.bru,ACTIVE_FAILED,YES,fat-admin-explicit-read-actions.json Network events 902; exact selector registered Query/Search selector from explicit action inventory,HTTP 200; business_status=False,Dependent interactions require separate verification
admin,Game,Game List Management,/gamev2/game-management,input,End Date,,,,,,,No request captured,,,unverified,FAT admin authenticated browser session; exact role/permission mapping pending,No mutation observed,Page loaded,No request captured,,,,DOCUMENTED_UNVERIFIED,CONTROL_PRESENT_NO_REQUEST,"fat-admin-explicit-read-actions.json execution status=INTERACTED; exact selector {""locator"": ""input, textarea"", ""placeholder_or_name"": ""End Date""}",,Click produced no XHR/fetch; navigation/DOM effect requires follow-up
admin,Game,Game List Management,/gamev2/game-management,input,Page,,,,,,,No request captured,,,unverified,FAT admin authenticated browser session; exact role/permission mapping pending,No mutation observed,Page loaded,No request captured,,,,DOCUMENTED_UNVERIFIED,CONTROL_PRESENT_NO_REQUEST,"fat-admin-explicit-read-actions.json execution status=SKIPPED_NOT_ACTIONABLE; exact selector {""locator"": ""input, textarea"", ""placeholder_or_name"": ""Page""}",,Control was not actionable in the fresh page state
admin,Game,Game List Management,/gamev2/game-management,input,Page Size,,,,,,,No request captured,,,unverified,FAT admin authenticated browser session; exact role/permission mapping pending,No mutation observed,Page loaded,No request captured,,,,DOCUMENTED_UNVERIFIED,CONTROL_PRESENT_NO_REQUEST,"fat-admin-explicit-read-actions.json execution status=SKIPPED_NOT_ACTIONABLE; exact selector {""locator"": ""input, textarea"", ""placeholder_or_name"": ""Page Size""}",,Control was not actionable in the fresh page state
admin,Game,Game List Management,/gamev2/game-management,select,Page Size,,,,,,,No request captured,,,unverified,FAT admin authenticated browser session; exact role/permission mapping pending,No mutation observed,Page loaded,No request captured,,,,DOCUMENTED_UNVERIFIED,CONTROL_PRESENT_NO_REQUEST,"fat-admin-explicit-read-actions.json execution status=SKIPPED_NOT_ACTIONABLE; exact selector {""locator"": "".ant-layout-content .ant-select"", ""visible_text"": ""Page Size""}",,Control was not actionable in the fresh page state
admin,Game,Game List Management,/gamev2/game-management,select,Please select,,,,,,,No request captured,,,unverified,FAT admin authenticated browser session; exact role/permission mapping pending,No mutation observed,Page loaded,No request captured,,,,DOCUMENTED_UNVERIFIED,CONTROL_PRESENT_NO_REQUEST,"fat-admin-explicit-read-actions.json execution status=INTERACTED; exact selector {""locator"": "".ant-layout-content .ant-select"", ""visible_text"": ""Please select""}",,Click produced no XHR/fetch; navigation/DOM effect requires follow-up
admin,Game,Game List Management,/gamev2/game-management,input,Select all,,,,,,,No request captured,,,unverified,FAT admin authenticated browser session; exact role/permission mapping pending,No mutation observed,Page loaded,No request captured,,,,DOCUMENTED_UNVERIFIED,CONTROL_PRESENT_NO_REQUEST,"fat-admin-explicit-read-actions.json execution status=SKIPPED_NOT_ACTIONABLE; exact selector {""locator"": ""input, textarea"", ""placeholder_or_name"": ""Select all""}",,Control was not actionable in the fresh page state
admin,Game,Game List Management,/gamev2/game-management,input,Start Date,,,,,,,No request captured,,,unverified,FAT admin authenticated browser session; exact role/permission mapping pending,No mutation observed,Page loaded,No request captured,,,,DOCUMENTED_UNVERIFIED,CONTROL_PRESENT_NO_REQUEST,"fat-admin-explicit-read-actions.json execution status=INTERACTED; exact selector {""locator"": ""input, textarea"", ""placeholder_or_name"": ""Start Date""}",,Click produced no XHR/fetch; navigation/DOM effect requires follow-up
admin,Game,Game List Management,/gamev2/game-management,input,checkbox,,,,,,,No request captured,,,unverified,FAT admin authenticated browser session; exact role/permission mapping pending,No mutation observed,Page loaded,No request captured,,,,DOCUMENTED_UNVERIFIED,CONTROL_PRESENT_NO_REQUEST,"fat-admin-explicit-read-actions.json execution status=SKIPPED_NOT_ACTIONABLE; exact selector {""locator"": ""input, textarea"", ""placeholder_or_name"": ""checkbox""}",,Control was not actionable in the fresh page state
admin,Game,Provider Management,/gamev2/manufacturer-management,filter_submit,Apply registered filters via Query,POST,/admin/platform/search,,,,"accept,accept-language,client-id,client-version,content-type,d,lang,referer,sec-ch-ua,sec-ch-ua-mobile,sec-ch-ua-platform,t,user-agent,x-device-id",Header: authenticated browser session/runtime,200,True,"object; keys=list,page,page_size,s,t",FAT admin authenticated browser session; exact role/permission mapping pending,No mutation observed; registered low-risk interaction,Page reloaded and Network reached quiet state before action,Action response captured; no business mutation observed,admin/game,+查询厂商列表-owen,后台/game管理/厂商管理/+查询厂商列表-owen.bru,ACTIVE,YES,fat-admin-explicit-read-actions.json Network events 880; exact selector registered Query/Search selector from explicit action inventory,,
admin,Game,Provider Management,/gamev2/manufacturer-management,input,End Date,,,,,,,No request captured,,,unverified,FAT admin authenticated browser session; exact role/permission mapping pending,No mutation observed,Page loaded,No request captured,,,,DOCUMENTED_UNVERIFIED,CONTROL_PRESENT_NO_REQUEST,"fat-admin-explicit-read-actions.json execution status=INTERACTED; exact selector {""locator"": ""input, textarea"", ""placeholder_or_name"": ""End Date""}",,Click produced no XHR/fetch; navigation/DOM effect requires follow-up
admin,Game,Provider Management,/gamev2/manufacturer-management,input,Name supports fuzzy search (within 100 characters),,,,,,,No request captured,,,unverified,FAT admin authenticated browser session; exact role/permission mapping pending,No mutation observed,Page loaded,No request captured,,,,DOCUMENTED_UNVERIFIED,CONTROL_PRESENT_NO_REQUEST,"fat-admin-explicit-read-actions.json execution status=SKIPPED_NOT_ACTIONABLE; exact selector {""locator"": ""input, textarea"", ""placeholder_or_name"": ""Name supports fuzzy search (within 100 characters)""}",,Control was not actionable in the fresh page state
admin,Game,Provider Management,/gamev2/manufacturer-management,input,Page,,,,,,,No request captured,,,unverified,FAT admin authenticated browser session; exact role/permission mapping pending,No mutation observed,Page loaded,No request captured,,,,DOCUMENTED_UNVERIFIED,CONTROL_PRESENT_NO_REQUEST,"fat-admin-explicit-read-actions.json execution status=SKIPPED_NOT_ACTIONABLE; exact selector {""locator"": ""input, textarea"", ""placeholder_or_name"": ""Page""}",,Control was not actionable in the fresh page state
admin,Game,Provider Management,/gamev2/manufacturer-management,input,Page Size,,,,,,,No request captured,,,unverified,FAT admin authenticated browser session; exact role/permission mapping pending,No mutation observed,Page loaded,No request captured,,,,DOCUMENTED_UNVERIFIED,CONTROL_PRESENT_NO_REQUEST,"fat-admin-explicit-read-actions.json execution status=SKIPPED_NOT_ACTIONABLE; exact selector {""locator"": ""input, textarea"", ""placeholder_or_name"": ""Page Size""}",,Control was not actionable in the fresh page state
admin,Game,Provider Management,/gamev2/manufacturer-management,select,Page Size,,,,,,,No request captured,,,unverified,FAT admin authenticated browser session; exact role/permission mapping pending,No mutation observed,Page loaded,No request captured,,,,DOCUMENTED_UNVERIFIED,CONTROL_PRESENT_NO_REQUEST,"fat-admin-explicit-read-actions.json execution status=SKIPPED_NOT_ACTIONABLE; exact selector {""locator"": "".ant-layout-content .ant-select"", ""visible_text"": ""Page Size""}",,Control was not actionable in the fresh page state
admin,Game,Provider Management,/gamev2/manufacturer-management,select,Please select,,,,,,,No request captured,,,unverified,FAT admin authenticated browser session; exact role/permission mapping pending,No mutation observed,Page loaded,No request captured,,,,DOCUMENTED_UNVERIFIED,CONTROL_PRESENT_NO_REQUEST,"fat-admin-explicit-read-actions.json execution status=INTERACTED; exact selector {""locator"": "".ant-layout-content .ant-select"", ""visible_text"": ""Please select""}",,Click produced no XHR/fetch; navigation/DOM effect requires follow-up
admin,Game,Provider Management,/gamev2/manufacturer-management,input,Start Date,,,,,,,No request captured,,,unverified,FAT admin authenticated browser session; exact role/permission mapping pending,No mutation observed,Page loaded,No request captured,,,,DOCUMENTED_UNVERIFIED,CONTROL_PRESENT_NO_REQUEST,"fat-admin-explicit-read-actions.json execution status=INTERACTED; exact selector {""locator"": ""input, textarea"", ""placeholder_or_name"": ""Start Date""}",,Click produced no XHR/fetch; navigation/DOM effect requires follow-up
admin,Game,Venue Management,/gamev2/venue-settings,filter_submit,Apply registered filters via Query,POST,/admin/gameclass/list,,,,"accept,accept-language,client-id,client-version,content-type,d,lang,referer,sec-ch-ua,sec-ch-ua-mobile,sec-ch-ua-platform,t,user-agent,x-device-id",Header: authenticated browser session/runtime,200,True,"object; keys=list,page,page_size,s,t",FAT admin authenticated browser session; exact role/permission mapping pending,No mutation observed; registered low-risk interaction,Page reloaded and Network reached quiet state before action,Action response captured; no business mutation observed,admin/game,+查询场馆列表-owen,后台/game管理/场馆管理/+查询场馆列表-owen.bru,ACTIVE,YES,fat-admin-explicit-read-actions.json Network events 861; exact selector registered Query/Search selector from explicit action inventory,,
admin,Game,Venue Management,/gamev2/venue-settings,input,End Date,,,,,,,No request captured,,,unverified,FAT admin authenticated browser session; exact role/permission mapping pending,No mutation observed,Page loaded,No request captured,,,,DOCUMENTED_UNVERIFIED,CONTROL_PRESENT_NO_REQUEST,"fat-admin-explicit-read-actions.json execution status=INTERACTED; exact selector {""locator"": ""input, textarea"", ""placeholder_or_name"": ""End Date""}",,Click produced no XHR/fetch; navigation/DOM effect requires follow-up
admin,Game,Venue Management,/gamev2/venue-settings,input,Name supports fuzzy search (within 100 characters),,,,,,,No request captured,,,unverified,FAT admin authenticated browser session; exact role/permission mapping pending,No mutation observed,Page loaded,No request captured,,,,DOCUMENTED_UNVERIFIED,CONTROL_PRESENT_NO_REQUEST,"fat-admin-explicit-read-actions.json execution status=SKIPPED_NOT_ACTIONABLE; exact selector {""locator"": ""input, textarea"", ""placeholder_or_name"": ""Name supports fuzzy search (within 100 characters)""}",,Control was not actionable in the fresh page state
admin,Game,Venue Management,/gamev2/venue-settings,input,Page Size,,,,,,,No request captured,,,unverified,FAT admin authenticated browser session; exact role/permission mapping pending,No mutation observed,Page loaded,No request captured,,,,DOCUMENTED_UNVERIFIED,CONTROL_PRESENT_NO_REQUEST,"fat-admin-explicit-read-actions.json execution status=SKIPPED_NOT_ACTIONABLE; exact selector {""locator"": ""input, textarea"", ""placeholder_or_name"": ""Page Size""}",,Control was not actionable in the fresh page state
admin,Game,Venue Management,/gamev2/venue-settings,select,Page Size,,,,,,,No request captured,,,unverified,FAT admin authenticated browser session; exact role/permission mapping pending,No mutation observed,Page loaded,No request captured,,,,DOCUMENTED_UNVERIFIED,CONTROL_PRESENT_NO_REQUEST,"fat-admin-explicit-read-actions.json execution status=SKIPPED_NOT_ACTIONABLE; exact selector {""locator"": "".ant-layout-content .ant-select"", ""visible_text"": ""Page Size""}",,Control was not actionable in the fresh page state
admin,Game,Venue Management,/gamev2/venue-settings,input,Start Date,,,,,,,No request captured,,,unverified,FAT admin authenticated browser session; exact role/permission mapping pending,No mutation observed,Page loaded,No request captured,,,,DOCUMENTED_UNVERIFIED,CONTROL_PRESENT_NO_REQUEST,"fat-admin-explicit-read-actions.json execution status=INTERACTED; exact selector {""locator"": ""input, textarea"", ""placeholder_or_name"": ""Start Date""}",,Click produced no XHR/fetch; navigation/DOM effect requires follow-up
admin,Home,Home,/home,filter_submit,Apply registered filters via Search,GET,/admin/reports/bi/basic,report_type,,,"accept,accept-language,client-id,client-version,d,lang,referer,sec-ch-ua,sec-ch-ua-mobile,sec-ch-ua-platform,t,user-agent,x-device-id",Query: current page filter/pagination; Header: authenticated browser session/runtime,200,True,"object; keys=arppu,arpu,balance,bets_deposit,bets_people,deposit_amount,deposit_people,dw_diff,ebingo_ggr,first_deposit,first_deposit_amount,game_ggr,ggr,injection_rate,login_count,new_deposit,new_deposit_amount,refill_deposit,refill_deposit_amount,reg_count,report_type,sports_ggr,valid_bet_amount,withdraw_amount,withdraw_people,ws_ggr",FAT admin authenticated browser session; exact role/permission mapping pending,No mutation observed; registered low-risk interaction,Page reloaded and Network reached quiet state before action,Action response captured; no business mutation observed,admin/report,首页BI,后台/报表/首页BI.bru,ACTIVE,YES,fat-admin-explicit-read-actions.json Network events 23; exact selector registered Query/Search selector from explicit action inventory,,
admin,Home,Home,/home,input,Year/Month/Day,,,,,,,No request captured,,,unverified,FAT admin authenticated browser session; exact role/permission mapping pending,No mutation observed,Page loaded,No request captured,,,,DOCUMENTED_UNVERIFIED,CONTROL_PRESENT_NO_REQUEST,"fat-admin-explicit-read-actions.json execution status=SKIPPED_NOT_FILTER_CONTEXT; exact selector {""locator"": ""input, textarea"", ""placeholder_or_name"": ""Year/Month/Day""}",,Control was not actionable in the fresh page state
admin,KYC,KYC,/kyc,input,End Date,,,,,,,No request captured,,,unverified,FAT admin authenticated browser session; exact role/permission mapping pending,No mutation observed,Page loaded,No request captured,,,,DOCUMENTED_UNVERIFIED,CONTROL_PRESENT_NO_REQUEST,"fat-admin-explicit-read-actions.json execution status=INTERACTED; exact selector {""locator"": ""input, textarea"", ""placeholder_or_name"": ""End Date""}",,Click produced no XHR/fetch; navigation/DOM effect requires follow-up
admin,KYC,KYC,/kyc,input,Please Enter First Name,,,,,,,No request captured,,,unverified,FAT admin authenticated browser session; exact role/permission mapping pending,No mutation observed,Page loaded,No request captured,,,,DOCUMENTED_UNVERIFIED,CONTROL_PRESENT_NO_REQUEST,"fat-admin-explicit-read-actions.json execution status=INTERACTED; exact selector {""locator"": ""input, textarea"", ""placeholder_or_name"": ""Please Enter First Name""}",,Click produced no XHR/fetch; navigation/DOM effect requires follow-up
admin,KYC,KYC,/kyc,input,Please Enter Last Name,,,,,,,No request captured,,,unverified,FAT admin authenticated browser session; exact role/permission mapping pending,No mutation observed,Page loaded,No request captured,,,,DOCUMENTED_UNVERIFIED,CONTROL_PRESENT_NO_REQUEST,"fat-admin-explicit-read-actions.json execution status=INTERACTED; exact selector {""locator"": ""input, textarea"", ""placeholder_or_name"": ""Please Enter Last Name""}",,Click produced no XHR/fetch; navigation/DOM effect requires follow-up
admin,KYC,KYC,/kyc,input,Please Enter Middle Name,,,,,,,No request captured,,,unverified,FAT admin authenticated browser session; exact role/permission mapping pending,No mutation observed,Page loaded,No request captured,,,,DOCUMENTED_UNVERIFIED,CONTROL_PRESENT_NO_REQUEST,"fat-admin-explicit-read-actions.json execution status=INTERACTED; exact selector {""locator"": ""input, textarea"", ""placeholder_or_name"": ""Please Enter Middle Name""}",,Click produced no XHR/fetch; navigation/DOM effect requires follow-up
admin,KYC,KYC,/kyc,input,Please Enter Phone Number,,,,,,,No request captured,,,unverified,FAT admin authenticated browser session; exact role/permission mapping pending,No mutation observed,Page loaded,No request captured,,,,DOCUMENTED_UNVERIFIED,CONTROL_PRESENT_NO_REQUEST,"fat-admin-explicit-read-actions.json execution status=INTERACTED; exact selector {""locator"": ""input, textarea"", ""placeholder_or_name"": ""Please Enter Phone Number""}",,Click produced no XHR/fetch; navigation/DOM effect requires follow-up
admin,KYC,KYC,/kyc,input,Please Enter Registration IP,,,,,,,No request captured,,,unverified,FAT admin authenticated browser session; exact role/permission mapping pending,No mutation observed,Page loaded,No request captured,,,,DOCUMENTED_UNVERIFIED,CONTROL_PRESENT_NO_REQUEST,"fat-admin-explicit-read-actions.json execution status=INTERACTED; exact selector {""locator"": ""input, textarea"", ""placeholder_or_name"": ""Please Enter Registration IP""}",,Click produced no XHR/fetch; navigation/DOM effect requires follow-up
admin,KYC,KYC,/kyc,input,Start Date,,,,,,,No request captured,,,unverified,FAT admin authenticated browser session; exact role/permission mapping pending,No mutation observed,Page loaded,No request captured,,,,DOCUMENTED_UNVERIFIED,CONTROL_PRESENT_NO_REQUEST,"fat-admin-explicit-read-actions.json execution status=INTERACTED; exact selector {""locator"": ""input, textarea"", ""placeholder_or_name"": ""Start Date""}",,Click produced no XHR/fetch; navigation/DOM effect requires follow-up
admin,KYC,KYC,/kyc,select,Under Review,,,,,,,No request captured,,,unverified,FAT admin authenticated browser session; exact role/permission mapping pending,No mutation observed,Page loaded,No request captured,,,,DOCUMENTED_UNVERIFIED,CONTROL_PRESENT_NO_REQUEST,"fat-admin-explicit-read-actions.json execution status=INTERACTED; exact selector {""locator"": "".ant-layout-content .ant-select"", ""visible_text"": ""Under Review""}",,Click produced no XHR/fetch; navigation/DOM effect requires follow-up
admin,Logs,Logs,/logs/list,input,End Date,,,,,,,No request captured,,,unverified,FAT admin authenticated browser session; exact role/permission mapping pending,No mutation observed,Page loaded,No request captured,,,,DOCUMENTED_UNVERIFIED,CONTROL_PRESENT_NO_REQUEST,"fat-admin-explicit-read-actions.json execution status=INTERACTED; exact selector {""locator"": ""input, textarea"", ""placeholder_or_name"": ""End Date""}",,Click produced no XHR/fetch; navigation/DOM effect requires follow-up
admin,Logs,Logs,/logs/list,input,Page,,,,,,,No request captured,,,unverified,FAT admin authenticated browser session; exact role/permission mapping pending,No mutation observed,Page loaded,No request captured,,,,DOCUMENTED_UNVERIFIED,CONTROL_PRESENT_NO_REQUEST,"fat-admin-explicit-read-actions.json execution status=SKIPPED_NOT_ACTIONABLE; exact selector {""locator"": ""input, textarea"", ""placeholder_or_name"": ""Page""}",,Control was not actionable in the fresh page state
admin,Logs,Logs,/logs/list,input,Page Size,,,,,,,No request captured,,,unverified,FAT admin authenticated browser session; exact role/permission mapping pending,No mutation observed,Page loaded,No request captured,,,,DOCUMENTED_UNVERIFIED,CONTROL_PRESENT_NO_REQUEST,"fat-admin-explicit-read-actions.json execution status=SKIPPED_NOT_ACTIONABLE; exact selector {""locator"": ""input, textarea"", ""placeholder_or_name"": ""Page Size""}",,Control was not actionable in the fresh page state
admin,Logs,Logs,/logs/list,select,Page Size,,,,,,,No request captured,,,unverified,FAT admin authenticated browser session; exact role/permission mapping pending,No mutation observed,Page loaded,No request captured,,,,DOCUMENTED_UNVERIFIED,CONTROL_PRESENT_NO_REQUEST,"fat-admin-explicit-read-actions.json execution status=SKIPPED_NOT_ACTIONABLE; exact selector {""locator"": "".ant-layout-content .ant-select"", ""visible_text"": ""Page Size""}",,Control was not actionable in the fresh page state
admin,Logs,Logs,/logs/list,select,Please select,,,,,,,No request captured,,,unverified,FAT admin authenticated browser session; exact role/permission mapping pending,No mutation observed,Page loaded,No request captured,,,,DOCUMENTED_UNVERIFIED,CONTROL_PRESENT_NO_REQUEST,"fat-admin-explicit-read-actions.json execution status=INTERACTED; exact selector {""locator"": "".ant-layout-content .ant-select"", ""visible_text"": ""Please select""}",,Click produced no XHR/fetch; navigation/DOM effect requires follow-up
admin,Logs,Logs,/logs/list,input,Start Date,,,,,,,No request captured,,,unverified,FAT admin authenticated browser session; exact role/permission mapping pending,No mutation observed,Page loaded,No request captured,,,,DOCUMENTED_UNVERIFIED,CONTROL_PRESENT_NO_REQUEST,"fat-admin-explicit-read-actions.json execution status=INTERACTED; exact selector {""locator"": ""input, textarea"", ""placeholder_or_name"": ""Start Date""}",,Click produced no XHR/fetch; navigation/DOM effect requires follow-up
admin,Logs,Logs,/logs/list,input,"Supports batch query, 1–5000 characters, separated by commas",,,,,,,No request captured,,,unverified,FAT admin authenticated browser session; exact role/permission mapping pending,No mutation observed,Page loaded,No request captured,,,,DOCUMENTED_UNVERIFIED,CONTROL_PRESENT_NO_REQUEST,"fat-admin-explicit-read-actions.json execution status=INTERACTED; exact selector {""locator"": ""input, textarea"", ""placeholder_or_name"": ""Supports batch query, 1–5000 characters, separated by commas""}",,Click produced no XHR/fetch; navigation/DOM effect requires follow-up
admin,Member Management,Member,/member-center/list,select,All,,,,,,,No request captured,,,unverified,FAT admin authenticated browser session; exact role/permission mapping pending,No mutation observed,Page loaded,No request captured,,,,DOCUMENTED_UNVERIFIED,CONTROL_PRESENT_NO_REQUEST,"fat-admin-explicit-read-actions.json execution status=ERROR; exact selector {""locator"": "".ant-layout-content .ant-select"", ""visible_text"": ""All""}","TimeoutError: locator.click: Timeout 2000ms exceeded.
Call log:
[2m  - waiting for locator('.ant-select-dropdown:visible .ant-select-item-option:not(.ant-select-item-option-disabled)').first()[22m
[2m    - locator resolved to <div title=""Basic"" aria-selected=""true"" data-item=""[object Object]"" class=""ant-select-item ant-select-item-option ant-pro-filed-search-select-option ant-select-item-option-active ant-select-item-option-selected"">…</div>[22m
[2m  - attempting click action[22m
[2m    - waiting for element to be visible, enabled and stable[22m
[2m    - element is visible, enabled and stable[22m
[2m    - scrolling into view if needed[22m
[2m    - done scrolling[22m
[2m    - <input value="""" type=""text"" id=""parent_phone"" placeholder=""Please enter"" class=""ant-input css-jcwvac""/> from <div id=""root"">…</div> subtree intercepts pointer events[22m
[2m  - retrying click action[22m
[2m    - waiting for element to be visible, enabled and stable[22m
[2m    - element is not stable[22m
[2m  - retrying click action[22m
[2m    - waiting 20ms[22m
[2m    2 × waiting for element to be visible, enabled and stable[22m
[2m      - element is not stable[22m
[2m    - retrying click action[22m
[2m      - waiting 100ms[22m
[2m    4 × waiting for element to be visible, enabled and stable[22m
[2m      - element is not visible[22m
[2m    - retrying click action[22m
[2m      - waiting 500ms[22m",Click produced no XHR/fetch; navigation/DOM effect requires follow-up
admin,Member Management,Member,/member-center/list,select,Channel Filter,,,,,,,No request captured,,,unverified,FAT admin authenticated browser session; exact role/permission mapping pending,No mutation observed,Page loaded,No request captured,,,,DOCUMENTED_UNVERIFIED,CONTROL_PRESENT_NO_REQUEST,"fat-admin-explicit-read-actions.json execution status=ERROR; exact selector {""locator"": "".ant-layout-content .ant-select"", ""visible_text"": ""Channel Filter""}","TimeoutError: locator.click: Timeout 2000ms exceeded.
Call log:
[2m  - waiting for locator('.ant-select-dropdown:visible .ant-select-item-option:not(.ant-select-item-option-disabled)').first()[22m
[2m    - locator resolved to <div title=""All"" aria-selected=""true"" data-item=""[object Object]"" class=""ant-select-item ant-select-item-option ant-pro-filed-search-select-option ant-select-item-option-active ant-select-item-option-selected"">…</div>[22m
[2m  - attempting click action[22m
[2m    - waiting for element to be visible, enabled and stable[22m
[2m    - element is visible, enabled and stable[22m
[2m    - scrolling into view if needed[22m
[2m    - done scrolling[22m
[2m    - <div class=""ant-col ant-col-6 ant-pro-query-filter-row-split css-jcwvac css-jcwvac"">…</div> from <div id=""root"">…</div> subtree intercepts pointer events[22m
[2m  - retrying click action[22m
[2m    - waiting for element to be visible, enabled and stable[22m
[2m    - element is not stable[22m
[2m  - retrying click action[22m
[2m    - waiting 20ms[22m
[2m    2 × waiting for element to be visible, enabled and stable[22m
[2m      - element is not stable[22m
[2m    - retrying click action[22m
[2m      - waiting 100ms[22m
[2m    4 × waiting for element to be visible, enabled and stable[22m
[2m      - element is not visible[22m
[2m    - retrying click action[22m
[2m      - waiting 500ms[22m",Click produced no XHR/fetch; navigation/DOM effect requires follow-up
admin,Member Management,Member,/member-center/list,input,End Date,,,,,,,No request captured,,,unverified,FAT admin authenticated browser session; exact role/permission mapping pending,No mutation observed,Page loaded,No request captured,,,,DOCUMENTED_UNVERIFIED,CONTROL_PRESENT_NO_REQUEST,"fat-admin-explicit-read-actions.json execution status=INTERACTED; exact selector {""locator"": ""input, textarea"", ""placeholder_or_name"": ""End Date""}",,Click produced no XHR/fetch; navigation/DOM effect requires follow-up
admin,Member Management,Member,/member-center/list,input,Maximum Value,,,,,,,No request captured,,,unverified,FAT admin authenticated browser session; exact role/permission mapping pending,No mutation observed,Page loaded,No request captured,,,,DOCUMENTED_UNVERIFIED,CONTROL_PRESENT_NO_REQUEST,"fat-admin-explicit-read-actions.json execution status=INTERACTED; exact selector {""locator"": ""input, textarea"", ""placeholder_or_name"": ""Maximum Value""}",,Click produced no XHR/fetch; navigation/DOM effect requires follow-up
admin,Member Management,Member,/member-center/list,input,Minimum Value,,,,,,,No request captured,,,unverified,FAT admin authenticated browser session; exact role/permission mapping pending,No mutation observed,Page loaded,No request captured,,,,DOCUMENTED_UNVERIFIED,CONTROL_PRESENT_NO_REQUEST,"fat-admin-explicit-read-actions.json execution status=INTERACTED; exact selector {""locator"": ""input, textarea"", ""placeholder_or_name"": ""Minimum Value""}",,Click produced no XHR/fetch; navigation/DOM effect requires follow-up
admin,Member Management,Member,/member-center/list,input,Page Size,,,,,,,No request captured,,,unverified,FAT admin authenticated browser session; exact role/permission mapping pending,No mutation observed,Page loaded,No request captured,,,,DOCUMENTED_UNVERIFIED,CONTROL_PRESENT_NO_REQUEST,"fat-admin-explicit-read-actions.json execution status=SKIPPED_NOT_ACTIONABLE; exact selector {""locator"": ""input, textarea"", ""placeholder_or_name"": ""Page Size""}",,Control was not actionable in the fresh page state
admin,Member Management,Member,/member-center/list,select,Page Size,,,,,,,No request captured,,,unverified,FAT admin authenticated browser session; exact role/permission mapping pending,No mutation observed,Page loaded,No request captured,,,,DOCUMENTED_UNVERIFIED,CONTROL_PRESENT_NO_REQUEST,"fat-admin-explicit-read-actions.json execution status=SKIPPED_NOT_ACTIONABLE; exact selector {""locator"": "".ant-layout-content .ant-select"", ""visible_text"": ""Page Size""}",,Control was not actionable in the fresh page state
admin,Member Management,Member,/member-center/list,input,Please enter,,,,,,,No request captured,,,unverified,FAT admin authenticated browser session; exact role/permission mapping pending,No mutation observed,Page loaded,No request captured,,,,DOCUMENTED_UNVERIFIED,CONTROL_PRESENT_NO_REQUEST,"fat-admin-explicit-read-actions.json execution status=INTERACTED; exact selector {""locator"": ""input, textarea"", ""placeholder_or_name"": ""Please enter""}",,Click produced no XHR/fetch; navigation/DOM effect requires follow-up
admin,Member Management,Member,/member-center/list,select,Please select,,,,,,,No request captured,,,unverified,FAT admin authenticated browser session; exact role/permission mapping pending,No mutation observed,Page loaded,No request captured,,,,DOCUMENTED_UNVERIFIED,CONTROL_PRESENT_NO_REQUEST,"fat-admin-explicit-read-actions.json execution status=INTERACTED; exact selector {""locator"": "".ant-layout-content .ant-select"", ""visible_text"": ""Please select""}",,Click produced no XHR/fetch; navigation/DOM effect requires follow-up
admin,Member Management,Member,/member-center/list,input,Start Date,,,,,,,No request captured,,,unverified,FAT admin authenticated browser session; exact role/permission mapping pending,No mutation observed,Page loaded,No request captured,,,,DOCUMENTED_UNVERIFIED,CONTROL_PRESENT_NO_REQUEST,"fat-admin-explicit-read-actions.json execution status=INTERACTED; exact selector {""locator"": ""input, textarea"", ""placeholder_or_name"": ""Start Date""}",,Click produced no XHR/fetch; navigation/DOM effect requires follow-up
admin,Member Management,Inviter Transfer Records,/member-management/inviter-transfer-records,filter_submit,Apply registered filters via Query,GET,/admin/promo/invite/friends/transfer/list,"page,page_size,phone",,,"accept,accept-language,client-id,client-version,d,lang,referer,sec-ch-ua,sec-ch-ua-mobile,sec-ch-ua-platform,t,user-agent,x-device-id",Query: current page filter/pagination; Header: authenticated browser session/runtime,200,True,"object; keys=d,t",FAT admin authenticated browser session; exact role/permission mapping pending,No mutation observed; registered low-risk interaction,Page reloaded and Network reached quiet state before action,Action response captured; no business mutation observed,admin/promo,好友转线列表,后台/运营管理/邀请好友/好友转线列表.bru,ACTIVE,YES,fat-admin-explicit-read-actions.json Network events 129; exact selector registered Query/Search selector from explicit action inventory,,
admin,Member Management,Inviter Transfer Records,/member-management/inviter-transfer-records,input,End time,,,,,,,No request captured,,,unverified,FAT admin authenticated browser session; exact role/permission mapping pending,No mutation observed,Page loaded,No request captured,,,,DOCUMENTED_UNVERIFIED,CONTROL_PRESENT_NO_REQUEST,"fat-admin-explicit-read-actions.json execution status=INTERACTED; exact selector {""locator"": ""input, textarea"", ""placeholder_or_name"": ""End time""}",,Click produced no XHR/fetch; navigation/DOM effect requires follow-up
admin,Member Management,Inviter Transfer Records,/member-management/inviter-transfer-records,input,Enter phone number,,,,,,,No request captured,,,unverified,FAT admin authenticated browser session; exact role/permission mapping pending,No mutation observed,Page loaded,No request captured,,,,DOCUMENTED_UNVERIFIED,CONTROL_PRESENT_NO_REQUEST,"fat-admin-explicit-read-actions.json execution status=INTERACTED; exact selector {""locator"": ""input, textarea"", ""placeholder_or_name"": ""Enter phone number""}",,Click produced no XHR/fetch; navigation/DOM effect requires follow-up
admin,Member Management,Inviter Transfer Records,/member-management/inviter-transfer-records,input,Page Size,,,,,,,No request captured,,,unverified,FAT admin authenticated browser session; exact role/permission mapping pending,No mutation observed,Page loaded,No request captured,,,,DOCUMENTED_UNVERIFIED,CONTROL_PRESENT_NO_REQUEST,"fat-admin-explicit-read-actions.json execution status=SKIPPED_NOT_ACTIONABLE; exact selector {""locator"": ""input, textarea"", ""placeholder_or_name"": ""Page Size""}",,Control was not actionable in the fresh page state
admin,Member Management,Inviter Transfer Records,/member-management/inviter-transfer-records,select,Page Size,,,,,,,No request captured,,,unverified,FAT admin authenticated browser session; exact role/permission mapping pending,No mutation observed,Page loaded,No request captured,,,,DOCUMENTED_UNVERIFIED,CONTROL_PRESENT_NO_REQUEST,"fat-admin-explicit-read-actions.json execution status=SKIPPED_NOT_ACTIONABLE; exact selector {""locator"": "".ant-layout-content .ant-select"", ""visible_text"": ""Page Size""}",,Control was not actionable in the fresh page state
admin,Member Management,Inviter Transfer Records,/member-management/inviter-transfer-records,input,Start time,,,,,,,No request captured,,,unverified,FAT admin authenticated browser session; exact role/permission mapping pending,No mutation observed,Page loaded,No request captured,,,,DOCUMENTED_UNVERIFIED,CONTROL_PRESENT_NO_REQUEST,"fat-admin-explicit-read-actions.json execution status=INTERACTED; exact selector {""locator"": ""input, textarea"", ""placeholder_or_name"": ""Start time""}",,Click produced no XHR/fetch; navigation/DOM effect requires follow-up
admin,Member Management,VIP Check-in Log,/member-management/vip-checkin-log,filter_submit,Apply registered filters via Query,GET,/admin/promo/vip/sign/in/list,"end_time,page,page_size,start_time,username,vip",,,"accept,accept-language,client-id,client-version,d,lang,referer,sec-ch-ua,sec-ch-ua-mobile,sec-ch-ua-platform,t,user-agent,x-device-id",Query: current page filter/pagination; Header: authenticated browser session/runtime,200,True,"object; keys=a,d,t",FAT admin authenticated browser session; exact role/permission mapping pending,No mutation observed; registered low-risk interaction,Page reloaded and Network reached quiet state before action,Action response captured; no business mutation observed,admin/promo,每日签到列表,后台/Vipv2/每日签到列表.bru,ACTIVE,YES,fat-admin-explicit-read-actions.json Network events 111; exact selector registered Query/Search selector from explicit action inventory,,
admin,Member Management,VIP Check-in Log,/member-management/vip-checkin-log,input,Page Size,,,,,,,No request captured,,,unverified,FAT admin authenticated browser session; exact role/permission mapping pending,No mutation observed,Page loaded,No request captured,,,,DOCUMENTED_UNVERIFIED,CONTROL_PRESENT_NO_REQUEST,"fat-admin-explicit-read-actions.json execution status=SKIPPED_NOT_ACTIONABLE; exact selector {""locator"": ""input, textarea"", ""placeholder_or_name"": ""Page Size""}",,Control was not actionable in the fresh page state
admin,Member Management,VIP Check-in Log,/member-management/vip-checkin-log,select,Page Size,,,,,,,No request captured,,,unverified,FAT admin authenticated browser session; exact role/permission mapping pending,No mutation observed,Page loaded,No request captured,,,,DOCUMENTED_UNVERIFIED,CONTROL_PRESENT_NO_REQUEST,"fat-admin-explicit-read-actions.json execution status=SKIPPED_NOT_ACTIONABLE; exact selector {""locator"": "".ant-layout-content .ant-select"", ""visible_text"": ""Page Size""}",,Control was not actionable in the fresh page state
admin,Member Management,VIP Check-in Log,/member-management/vip-checkin-log,input,Please enter,,,,,,,No request captured,,,unverified,FAT admin authenticated browser session; exact role/permission mapping pending,No mutation observed,Page loaded,No request captured,,,,DOCUMENTED_UNVERIFIED,CONTROL_PRESENT_NO_REQUEST,"fat-admin-explicit-read-actions.json execution status=INTERACTED; exact selector {""locator"": ""input, textarea"", ""placeholder_or_name"": ""Please enter""}",,Click produced no XHR/fetch; navigation/DOM effect requires follow-up
admin,Member Management,VIP Check-in Log,/member-management/vip-checkin-log,select,VIP,,,,,,,No request captured,,,unverified,FAT admin authenticated browser session; exact role/permission mapping pending,No mutation observed,Page loaded,No request captured,,,,DOCUMENTED_UNVERIFIED,CONTROL_PRESENT_NO_REQUEST,"fat-admin-explicit-read-actions.json execution status=INTERACTED; exact selector {""locator"": "".ant-layout-content .ant-select"", ""visible_text"": ""VIP""}",,Click produced no XHR/fetch; navigation/DOM effect requires follow-up
admin,Member Management,VIP Rewards,/member-management/vip-rewards,input,End date,,,,,,,No request captured,,,unverified,FAT admin authenticated browser session; exact role/permission mapping pending,No mutation observed,Page loaded,No request captured,,,,DOCUMENTED_UNVERIFIED,CONTROL_PRESENT_NO_REQUEST,"fat-admin-explicit-read-actions.json execution status=INTERACTED; exact selector {""locator"": ""input, textarea"", ""placeholder_or_name"": ""End date""}",,Click produced no XHR/fetch; navigation/DOM effect requires follow-up
admin,Member Management,VIP Rewards,/member-management/vip-rewards,input,Member Account,,,,,,,No request captured,,,unverified,FAT admin authenticated browser session; exact role/permission mapping pending,No mutation observed,Page loaded,No request captured,,,,DOCUMENTED_UNVERIFIED,CONTROL_PRESENT_NO_REQUEST,"fat-admin-explicit-read-actions.json execution status=INTERACTED; exact selector {""locator"": ""input, textarea"", ""placeholder_or_name"": ""Member Account""}",,Click produced no XHR/fetch; navigation/DOM effect requires follow-up
admin,Member Management,VIP Rewards,/member-management/vip-rewards,input,Member UID,,,,,,,No request captured,,,unverified,FAT admin authenticated browser session; exact role/permission mapping pending,No mutation observed,Page loaded,No request captured,,,,DOCUMENTED_UNVERIFIED,CONTROL_PRESENT_NO_REQUEST,"fat-admin-explicit-read-actions.json execution status=INTERACTED; exact selector {""locator"": ""input, textarea"", ""placeholder_or_name"": ""Member UID""}",,Click produced no XHR/fetch; navigation/DOM effect requires follow-up
admin,Member Management,VIP Rewards,/member-management/vip-rewards,select,Please Select,,,,,,,No request captured,,,unverified,FAT admin authenticated browser session; exact role/permission mapping pending,No mutation observed,Page loaded,No request captured,,,,DOCUMENTED_UNVERIFIED,CONTROL_PRESENT_NO_REQUEST,"fat-admin-explicit-read-actions.json execution status=INTERACTED; exact selector {""locator"": "".ant-layout-content .ant-select"", ""visible_text"": ""Please Select""}",,Click produced no XHR/fetch; navigation/DOM effect requires follow-up
admin,Member Management,VIP Rewards,/member-management/vip-rewards,input,Start date,,,,,,,No request captured,,,unverified,FAT admin authenticated browser session; exact role/permission mapping pending,No mutation observed,Page loaded,No request captured,,,,DOCUMENTED_UNVERIFIED,CONTROL_PRESENT_NO_REQUEST,"fat-admin-explicit-read-actions.json execution status=INTERACTED; exact selector {""locator"": ""input, textarea"", ""placeholder_or_name"": ""Start date""}",,Click produced no XHR/fetch; navigation/DOM effect requires follow-up
admin,Operation Management,Promotion Spend Audit,/operations/activity-expenditure-audit,filter_submit,Apply registered filters via Query,GET,/admin/bonus/review/list,"activity_id,created_end_at,created_start_at,max_bonus,min_bonus,page,page_size",,,"accept,accept-language,client-id,client-version,d,lang,referer,sec-ch-ua,sec-ch-ua-mobile,sec-ch-ua-platform,t,user-agent,x-device-id",Query: current page filter/pagination; Header: authenticated browser session/runtime,200,True,"object; keys=d,t",FAT admin authenticated browser session; exact role/permission mapping pending,No mutation observed; registered low-risk interaction,Page reloaded and Network reached quiet state before action,Action response captured; no business mutation observed,admin/other,待审订单列表 - felix.bru,后台/礼金/待审订单列表 - felix.bru,ACTIVE,YES,fat-admin-explicit-read-actions.json Network events 488; exact selector registered Query/Search selector from explicit action inventory,,
admin,Operation Management,Promotion Spend Audit,/operations/activity-expenditure-audit,filter_submit,Apply registered filters via Query,GET,/admin/notify/audit/alarm,t,,,"accept,accept-language,client-id,client-version,d,lang,referer,sec-ch-ua,sec-ch-ua-mobile,sec-ch-ua-platform,t,user-agent,x-device-id",Query: current page filter/pagination; Header: authenticated browser session/runtime,200,True,"object; keys=bonus_review_pending,feedback_pending,kyc_pending,mall_order_pending,withdraw_pending",FAT admin authenticated browser session; exact role/permission mapping pending,No mutation observed; registered low-risk interaction,Page reloaded and Network reached quiet state before action,Action response captured; no business mutation observed,admin/other,获取系统通知数量-wesley/owen,后台/系统管理/通知中心/获取系统通知数量-wesley-owen.bru,ACTIVE,YES,fat-admin-explicit-read-actions.json Network events 487; exact selector registered Query/Search selector from explicit action inventory,,
admin,Operation Management,Promotion Spend Audit,/operations/activity-expenditure-audit,input,Custom selection,,,,,,,No request captured,,,unverified,FAT admin authenticated browser session; exact role/permission mapping pending,No mutation observed,Page loaded,No request captured,,,,DOCUMENTED_UNVERIFIED,CONTROL_PRESENT_NO_REQUEST,"fat-admin-explicit-read-actions.json execution status=SKIPPED_NOT_ACTIONABLE; exact selector {""locator"": ""input, textarea"", ""placeholder_or_name"": ""Custom selection""}",,Control was not actionable in the fresh page state
admin,Operation Management,Promotion Spend Audit,/operations/activity-expenditure-audit,input,End Date,,,,,,,No request captured,,,unverified,FAT admin authenticated browser session; exact role/permission mapping pending,No mutation observed,Page loaded,No request captured,,,,DOCUMENTED_UNVERIFIED,CONTROL_PRESENT_NO_REQUEST,"fat-admin-explicit-read-actions.json execution status=INTERACTED; exact selector {""locator"": ""input, textarea"", ""placeholder_or_name"": ""End Date""}",,Click produced no XHR/fetch; navigation/DOM effect requires follow-up
admin,Operation Management,Promotion Spend Audit,/operations/activity-expenditure-audit,input,Maximum Amount,,,,,,,No request captured,,,unverified,FAT admin authenticated browser session; exact role/permission mapping pending,No mutation observed,Page loaded,No request captured,,,,DOCUMENTED_UNVERIFIED,CONTROL_PRESENT_NO_REQUEST,"fat-admin-explicit-read-actions.json execution status=INTERACTED; exact selector {""locator"": ""input, textarea"", ""placeholder_or_name"": ""Maximum Amount""}",,Click produced no XHR/fetch; navigation/DOM effect requires follow-up
admin,Operation Management,Promotion Spend Audit,/operations/activity-expenditure-audit,input,Minimum Amount,,,,,,,No request captured,,,unverified,FAT admin authenticated browser session; exact role/permission mapping pending,No mutation observed,Page loaded,No request captured,,,,DOCUMENTED_UNVERIFIED,CONTROL_PRESENT_NO_REQUEST,"fat-admin-explicit-read-actions.json execution status=INTERACTED; exact selector {""locator"": ""input, textarea"", ""placeholder_or_name"": ""Minimum Amount""}",,Click produced no XHR/fetch; navigation/DOM effect requires follow-up
admin,Operation Management,Promotion Spend Audit,/operations/activity-expenditure-audit,input,Start Date,,,,,,,No request captured,,,unverified,FAT admin authenticated browser session; exact role/permission mapping pending,No mutation observed,Page loaded,No request captured,,,,DOCUMENTED_UNVERIFIED,CONTROL_PRESENT_NO_REQUEST,"fat-admin-explicit-read-actions.json execution status=INTERACTED; exact selector {""locator"": ""input, textarea"", ""placeholder_or_name"": ""Start Date""}",,Click produced no XHR/fetch; navigation/DOM effect requires follow-up
admin,Operation Management,Promotion Spend Audit,/operations/activity-expenditure-audit,input,"Supports batch query, 1–5000 characters, separated by commas",,,,,,,No request captured,,,unverified,FAT admin authenticated browser session; exact role/permission mapping pending,No mutation observed,Page loaded,No request captured,,,,DOCUMENTED_UNVERIFIED,CONTROL_PRESENT_NO_REQUEST,"fat-admin-explicit-read-actions.json execution status=INTERACTED; exact selector {""locator"": ""input, textarea"", ""placeholder_or_name"": ""Supports batch query, 1–5000 characters, separated by commas""}",,Click produced no XHR/fetch; navigation/DOM effect requires follow-up
admin,Operation Management,Promotion List,/operations/activity-list,filter_submit,Apply registered filters via Query,GET,/admin/promo/list,"activity_id,page,page_size,state,updated_name",,,"accept,accept-language,client-id,client-version,d,lang,referer,sec-ch-ua,sec-ch-ua-mobile,sec-ch-ua-platform,t,user-agent,x-device-id",Query: current page filter/pagination; Header: authenticated browser session/runtime,200,True,"object; keys=d,s,t,update_users",FAT admin authenticated browser session; exact role/permission mapping pending,No mutation observed; registered low-risk interaction,Page reloaded and Network reached quiet state before action,Action response captured; no business mutation observed,admin/promo,活动列表 - felix,后台/活动/活动列表 - felix.bru,ACTIVE,YES,fat-admin-explicit-read-actions.json Network events 469; exact selector registered Query/Search selector from explicit action inventory,,
admin,Operation Management,Promotion List,/operations/activity-list,input,End Date,,,,,,,No request captured,,,unverified,FAT admin authenticated browser session; exact role/permission mapping pending,No mutation observed,Page loaded,No request captured,,,,DOCUMENTED_UNVERIFIED,CONTROL_PRESENT_NO_REQUEST,"fat-admin-explicit-read-actions.json execution status=INTERACTED; exact selector {""locator"": ""input, textarea"", ""placeholder_or_name"": ""End Date""}",,Click produced no XHR/fetch; navigation/DOM effect requires follow-up
admin,Operation Management,Promotion List,/operations/activity-list,input,Page Size,,,,,,,No request captured,,,unverified,FAT admin authenticated browser session; exact role/permission mapping pending,No mutation observed,Page loaded,No request captured,,,,DOCUMENTED_UNVERIFIED,CONTROL_PRESENT_NO_REQUEST,"fat-admin-explicit-read-actions.json execution status=SKIPPED_NOT_ACTIONABLE; exact selector {""locator"": ""input, textarea"", ""placeholder_or_name"": ""Page Size""}",,Control was not actionable in the fresh page state
admin,Operation Management,Promotion List,/operations/activity-list,select,Page Size,,,,,,,No request captured,,,unverified,FAT admin authenticated browser session; exact role/permission mapping pending,No mutation observed,Page loaded,No request captured,,,,DOCUMENTED_UNVERIFIED,CONTROL_PRESENT_NO_REQUEST,"fat-admin-explicit-read-actions.json execution status=SKIPPED_NOT_ACTIONABLE; exact selector {""locator"": "".ant-layout-content .ant-select"", ""visible_text"": ""Page Size""}",,Control was not actionable in the fresh page state
admin,Operation Management,Promotion List,/operations/activity-list,input,Please enter,,,,,,,No request captured,,,unverified,FAT admin authenticated browser session; exact role/permission mapping pending,No mutation observed,Page loaded,No request captured,,,,DOCUMENTED_UNVERIFIED,CONTROL_PRESENT_NO_REQUEST,"fat-admin-explicit-read-actions.json execution status=INTERACTED; exact selector {""locator"": ""input, textarea"", ""placeholder_or_name"": ""Please enter""}",,Click produced no XHR/fetch; navigation/DOM effect requires follow-up
admin,Operation Management,Promotion List,/operations/activity-list,select,Please select,,,,,,,No request captured,,,unverified,FAT admin authenticated browser session; exact role/permission mapping pending,No mutation observed,Page loaded,No request captured,,,,DOCUMENTED_UNVERIFIED,CONTROL_PRESENT_NO_REQUEST,"fat-admin-explicit-read-actions.json execution status=INTERACTED; exact selector {""locator"": "".ant-layout-content .ant-select"", ""visible_text"": ""Please select""}",,Click produced no XHR/fetch; navigation/DOM effect requires follow-up
admin,Operation Management,Promotion List,/operations/activity-list,select,Please select operator,,,,,,,No request captured,,,unverified,FAT admin authenticated browser session; exact role/permission mapping pending,No mutation observed,Page loaded,No request captured,,,,DOCUMENTED_UNVERIFIED,CONTROL_PRESENT_NO_REQUEST,"fat-admin-explicit-read-actions.json execution status=INTERACTED; exact selector {""locator"": "".ant-layout-content .ant-select"", ""visible_text"": ""Please select operator""}",,Click produced no XHR/fetch; navigation/DOM effect requires follow-up
admin,Operation Management,Promotion List,/operations/activity-list,input,Start Date,,,,,,,No request captured,,,unverified,FAT admin authenticated browser session; exact role/permission mapping pending,No mutation observed,Page loaded,No request captured,,,,DOCUMENTED_UNVERIFIED,CONTROL_PRESENT_NO_REQUEST,"fat-admin-explicit-read-actions.json execution status=INTERACTED; exact selector {""locator"": ""input, textarea"", ""placeholder_or_name"": ""Start Date""}",,Click produced no XHR/fetch; navigation/DOM effect requires follow-up
admin,Operation Management,Ad Tracking/Buried Point,/operations/advertisement-tracking,input,Page Size,,,,,,,No request captured,,,unverified,FAT admin authenticated browser session; exact role/permission mapping pending,No mutation observed,Page loaded,No request captured,,,,DOCUMENTED_UNVERIFIED,CONTROL_PRESENT_NO_REQUEST,"fat-admin-explicit-read-actions.json execution status=SKIPPED_NOT_ACTIONABLE; exact selector {""locator"": ""input, textarea"", ""placeholder_or_name"": ""Page Size""}",,Control was not actionable in the fresh page state
admin,Operation Management,Ad Tracking/Buried Point,/operations/advertisement-tracking,select,Page Size,,,,,,,No request captured,,,unverified,FAT admin authenticated browser session; exact role/permission mapping pending,No mutation observed,Page loaded,No request captured,,,,DOCUMENTED_UNVERIFIED,CONTROL_PRESENT_NO_REQUEST,"fat-admin-explicit-read-actions.json execution status=SKIPPED_NOT_ACTIONABLE; exact selector {""locator"": "".ant-layout-content .ant-select"", ""visible_text"": ""Page Size""}",,Control was not actionable in the fresh page state
admin,Operation Management,Client Configuration,/operations/client-config,filter_submit,Apply registered filters via Query,POST,/admin/banner/list,,,,"accept,accept-language,client-id,client-version,content-type,d,lang,referer,sec-ch-ua,sec-ch-ua-mobile,sec-ch-ua-platform,t,user-agent,x-device-id",Header: authenticated browser session/runtime,200,True,"object; keys=d,s,t",FAT admin authenticated browser session; exact role/permission mapping pending,No mutation observed; registered low-risk interaction,Page reloaded and Network reached quiet state before action,Action response captured; no business mutation observed,admin/other,轮播图列表,后台/轮播图-首页弹窗/轮播图列表.bru,ACTIVE,YES,fat-admin-explicit-read-actions.json Network events 412; exact selector registered Query/Search selector from explicit action inventory,,
admin,Operation Management,Client Configuration,/operations/client-config,input,End Date,,,,,,,No request captured,,,unverified,FAT admin authenticated browser session; exact role/permission mapping pending,No mutation observed,Page loaded,No request captured,,,,DOCUMENTED_UNVERIFIED,CONTROL_PRESENT_NO_REQUEST,"fat-admin-explicit-read-actions.json execution status=INTERACTED; exact selector {""locator"": ""input, textarea"", ""placeholder_or_name"": ""End Date""}",,Click produced no XHR/fetch; navigation/DOM effect requires follow-up
admin,Operation Management,Client Configuration,/operations/client-config,input,Page Size,,,,,,,No request captured,,,unverified,FAT admin authenticated browser session; exact role/permission mapping pending,No mutation observed,Page loaded,No request captured,,,,DOCUMENTED_UNVERIFIED,CONTROL_PRESENT_NO_REQUEST,"fat-admin-explicit-read-actions.json execution status=SKIPPED_NOT_ACTIONABLE; exact selector {""locator"": ""input, textarea"", ""placeholder_or_name"": ""Page Size""}",,Control was not actionable in the fresh page state
admin,Operation Management,Client Configuration,/operations/client-config,select,Page Size,,,,,,,No request captured,,,unverified,FAT admin authenticated browser session; exact role/permission mapping pending,No mutation observed,Page loaded,No request captured,,,,DOCUMENTED_UNVERIFIED,CONTROL_PRESENT_NO_REQUEST,"fat-admin-explicit-read-actions.json execution status=SKIPPED_NOT_ACTIONABLE; exact selector {""locator"": "".ant-layout-content .ant-select"", ""visible_text"": ""Page Size""}",,Control was not actionable in the fresh page state
admin,Operation Management,Client Configuration,/operations/client-config,input,Please enter,,,,,,,No request captured,,,unverified,FAT admin authenticated browser session; exact role/permission mapping pending,No mutation observed,Page loaded,No request captured,,,,DOCUMENTED_UNVERIFIED,CONTROL_PRESENT_NO_REQUEST,"fat-admin-explicit-read-actions.json execution status=INTERACTED; exact selector {""locator"": ""input, textarea"", ""placeholder_or_name"": ""Please enter""}",,Click produced no XHR/fetch; navigation/DOM effect requires follow-up
admin,Operation Management,Client Configuration,/operations/client-config,select,Please select,,,,,,,No request captured,,,unverified,FAT admin authenticated browser session; exact role/permission mapping pending,No mutation observed,Page loaded,No request captured,,,,DOCUMENTED_UNVERIFIED,CONTROL_PRESENT_NO_REQUEST,"fat-admin-explicit-read-actions.json execution status=INTERACTED; exact selector {""locator"": "".ant-layout-content .ant-select"", ""visible_text"": ""Please select""}",,Click produced no XHR/fetch; navigation/DOM effect requires follow-up
admin,Operation Management,Client Configuration,/operations/client-config,input,Start Date,,,,,,,No request captured,,,unverified,FAT admin authenticated browser session; exact role/permission mapping pending,No mutation observed,Page loaded,No request captured,,,,DOCUMENTED_UNVERIFIED,CONTROL_PRESENT_NO_REQUEST,"fat-admin-explicit-read-actions.json execution status=INTERACTED; exact selector {""locator"": ""input, textarea"", ""placeholder_or_name"": ""Start Date""}",,Click produced no XHR/fetch; navigation/DOM effect requires follow-up
admin,Operation Management,Daily Report,/operations/daily-reports,filter_submit,Apply registered filters via Query,GET,/admin/reports/channel,"channel_id,end_time,page,page_size,start_time",,,"accept,accept-language,client-id,client-version,d,lang,referer,sec-ch-ua,sec-ch-ua-mobile,sec-ch-ua-platform,t,user-agent,x-device-id",Query: current page filter/pagination; Header: authenticated browser session/runtime,200,True,"object; keys=d,t",FAT admin authenticated browser session; exact role/permission mapping pending,No mutation observed; registered low-risk interaction,Page reloaded and Network reached quiet state before action,Action response captured; no business mutation observed,admin/report,渠道日报表-sandy,后台/报表/渠道报表/渠道日报表-sandy.bru,ACTIVE,YES,fat-admin-explicit-read-actions.json Network events 392; exact selector registered Query/Search selector from explicit action inventory,,
admin,Operation Management,Daily Report,/operations/daily-reports,select,Channel Filter,,,,,,,No request captured,,,unverified,FAT admin authenticated browser session; exact role/permission mapping pending,No mutation observed,Page loaded,No request captured,,,,DOCUMENTED_UNVERIFIED,CONTROL_PRESENT_NO_REQUEST,"fat-admin-explicit-read-actions.json execution status=INTERACTED; exact selector {""locator"": "".ant-layout-content .ant-select"", ""visible_text"": ""Channel Filter""}",,Click produced no XHR/fetch; navigation/DOM effect requires follow-up
admin,Operation Management,Daily Report,/operations/daily-reports,input,End Date,,,,,,,No request captured,,,unverified,FAT admin authenticated browser session; exact role/permission mapping pending,No mutation observed,Page loaded,No request captured,,,,DOCUMENTED_UNVERIFIED,CONTROL_PRESENT_NO_REQUEST,"fat-admin-explicit-read-actions.json execution status=INTERACTED; exact selector {""locator"": ""input, textarea"", ""placeholder_or_name"": ""End Date""}",,Click produced no XHR/fetch; navigation/DOM effect requires follow-up
admin,Operation Management,Daily Report,/operations/daily-reports,input,Start Date,,,,,,,No request captured,,,unverified,FAT admin authenticated browser session; exact role/permission mapping pending,No mutation observed,Page loaded,No request captured,,,,DOCUMENTED_UNVERIFIED,CONTROL_PRESENT_NO_REQUEST,"fat-admin-explicit-read-actions.json execution status=INTERACTED; exact selector {""locator"": ""input, textarea"", ""placeholder_or_name"": ""Start Date""}",,Click produced no XHR/fetch; navigation/DOM effect requires follow-up
admin,Operation Management,Friend Invite,/operations/friend-invite,filter_submit,Apply registered filters via Query,GET,/admin/promo/invite/base/list,"created_end_at,created_start_at,page,page_size,phone",,,"accept,accept-language,client-id,client-version,d,lang,referer,sec-ch-ua,sec-ch-ua-mobile,sec-ch-ua-platform,t,user-agent,x-device-id",Query: current page filter/pagination; Header: authenticated browser session/runtime,200,True,"object; keys=d,sub_total,t,total",FAT admin authenticated browser session; exact role/permission mapping pending,No mutation observed; registered low-risk interaction,Page reloaded and Network reached quiet state before action,Action response captured; no business mutation observed,admin/promo,邀请基础奖励列表,后台/运营管理/邀请好友/邀请基础奖励列表.bru,ACTIVE,YES,fat-admin-explicit-read-actions.json Network events 559; exact selector registered Query/Search selector from explicit action inventory,,
admin,Operation Management,Friend Invite,/operations/friend-invite,input,Please enter,,,,,,,No request captured,,,unverified,FAT admin authenticated browser session; exact role/permission mapping pending,No mutation observed,Page loaded,No request captured,,,,DOCUMENTED_UNVERIFIED,CONTROL_PRESENT_NO_REQUEST,"fat-admin-explicit-read-actions.json execution status=INTERACTED; exact selector {""locator"": ""input, textarea"", ""placeholder_or_name"": ""Please enter""}",,Click produced no XHR/fetch; navigation/DOM effect requires follow-up
admin,Operation Management,Friend Invite,/operations/friend-invite,input,Please select,,,,,,,No request captured,,,unverified,FAT admin authenticated browser session; exact role/permission mapping pending,No mutation observed,Page loaded,No request captured,,,,DOCUMENTED_UNVERIFIED,CONTROL_PRESENT_NO_REQUEST,"fat-admin-explicit-read-actions.json execution status=INTERACTED; exact selector {""locator"": ""input, textarea"", ""placeholder_or_name"": ""Please select""}",,Click produced no XHR/fetch; navigation/DOM effect requires follow-up
admin,Operation Management,Member station message,/operations/in-site-message,input,End Date,,,,,,,No request captured,,,unverified,FAT admin authenticated browser session; exact role/permission mapping pending,No mutation observed,Page loaded,No request captured,,,,DOCUMENTED_UNVERIFIED,CONTROL_PRESENT_NO_REQUEST,"fat-admin-explicit-read-actions.json execution status=INTERACTED; exact selector {""locator"": ""input, textarea"", ""placeholder_or_name"": ""End Date""}",,Click produced no XHR/fetch; navigation/DOM effect requires follow-up
admin,Operation Management,Member station message,/operations/in-site-message,input,Page,,,,,,,No request captured,,,unverified,FAT admin authenticated browser session; exact role/permission mapping pending,No mutation observed,Page loaded,No request captured,,,,DOCUMENTED_UNVERIFIED,CONTROL_PRESENT_NO_REQUEST,"fat-admin-explicit-read-actions.json execution status=SKIPPED_NOT_ACTIONABLE; exact selector {""locator"": ""input, textarea"", ""placeholder_or_name"": ""Page""}",,Control was not actionable in the fresh page state
admin,Operation Management,Member station message,/operations/in-site-message,input,Page Size,,,,,,,No request captured,,,unverified,FAT admin authenticated browser session; exact role/permission mapping pending,No mutation observed,Page loaded,No request captured,,,,DOCUMENTED_UNVERIFIED,CONTROL_PRESENT_NO_REQUEST,"fat-admin-explicit-read-actions.json execution status=SKIPPED_NOT_ACTIONABLE; exact selector {""locator"": ""input, textarea"", ""placeholder_or_name"": ""Page Size""}",,Control was not actionable in the fresh page state
admin,Operation Management,Member station message,/operations/in-site-message,select,Page Size,,,,,,,No request captured,,,unverified,FAT admin authenticated browser session; exact role/permission mapping pending,No mutation observed,Page loaded,No request captured,,,,DOCUMENTED_UNVERIFIED,CONTROL_PRESENT_NO_REQUEST,"fat-admin-explicit-read-actions.json execution status=SKIPPED_NOT_ACTIONABLE; exact selector {""locator"": "".ant-layout-content .ant-select"", ""visible_text"": ""Page Size""}",,Control was not actionable in the fresh page state
admin,Operation Management,Member station message,/operations/in-site-message,input,Please Enter Trigger User,,,,,,,No request captured,,,unverified,FAT admin authenticated browser session; exact role/permission mapping pending,No mutation observed,Page loaded,No request captured,,,,DOCUMENTED_UNVERIFIED,CONTROL_PRESENT_NO_REQUEST,"fat-admin-explicit-read-actions.json execution status=INTERACTED; exact selector {""locator"": ""input, textarea"", ""placeholder_or_name"": ""Please Enter Trigger User""}",,Click produced no XHR/fetch; navigation/DOM effect requires follow-up
admin,Operation Management,Member station message,/operations/in-site-message,input,Start Date,,,,,,,No request captured,,,unverified,FAT admin authenticated browser session; exact role/permission mapping pending,No mutation observed,Page loaded,No request captured,,,,DOCUMENTED_UNVERIFIED,CONTROL_PRESENT_NO_REQUEST,"fat-admin-explicit-read-actions.json execution status=INTERACTED; exact selector {""locator"": ""input, textarea"", ""placeholder_or_name"": ""Start Date""}",,Click produced no XHR/fetch; navigation/DOM effect requires follow-up
admin,Operation Management,Member station message,/operations/in-site-message,input,"Supports batch query, 1–5000 characters, separated by commas",,,,,,,No request captured,,,unverified,FAT admin authenticated browser session; exact role/permission mapping pending,No mutation observed,Page loaded,No request captured,,,,DOCUMENTED_UNVERIFIED,CONTROL_PRESENT_NO_REQUEST,"fat-admin-explicit-read-actions.json execution status=INTERACTED; exact selector {""locator"": ""input, textarea"", ""placeholder_or_name"": ""Supports batch query, 1–5000 characters, separated by commas""}",,Click produced no XHR/fetch; navigation/DOM effect requires follow-up
admin,Operation Management,Jackpot Board,/operations/jackpot-board,filter_submit,Apply registered filters via Query,GET,/admin/hotBetNotice/list,"end_time,game_code,multiplier_max,multiplier_min,page,page_size,sort,sort_field,start_time,username",,,"accept,accept-language,client-id,client-version,d,lang,referer,sec-ch-ua,sec-ch-ua-mobile,sec-ch-ua-platform,t,user-agent,x-device-id",Query: current page filter/pagination; Header: authenticated browser session/runtime,200,True,"object; keys=d,page,page_size,t",FAT admin authenticated browser session; exact role/permission mapping pending,No mutation observed; registered low-risk interaction,Page reloaded and Network reached quiet state before action,Action response captured; no business mutation observed,admin/other,爆彩列表查询,后台/爆彩/爆彩列表查询.bru,ACTIVE,YES,fat-admin-explicit-read-actions.json Network events 580; exact selector registered Query/Search selector from explicit action inventory,,
admin,Operation Management,Jackpot Board,/operations/jackpot-board,input,End Date,,,,,,,No request captured,,,unverified,FAT admin authenticated browser session; exact role/permission mapping pending,No mutation observed,Page loaded,No request captured,,,,DOCUMENTED_UNVERIFIED,CONTROL_PRESENT_NO_REQUEST,"fat-admin-explicit-read-actions.json execution status=INTERACTED; exact selector {""locator"": ""input, textarea"", ""placeholder_or_name"": ""End Date""}",,Click produced no XHR/fetch; navigation/DOM effect requires follow-up
admin,Operation Management,Jackpot Board,/operations/jackpot-board,input,Max,,,,,,,No request captured,,,unverified,FAT admin authenticated browser session; exact role/permission mapping pending,No mutation observed,Page loaded,No request captured,,,,DOCUMENTED_UNVERIFIED,CONTROL_PRESENT_NO_REQUEST,"fat-admin-explicit-read-actions.json execution status=INTERACTED; exact selector {""locator"": ""input, textarea"", ""placeholder_or_name"": ""Max""}",,Click produced no XHR/fetch; navigation/DOM effect requires follow-up
admin,Operation Management,Jackpot Board,/operations/jackpot-board,input,Min,,,,,,,No request captured,,,unverified,FAT admin authenticated browser session; exact role/permission mapping pending,No mutation observed,Page loaded,No request captured,,,,DOCUMENTED_UNVERIFIED,CONTROL_PRESENT_NO_REQUEST,"fat-admin-explicit-read-actions.json execution status=INTERACTED; exact selector {""locator"": ""input, textarea"", ""placeholder_or_name"": ""Min""}",,Click produced no XHR/fetch; navigation/DOM effect requires follow-up
admin,Operation Management,Jackpot Board,/operations/jackpot-board,input,Please enter,,,,,,,No request captured,,,unverified,FAT admin authenticated browser session; exact role/permission mapping pending,No mutation observed,Page loaded,No request captured,,,,DOCUMENTED_UNVERIFIED,CONTROL_PRESENT_NO_REQUEST,"fat-admin-explicit-read-actions.json execution status=INTERACTED; exact selector {""locator"": ""input, textarea"", ""placeholder_or_name"": ""Please enter""}",,Click produced no XHR/fetch; navigation/DOM effect requires follow-up
admin,Operation Management,Jackpot Board,/operations/jackpot-board,input,Start Date,,,,,,,No request captured,,,unverified,FAT admin authenticated browser session; exact role/permission mapping pending,No mutation observed,Page loaded,No request captured,,,,DOCUMENTED_UNVERIFIED,CONTROL_PRESENT_NO_REQUEST,"fat-admin-explicit-read-actions.json execution status=INTERACTED; exact selector {""locator"": ""input, textarea"", ""placeholder_or_name"": ""Start Date""}",,Click produced no XHR/fetch; navigation/DOM effect requires follow-up
admin,Operation Management,Jackpot Board,/operations/jackpot-board,select,全部,,,,,,,No request captured,,,unverified,FAT admin authenticated browser session; exact role/permission mapping pending,No mutation observed,Page loaded,No request captured,,,,DOCUMENTED_UNVERIFIED,CONTROL_PRESENT_NO_REQUEST,"fat-admin-explicit-read-actions.json execution status=INTERACTED; exact selector {""locator"": "".ant-layout-content .ant-select"", ""visible_text"": ""全部""}",,Click produced no XHR/fetch; navigation/DOM effect requires follow-up
admin,Operation Management,Market Management,/operations/mall-management,filter_submit,Apply registered filters via Query,GET,/admin/mall/goods/list,"deliver_method,page,page_size,product_name,sell_status,updated_name",,,"accept,accept-language,client-id,client-version,d,lang,referer,sec-ch-ua,sec-ch-ua-mobile,sec-ch-ua-platform,t,user-agent,x-device-id",Query: current page filter/pagination; Header: authenticated browser session/runtime,200,True,"object; keys=d,s,t",FAT admin authenticated browser session; exact role/permission mapping pending,No mutation observed; registered low-risk interaction,Page reloaded and Network reached quiet state before action,Action response captured; no business mutation observed,admin/other,获取产品列表-todo,后台/商城管理/获取产品列表-todo.bru,ACTIVE,YES,fat-admin-explicit-read-actions.json Network events 450; exact selector registered Query/Search selector from explicit action inventory,,
admin,Operation Management,Market Management,/operations/mall-management,select,Delivery Method,,,,,,,No request captured,,,unverified,FAT admin authenticated browser session; exact role/permission mapping pending,No mutation observed,Page loaded,No request captured,,,,DOCUMENTED_UNVERIFIED,CONTROL_PRESENT_NO_REQUEST,"fat-admin-explicit-read-actions.json execution status=INTERACTED; exact selector {""locator"": "".ant-layout-content .ant-select"", ""visible_text"": ""Delivery Method""}",,Click produced no XHR/fetch; navigation/DOM effect requires follow-up
admin,Operation Management,Market Management,/operations/mall-management,input,End Date,,,,,,,No request captured,,,unverified,FAT admin authenticated browser session; exact role/permission mapping pending,No mutation observed,Page loaded,No request captured,,,,DOCUMENTED_UNVERIFIED,CONTROL_PRESENT_NO_REQUEST,"fat-admin-explicit-read-actions.json execution status=INTERACTED; exact selector {""locator"": ""input, textarea"", ""placeholder_or_name"": ""End Date""}",,Click produced no XHR/fetch; navigation/DOM effect requires follow-up
admin,Operation Management,Market Management,/operations/mall-management,input,Page,,,,,,,No request captured,,,unverified,FAT admin authenticated browser session; exact role/permission mapping pending,No mutation observed,Page loaded,No request captured,,,,DOCUMENTED_UNVERIFIED,CONTROL_PRESENT_NO_REQUEST,"fat-admin-explicit-read-actions.json execution status=SKIPPED_NOT_ACTIONABLE; exact selector {""locator"": ""input, textarea"", ""placeholder_or_name"": ""Page""}",,Control was not actionable in the fresh page state
admin,Operation Management,Market Management,/operations/mall-management,input,Page Size,,,,,,,No request captured,,,unverified,FAT admin authenticated browser session; exact role/permission mapping pending,No mutation observed,Page loaded,No request captured,,,,DOCUMENTED_UNVERIFIED,CONTROL_PRESENT_NO_REQUEST,"fat-admin-explicit-read-actions.json execution status=SKIPPED_NOT_ACTIONABLE; exact selector {""locator"": ""input, textarea"", ""placeholder_or_name"": ""Page Size""}",,Control was not actionable in the fresh page state
admin,Operation Management,Market Management,/operations/mall-management,select,Page Size,,,,,,,No request captured,,,unverified,FAT admin authenticated browser session; exact role/permission mapping pending,No mutation observed,Page loaded,No request captured,,,,DOCUMENTED_UNVERIFIED,CONTROL_PRESENT_NO_REQUEST,"fat-admin-explicit-read-actions.json execution status=SKIPPED_NOT_ACTIONABLE; exact selector {""locator"": "".ant-layout-content .ant-select"", ""visible_text"": ""Page Size""}",,Control was not actionable in the fresh page state
admin,Operation Management,Market Management,/operations/mall-management,input,Please enter,,,,,,,No request captured,,,unverified,FAT admin authenticated browser session; exact role/permission mapping pending,No mutation observed,Page loaded,No request captured,,,,DOCUMENTED_UNVERIFIED,CONTROL_PRESENT_NO_REQUEST,"fat-admin-explicit-read-actions.json execution status=INTERACTED; exact selector {""locator"": ""input, textarea"", ""placeholder_or_name"": ""Please enter""}",,Click produced no XHR/fetch; navigation/DOM effect requires follow-up
admin,Operation Management,Market Management,/operations/mall-management,select,Please select,,,,,,,No request captured,,,unverified,FAT admin authenticated browser session; exact role/permission mapping pending,No mutation observed,Page loaded,No request captured,,,,DOCUMENTED_UNVERIFIED,CONTROL_PRESENT_NO_REQUEST,"fat-admin-explicit-read-actions.json execution status=INTERACTED; exact selector {""locator"": "".ant-layout-content .ant-select"", ""visible_text"": ""Please select""}",,Click produced no XHR/fetch; navigation/DOM effect requires follow-up
admin,Operation Management,Market Management,/operations/mall-management,input,Start Date,,,,,,,No request captured,,,unverified,FAT admin authenticated browser session; exact role/permission mapping pending,No mutation observed,Page loaded,No request captured,,,,DOCUMENTED_UNVERIFIED,CONTROL_PRESENT_NO_REQUEST,"fat-admin-explicit-read-actions.json execution status=INTERACTED; exact selector {""locator"": ""input, textarea"", ""placeholder_or_name"": ""Start Date""}",,Click produced no XHR/fetch; navigation/DOM effect requires follow-up
admin,Operation Management,Market Management,/operations/mall-management,input,"Supports batch query, 1–5000 characters, separated by commas",,,,,,,No request captured,,,unverified,FAT admin authenticated browser session; exact role/permission mapping pending,No mutation observed,Page loaded,No request captured,,,,DOCUMENTED_UNVERIFIED,CONTROL_PRESENT_NO_REQUEST,"fat-admin-explicit-read-actions.json execution status=INTERACTED; exact selector {""locator"": ""input, textarea"", ""placeholder_or_name"": ""Supports batch query, 1–5000 characters, separated by commas""}",,Click produced no XHR/fetch; navigation/DOM effect requires follow-up
admin,Operation Management,Marquee Management,/operations/marquee-management,filter_submit,Apply registered filters via Query,GET,/admin/marquee/list,"page,page_size,ty",,,"accept,accept-language,client-id,client-version,d,lang,referer,sec-ch-ua,sec-ch-ua-mobile,sec-ch-ua-platform,t,user-agent,x-device-id",Query: current page filter/pagination; Header: authenticated browser session/runtime,200,True,"object; keys=d,t",FAT admin authenticated browser session; exact role/permission mapping pending,No mutation observed; registered low-risk interaction,Page reloaded and Network reached quiet state before action,Action response captured; no business mutation observed,admin/other,列表,后台/跑马灯/列表.bru,ACTIVE,YES,fat-admin-explicit-read-actions.json Network events 617; exact selector registered Query/Search selector from explicit action inventory,,
admin,Operation Management,Marquee Management,/operations/marquee-management,input,End Date,,,,,,,No request captured,,,unverified,FAT admin authenticated browser session; exact role/permission mapping pending,No mutation observed,Page loaded,No request captured,,,,DOCUMENTED_UNVERIFIED,CONTROL_PRESENT_NO_REQUEST,"fat-admin-explicit-read-actions.json execution status=INTERACTED; exact selector {""locator"": ""input, textarea"", ""placeholder_or_name"": ""End Date""}",,Click produced no XHR/fetch; navigation/DOM effect requires follow-up
admin,Operation Management,Marquee Management,/operations/marquee-management,select,Please select,,,,,,,No request captured,,,unverified,FAT admin authenticated browser session; exact role/permission mapping pending,No mutation observed,Page loaded,No request captured,,,,DOCUMENTED_UNVERIFIED,CONTROL_PRESENT_NO_REQUEST,"fat-admin-explicit-read-actions.json execution status=INTERACTED; exact selector {""locator"": "".ant-layout-content .ant-select"", ""visible_text"": ""Please select""}",,Click produced no XHR/fetch; navigation/DOM effect requires follow-up
admin,Operation Management,Marquee Management,/operations/marquee-management,input,Start Date,,,,,,,No request captured,,,unverified,FAT admin authenticated browser session; exact role/permission mapping pending,No mutation observed,Page loaded,No request captured,,,,DOCUMENTED_UNVERIFIED,CONTROL_PRESENT_NO_REQUEST,"fat-admin-explicit-read-actions.json execution status=INTERACTED; exact selector {""locator"": ""input, textarea"", ""placeholder_or_name"": ""Start Date""}",,Click produced no XHR/fetch; navigation/DOM effect requires follow-up
admin,Operation Management,Material Management,/operations/material-management,filter_submit,Apply registered filters via Query,POST,/admin/ad/material/list,,,,"accept,accept-language,client-id,client-version,content-type,d,lang,referer,sec-ch-ua,sec-ch-ua-mobile,sec-ch-ua-platform,t,user-agent,x-device-id",Header: authenticated browser session/runtime,200,True,"object; keys=d,s,t",FAT admin authenticated browser session; exact role/permission mapping pending,No mutation observed; registered low-risk interaction,Page reloaded and Network reached quiet state before action,Action response captured; no business mutation observed,admin/other,素材列表,后台/运营管理/客户端管理/素材管理/素材列表.bru,ACTIVE,YES,fat-admin-explicit-read-actions.json Network events 432; exact selector registered Query/Search selector from explicit action inventory,,
admin,Operation Management,Material Management,/operations/material-management,input,End Date,,,,,,,No request captured,,,unverified,FAT admin authenticated browser session; exact role/permission mapping pending,No mutation observed,Page loaded,No request captured,,,,DOCUMENTED_UNVERIFIED,CONTROL_PRESENT_NO_REQUEST,"fat-admin-explicit-read-actions.json execution status=INTERACTED; exact selector {""locator"": ""input, textarea"", ""placeholder_or_name"": ""End Date""}",,Click produced no XHR/fetch; navigation/DOM effect requires follow-up
admin,Operation Management,Material Management,/operations/material-management,input,Page,,,,,,,No request captured,,,unverified,FAT admin authenticated browser session; exact role/permission mapping pending,No mutation observed,Page loaded,No request captured,,,,DOCUMENTED_UNVERIFIED,CONTROL_PRESENT_NO_REQUEST,"fat-admin-explicit-read-actions.json execution status=SKIPPED_NOT_ACTIONABLE; exact selector {""locator"": ""input, textarea"", ""placeholder_or_name"": ""Page""}",,Control was not actionable in the fresh page state
admin,Operation Management,Material Management,/operations/material-management,input,Page Size,,,,,,,No request captured,,,unverified,FAT admin authenticated browser session; exact role/permission mapping pending,No mutation observed,Page loaded,No request captured,,,,DOCUMENTED_UNVERIFIED,CONTROL_PRESENT_NO_REQUEST,"fat-admin-explicit-read-actions.json execution status=SKIPPED_NOT_ACTIONABLE; exact selector {""locator"": ""input, textarea"", ""placeholder_or_name"": ""Page Size""}",,Control was not actionable in the fresh page state
admin,Operation Management,Material Management,/operations/material-management,select,Page Size,,,,,,,No request captured,,,unverified,FAT admin authenticated browser session; exact role/permission mapping pending,No mutation observed,Page loaded,No request captured,,,,DOCUMENTED_UNVERIFIED,CONTROL_PRESENT_NO_REQUEST,"fat-admin-explicit-read-actions.json execution status=SKIPPED_NOT_ACTIONABLE; exact selector {""locator"": "".ant-layout-content .ant-select"", ""visible_text"": ""Page Size""}",,Control was not actionable in the fresh page state
admin,Operation Management,Material Management,/operations/material-management,select,Select Material Type,,,,,,,No request captured,,,unverified,FAT admin authenticated browser session; exact role/permission mapping pending,No mutation observed,Page loaded,No request captured,,,,DOCUMENTED_UNVERIFIED,CONTROL_PRESENT_NO_REQUEST,"fat-admin-explicit-read-actions.json execution status=INTERACTED; exact selector {""locator"": "".ant-layout-content .ant-select"", ""visible_text"": ""Select Material Type""}",,Click produced no XHR/fetch; navigation/DOM effect requires follow-up
admin,Operation Management,Material Management,/operations/material-management,select,Select Platform,,,,,,,No request captured,,,unverified,FAT admin authenticated browser session; exact role/permission mapping pending,No mutation observed,Page loaded,No request captured,,,,DOCUMENTED_UNVERIFIED,CONTROL_PRESENT_NO_REQUEST,"fat-admin-explicit-read-actions.json execution status=INTERACTED; exact selector {""locator"": "".ant-layout-content .ant-select"", ""visible_text"": ""Select Platform""}",,Click produced no XHR/fetch; navigation/DOM effect requires follow-up
admin,Operation Management,Material Management,/operations/material-management,select,Select Status,,,,,,,No request captured,,,unverified,FAT admin authenticated browser session; exact role/permission mapping pending,No mutation observed,Page loaded,No request captured,,,,DOCUMENTED_UNVERIFIED,CONTROL_PRESENT_NO_REQUEST,"fat-admin-explicit-read-actions.json execution status=INTERACTED; exact selector {""locator"": "".ant-layout-content .ant-select"", ""visible_text"": ""Select Status""}",,Click produced no XHR/fetch; navigation/DOM effect requires follow-up
admin,Operation Management,Material Management,/operations/material-management,input,Start Date,,,,,,,No request captured,,,unverified,FAT admin authenticated browser session; exact role/permission mapping pending,No mutation observed,Page loaded,No request captured,,,,DOCUMENTED_UNVERIFIED,CONTROL_PRESENT_NO_REQUEST,"fat-admin-explicit-read-actions.json execution status=INTERACTED; exact selector {""locator"": ""input, textarea"", ""placeholder_or_name"": ""Start Date""}",,Click produced no XHR/fetch; navigation/DOM effect requires follow-up
admin,Operation Management,Message Templates,/operations/message-templates,filter_submit,Apply registered filters via Query,GET,/admin/message/templates/list,"id,page,page_size",,,"accept,accept-language,client-id,client-version,d,lang,referer,sec-ch-ua,sec-ch-ua-mobile,sec-ch-ua-platform,t,user-agent,x-device-id",Query: current page filter/pagination; Header: authenticated browser session/runtime,200,True,"object; keys=d,s,t",FAT admin authenticated browser session; exact role/permission mapping pending,No mutation observed; registered low-risk interaction,Page reloaded and Network reached quiet state before action,Action response captured; no business mutation observed,admin/other,获取消息模板列表-todo,后台/运营管理/消息模板/获取消息模板列表-todo.bru,ACTIVE,YES,fat-admin-explicit-read-actions.json Network events 524; exact selector registered Query/Search selector from explicit action inventory,,
admin,Operation Management,Message Templates,/operations/message-templates,input,End Date,,,,,,,No request captured,,,unverified,FAT admin authenticated browser session; exact role/permission mapping pending,No mutation observed,Page loaded,No request captured,,,,DOCUMENTED_UNVERIFIED,CONTROL_PRESENT_NO_REQUEST,"fat-admin-explicit-read-actions.json execution status=INTERACTED; exact selector {""locator"": ""input, textarea"", ""placeholder_or_name"": ""End Date""}",,Click produced no XHR/fetch; navigation/DOM effect requires follow-up
admin,Operation Management,Message Templates,/operations/message-templates,select,Operator,,,,,,,No request captured,,,unverified,FAT admin authenticated browser session; exact role/permission mapping pending,No mutation observed,Page loaded,No request captured,,,,DOCUMENTED_UNVERIFIED,CONTROL_PRESENT_NO_REQUEST,"fat-admin-explicit-read-actions.json execution status=SKIPPED_NO_OPTION; exact selector {""locator"": "".ant-layout-content .ant-select"", ""visible_text"": ""Operator""}",,Control was not actionable in the fresh page state
admin,Operation Management,Message Templates,/operations/message-templates,input,Page,,,,,,,No request captured,,,unverified,FAT admin authenticated browser session; exact role/permission mapping pending,No mutation observed,Page loaded,No request captured,,,,DOCUMENTED_UNVERIFIED,CONTROL_PRESENT_NO_REQUEST,"fat-admin-explicit-read-actions.json execution status=SKIPPED_NOT_ACTIONABLE; exact selector {""locator"": ""input, textarea"", ""placeholder_or_name"": ""Page""}",,Control was not actionable in the fresh page state
admin,Operation Management,Message Templates,/operations/message-templates,input,Page Size,,,,,,,No request captured,,,unverified,FAT admin authenticated browser session; exact role/permission mapping pending,No mutation observed,Page loaded,No request captured,,,,DOCUMENTED_UNVERIFIED,CONTROL_PRESENT_NO_REQUEST,"fat-admin-explicit-read-actions.json execution status=SKIPPED_NOT_ACTIONABLE; exact selector {""locator"": ""input, textarea"", ""placeholder_or_name"": ""Page Size""}",,Control was not actionable in the fresh page state
admin,Operation Management,Message Templates,/operations/message-templates,select,Page Size,,,,,,,No request captured,,,unverified,FAT admin authenticated browser session; exact role/permission mapping pending,No mutation observed,Page loaded,No request captured,,,,DOCUMENTED_UNVERIFIED,CONTROL_PRESENT_NO_REQUEST,"fat-admin-explicit-read-actions.json execution status=SKIPPED_NOT_ACTIONABLE; exact selector {""locator"": "".ant-layout-content .ant-select"", ""visible_text"": ""Page Size""}",,Control was not actionable in the fresh page state
admin,Operation Management,Message Templates,/operations/message-templates,input,Please enter,,,,,,,No request captured,,,unverified,FAT admin authenticated browser session; exact role/permission mapping pending,No mutation observed,Page loaded,No request captured,,,,DOCUMENTED_UNVERIFIED,CONTROL_PRESENT_NO_REQUEST,"fat-admin-explicit-read-actions.json execution status=INTERACTED; exact selector {""locator"": ""input, textarea"", ""placeholder_or_name"": ""Please enter""}",,Click produced no XHR/fetch; navigation/DOM effect requires follow-up
admin,Operation Management,Message Templates,/operations/message-templates,input,Start Date,,,,,,,No request captured,,,unverified,FAT admin authenticated browser session; exact role/permission mapping pending,No mutation observed,Page loaded,No request captured,,,,DOCUMENTED_UNVERIFIED,CONTROL_PRESENT_NO_REQUEST,"fat-admin-explicit-read-actions.json execution status=INTERACTED; exact selector {""locator"": ""input, textarea"", ""placeholder_or_name"": ""Start Date""}",,Click produced no XHR/fetch; navigation/DOM effect requires follow-up
admin,Operation Management,Ops tools,/operations/ops-tools,input,End date,,,,,,,No request captured,,,unverified,FAT admin authenticated browser session; exact role/permission mapping pending,No mutation observed,Page loaded,No request captured,,,,DOCUMENTED_UNVERIFIED,CONTROL_PRESENT_NO_REQUEST,"fat-admin-explicit-read-actions.json execution status=SKIPPED_NOT_FILTER_CONTEXT; exact selector {""locator"": ""input, textarea"", ""placeholder_or_name"": ""End date""}",,Control was not actionable in the fresh page state
admin,Operation Management,Ops tools,/operations/ops-tools,input,Select date,,,,,,,No request captured,,,unverified,FAT admin authenticated browser session; exact role/permission mapping pending,No mutation observed,Page loaded,No request captured,,,,DOCUMENTED_UNVERIFIED,CONTROL_PRESENT_NO_REQUEST,"fat-admin-explicit-read-actions.json execution status=SKIPPED_NOT_FILTER_CONTEXT; exact selector {""locator"": ""input, textarea"", ""placeholder_or_name"": ""Select date""}",,Control was not actionable in the fresh page state
admin,Operation Management,Ops tools,/operations/ops-tools,input,Start date,,,,,,,No request captured,,,unverified,FAT admin authenticated browser session; exact role/permission mapping pending,No mutation observed,Page loaded,No request captured,,,,DOCUMENTED_UNVERIFIED,CONTROL_PRESENT_NO_REQUEST,"fat-admin-explicit-read-actions.json execution status=SKIPPED_NOT_FILTER_CONTEXT; exact selector {""locator"": ""input, textarea"", ""placeholder_or_name"": ""Start date""}",,Control was not actionable in the fresh page state
admin,Operation Management,Recharge Template,/operations/recharge-template,filter_submit,Apply registered filters via Search,GET,/admin/channel/promotion/deposit/list,"page,page_size",,,"accept,accept-language,client-id,client-version,d,lang,referer,sec-ch-ua,sec-ch-ua-mobile,sec-ch-ua-platform,t,user-agent,x-device-id",Query: current page filter/pagination; Header: authenticated browser session/runtime,200,True,"object; keys=d,t",FAT admin authenticated browser session; exact role/permission mapping pending,No mutation observed; registered low-risk interaction,Page reloaded and Network reached quiet state before action,Action response captured; no business mutation observed,admin/finance,充值模版列表,后台/渠道推广-充值模版/充值模版列表.bru,ACTIVE,YES,fat-admin-explicit-read-actions.json Network events 373; exact selector registered Query/Search selector from explicit action inventory,,
admin,Operation Management,Recharge Template,/operations/recharge-template,input,Page Size,,,,,,,No request captured,,,unverified,FAT admin authenticated browser session; exact role/permission mapping pending,No mutation observed,Page loaded,No request captured,,,,DOCUMENTED_UNVERIFIED,CONTROL_PRESENT_NO_REQUEST,"fat-admin-explicit-read-actions.json execution status=SKIPPED_NOT_ACTIONABLE; exact selector {""locator"": ""input, textarea"", ""placeholder_or_name"": ""Page Size""}",,Control was not actionable in the fresh page state
admin,Operation Management,Recharge Template,/operations/recharge-template,select,Page Size,,,,,,,No request captured,,,unverified,FAT admin authenticated browser session; exact role/permission mapping pending,No mutation observed,Page loaded,No request captured,,,,DOCUMENTED_UNVERIFIED,CONTROL_PRESENT_NO_REQUEST,"fat-admin-explicit-read-actions.json execution status=SKIPPED_NOT_ACTIONABLE; exact selector {""locator"": "".ant-layout-content .ant-select"", ""visible_text"": ""Page Size""}",,Control was not actionable in the fresh page state
admin,Operation Management,Recharge Template,/operations/recharge-template,input,Please enter,,,,,,,No request captured,,,unverified,FAT admin authenticated browser session; exact role/permission mapping pending,No mutation observed,Page loaded,No request captured,,,,DOCUMENTED_UNVERIFIED,CONTROL_PRESENT_NO_REQUEST,"fat-admin-explicit-read-actions.json execution status=SKIPPED_NOT_FILTER_CONTEXT; exact selector {""locator"": ""input, textarea"", ""placeholder_or_name"": ""Please enter""}",,Control was not actionable in the fresh page state
admin,Finance Management,Bet Management,/payment/betting-slip/list,filter_submit,Apply registered filters via Query,POST,/admin/record/bet,,,,"accept,accept-language,client-id,client-version,content-type,d,lang,referer,sec-ch-ua,sec-ch-ua-mobile,sec-ch-ua-platform,t,user-agent,x-device-id",Header: authenticated browser session/runtime,200,True,"object; keys=a,d,fd,s,t",FAT admin authenticated browser session; exact role/permission mapping pending,No mutation observed; registered low-risk interaction,Page reloaded and Network reached quiet state before action,Action response captured; no business mutation observed,admin/finance,游戏记录-wesley,后台/财务管理/注单管理/游戏记录-wesley.bru,ACTIVE,YES,fat-admin-explicit-read-actions.json Network events 301; exact selector registered Query/Search selector from explicit action inventory,,
admin,Finance Management,Bet Management,/payment/betting-slip/list,input,End Date,,,,,,,No request captured,,,unverified,FAT admin authenticated browser session; exact role/permission mapping pending,No mutation observed,Page loaded,No request captured,,,,DOCUMENTED_UNVERIFIED,CONTROL_PRESENT_NO_REQUEST,"fat-admin-explicit-read-actions.json execution status=INTERACTED; exact selector {""locator"": ""input, textarea"", ""placeholder_or_name"": ""End Date""}",,Click produced no XHR/fetch; navigation/DOM effect requires follow-up
admin,Finance Management,Bet Management,/payment/betting-slip/list,input,Maximum Amount,,,,,,,No request captured,,,unverified,FAT admin authenticated browser session; exact role/permission mapping pending,No mutation observed,Page loaded,No request captured,,,,DOCUMENTED_UNVERIFIED,CONTROL_PRESENT_NO_REQUEST,"fat-admin-explicit-read-actions.json execution status=INTERACTED; exact selector {""locator"": ""input, textarea"", ""placeholder_or_name"": ""Maximum Amount""}",,Click produced no XHR/fetch; navigation/DOM effect requires follow-up
admin,Finance Management,Bet Management,/payment/betting-slip/list,input,Minimum Amount,,,,,,,No request captured,,,unverified,FAT admin authenticated browser session; exact role/permission mapping pending,No mutation observed,Page loaded,No request captured,,,,DOCUMENTED_UNVERIFIED,CONTROL_PRESENT_NO_REQUEST,"fat-admin-explicit-read-actions.json execution status=INTERACTED; exact selector {""locator"": ""input, textarea"", ""placeholder_or_name"": ""Minimum Amount""}",,Click produced no XHR/fetch; navigation/DOM effect requires follow-up
admin,Finance Management,Bet Management,/payment/betting-slip/list,input,Page Size,,,,,,,No request captured,,,unverified,FAT admin authenticated browser session; exact role/permission mapping pending,No mutation observed,Page loaded,No request captured,,,,DOCUMENTED_UNVERIFIED,CONTROL_PRESENT_NO_REQUEST,"fat-admin-explicit-read-actions.json execution status=SKIPPED_NOT_ACTIONABLE; exact selector {""locator"": ""input, textarea"", ""placeholder_or_name"": ""Page Size""}",,Control was not actionable in the fresh page state
admin,Finance Management,Bet Management,/payment/betting-slip/list,select,Page Size,,,,,,,No request captured,,,unverified,FAT admin authenticated browser session; exact role/permission mapping pending,No mutation observed,Page loaded,No request captured,,,,DOCUMENTED_UNVERIFIED,CONTROL_PRESENT_NO_REQUEST,"fat-admin-explicit-read-actions.json execution status=SKIPPED_NOT_ACTIONABLE; exact selector {""locator"": "".ant-layout-content .ant-select"", ""visible_text"": ""Page Size""}",,Control was not actionable in the fresh page state
admin,Finance Management,Bet Management,/payment/betting-slip/list,select,Please select,,,,,,,No request captured,,,unverified,FAT admin authenticated browser session; exact role/permission mapping pending,No mutation observed,Page loaded,No request captured,,,,DOCUMENTED_UNVERIFIED,CONTROL_PRESENT_NO_REQUEST,"fat-admin-explicit-read-actions.json execution status=INTERACTED; exact selector {""locator"": "".ant-layout-content .ant-select"", ""visible_text"": ""Please select""}",,Click produced no XHR/fetch; navigation/DOM effect requires follow-up
admin,Finance Management,Bet Management,/payment/betting-slip/list,select,Select,,,,,,,No request captured,,,unverified,FAT admin authenticated browser session; exact role/permission mapping pending,No mutation observed,Page loaded,No request captured,,,,DOCUMENTED_UNVERIFIED,CONTROL_PRESENT_NO_REQUEST,"fat-admin-explicit-read-actions.json execution status=INTERACTED; exact selector {""locator"": "".ant-layout-content .ant-select"", ""visible_text"": ""Select""}",,Click produced no XHR/fetch; navigation/DOM effect requires follow-up
admin,Finance Management,Bet Management,/payment/betting-slip/list,input,Start Date,,,,,,,No request captured,,,unverified,FAT admin authenticated browser session; exact role/permission mapping pending,No mutation observed,Page loaded,No request captured,,,,DOCUMENTED_UNVERIFIED,CONTROL_PRESENT_NO_REQUEST,"fat-admin-explicit-read-actions.json execution status=INTERACTED; exact selector {""locator"": ""input, textarea"", ""placeholder_or_name"": ""Start Date""}",,Click produced no XHR/fetch; navigation/DOM effect requires follow-up
admin,Finance Management,Bet Management,/payment/betting-slip/list,input,"Supports batch query, 1–5000 characters, separated by commas",,,,,,,No request captured,,,unverified,FAT admin authenticated browser session; exact role/permission mapping pending,No mutation observed,Page loaded,No request captured,,,,DOCUMENTED_UNVERIFIED,CONTROL_PRESENT_NO_REQUEST,"fat-admin-explicit-read-actions.json execution status=INTERACTED; exact selector {""locator"": ""input, textarea"", ""placeholder_or_name"": ""Supports batch query, 1–5000 characters, separated by commas""}",,Click produced no XHR/fetch; navigation/DOM effect requires follow-up
admin,Finance Management,Payment Channels,/payment/channel-ordersV2,filter_submit,Apply registered filters via Query,GET,/admin/finance/payment/platform/list,"mode,name,page,page_size,state,updated_name",,,"accept,accept-language,client-id,client-version,d,lang,referer,sec-ch-ua,sec-ch-ua-mobile,sec-ch-ua-platform,t,user-agent,x-device-id",Query: current page filter/pagination; Header: authenticated browser session/runtime,200,True,"object; keys=d,s,t",FAT admin authenticated browser session; exact role/permission mapping pending,No mutation observed; registered low-risk interaction,Page reloaded and Network reached quiet state before action,Action response captured; no business mutation observed,admin/finance,支付平台列表,后台/财务管理/支付渠道/支付平台列表.bru,ACTIVE,YES,fat-admin-explicit-read-actions.json Network events 337; exact selector registered Query/Search selector from explicit action inventory,,
admin,Finance Management,Payment Channels,/payment/channel-ordersV2,input,End Date,,,,,,,No request captured,,,unverified,FAT admin authenticated browser session; exact role/permission mapping pending,No mutation observed,Page loaded,No request captured,,,,DOCUMENTED_UNVERIFIED,CONTROL_PRESENT_NO_REQUEST,"fat-admin-explicit-read-actions.json execution status=INTERACTED; exact selector {""locator"": ""input, textarea"", ""placeholder_or_name"": ""End Date""}",,Click produced no XHR/fetch; navigation/DOM effect requires follow-up
admin,Finance Management,Payment Channels,/payment/channel-ordersV2,input,Page Size,,,,,,,No request captured,,,unverified,FAT admin authenticated browser session; exact role/permission mapping pending,No mutation observed,Page loaded,No request captured,,,,DOCUMENTED_UNVERIFIED,CONTROL_PRESENT_NO_REQUEST,"fat-admin-explicit-read-actions.json execution status=SKIPPED_NOT_ACTIONABLE; exact selector {""locator"": ""input, textarea"", ""placeholder_or_name"": ""Page Size""}",,Control was not actionable in the fresh page state
admin,Finance Management,Payment Channels,/payment/channel-ordersV2,select,Page Size,,,,,,,No request captured,,,unverified,FAT admin authenticated browser session; exact role/permission mapping pending,No mutation observed,Page loaded,No request captured,,,,DOCUMENTED_UNVERIFIED,CONTROL_PRESENT_NO_REQUEST,"fat-admin-explicit-read-actions.json execution status=SKIPPED_NOT_ACTIONABLE; exact selector {""locator"": "".ant-layout-content .ant-select"", ""visible_text"": ""Page Size""}",,Control was not actionable in the fresh page state
admin,Finance Management,Payment Channels,/payment/channel-ordersV2,input,Please enter,,,,,,,No request captured,,,unverified,FAT admin authenticated browser session; exact role/permission mapping pending,No mutation observed,Page loaded,No request captured,,,,DOCUMENTED_UNVERIFIED,CONTROL_PRESENT_NO_REQUEST,"fat-admin-explicit-read-actions.json execution status=INTERACTED; exact selector {""locator"": ""input, textarea"", ""placeholder_or_name"": ""Please enter""}",,Click produced no XHR/fetch; navigation/DOM effect requires follow-up
admin,Finance Management,Payment Channels,/payment/channel-ordersV2,input,Start Date,,,,,,,No request captured,,,unverified,FAT admin authenticated browser session; exact role/permission mapping pending,No mutation observed,Page loaded,No request captured,,,,DOCUMENTED_UNVERIFIED,CONTROL_PRESENT_NO_REQUEST,"fat-admin-explicit-read-actions.json execution status=INTERACTED; exact selector {""locator"": ""input, textarea"", ""placeholder_or_name"": ""Start Date""}",,Click produced no XHR/fetch; navigation/DOM effect requires follow-up
admin,Finance Management,Payment Channels,/payment/channel-ordersV2,input,支持模糊查询，1-100个字符长度,,,,,,,No request captured,,,unverified,FAT admin authenticated browser session; exact role/permission mapping pending,No mutation observed,Page loaded,No request captured,,,,DOCUMENTED_UNVERIFIED,CONTROL_PRESENT_NO_REQUEST,"fat-admin-explicit-read-actions.json execution status=INTERACTED; exact selector {""locator"": ""input, textarea"", ""placeholder_or_name"": ""支持模糊查询，1-100个字符长度""}",,Click produced no XHR/fetch; navigation/DOM effect requires follow-up
admin,Finance Management,Payment Channels,/payment/channel-ordersV2,select,渠道状态,,,,,,,No request captured,,,unverified,FAT admin authenticated browser session; exact role/permission mapping pending,No mutation observed,Page loaded,No request captured,,,,DOCUMENTED_UNVERIFIED,CONTROL_PRESENT_NO_REQUEST,"fat-admin-explicit-read-actions.json execution status=INTERACTED; exact selector {""locator"": "".ant-layout-content .ant-select"", ""visible_text"": ""渠道状态""}",,Click produced no XHR/fetch; navigation/DOM effect requires follow-up
admin,Finance Management,Recharge Card Order,/payment/recharge-card-orders/list,filter_submit,Apply registered filters via Query,POST,/admin/finance/lazada/order/list,,,,"accept,accept-language,client-id,client-version,content-type,d,lang,referer,sec-ch-ua,sec-ch-ua-mobile,sec-ch-ua-platform,t,user-agent,x-device-id",Header: authenticated browser session/runtime,200,True,"object; keys=all,list,page,sub,total",FAT admin authenticated browser session; exact role/permission mapping pending,No mutation observed; registered low-risk interaction,Page reloaded and Network reached quiet state before action,Action response captured; no business mutation observed,admin/finance,lazada-订单列表-owen,后台/财务管理/lazada订单/lazada-订单列表-owen.bru,ACTIVE,YES,fat-admin-explicit-read-actions.json Network events 355; exact selector registered Query/Search selector from explicit action inventory,,
admin,Finance Management,Recharge Card Order,/payment/recharge-card-orders/list,input,End Date,,,,,,,No request captured,,,unverified,FAT admin authenticated browser session; exact role/permission mapping pending,No mutation observed,Page loaded,No request captured,,,,DOCUMENTED_UNVERIFIED,CONTROL_PRESENT_NO_REQUEST,"fat-admin-explicit-read-actions.json execution status=INTERACTED; exact selector {""locator"": ""input, textarea"", ""placeholder_or_name"": ""End Date""}",,Click produced no XHR/fetch; navigation/DOM effect requires follow-up
admin,Finance Management,Recharge Card Order,/payment/recharge-card-orders/list,select,Please select order status,,,,,,,No request captured,,,unverified,FAT admin authenticated browser session; exact role/permission mapping pending,No mutation observed,Page loaded,No request captured,,,,DOCUMENTED_UNVERIFIED,CONTROL_PRESENT_NO_REQUEST,"fat-admin-explicit-read-actions.json execution status=INTERACTED; exact selector {""locator"": "".ant-layout-content .ant-select"", ""visible_text"": ""Please select order status""}",,Click produced no XHR/fetch; navigation/DOM effect requires follow-up
admin,Finance Management,Recharge Card Order,/payment/recharge-card-orders/list,select,Please select product status,,,,,,,No request captured,,,unverified,FAT admin authenticated browser session; exact role/permission mapping pending,No mutation observed,Page loaded,No request captured,,,,DOCUMENTED_UNVERIFIED,CONTROL_PRESENT_NO_REQUEST,"fat-admin-explicit-read-actions.json execution status=INTERACTED; exact selector {""locator"": "".ant-layout-content .ant-select"", ""visible_text"": ""Please select product status""}",,Click produced no XHR/fetch; navigation/DOM effect requires follow-up
admin,Finance Management,Recharge Card Order,/payment/recharge-card-orders/list,input,Start Date,,,,,,,No request captured,,,unverified,FAT admin authenticated browser session; exact role/permission mapping pending,No mutation observed,Page loaded,No request captured,,,,DOCUMENTED_UNVERIFIED,CONTROL_PRESENT_NO_REQUEST,"fat-admin-explicit-read-actions.json execution status=INTERACTED; exact selector {""locator"": ""input, textarea"", ""placeholder_or_name"": ""Start Date""}",,Click produced no XHR/fetch; navigation/DOM effect requires follow-up
admin,Finance Management,Recharge Card Order,/payment/recharge-card-orders/list,input,"Supports batch query, separated by ',' up to 5000 items",,,,,,,No request captured,,,unverified,FAT admin authenticated browser session; exact role/permission mapping pending,No mutation observed,Page loaded,No request captured,,,,DOCUMENTED_UNVERIFIED,CONTROL_PRESENT_NO_REQUEST,"fat-admin-explicit-read-actions.json execution status=INTERACTED; exact selector {""locator"": ""input, textarea"", ""placeholder_or_name"": ""Supports batch query, separated by ',' up to 5000 items""}",,Click produced no XHR/fetch; navigation/DOM effect requires follow-up
admin,Finance Management,Recharge Card Order,/payment/recharge-card-orders/list,input,Supports fuzzy search,,,,,,,No request captured,,,unverified,FAT admin authenticated browser session; exact role/permission mapping pending,No mutation observed,Page loaded,No request captured,,,,DOCUMENTED_UNVERIFIED,CONTROL_PRESENT_NO_REQUEST,"fat-admin-explicit-read-actions.json execution status=INTERACTED; exact selector {""locator"": ""input, textarea"", ""placeholder_or_name"": ""Supports fuzzy search""}",,Click produced no XHR/fetch; navigation/DOM effect requires follow-up
admin,Finance Management,Deposit Record,/payment/recharge-orders/list,filter_submit,Apply registered filters via Query,POST,/admin/finance/deposit/list,,,,"accept,accept-language,client-id,client-version,content-type,d,lang,referer,sec-ch-ua,sec-ch-ua-mobile,sec-ch-ua-platform,t,user-agent,x-device-id",Header: authenticated browser session/runtime,200,True,"object; keys=d,s,summary,t",FAT admin authenticated browser session; exact role/permission mapping pending,No mutation observed; registered low-risk interaction,Page reloaded and Network reached quiet state before action,Action response captured; no business mutation observed,admin/finance,充值列表-wesley,后台/财务管理/存款记录/充值列表-wesley.bru,ACTIVE,YES,fat-admin-explicit-read-actions.json Network events 264; exact selector registered Query/Search selector from explicit action inventory,,
admin,Finance Management,Deposit Record,/payment/recharge-orders/list,select,Deposit Channel Name,,,,,,,No request captured,,,unverified,FAT admin authenticated browser session; exact role/permission mapping pending,No mutation observed,Page loaded,No request captured,,,,DOCUMENTED_UNVERIFIED,CONTROL_PRESENT_NO_REQUEST,"fat-admin-explicit-read-actions.json execution status=ERROR; exact selector {""locator"": "".ant-layout-content .ant-select"", ""visible_text"": ""Deposit Channel Name""}","TimeoutError: locator.click: Timeout 2000ms exceeded.
Call log:
[2m  - waiting for locator('.ant-select-dropdown:visible .ant-select-item-option:not(.ant-select-item-option-disabled)').first()[22m
[2m    - locator resolved to <div title=""Opening"" aria-selected=""true"" data-item=""[object Object]"" class=""ant-select-item ant-select-item-option ant-pro-filed-search-select-option ant-select-item-option-active ant-select-item-option-selected"">…</div>[22m
[2m  - attempting click action[22m
[2m    - waiting for element to be visible, enabled and stable[22m
[2m    - element is visible, enabled and stable[22m
[2m    - scrolling into view if needed[22m
[2m    - done scrolling[22m
[2m    - <div class=""ant-row ant-row-start ant-pro-query-filter-row css-jcwvac css-jcwvac"">…</div> from <div id=""root"">…</div> subtree intercepts pointer events[22m
[2m  - retrying click action[22m
[2m    - waiting for element to be visible, enabled and stable[22m
[2m    - element is not stable[22m
[2m  - retrying click action[22m
[2m    - waiting 20ms[22m
[2m    2 × waiting for element to be visible, enabled and stable[22m
[2m      - element is not stable[22m
[2m    - retrying click action[22m
[2m      - waiting 100ms[22m
[2m    4 × waiting for element to be visible, enabled and stable[22m
[2m      - element is not visible[22m
[2m    - retrying click action[22m
[2m      - waiting 500ms[22m",Click produced no XHR/fetch; navigation/DOM effect requires follow-up
admin,Finance Management,Deposit Record,/payment/recharge-orders/list,input,End Date,,,,,,,No request captured,,,unverified,FAT admin authenticated browser session; exact role/permission mapping pending,No mutation observed,Page loaded,No request captured,,,,DOCUMENTED_UNVERIFIED,CONTROL_PRESENT_NO_REQUEST,"fat-admin-explicit-read-actions.json execution status=INTERACTED; exact selector {""locator"": ""input, textarea"", ""placeholder_or_name"": ""End Date""}",,Click produced no XHR/fetch; navigation/DOM effect requires follow-up
admin,Finance Management,Deposit Record,/payment/recharge-orders/list,input,Maximum Amount,,,,,,,No request captured,,,unverified,FAT admin authenticated browser session; exact role/permission mapping pending,No mutation observed,Page loaded,No request captured,,,,DOCUMENTED_UNVERIFIED,CONTROL_PRESENT_NO_REQUEST,"fat-admin-explicit-read-actions.json execution status=INTERACTED; exact selector {""locator"": ""input, textarea"", ""placeholder_or_name"": ""Maximum Amount""}",,Click produced no XHR/fetch; navigation/DOM effect requires follow-up
admin,Finance Management,Deposit Record,/payment/recharge-orders/list,input,Minimum Amount,,,,,,,No request captured,,,unverified,FAT admin authenticated browser session; exact role/permission mapping pending,No mutation observed,Page loaded,No request captured,,,,DOCUMENTED_UNVERIFIED,CONTROL_PRESENT_NO_REQUEST,"fat-admin-explicit-read-actions.json execution status=INTERACTED; exact selector {""locator"": ""input, textarea"", ""placeholder_or_name"": ""Minimum Amount""}",,Click produced no XHR/fetch; navigation/DOM effect requires follow-up
admin,Finance Management,Deposit Record,/payment/recharge-orders/list,select,Please select,,,,,,,No request captured,,,unverified,FAT admin authenticated browser session; exact role/permission mapping pending,No mutation observed,Page loaded,No request captured,,,,DOCUMENTED_UNVERIFIED,CONTROL_PRESENT_NO_REQUEST,"fat-admin-explicit-read-actions.json execution status=INTERACTED; exact selector {""locator"": "".ant-layout-content .ant-select"", ""visible_text"": ""Please select""}",,Click produced no XHR/fetch; navigation/DOM effect requires follow-up
admin,Finance Management,Deposit Record,/payment/recharge-orders/list,select,Select VIP level,,,,,,,No request captured,,,unverified,FAT admin authenticated browser session; exact role/permission mapping pending,No mutation observed,Page loaded,No request captured,,,,DOCUMENTED_UNVERIFIED,CONTROL_PRESENT_NO_REQUEST,"fat-admin-explicit-read-actions.json execution status=ERROR; exact selector {""locator"": "".ant-layout-content .ant-select"", ""visible_text"": ""Select VIP level""}","TimeoutError: locator.click: Timeout 2000ms exceeded.
Call log:
[2m  - waiting for locator('.ant-layout-content .ant-select').filter({ hasText: /^\s*Select VIP level\s*$/ }).first()[22m
[2m    - locator resolved to <div class=""ant-select ant-select-outlined ant-select-in-form-item ant-pro-filed-search-select css-jcwvac ant-select-multiple ant-select-allow-clear ant-select-show-arrow ant-select-show-search"">…</div>[22m
[2m  - attempting click action[22m
[2m    2 × waiting for element to be visible, enabled and stable[22m
[2m      - element is visible, enabled and stable[22m
[2m      - scrolling into view if needed[22m
[2m      - done scrolling[22m
[2m      - <div class=""ant-select-item-option-content"">GcashGcash</div> from <div>…</div> subtree intercepts pointer events[22m
[2m    - retrying click action[22m
[2m    - waiting 20ms[22m
[2m    2 × waiting for element to be visible, enabled and stable[22m
[2m      - element is visible, enabled and stable[22m
[2m      - scrolling into view if needed[22m
[2m      - done scrolling[22m
[2m      - <div class=""ant-select-item-option-content"">GcashGcash</div> from <div>…</div> subtree intercepts pointer events[22m
[2m    - retrying click action[22m
[2m      - waiting 100ms[22m
[2m    4 × waiting for element to be visible, enabled and stable[22m
[2m      - element is visible, enabled and stable[22m
[2m      - scrolling into view if needed[22m
[2m      - done scrolling[22m
[2m      - <div class=""ant-select-item-option-content"">GcashGcash</div> from <div>…</div> subtree intercepts pointer events[22m
[2m    - retrying click action[22m
[2m      - waiting 500ms[22m",Click produced no XHR/fetch; navigation/DOM effect requires follow-up
admin,Finance Management,Deposit Record,/payment/recharge-orders/list,input,Start Date,,,,,,,No request captured,,,unverified,FAT admin authenticated browser session; exact role/permission mapping pending,No mutation observed,Page loaded,No request captured,,,,DOCUMENTED_UNVERIFIED,CONTROL_PRESENT_NO_REQUEST,"fat-admin-explicit-read-actions.json execution status=INTERACTED; exact selector {""locator"": ""input, textarea"", ""placeholder_or_name"": ""Start Date""}",,Click produced no XHR/fetch; navigation/DOM effect requires follow-up
admin,Finance Management,Deposit Record,/payment/recharge-orders/list,input,"Supports batch query, 1–5000 characters, separated by commas",,,,,,,No request captured,,,unverified,FAT admin authenticated browser session; exact role/permission mapping pending,No mutation observed,Page loaded,No request captured,,,,DOCUMENTED_UNVERIFIED,CONTROL_PRESENT_NO_REQUEST,"fat-admin-explicit-read-actions.json execution status=INTERACTED; exact selector {""locator"": ""input, textarea"", ""placeholder_or_name"": ""Supports batch query, 1–5000 characters, separated by commas""}",,Click produced no XHR/fetch; navigation/DOM effect requires follow-up
admin,Finance Management,Member Wallet Transactions,/payment/transaction-orders,input,End Date,,,,,,,No request captured,,,unverified,FAT admin authenticated browser session; exact role/permission mapping pending,No mutation observed,Page loaded,No request captured,,,,DOCUMENTED_UNVERIFIED,CONTROL_PRESENT_NO_REQUEST,"fat-admin-explicit-read-actions.json execution status=INTERACTED; exact selector {""locator"": ""input, textarea"", ""placeholder_or_name"": ""End Date""}",,Click produced no XHR/fetch; navigation/DOM effect requires follow-up
admin,Finance Management,Member Wallet Transactions,/payment/transaction-orders,input,Maximum Amount,,,,,,,No request captured,,,unverified,FAT admin authenticated browser session; exact role/permission mapping pending,No mutation observed,Page loaded,No request captured,,,,DOCUMENTED_UNVERIFIED,CONTROL_PRESENT_NO_REQUEST,"fat-admin-explicit-read-actions.json execution status=INTERACTED; exact selector {""locator"": ""input, textarea"", ""placeholder_or_name"": ""Maximum Amount""}",,Click produced no XHR/fetch; navigation/DOM effect requires follow-up
admin,Finance Management,Member Wallet Transactions,/payment/transaction-orders,input,Minimum Amount,,,,,,,No request captured,,,unverified,FAT admin authenticated browser session; exact role/permission mapping pending,No mutation observed,Page loaded,No request captured,,,,DOCUMENTED_UNVERIFIED,CONTROL_PRESENT_NO_REQUEST,"fat-admin-explicit-read-actions.json execution status=INTERACTED; exact selector {""locator"": ""input, textarea"", ""placeholder_or_name"": ""Minimum Amount""}",,Click produced no XHR/fetch; navigation/DOM effect requires follow-up
admin,Finance Management,Member Wallet Transactions,/payment/transaction-orders,input,Page Size,,,,,,,No request captured,,,unverified,FAT admin authenticated browser session; exact role/permission mapping pending,No mutation observed,Page loaded,No request captured,,,,DOCUMENTED_UNVERIFIED,CONTROL_PRESENT_NO_REQUEST,"fat-admin-explicit-read-actions.json execution status=SKIPPED_NOT_ACTIONABLE; exact selector {""locator"": ""input, textarea"", ""placeholder_or_name"": ""Page Size""}",,Control was not actionable in the fresh page state
admin,Finance Management,Member Wallet Transactions,/payment/transaction-orders,select,Page Size,,,,,,,No request captured,,,unverified,FAT admin authenticated browser session; exact role/permission mapping pending,No mutation observed,Page loaded,No request captured,,,,DOCUMENTED_UNVERIFIED,CONTROL_PRESENT_NO_REQUEST,"fat-admin-explicit-read-actions.json execution status=SKIPPED_NOT_ACTIONABLE; exact selector {""locator"": "".ant-layout-content .ant-select"", ""visible_text"": ""Page Size""}",,Control was not actionable in the fresh page state
admin,Finance Management,Member Wallet Transactions,/payment/transaction-orders,select,Please select,,,,,,,No request captured,,,unverified,FAT admin authenticated browser session; exact role/permission mapping pending,No mutation observed,Page loaded,No request captured,,,,DOCUMENTED_UNVERIFIED,CONTROL_PRESENT_NO_REQUEST,"fat-admin-explicit-read-actions.json execution status=INTERACTED; exact selector {""locator"": "".ant-layout-content .ant-select"", ""visible_text"": ""Please select""}",,Click produced no XHR/fetch; navigation/DOM effect requires follow-up
admin,Finance Management,Member Wallet Transactions,/payment/transaction-orders,input,Start Date,,,,,,,No request captured,,,unverified,FAT admin authenticated browser session; exact role/permission mapping pending,No mutation observed,Page loaded,No request captured,,,,DOCUMENTED_UNVERIFIED,CONTROL_PRESENT_NO_REQUEST,"fat-admin-explicit-read-actions.json execution status=INTERACTED; exact selector {""locator"": ""input, textarea"", ""placeholder_or_name"": ""Start Date""}",,Click produced no XHR/fetch; navigation/DOM effect requires follow-up
admin,Finance Management,Member Wallet Transactions,/payment/transaction-orders,input,"Supports batch query, 1–5000 characters, separated by commas",,,,,,,No request captured,,,unverified,FAT admin authenticated browser session; exact role/permission mapping pending,No mutation observed,Page loaded,No request captured,,,,DOCUMENTED_UNVERIFIED,CONTROL_PRESENT_NO_REQUEST,"fat-admin-explicit-read-actions.json execution status=INTERACTED; exact selector {""locator"": ""input, textarea"", ""placeholder_or_name"": ""Supports batch query, 1–5000 characters, separated by commas""}",,Click produced no XHR/fetch; navigation/DOM effect requires follow-up
admin,Finance Management,Withdrawal Record,/payment/withdraw-orders/list,filter_submit,Apply registered filters via Query,POST,/admin/finance/withdraw/list,,,,"accept,accept-language,client-id,client-version,content-type,d,lang,referer,sec-ch-ua,sec-ch-ua-mobile,sec-ch-ua-platform,t,user-agent,x-device-id",Header: authenticated browser session/runtime,200,True,"object; keys=d,s,summary,t",FAT admin authenticated browser session; exact role/permission mapping pending,No mutation observed; registered low-risk interaction,Page reloaded and Network reached quiet state before action,Action response captured; no business mutation observed,admin/finance,提现列表-wesley,后台/财务管理/提现记录/提现列表-wesley.bru,ACTIVE,YES,fat-admin-explicit-read-actions.json Network events 283; exact selector registered Query/Search selector from explicit action inventory,,
admin,Finance Management,Withdrawal Record,/payment/withdraw-orders/list,input,End Date,,,,,,,No request captured,,,unverified,FAT admin authenticated browser session; exact role/permission mapping pending,No mutation observed,Page loaded,No request captured,,,,DOCUMENTED_UNVERIFIED,CONTROL_PRESENT_NO_REQUEST,"fat-admin-explicit-read-actions.json execution status=INTERACTED; exact selector {""locator"": ""input, textarea"", ""placeholder_or_name"": ""End Date""}",,Click produced no XHR/fetch; navigation/DOM effect requires follow-up
admin,Finance Management,Withdrawal Record,/payment/withdraw-orders/list,input,Maximum Amount,,,,,,,No request captured,,,unverified,FAT admin authenticated browser session; exact role/permission mapping pending,No mutation observed,Page loaded,No request captured,,,,DOCUMENTED_UNVERIFIED,CONTROL_PRESENT_NO_REQUEST,"fat-admin-explicit-read-actions.json execution status=INTERACTED; exact selector {""locator"": ""input, textarea"", ""placeholder_or_name"": ""Maximum Amount""}",,Click produced no XHR/fetch; navigation/DOM effect requires follow-up
admin,Finance Management,Withdrawal Record,/payment/withdraw-orders/list,input,Minimum Amount,,,,,,,No request captured,,,unverified,FAT admin authenticated browser session; exact role/permission mapping pending,No mutation observed,Page loaded,No request captured,,,,DOCUMENTED_UNVERIFIED,CONTROL_PRESENT_NO_REQUEST,"fat-admin-explicit-read-actions.json execution status=INTERACTED; exact selector {""locator"": ""input, textarea"", ""placeholder_or_name"": ""Minimum Amount""}",,Click produced no XHR/fetch; navigation/DOM effect requires follow-up
admin,Finance Management,Withdrawal Record,/payment/withdraw-orders/list,input,Start Date,,,,,,,No request captured,,,unverified,FAT admin authenticated browser session; exact role/permission mapping pending,No mutation observed,Page loaded,No request captured,,,,DOCUMENTED_UNVERIFIED,CONTROL_PRESENT_NO_REQUEST,"fat-admin-explicit-read-actions.json execution status=INTERACTED; exact selector {""locator"": ""input, textarea"", ""placeholder_or_name"": ""Start Date""}",,Click produced no XHR/fetch; navigation/DOM effect requires follow-up
admin,Finance Management,Withdrawal Record,/payment/withdraw-orders/list,select,Status,,,,,,,No request captured,,,unverified,FAT admin authenticated browser session; exact role/permission mapping pending,No mutation observed,Page loaded,No request captured,,,,DOCUMENTED_UNVERIFIED,CONTROL_PRESENT_NO_REQUEST,"fat-admin-explicit-read-actions.json execution status=INTERACTED; exact selector {""locator"": "".ant-layout-content .ant-select"", ""visible_text"": ""Status""}",,Click produced no XHR/fetch; navigation/DOM effect requires follow-up
admin,Finance Management,Withdrawal Record,/payment/withdraw-orders/list,input,"Supports batch query, 1–5000 characters, separated by commas",,,,,,,No request captured,,,unverified,FAT admin authenticated browser session; exact role/permission mapping pending,No mutation observed,Page loaded,No request captured,,,,DOCUMENTED_UNVERIFIED,CONTROL_PRESENT_NO_REQUEST,"fat-admin-explicit-read-actions.json execution status=INTERACTED; exact selector {""locator"": ""input, textarea"", ""placeholder_or_name"": ""Supports batch query, 1–5000 characters, separated by commas""}",,Click produced no XHR/fetch; navigation/DOM effect requires follow-up
admin,Finance Management,Withdrawal Record,/payment/withdraw-orders/list,select,Withdrawal Channel Name,,,,,,,No request captured,,,unverified,FAT admin authenticated browser session; exact role/permission mapping pending,No mutation observed,Page loaded,No request captured,,,,DOCUMENTED_UNVERIFIED,CONTROL_PRESENT_NO_REQUEST,"fat-admin-explicit-read-actions.json execution status=ERROR; exact selector {""locator"": "".ant-layout-content .ant-select"", ""visible_text"": ""Withdrawal Channel Name""}","TimeoutError: locator.click: Timeout 2000ms exceeded.
Call log:
[2m  - waiting for locator('.ant-select-dropdown:visible .ant-select-item-option:not(.ant-select-item-option-disabled)').first()[22m
[2m    - locator resolved to <div aria-selected=""true"" title=""Under Review"" data-item=""[object Object]"" class=""ant-select-item ant-select-item-option ant-pro-filed-search-select-option ant-select-item-option-active ant-select-item-option-selected"">…</div>[22m
[2m  - attempting click action[22m
[2m    - waiting for element to be visible, enabled and stable[22m
[2m    - element is visible, enabled and stable[22m
[2m    - scrolling into view if needed[22m
[2m    - done scrolling[22m
[2m    - <div class=""ant-row ant-row-start ant-pro-query-filter-row css-jcwvac css-jcwvac"">…</div> from <div id=""root"">…</div> subtree intercepts pointer events[22m
[2m  - retrying click action[22m
[2m    - waiting for element to be visible, enabled and stable[22m
[2m    - element is not stable[22m
[2m  - retrying click action[22m
[2m    - waiting 20ms[22m
[2m    2 × waiting for element to be visible, enabled and stable[22m
[2m      - element is not stable[22m
[2m    - retrying click action[22m
[2m      - waiting 100ms[22m
[2m    4 × waiting for element to be visible, enabled and stable[22m
[2m      - element is not visible[22m
[2m    - retrying click action[22m
[2m      - waiting 500ms[22m",Click produced no XHR/fetch; navigation/DOM effect requires follow-up
admin,Promo Marketing,Channel Management,/promo-marketing/channels,filter_submit,Apply registered filters via Query,GET,/admin/channel/manage/list,"page,page_size,state",,,"accept,accept-language,client-id,client-version,d,lang,referer,sec-ch-ua,sec-ch-ua-mobile,sec-ch-ua-platform,t,user-agent,x-device-id",Query: current page filter/pagination; Header: authenticated browser session/runtime,200,True,"object; keys=d,s,t",FAT admin authenticated browser session; exact role/permission mapping pending,No mutation observed; registered low-risk interaction,Page reloaded and Network reached quiet state before action,Action response captured; no business mutation observed,admin/other,渠道管理列表-todo,后台/运营管理/推广管理/渠道管理/渠道管理列表-todo.bru,ACTIVE,YES,fat-admin-explicit-read-actions.json Network events 710; exact selector registered Query/Search selector from explicit action inventory,,
admin,Promo Marketing,Channel Management,/promo-marketing/channels,input,End Time,,,,,,,No request captured,,,unverified,FAT admin authenticated browser session; exact role/permission mapping pending,No mutation observed,Page loaded,No request captured,,,,DOCUMENTED_UNVERIFIED,CONTROL_PRESENT_NO_REQUEST,"fat-admin-explicit-read-actions.json execution status=INTERACTED; exact selector {""locator"": ""input, textarea"", ""placeholder_or_name"": ""End Time""}",,Click produced no XHR/fetch; navigation/DOM effect requires follow-up
admin,Promo Marketing,Channel Management,/promo-marketing/channels,input,Page,,,,,,,No request captured,,,unverified,FAT admin authenticated browser session; exact role/permission mapping pending,No mutation observed,Page loaded,No request captured,,,,DOCUMENTED_UNVERIFIED,CONTROL_PRESENT_NO_REQUEST,"fat-admin-explicit-read-actions.json execution status=SKIPPED_NOT_ACTIONABLE; exact selector {""locator"": ""input, textarea"", ""placeholder_or_name"": ""Page""}",,Control was not actionable in the fresh page state
admin,Promo Marketing,Channel Management,/promo-marketing/channels,input,Page Size,,,,,,,No request captured,,,unverified,FAT admin authenticated browser session; exact role/permission mapping pending,No mutation observed,Page loaded,No request captured,,,,DOCUMENTED_UNVERIFIED,CONTROL_PRESENT_NO_REQUEST,"fat-admin-explicit-read-actions.json execution status=SKIPPED_NOT_ACTIONABLE; exact selector {""locator"": ""input, textarea"", ""placeholder_or_name"": ""Page Size""}",,Control was not actionable in the fresh page state
admin,Promo Marketing,Channel Management,/promo-marketing/channels,select,Page Size,,,,,,,No request captured,,,unverified,FAT admin authenticated browser session; exact role/permission mapping pending,No mutation observed,Page loaded,No request captured,,,,DOCUMENTED_UNVERIFIED,CONTROL_PRESENT_NO_REQUEST,"fat-admin-explicit-read-actions.json execution status=SKIPPED_NOT_ACTIONABLE; exact selector {""locator"": "".ant-layout-content .ant-select"", ""visible_text"": ""Page Size""}",,Control was not actionable in the fresh page state
admin,Promo Marketing,Channel Management,/promo-marketing/channels,input,Please enter,,,,,,,No request captured,,,unverified,FAT admin authenticated browser session; exact role/permission mapping pending,No mutation observed,Page loaded,No request captured,,,,DOCUMENTED_UNVERIFIED,CONTROL_PRESENT_NO_REQUEST,"fat-admin-explicit-read-actions.json execution status=SKIPPED_NOT_FILTER_CONTEXT; exact selector {""locator"": ""input, textarea"", ""placeholder_or_name"": ""Please enter""}",,Control was not actionable in the fresh page state
admin,Promo Marketing,Channel Management,/promo-marketing/channels,select,Please select,,,,,,,No request captured,,,unverified,FAT admin authenticated browser session; exact role/permission mapping pending,No mutation observed,Page loaded,No request captured,,,,DOCUMENTED_UNVERIFIED,CONTROL_PRESENT_NO_REQUEST,"fat-admin-explicit-read-actions.json execution status=INTERACTED; exact selector {""locator"": "".ant-layout-content .ant-select"", ""visible_text"": ""Please select""}",,Click produced no XHR/fetch; navigation/DOM effect requires follow-up
admin,Promo Marketing,Channel Management,/promo-marketing/channels,input,Select all,,,,,,,No request captured,,,unverified,FAT admin authenticated browser session; exact role/permission mapping pending,No mutation observed,Page loaded,No request captured,,,,DOCUMENTED_UNVERIFIED,CONTROL_PRESENT_NO_REQUEST,"fat-admin-explicit-read-actions.json execution status=SKIPPED_NOT_ACTIONABLE; exact selector {""locator"": ""input, textarea"", ""placeholder_or_name"": ""Select all""}",,Control was not actionable in the fresh page state
admin,Promo Marketing,Channel Management,/promo-marketing/channels,input,Start Time,,,,,,,No request captured,,,unverified,FAT admin authenticated browser session; exact role/permission mapping pending,No mutation observed,Page loaded,No request captured,,,,DOCUMENTED_UNVERIFIED,CONTROL_PRESENT_NO_REQUEST,"fat-admin-explicit-read-actions.json execution status=INTERACTED; exact selector {""locator"": ""input, textarea"", ""placeholder_or_name"": ""Start Time""}",,Click produced no XHR/fetch; navigation/DOM effect requires follow-up
admin,Promo Marketing,Channel Management,/promo-marketing/channels,input,checkbox,,,,,,,No request captured,,,unverified,FAT admin authenticated browser session; exact role/permission mapping pending,No mutation observed,Page loaded,No request captured,,,,DOCUMENTED_UNVERIFIED,CONTROL_PRESENT_NO_REQUEST,"fat-admin-explicit-read-actions.json execution status=SKIPPED_NOT_ACTIONABLE; exact selector {""locator"": ""input, textarea"", ""placeholder_or_name"": ""checkbox""}",,Control was not actionable in the fresh page state
admin,Promo Marketing,Promo Marketing Effect,/promo-marketing/effect-evaluation,select,全部,,,,,,,No request captured,,,unverified,FAT admin authenticated browser session; exact role/permission mapping pending,No mutation observed,Page loaded,No request captured,,,,DOCUMENTED_UNVERIFIED,CONTROL_PRESENT_NO_REQUEST,"fat-admin-explicit-read-actions.json execution status=SKIPPED_NOT_FILTER_CONTEXT; exact selector {""locator"": "".ant-layout-content .ant-select"", ""visible_text"": ""全部""}",,Control was not actionable in the fresh page state
admin,Promo Marketing,Promo Marketing Effect,/promo-marketing/effect-evaluation,input,开始时间,,,,,,,No request captured,,,unverified,FAT admin authenticated browser session; exact role/permission mapping pending,No mutation observed,Page loaded,No request captured,,,,DOCUMENTED_UNVERIFIED,CONTROL_PRESENT_NO_REQUEST,"fat-admin-explicit-read-actions.json execution status=SKIPPED_NOT_FILTER_CONTEXT; exact selector {""locator"": ""input, textarea"", ""placeholder_or_name"": ""开始时间""}",,Control was not actionable in the fresh page state
admin,Promo Marketing,Promo Marketing Effect,/promo-marketing/effect-evaluation,input,结束时间,,,,,,,No request captured,,,unverified,FAT admin authenticated browser session; exact role/permission mapping pending,No mutation observed,Page loaded,No request captured,,,,DOCUMENTED_UNVERIFIED,CONTROL_PRESENT_NO_REQUEST,"fat-admin-explicit-read-actions.json execution status=SKIPPED_NOT_FILTER_CONTEXT; exact selector {""locator"": ""input, textarea"", ""placeholder_or_name"": ""结束时间""}",,Control was not actionable in the fresh page state
admin,Promo Marketing,Promo Marketing Effect,/promo-marketing/effect-evaluation,select,请选择,,,,,,,No request captured,,,unverified,FAT admin authenticated browser session; exact role/permission mapping pending,No mutation observed,Page loaded,No request captured,,,,DOCUMENTED_UNVERIFIED,CONTROL_PRESENT_NO_REQUEST,"fat-admin-explicit-read-actions.json execution status=SKIPPED_NOT_FILTER_CONTEXT; exact selector {""locator"": "".ant-layout-content .ant-select"", ""visible_text"": ""请选择""}",,Control was not actionable in the fresh page state
admin,Promo Marketing,First Deposit Daily Active Analysis,/promo-marketing/first-deposit-daily-active,select,All,,,,,,,No request captured,,,unverified,FAT admin authenticated browser session; exact role/permission mapping pending,No mutation observed,Page loaded,No request captured,,,,DOCUMENTED_UNVERIFIED,CONTROL_PRESENT_NO_REQUEST,"fat-admin-explicit-read-actions.json execution status=SKIPPED_NOT_FILTER_CONTEXT; exact selector {""locator"": "".ant-layout-content .ant-select"", ""visible_text"": ""All""}",,Control was not actionable in the fresh page state
admin,Promo Marketing,First Deposit Daily Active Analysis,/promo-marketing/first-deposit-daily-active,input,End Time,,,,,,,No request captured,,,unverified,FAT admin authenticated browser session; exact role/permission mapping pending,No mutation observed,Page loaded,No request captured,,,,DOCUMENTED_UNVERIFIED,CONTROL_PRESENT_NO_REQUEST,"fat-admin-explicit-read-actions.json execution status=SKIPPED_NOT_FILTER_CONTEXT; exact selector {""locator"": ""input, textarea"", ""placeholder_or_name"": ""End Time""}",,Control was not actionable in the fresh page state
admin,Promo Marketing,First Deposit Daily Active Analysis,/promo-marketing/first-deposit-daily-active,select,Please Select,,,,,,,No request captured,,,unverified,FAT admin authenticated browser session; exact role/permission mapping pending,No mutation observed,Page loaded,No request captured,,,,DOCUMENTED_UNVERIFIED,CONTROL_PRESENT_NO_REQUEST,"fat-admin-explicit-read-actions.json execution status=SKIPPED_NOT_FILTER_CONTEXT; exact selector {""locator"": "".ant-layout-content .ant-select"", ""visible_text"": ""Please Select""}",,Control was not actionable in the fresh page state
admin,Promo Marketing,First Deposit Daily Active Analysis,/promo-marketing/first-deposit-daily-active,input,Start Time,,,,,,,No request captured,,,unverified,FAT admin authenticated browser session; exact role/permission mapping pending,No mutation observed,Page loaded,No request captured,,,,DOCUMENTED_UNVERIFIED,CONTROL_PRESENT_NO_REQUEST,"fat-admin-explicit-read-actions.json execution status=SKIPPED_NOT_FILTER_CONTEXT; exact selector {""locator"": ""input, textarea"", ""placeholder_or_name"": ""Start Time""}",,Control was not actionable in the fresh page state
admin,Promo Marketing,Promo Data,/promo-marketing/promotion-data,input,Page,,,,,,,No request captured,,,unverified,FAT admin authenticated browser session; exact role/permission mapping pending,No mutation observed,Page loaded,No request captured,,,,DOCUMENTED_UNVERIFIED,CONTROL_PRESENT_NO_REQUEST,"fat-admin-explicit-read-actions.json execution status=SKIPPED_NOT_ACTIONABLE; exact selector {""locator"": ""input, textarea"", ""placeholder_or_name"": ""Page""}",,Control was not actionable in the fresh page state
admin,Promo Marketing,Promo Data,/promo-marketing/promotion-data,input,Page Size,,,,,,,No request captured,,,unverified,FAT admin authenticated browser session; exact role/permission mapping pending,No mutation observed,Page loaded,No request captured,,,,DOCUMENTED_UNVERIFIED,CONTROL_PRESENT_NO_REQUEST,"fat-admin-explicit-read-actions.json execution status=SKIPPED_NOT_ACTIONABLE; exact selector {""locator"": ""input, textarea"", ""placeholder_or_name"": ""Page Size""}",,Control was not actionable in the fresh page state
admin,Promo Marketing,Promo Data,/promo-marketing/promotion-data,select,Page Size,,,,,,,No request captured,,,unverified,FAT admin authenticated browser session; exact role/permission mapping pending,No mutation observed,Page loaded,No request captured,,,,DOCUMENTED_UNVERIFIED,CONTROL_PRESENT_NO_REQUEST,"fat-admin-explicit-read-actions.json execution status=SKIPPED_NOT_ACTIONABLE; exact selector {""locator"": "".ant-layout-content .ant-select"", ""visible_text"": ""Page Size""}",,Control was not actionable in the fresh page state
admin,Promo Marketing,Promo Data,/promo-marketing/promotion-data,select,Please Select,,,,,,,No request captured,,,unverified,FAT admin authenticated browser session; exact role/permission mapping pending,No mutation observed,Page loaded,No request captured,,,,DOCUMENTED_UNVERIFIED,CONTROL_PRESENT_NO_REQUEST,"fat-admin-explicit-read-actions.json execution status=SKIPPED_NOT_FILTER_CONTEXT; exact selector {""locator"": "".ant-layout-content .ant-select"", ""visible_text"": ""Please Select""}",,Control was not actionable in the fresh page state
admin,Promo Marketing,Promo Data,/promo-marketing/promotion-data,select,unnamed select,,,,,,,No request captured,,,unverified,FAT admin authenticated browser session; exact role/permission mapping pending,No mutation observed,Page loaded,No request captured,,,,DOCUMENTED_UNVERIFIED,CONTROL_PRESENT_NO_REQUEST,"fat-admin-explicit-read-actions.json execution status=SKIPPED_NOT_ACTIONABLE; exact selector {""locator"": "".ant-layout-content .ant-select"", ""visible_text"": ""unnamed select""}",,Control was not actionable in the fresh page state
admin,Promo Marketing,Promo Data,/promo-marketing/promotion-data,input,请选择日期,,,,,,,No request captured,,,unverified,FAT admin authenticated browser session; exact role/permission mapping pending,No mutation observed,Page loaded,No request captured,,,,DOCUMENTED_UNVERIFIED,CONTROL_PRESENT_NO_REQUEST,"fat-admin-explicit-read-actions.json execution status=SKIPPED_NOT_FILTER_CONTEXT; exact selector {""locator"": ""input, textarea"", ""placeholder_or_name"": ""请选择日期""}",,Control was not actionable in the fresh page state
admin,Promo Marketing,Register Daily Active,/promo-marketing/register-daily-active,select,充值,,,,,,,No request captured,,,unverified,FAT admin authenticated browser session; exact role/permission mapping pending,No mutation observed,Page loaded,No request captured,,,,DOCUMENTED_UNVERIFIED,CONTROL_PRESENT_NO_REQUEST,"fat-admin-explicit-read-actions.json execution status=SKIPPED_NOT_FILTER_CONTEXT; exact selector {""locator"": "".ant-layout-content .ant-select"", ""visible_text"": ""充值""}",,Control was not actionable in the fresh page state
admin,Promo Marketing,Register Daily Active,/promo-marketing/register-daily-active,select,全部,,,,,,,No request captured,,,unverified,FAT admin authenticated browser session; exact role/permission mapping pending,No mutation observed,Page loaded,No request captured,,,,DOCUMENTED_UNVERIFIED,CONTROL_PRESENT_NO_REQUEST,"fat-admin-explicit-read-actions.json execution status=SKIPPED_NOT_FILTER_CONTEXT; exact selector {""locator"": "".ant-layout-content .ant-select"", ""visible_text"": ""全部""}",,Control was not actionable in the fresh page state
admin,Promo Marketing,Register Daily Active,/promo-marketing/register-daily-active,input,开始时间,,,,,,,No request captured,,,unverified,FAT admin authenticated browser session; exact role/permission mapping pending,No mutation observed,Page loaded,No request captured,,,,DOCUMENTED_UNVERIFIED,CONTROL_PRESENT_NO_REQUEST,"fat-admin-explicit-read-actions.json execution status=SKIPPED_NOT_FILTER_CONTEXT; exact selector {""locator"": ""input, textarea"", ""placeholder_or_name"": ""开始时间""}",,Control was not actionable in the fresh page state
admin,Promo Marketing,Register Daily Active,/promo-marketing/register-daily-active,input,结束时间,,,,,,,No request captured,,,unverified,FAT admin authenticated browser session; exact role/permission mapping pending,No mutation observed,Page loaded,No request captured,,,,DOCUMENTED_UNVERIFIED,CONTROL_PRESENT_NO_REQUEST,"fat-admin-explicit-read-actions.json execution status=SKIPPED_NOT_FILTER_CONTEXT; exact selector {""locator"": ""input, textarea"", ""placeholder_or_name"": ""结束时间""}",,Control was not actionable in the fresh page state
admin,Promo Marketing,Register Daily Active,/promo-marketing/register-daily-active,select,请选择,,,,,,,No request captured,,,unverified,FAT admin authenticated browser session; exact role/permission mapping pending,No mutation observed,Page loaded,No request captured,,,,DOCUMENTED_UNVERIFIED,CONTROL_PRESENT_NO_REQUEST,"fat-admin-explicit-read-actions.json execution status=SKIPPED_NOT_FILTER_CONTEXT; exact selector {""locator"": "".ant-layout-content .ant-select"", ""visible_text"": ""请选择""}",,Control was not actionable in the fresh page state
admin,Promo Marketing,Promo Marketing Report,/promo-marketing/statistical-reports,select,"All
+ 0 ...",,,,,,,No request captured,,,unverified,FAT admin authenticated browser session; exact role/permission mapping pending,No mutation observed,Page loaded,No request captured,,,,DOCUMENTED_UNVERIFIED,CONTROL_PRESENT_NO_REQUEST,"fat-admin-explicit-read-actions.json execution status=SKIPPED_NOT_ACTIONABLE; exact selector {""locator"": "".ant-layout-content .ant-select"", ""visible_text"": ""All\n+ 0 ...""}",,Control was not actionable in the fresh page state
admin,Promo Marketing,Promo Marketing Report,/promo-marketing/statistical-reports,input,End Time,,,,,,,No request captured,,,unverified,FAT admin authenticated browser session; exact role/permission mapping pending,No mutation observed,Page loaded,No request captured,,,,DOCUMENTED_UNVERIFIED,CONTROL_PRESENT_NO_REQUEST,"fat-admin-explicit-read-actions.json execution status=SKIPPED_NOT_FILTER_CONTEXT; exact selector {""locator"": ""input, textarea"", ""placeholder_or_name"": ""End Time""}",,Control was not actionable in the fresh page state
admin,Promo Marketing,Promo Marketing Report,/promo-marketing/statistical-reports,select,Please Select,,,,,,,No request captured,,,unverified,FAT admin authenticated browser session; exact role/permission mapping pending,No mutation observed,Page loaded,No request captured,,,,DOCUMENTED_UNVERIFIED,CONTROL_PRESENT_NO_REQUEST,"fat-admin-explicit-read-actions.json execution status=SKIPPED_NOT_FILTER_CONTEXT; exact selector {""locator"": "".ant-layout-content .ant-select"", ""visible_text"": ""Please Select""}",,Control was not actionable in the fresh page state
admin,Promo Marketing,Promo Marketing Report,/promo-marketing/statistical-reports,input,Start Time,,,,,,,No request captured,,,unverified,FAT admin authenticated browser session; exact role/permission mapping pending,No mutation observed,Page loaded,No request captured,,,,DOCUMENTED_UNVERIFIED,CONTROL_PRESENT_NO_REQUEST,"fat-admin-explicit-read-actions.json execution status=SKIPPED_NOT_FILTER_CONTEXT; exact selector {""locator"": ""input, textarea"", ""placeholder_or_name"": ""Start Time""}",,Control was not actionable in the fresh page state
admin,Report Management,Game Platform Reports,/report-management/game-platform-report/list,filter_submit,Apply registered filters via Query,GET,/admin/reports/venue/node,"end_time,field,node,page,page_size,start_time,venue_name",,,"accept,accept-language,client-id,client-version,d,lang,referer,sec-ch-ua,sec-ch-ua-mobile,sec-ch-ua-platform,t,user-agent,x-device-id",Query: current page filter/pagination; Header: authenticated browser session/runtime,200,True,"object; keys=a,d,s,t",FAT admin authenticated browser session; exact role/permission mapping pending,No mutation observed; registered low-risk interaction,Page reloaded and Network reached quiet state before action,Action response captured; no business mutation observed,admin/game,厂商线路报表,后台/报表/游戏平台报表/厂商线路报表.bru,ACTIVE,YES,fat-admin-explicit-read-actions.json Network events 210; exact selector registered Query/Search selector from explicit action inventory,,
admin,Report Management,Game Platform Reports,/report-management/game-platform-report/list,input,End Date,,,,,,,No request captured,,,unverified,FAT admin authenticated browser session; exact role/permission mapping pending,No mutation observed,Page loaded,No request captured,,,,DOCUMENTED_UNVERIFIED,CONTROL_PRESENT_NO_REQUEST,"fat-admin-explicit-read-actions.json execution status=INTERACTED; exact selector {""locator"": ""input, textarea"", ""placeholder_or_name"": ""End Date""}",,Click produced no XHR/fetch; navigation/DOM effect requires follow-up
admin,Report Management,Game Platform Reports,/report-management/game-platform-report/list,input,Page,,,,,,,No request captured,,,unverified,FAT admin authenticated browser session; exact role/permission mapping pending,No mutation observed,Page loaded,No request captured,,,,DOCUMENTED_UNVERIFIED,CONTROL_PRESENT_NO_REQUEST,"fat-admin-explicit-read-actions.json execution status=SKIPPED_NOT_ACTIONABLE; exact selector {""locator"": ""input, textarea"", ""placeholder_or_name"": ""Page""}",,Control was not actionable in the fresh page state
admin,Report Management,Game Platform Reports,/report-management/game-platform-report/list,input,Page Size,,,,,,,No request captured,,,unverified,FAT admin authenticated browser session; exact role/permission mapping pending,No mutation observed,Page loaded,No request captured,,,,DOCUMENTED_UNVERIFIED,CONTROL_PRESENT_NO_REQUEST,"fat-admin-explicit-read-actions.json execution status=SKIPPED_NOT_ACTIONABLE; exact selector {""locator"": ""input, textarea"", ""placeholder_or_name"": ""Page Size""}",,Control was not actionable in the fresh page state
admin,Report Management,Game Platform Reports,/report-management/game-platform-report/list,select,Page Size,,,,,,,No request captured,,,unverified,FAT admin authenticated browser session; exact role/permission mapping pending,No mutation observed,Page loaded,No request captured,,,,DOCUMENTED_UNVERIFIED,CONTROL_PRESENT_NO_REQUEST,"fat-admin-explicit-read-actions.json execution status=SKIPPED_NOT_ACTIONABLE; exact selector {""locator"": "".ant-layout-content .ant-select"", ""visible_text"": ""Page Size""}",,Control was not actionable in the fresh page state
admin,Report Management,Game Platform Reports,/report-management/game-platform-report/list,select,Please select game platform,,,,,,,No request captured,,,unverified,FAT admin authenticated browser session; exact role/permission mapping pending,No mutation observed,Page loaded,No request captured,,,,DOCUMENTED_UNVERIFIED,CONTROL_PRESENT_NO_REQUEST,"fat-admin-explicit-read-actions.json execution status=INTERACTED; exact selector {""locator"": "".ant-layout-content .ant-select"", ""visible_text"": ""Please select game platform""}",,Click produced no XHR/fetch; navigation/DOM effect requires follow-up
admin,Report Management,Game Platform Reports,/report-management/game-platform-report/list,select,Please select line,,,,,,,No request captured,,,unverified,FAT admin authenticated browser session; exact role/permission mapping pending,No mutation observed,Page loaded,No request captured,,,,DOCUMENTED_UNVERIFIED,CONTROL_PRESENT_NO_REQUEST,"fat-admin-explicit-read-actions.json execution status=INTERACTED; exact selector {""locator"": "".ant-layout-content .ant-select"", ""visible_text"": ""Please select line""}",,Click produced no XHR/fetch; navigation/DOM effect requires follow-up
admin,Report Management,Game Platform Reports,/report-management/game-platform-report/list,input,Start Date,,,,,,,No request captured,,,unverified,FAT admin authenticated browser session; exact role/permission mapping pending,No mutation observed,Page loaded,No request captured,,,,DOCUMENTED_UNVERIFIED,CONTROL_PRESENT_NO_REQUEST,"fat-admin-explicit-read-actions.json execution status=INTERACTED; exact selector {""locator"": ""input, textarea"", ""placeholder_or_name"": ""Start Date""}",,Click produced no XHR/fetch; navigation/DOM effect requires follow-up
admin,Report Management,Game Reports,/report-management/game-reports/list,filter_submit,Apply registered filters via Query,GET,/admin/reports/game/node,"end_time,field,game_class,gname,node,page,page_size,start_time,venue_name",,,"accept,accept-language,client-id,client-version,d,lang,referer,sec-ch-ua,sec-ch-ua-mobile,sec-ch-ua-platform,t,user-agent,x-device-id",Query: current page filter/pagination; Header: authenticated browser session/runtime,200,True,"object; keys=a,d,s,t",FAT admin authenticated browser session; exact role/permission mapping pending,No mutation observed; registered low-risk interaction,Page reloaded and Network reached quiet state before action,Action response captured; no business mutation observed,admin/game,游戏线路报表,后台/报表/游戏报表/游戏线路报表.bru,ACTIVE,YES,fat-admin-explicit-read-actions.json Network events 168; exact selector registered Query/Search selector from explicit action inventory,,
admin,Report Management,Game Reports,/report-management/game-reports/list,input,End Date,,,,,,,No request captured,,,unverified,FAT admin authenticated browser session; exact role/permission mapping pending,No mutation observed,Page loaded,No request captured,,,,DOCUMENTED_UNVERIFIED,CONTROL_PRESENT_NO_REQUEST,"fat-admin-explicit-read-actions.json execution status=INTERACTED; exact selector {""locator"": ""input, textarea"", ""placeholder_or_name"": ""End Date""}",,Click produced no XHR/fetch; navigation/DOM effect requires follow-up
admin,Report Management,Game Reports,/report-management/game-reports/list,input,Page,,,,,,,No request captured,,,unverified,FAT admin authenticated browser session; exact role/permission mapping pending,No mutation observed,Page loaded,No request captured,,,,DOCUMENTED_UNVERIFIED,CONTROL_PRESENT_NO_REQUEST,"fat-admin-explicit-read-actions.json execution status=SKIPPED_NOT_ACTIONABLE; exact selector {""locator"": ""input, textarea"", ""placeholder_or_name"": ""Page""}",,Control was not actionable in the fresh page state
admin,Report Management,Game Reports,/report-management/game-reports/list,input,Page Size,,,,,,,No request captured,,,unverified,FAT admin authenticated browser session; exact role/permission mapping pending,No mutation observed,Page loaded,No request captured,,,,DOCUMENTED_UNVERIFIED,CONTROL_PRESENT_NO_REQUEST,"fat-admin-explicit-read-actions.json execution status=SKIPPED_NOT_ACTIONABLE; exact selector {""locator"": ""input, textarea"", ""placeholder_or_name"": ""Page Size""}",,Control was not actionable in the fresh page state
admin,Report Management,Game Reports,/report-management/game-reports/list,select,Page Size,,,,,,,No request captured,,,unverified,FAT admin authenticated browser session; exact role/permission mapping pending,No mutation observed,Page loaded,No request captured,,,,DOCUMENTED_UNVERIFIED,CONTROL_PRESENT_NO_REQUEST,"fat-admin-explicit-read-actions.json execution status=SKIPPED_NOT_ACTIONABLE; exact selector {""locator"": "".ant-layout-content .ant-select"", ""visible_text"": ""Page Size""}",,Control was not actionable in the fresh page state
admin,Report Management,Game Reports,/report-management/game-reports/list,input,Please enter game name,,,,,,,No request captured,,,unverified,FAT admin authenticated browser session; exact role/permission mapping pending,No mutation observed,Page loaded,No request captured,,,,DOCUMENTED_UNVERIFIED,CONTROL_PRESENT_NO_REQUEST,"fat-admin-explicit-read-actions.json execution status=INTERACTED; exact selector {""locator"": ""input, textarea"", ""placeholder_or_name"": ""Please enter game name""}",,Click produced no XHR/fetch; navigation/DOM effect requires follow-up
admin,Report Management,Game Reports,/report-management/game-reports/list,select,Please select game platform,,,,,,,No request captured,,,unverified,FAT admin authenticated browser session; exact role/permission mapping pending,No mutation observed,Page loaded,No request captured,,,,DOCUMENTED_UNVERIFIED,CONTROL_PRESENT_NO_REQUEST,"fat-admin-explicit-read-actions.json execution status=INTERACTED; exact selector {""locator"": "".ant-layout-content .ant-select"", ""visible_text"": ""Please select game platform""}",,Click produced no XHR/fetch; navigation/DOM effect requires follow-up
admin,Report Management,Game Reports,/report-management/game-reports/list,select,Please select game type,,,,,,,No request captured,,,unverified,FAT admin authenticated browser session; exact role/permission mapping pending,No mutation observed,Page loaded,No request captured,,,,DOCUMENTED_UNVERIFIED,CONTROL_PRESENT_NO_REQUEST,"fat-admin-explicit-read-actions.json execution status=INTERACTED; exact selector {""locator"": "".ant-layout-content .ant-select"", ""visible_text"": ""Please select game type""}",,Click produced no XHR/fetch; navigation/DOM effect requires follow-up
admin,Report Management,Game Reports,/report-management/game-reports/list,select,Please select line,,,,,,,No request captured,,,unverified,FAT admin authenticated browser session; exact role/permission mapping pending,No mutation observed,Page loaded,No request captured,,,,DOCUMENTED_UNVERIFIED,CONTROL_PRESENT_NO_REQUEST,"fat-admin-explicit-read-actions.json execution status=INTERACTED; exact selector {""locator"": "".ant-layout-content .ant-select"", ""visible_text"": ""Please select line""}",,Click produced no XHR/fetch; navigation/DOM effect requires follow-up
admin,Report Management,Game Reports,/report-management/game-reports/list,input,Start Date,,,,,,,No request captured,,,unverified,FAT admin authenticated browser session; exact role/permission mapping pending,No mutation observed,Page loaded,No request captured,,,,DOCUMENTED_UNVERIFIED,CONTROL_PRESENT_NO_REQUEST,"fat-admin-explicit-read-actions.json execution status=INTERACTED; exact selector {""locator"": ""input, textarea"", ""placeholder_or_name"": ""Start Date""}",,Click produced no XHR/fetch; navigation/DOM effect requires follow-up
admin,Report Management,Game Type Reports,/report-management/game-types-report/list,filter_submit,Apply registered filters via Query,GET,/admin/reports/gameclass/node,"end_time,field,game_class,node,page,page_size,start_time,venue_name",,,"accept,accept-language,client-id,client-version,d,lang,referer,sec-ch-ua,sec-ch-ua-mobile,sec-ch-ua-platform,t,user-agent,x-device-id",Query: current page filter/pagination; Header: authenticated browser session/runtime,200,True,"object; keys=a,d,s,t",FAT admin authenticated browser session; exact role/permission mapping pending,No mutation observed; registered low-risk interaction,Page reloaded and Network reached quiet state before action,Action response captured; no business mutation observed,admin/game,游戏类型线路报表,后台/报表/游戏类型报表/游戏类型线路报表.bru,ACTIVE,YES,fat-admin-explicit-read-actions.json Network events 189; exact selector registered Query/Search selector from explicit action inventory,,
admin,Report Management,Game Type Reports,/report-management/game-types-report/list,input,End Date,,,,,,,No request captured,,,unverified,FAT admin authenticated browser session; exact role/permission mapping pending,No mutation observed,Page loaded,No request captured,,,,DOCUMENTED_UNVERIFIED,CONTROL_PRESENT_NO_REQUEST,"fat-admin-explicit-read-actions.json execution status=INTERACTED; exact selector {""locator"": ""input, textarea"", ""placeholder_or_name"": ""End Date""}",,Click produced no XHR/fetch; navigation/DOM effect requires follow-up
admin,Report Management,Game Type Reports,/report-management/game-types-report/list,input,Page,,,,,,,No request captured,,,unverified,FAT admin authenticated browser session; exact role/permission mapping pending,No mutation observed,Page loaded,No request captured,,,,DOCUMENTED_UNVERIFIED,CONTROL_PRESENT_NO_REQUEST,"fat-admin-explicit-read-actions.json execution status=SKIPPED_NOT_ACTIONABLE; exact selector {""locator"": ""input, textarea"", ""placeholder_or_name"": ""Page""}",,Control was not actionable in the fresh page state
admin,Report Management,Game Type Reports,/report-management/game-types-report/list,input,Page Size,,,,,,,No request captured,,,unverified,FAT admin authenticated browser session; exact role/permission mapping pending,No mutation observed,Page loaded,No request captured,,,,DOCUMENTED_UNVERIFIED,CONTROL_PRESENT_NO_REQUEST,"fat-admin-explicit-read-actions.json execution status=SKIPPED_NOT_ACTIONABLE; exact selector {""locator"": ""input, textarea"", ""placeholder_or_name"": ""Page Size""}",,Control was not actionable in the fresh page state
admin,Report Management,Game Type Reports,/report-management/game-types-report/list,select,Page Size,,,,,,,No request captured,,,unverified,FAT admin authenticated browser session; exact role/permission mapping pending,No mutation observed,Page loaded,No request captured,,,,DOCUMENTED_UNVERIFIED,CONTROL_PRESENT_NO_REQUEST,"fat-admin-explicit-read-actions.json execution status=SKIPPED_NOT_ACTIONABLE; exact selector {""locator"": "".ant-layout-content .ant-select"", ""visible_text"": ""Page Size""}",,Control was not actionable in the fresh page state
admin,Report Management,Game Type Reports,/report-management/game-types-report/list,select,Please select game platform,,,,,,,No request captured,,,unverified,FAT admin authenticated browser session; exact role/permission mapping pending,No mutation observed,Page loaded,No request captured,,,,DOCUMENTED_UNVERIFIED,CONTROL_PRESENT_NO_REQUEST,"fat-admin-explicit-read-actions.json execution status=INTERACTED; exact selector {""locator"": "".ant-layout-content .ant-select"", ""visible_text"": ""Please select game platform""}",,Click produced no XHR/fetch; navigation/DOM effect requires follow-up
admin,Report Management,Game Type Reports,/report-management/game-types-report/list,select,Please select game type,,,,,,,No request captured,,,unverified,FAT admin authenticated browser session; exact role/permission mapping pending,No mutation observed,Page loaded,No request captured,,,,DOCUMENTED_UNVERIFIED,CONTROL_PRESENT_NO_REQUEST,"fat-admin-explicit-read-actions.json execution status=INTERACTED; exact selector {""locator"": "".ant-layout-content .ant-select"", ""visible_text"": ""Please select game type""}",,Click produced no XHR/fetch; navigation/DOM effect requires follow-up
admin,Report Management,Game Type Reports,/report-management/game-types-report/list,select,Please select line,,,,,,,No request captured,,,unverified,FAT admin authenticated browser session; exact role/permission mapping pending,No mutation observed,Page loaded,No request captured,,,,DOCUMENTED_UNVERIFIED,CONTROL_PRESENT_NO_REQUEST,"fat-admin-explicit-read-actions.json execution status=INTERACTED; exact selector {""locator"": "".ant-layout-content .ant-select"", ""visible_text"": ""Please select line""}",,Click produced no XHR/fetch; navigation/DOM effect requires follow-up
admin,Report Management,Game Type Reports,/report-management/game-types-report/list,input,Start Date,,,,,,,No request captured,,,unverified,FAT admin authenticated browser session; exact role/permission mapping pending,No mutation observed,Page loaded,No request captured,,,,DOCUMENTED_UNVERIFIED,CONTROL_PRESENT_NO_REQUEST,"fat-admin-explicit-read-actions.json execution status=INTERACTED; exact selector {""locator"": ""input, textarea"", ""placeholder_or_name"": ""Start Date""}",,Click produced no XHR/fetch; navigation/DOM effect requires follow-up
admin,Report Management,Member Daily Game Stats,/report-management/member-daily-game-stats,input,End Date,,,,,,,No request captured,,,unverified,FAT admin authenticated browser session; exact role/permission mapping pending,No mutation observed,Page loaded,No request captured,,,,DOCUMENTED_UNVERIFIED,CONTROL_PRESENT_NO_REQUEST,"fat-admin-explicit-read-actions.json execution status=INTERACTED; exact selector {""locator"": ""input, textarea"", ""placeholder_or_name"": ""End Date""}",,Click produced no XHR/fetch; navigation/DOM effect requires follow-up
admin,Report Management,Member Daily Game Stats,/report-management/member-daily-game-stats,input,Enter inviter account,,,,,,,No request captured,,,unverified,FAT admin authenticated browser session; exact role/permission mapping pending,No mutation observed,Page loaded,No request captured,,,,DOCUMENTED_UNVERIFIED,CONTROL_PRESENT_NO_REQUEST,"fat-admin-explicit-read-actions.json execution status=INTERACTED; exact selector {""locator"": ""input, textarea"", ""placeholder_or_name"": ""Enter inviter account""}",,Click produced no XHR/fetch; navigation/DOM effect requires follow-up
admin,Report Management,Member Daily Game Stats,/report-management/member-daily-game-stats,select,Level 1,,,,,,,No request captured,,,unverified,FAT admin authenticated browser session; exact role/permission mapping pending,No mutation observed,Page loaded,No request captured,,,,DOCUMENTED_UNVERIFIED,CONTROL_PRESENT_NO_REQUEST,"fat-admin-explicit-read-actions.json execution status=INTERACTED; exact selector {""locator"": "".ant-layout-content .ant-select"", ""visible_text"": ""Level 1""}",,Click produced no XHR/fetch; navigation/DOM effect requires follow-up
admin,Report Management,Member Daily Game Stats,/report-management/member-daily-game-stats,select,Phone,,,,,,,No request captured,,,unverified,FAT admin authenticated browser session; exact role/permission mapping pending,No mutation observed,Page loaded,No request captured,,,,DOCUMENTED_UNVERIFIED,CONTROL_PRESENT_NO_REQUEST,"fat-admin-explicit-read-actions.json execution status=INTERACTED; exact selector {""locator"": "".ant-layout-content .ant-select"", ""visible_text"": ""Phone""}",,Click produced no XHR/fetch; navigation/DOM effect requires follow-up
admin,Report Management,Member Daily Game Stats,/report-management/member-daily-game-stats,input,Please enter,,,,,,,No request captured,,,unverified,FAT admin authenticated browser session; exact role/permission mapping pending,No mutation observed,Page loaded,No request captured,,,,DOCUMENTED_UNVERIFIED,CONTROL_PRESENT_NO_REQUEST,"fat-admin-explicit-read-actions.json execution status=INTERACTED; exact selector {""locator"": ""input, textarea"", ""placeholder_or_name"": ""Please enter""}",,Click produced no XHR/fetch; navigation/DOM effect requires follow-up
admin,Report Management,Member Daily Game Stats,/report-management/member-daily-game-stats,input,Start Date,,,,,,,No request captured,,,unverified,FAT admin authenticated browser session; exact role/permission mapping pending,No mutation observed,Page loaded,No request captured,,,,DOCUMENTED_UNVERIFIED,CONTROL_PRESENT_NO_REQUEST,"fat-admin-explicit-read-actions.json execution status=INTERACTED; exact selector {""locator"": ""input, textarea"", ""placeholder_or_name"": ""Start Date""}",,Click produced no XHR/fetch; navigation/DOM effect requires follow-up
admin,Report Management,Member Daily Game Stats,/report-management/member-daily-game-stats,select,全部,,,,,,,No request captured,,,unverified,FAT admin authenticated browser session; exact role/permission mapping pending,No mutation observed,Page loaded,No request captured,,,,DOCUMENTED_UNVERIFIED,CONTROL_PRESENT_NO_REQUEST,"fat-admin-explicit-read-actions.json execution status=INTERACTED; exact selector {""locator"": "".ant-layout-content .ant-select"", ""visible_text"": ""全部""}",,Click produced no XHR/fetch; navigation/DOM effect requires follow-up
admin,Report Management,Member Daily Stats,/report-management/member-daily-stats,input,End Date,,,,,,,No request captured,,,unverified,FAT admin authenticated browser session; exact role/permission mapping pending,No mutation observed,Page loaded,No request captured,,,,DOCUMENTED_UNVERIFIED,CONTROL_PRESENT_NO_REQUEST,"fat-admin-explicit-read-actions.json execution status=SKIPPED_NOT_FILTER_CONTEXT; exact selector {""locator"": ""input, textarea"", ""placeholder_or_name"": ""End Date""}",,Control was not actionable in the fresh page state
admin,Report Management,Member Daily Stats,/report-management/member-daily-stats,input,Please enter,,,,,,,No request captured,,,unverified,FAT admin authenticated browser session; exact role/permission mapping pending,No mutation observed,Page loaded,No request captured,,,,DOCUMENTED_UNVERIFIED,CONTROL_PRESENT_NO_REQUEST,"fat-admin-explicit-read-actions.json execution status=SKIPPED_NOT_FILTER_CONTEXT; exact selector {""locator"": ""input, textarea"", ""placeholder_or_name"": ""Please enter""}",,Control was not actionable in the fresh page state
admin,Report Management,Member Daily Stats,/report-management/member-daily-stats,input,Start Date,,,,,,,No request captured,,,unverified,FAT admin authenticated browser session; exact role/permission mapping pending,No mutation observed,Page loaded,No request captured,,,,DOCUMENTED_UNVERIFIED,CONTROL_PRESENT_NO_REQUEST,"fat-admin-explicit-read-actions.json execution status=SKIPPED_NOT_FILTER_CONTEXT; exact selector {""locator"": ""input, textarea"", ""placeholder_or_name"": ""Start Date""}",,Control was not actionable in the fresh page state
admin,Report Management,Member Daily Stats,/report-management/member-daily-stats,select,UID,,,,,,,No request captured,,,unverified,FAT admin authenticated browser session; exact role/permission mapping pending,No mutation observed,Page loaded,No request captured,,,,DOCUMENTED_UNVERIFIED,CONTROL_PRESENT_NO_REQUEST,"fat-admin-explicit-read-actions.json execution status=SKIPPED_NOT_FILTER_CONTEXT; exact selector {""locator"": "".ant-layout-content .ant-select"", ""visible_text"": ""UID""}",,Control was not actionable in the fresh page state
admin,Report Management,Member Daily Stats,/report-management/member-daily-stats,select,一级,,,,,,,No request captured,,,unverified,FAT admin authenticated browser session; exact role/permission mapping pending,No mutation observed,Page loaded,No request captured,,,,DOCUMENTED_UNVERIFIED,CONTROL_PRESENT_NO_REQUEST,"fat-admin-explicit-read-actions.json execution status=SKIPPED_NOT_FILTER_CONTEXT; exact selector {""locator"": "".ant-layout-content .ant-select"", ""visible_text"": ""一级""}",,Control was not actionable in the fresh page state
admin,Report Management,Member Daily Stats,/report-management/member-daily-stats,input,输入邀请人账号,,,,,,,No request captured,,,unverified,FAT admin authenticated browser session; exact role/permission mapping pending,No mutation observed,Page loaded,No request captured,,,,DOCUMENTED_UNVERIFIED,CONTROL_PRESENT_NO_REQUEST,"fat-admin-explicit-read-actions.json execution status=SKIPPED_NOT_FILTER_CONTEXT; exact selector {""locator"": ""input, textarea"", ""placeholder_or_name"": ""输入邀请人账号""}",,Control was not actionable in the fresh page state
admin,Risk Management,Deposit/Withdrawal Approval,/risk-control/dw-audit,filter_submit,Apply registered filters via Query,GET,/admin/notify/audit/alarm,t,,,"accept,accept-language,client-id,client-version,d,lang,referer,sec-ch-ua,sec-ch-ua-mobile,sec-ch-ua-platform,t,user-agent,x-device-id",Query: current page filter/pagination; Header: authenticated browser session/runtime,200,True,"object; keys=bonus_review_pending,feedback_pending,kyc_pending,mall_order_pending,withdraw_pending",FAT admin authenticated browser session; exact role/permission mapping pending,No mutation observed; registered low-risk interaction,Page reloaded and Network reached quiet state before action,Action response captured; no business mutation observed,admin/other,获取系统通知数量-wesley/owen,后台/系统管理/通知中心/获取系统通知数量-wesley-owen.bru,ACTIVE,YES,fat-admin-explicit-read-actions.json Network events 636; exact selector registered Query/Search selector from explicit action inventory,,
admin,Risk Management,Deposit/Withdrawal Approval,/risk-control/dw-audit,filter_submit,Apply registered filters via Query,POST,/admin/finance/withdraw/risk/audit/list,,,,"accept,accept-language,client-id,client-version,content-type,d,lang,referer,sec-ch-ua,sec-ch-ua-mobile,sec-ch-ua-platform,t,user-agent,x-device-id",Header: authenticated browser session/runtime,200,True,"object; keys=d,s,summary,t",FAT admin authenticated browser session; exact role/permission mapping pending,No mutation observed; registered low-risk interaction,Page reloaded and Network reached quiet state before action,Action response captured; no business mutation observed,,,,UNDOCUMENTED_ACTIVE,YES,fat-admin-explicit-read-actions.json Network events 637; exact selector registered Query/Search selector from explicit action inventory,,
admin,Risk Management,Deposit/Withdrawal Approval,/risk-control/dw-audit,input,Custom selection,,,,,,,No request captured,,,unverified,FAT admin authenticated browser session; exact role/permission mapping pending,No mutation observed,Page loaded,No request captured,,,,DOCUMENTED_UNVERIFIED,CONTROL_PRESENT_NO_REQUEST,"fat-admin-explicit-read-actions.json execution status=SKIPPED_NOT_ACTIONABLE; exact selector {""locator"": ""input, textarea"", ""placeholder_or_name"": ""Custom selection""}",,Control was not actionable in the fresh page state
admin,Risk Management,Deposit/Withdrawal Approval,/risk-control/dw-audit,input,End Date,,,,,,,No request captured,,,unverified,FAT admin authenticated browser session; exact role/permission mapping pending,No mutation observed,Page loaded,No request captured,,,,DOCUMENTED_UNVERIFIED,CONTROL_PRESENT_NO_REQUEST,"fat-admin-explicit-read-actions.json execution status=INTERACTED; exact selector {""locator"": ""input, textarea"", ""placeholder_or_name"": ""End Date""}",,Click produced no XHR/fetch; navigation/DOM effect requires follow-up
admin,Risk Management,Deposit/Withdrawal Approval,/risk-control/dw-audit,input,Maximum Amount,,,,,,,No request captured,,,unverified,FAT admin authenticated browser session; exact role/permission mapping pending,No mutation observed,Page loaded,No request captured,,,,DOCUMENTED_UNVERIFIED,CONTROL_PRESENT_NO_REQUEST,"fat-admin-explicit-read-actions.json execution status=INTERACTED; exact selector {""locator"": ""input, textarea"", ""placeholder_or_name"": ""Maximum Amount""}",,Click produced no XHR/fetch; navigation/DOM effect requires follow-up
admin,Risk Management,Deposit/Withdrawal Approval,/risk-control/dw-audit,input,Minimum Amount,,,,,,,No request captured,,,unverified,FAT admin authenticated browser session; exact role/permission mapping pending,No mutation observed,Page loaded,No request captured,,,,DOCUMENTED_UNVERIFIED,CONTROL_PRESENT_NO_REQUEST,"fat-admin-explicit-read-actions.json execution status=INTERACTED; exact selector {""locator"": ""input, textarea"", ""placeholder_or_name"": ""Minimum Amount""}",,Click produced no XHR/fetch; navigation/DOM effect requires follow-up
admin,Risk Management,Deposit/Withdrawal Approval,/risk-control/dw-audit,input,Please enter,,,,,,,No request captured,,,unverified,FAT admin authenticated browser session; exact role/permission mapping pending,No mutation observed,Page loaded,No request captured,,,,DOCUMENTED_UNVERIFIED,CONTROL_PRESENT_NO_REQUEST,"fat-admin-explicit-read-actions.json execution status=INTERACTED; exact selector {""locator"": ""input, textarea"", ""placeholder_or_name"": ""Please enter""}",,Click produced no XHR/fetch; navigation/DOM effect requires follow-up
admin,Risk Management,Deposit/Withdrawal Approval,/risk-control/dw-audit,input,Start Date,,,,,,,No request captured,,,unverified,FAT admin authenticated browser session; exact role/permission mapping pending,No mutation observed,Page loaded,No request captured,,,,DOCUMENTED_UNVERIFIED,CONTROL_PRESENT_NO_REQUEST,"fat-admin-explicit-read-actions.json execution status=INTERACTED; exact selector {""locator"": ""input, textarea"", ""placeholder_or_name"": ""Start Date""}",,Click produced no XHR/fetch; navigation/DOM effect requires follow-up
admin,Risk Management,Deposit/Withdrawal Approval,/risk-control/dw-audit,input,"Supports batch query, 1–5000 characters, separated by commas",,,,,,,No request captured,,,unverified,FAT admin authenticated browser session; exact role/permission mapping pending,No mutation observed,Page loaded,No request captured,,,,DOCUMENTED_UNVERIFIED,CONTROL_PRESENT_NO_REQUEST,"fat-admin-explicit-read-actions.json execution status=INTERACTED; exact selector {""locator"": ""input, textarea"", ""placeholder_or_name"": ""Supports batch query, 1–5000 characters, separated by commas""}",,Click produced no XHR/fetch; navigation/DOM effect requires follow-up
admin,Risk Management,Deposit/Withdrawal Approval,/risk-control/dw-audit,select,Withdrawal Channel Name,,,,,,,No request captured,,,unverified,FAT admin authenticated browser session; exact role/permission mapping pending,No mutation observed,Page loaded,No request captured,,,,DOCUMENTED_UNVERIFIED,CONTROL_PRESENT_NO_REQUEST,"fat-admin-explicit-read-actions.json execution status=ERROR; exact selector {""locator"": "".ant-layout-content .ant-select"", ""visible_text"": ""Withdrawal Channel Name""}","TimeoutError: locator.click: Timeout 2000ms exceeded.
Call log:
[2m  - waiting for locator('.ant-layout-content .ant-select').filter({ hasText: /^\s*Withdrawal Channel Name\s*$/ }).first()[22m
[2m    - locator resolved to <div class=""ant-select ant-select-outlined ant-select-in-form-item ant-pro-filed-search-select css-jcwvac ant-select-multiple ant-select-allow-clear ant-select-show-arrow ant-select-show-search"">…</div>[22m
[2m  - attempting click action[22m
[2m    2 × waiting for element to be visible, enabled and stable[22m
[2m      - element is visible, enabled and stable[22m
[2m      - scrolling into view if needed[22m
[2m      - done scrolling[22m
[2m      - <li>Today</li> from <div>…</div> subtree intercepts pointer events[22m
[2m    - retrying click action[22m
[2m    - waiting 20ms[22m
[2m    2 × waiting for element to be visible, enabled and stable[22m
[2m      - element is visible, enabled and stable[22m
[2m      - scrolling into view if needed[22m
[2m      - done scrolling[22m
[2m      - <li>Today</li> from <div>…</div> subtree intercepts pointer events[22m
[2m    - retrying click action[22m
[2m      - waiting 100ms[22m
[2m    4 × waiting for element to be visible, enabled and stable[22m
[2m      - element is visible, enabled and stable[22m
[2m      - scrolling into view if needed[22m
[2m      - done scrolling[22m
[2m      - <li>Today</li> from <div>…</div> subtree intercepts pointer events[22m
[2m    - retrying click action[22m
[2m      - waiting 500ms[22m",Click produced no XHR/fetch; navigation/DOM effect requires follow-up
admin,Risk Management,Risk Logs,/risk-control/risk-logs,filter_submit,Apply registered filters via Query,GET,/admin/member/risk/log,"before_level,created_end_time,created_name,created_start_time,page,page_size",,,"accept,accept-language,client-id,client-version,d,lang,referer,sec-ch-ua,sec-ch-ua-mobile,sec-ch-ua-platform,t,user-agent,x-device-id",Query: current page filter/pagination; Header: authenticated browser session/runtime,200,True,"object; keys=d,t",FAT admin authenticated browser session; exact role/permission mapping pending,No mutation observed; registered low-risk interaction,Page reloaded and Network reached quiet state before action,Action response captured; no business mutation observed,admin/member,风控日志,后台/会员列表/风控日志.bru,ACTIVE,YES,fat-admin-explicit-read-actions.json Network events 691; exact selector registered Query/Search selector from explicit action inventory,,
admin,Risk Management,Risk Logs,/risk-control/risk-logs,input,End Date,,,,,,,No request captured,,,unverified,FAT admin authenticated browser session; exact role/permission mapping pending,No mutation observed,Page loaded,No request captured,,,,DOCUMENTED_UNVERIFIED,CONTROL_PRESENT_NO_REQUEST,"fat-admin-explicit-read-actions.json execution status=INTERACTED; exact selector {""locator"": ""input, textarea"", ""placeholder_or_name"": ""End Date""}",,Click produced no XHR/fetch; navigation/DOM effect requires follow-up
admin,Risk Management,Risk Logs,/risk-control/risk-logs,select,Please select,,,,,,,No request captured,,,unverified,FAT admin authenticated browser session; exact role/permission mapping pending,No mutation observed,Page loaded,No request captured,,,,DOCUMENTED_UNVERIFIED,CONTROL_PRESENT_NO_REQUEST,"fat-admin-explicit-read-actions.json execution status=INTERACTED; exact selector {""locator"": "".ant-layout-content .ant-select"", ""visible_text"": ""Please select""}",,Click produced no XHR/fetch; navigation/DOM effect requires follow-up
admin,Risk Management,Risk Logs,/risk-control/risk-logs,input,Start Date,,,,,,,No request captured,,,unverified,FAT admin authenticated browser session; exact role/permission mapping pending,No mutation observed,Page loaded,No request captured,,,,DOCUMENTED_UNVERIFIED,CONTROL_PRESENT_NO_REQUEST,"fat-admin-explicit-read-actions.json execution status=INTERACTED; exact selector {""locator"": ""input, textarea"", ""placeholder_or_name"": ""Start Date""}",,Click produced no XHR/fetch; navigation/DOM effect requires follow-up
admin,Risk Management,Risk Logs,/risk-control/risk-logs,input,"Supports batch query, 1–5000 characters, separated by commas",,,,,,,No request captured,,,unverified,FAT admin authenticated browser session; exact role/permission mapping pending,No mutation observed,Page loaded,No request captured,,,,DOCUMENTED_UNVERIFIED,CONTROL_PRESENT_NO_REQUEST,"fat-admin-explicit-read-actions.json execution status=INTERACTED; exact selector {""locator"": ""input, textarea"", ""placeholder_or_name"": ""Supports batch query, 1–5000 characters, separated by commas""}",,Click produced no XHR/fetch; navigation/DOM effect requires follow-up
admin,Risk Management,Temporary Restriction List,/risk-control/temporary-restriction-list,input,End date,,,,,,,No request captured,,,unverified,FAT admin authenticated browser session; exact role/permission mapping pending,No mutation observed,Page loaded,No request captured,,,,DOCUMENTED_UNVERIFIED,CONTROL_PRESENT_NO_REQUEST,"fat-admin-explicit-read-actions.json execution status=SKIPPED_NOT_FILTER_CONTEXT; exact selector {""locator"": ""input, textarea"", ""placeholder_or_name"": ""End date""}",,Control was not actionable in the fresh page state
admin,Risk Management,Temporary Restriction List,/risk-control/temporary-restriction-list,input,Enter keyword,,,,,,,No request captured,,,unverified,FAT admin authenticated browser session; exact role/permission mapping pending,No mutation observed,Page loaded,No request captured,,,,DOCUMENTED_UNVERIFIED,CONTROL_PRESENT_NO_REQUEST,"fat-admin-explicit-read-actions.json execution status=SKIPPED_NOT_FILTER_CONTEXT; exact selector {""locator"": ""input, textarea"", ""placeholder_or_name"": ""Enter keyword""}",,Control was not actionable in the fresh page state
admin,Risk Management,Temporary Restriction List,/risk-control/temporary-restriction-list,select,Mobile number,,,,,,,No request captured,,,unverified,FAT admin authenticated browser session; exact role/permission mapping pending,No mutation observed,Page loaded,No request captured,,,,DOCUMENTED_UNVERIFIED,CONTROL_PRESENT_NO_REQUEST,"fat-admin-explicit-read-actions.json execution status=SKIPPED_NOT_FILTER_CONTEXT; exact selector {""locator"": "".ant-layout-content .ant-select"", ""visible_text"": ""Mobile number""}",,Control was not actionable in the fresh page state
admin,Risk Management,Temporary Restriction List,/risk-control/temporary-restriction-list,input,Page Size,,,,,,,No request captured,,,unverified,FAT admin authenticated browser session; exact role/permission mapping pending,No mutation observed,Page loaded,No request captured,,,,DOCUMENTED_UNVERIFIED,CONTROL_PRESENT_NO_REQUEST,"fat-admin-explicit-read-actions.json execution status=SKIPPED_NOT_ACTIONABLE; exact selector {""locator"": ""input, textarea"", ""placeholder_or_name"": ""Page Size""}",,Control was not actionable in the fresh page state
admin,Risk Management,Temporary Restriction List,/risk-control/temporary-restriction-list,select,Page Size,,,,,,,No request captured,,,unverified,FAT admin authenticated browser session; exact role/permission mapping pending,No mutation observed,Page loaded,No request captured,,,,DOCUMENTED_UNVERIFIED,CONTROL_PRESENT_NO_REQUEST,"fat-admin-explicit-read-actions.json execution status=SKIPPED_NOT_ACTIONABLE; exact selector {""locator"": "".ant-layout-content .ant-select"", ""visible_text"": ""Page Size""}",,Control was not actionable in the fresh page state
admin,Risk Management,Temporary Restriction List,/risk-control/temporary-restriction-list,select,Please select,,,,,,,No request captured,,,unverified,FAT admin authenticated browser session; exact role/permission mapping pending,No mutation observed,Page loaded,No request captured,,,,DOCUMENTED_UNVERIFIED,CONTROL_PRESENT_NO_REQUEST,"fat-admin-explicit-read-actions.json execution status=SKIPPED_NOT_FILTER_CONTEXT; exact selector {""locator"": "".ant-layout-content .ant-select"", ""visible_text"": ""Please select""}",,Control was not actionable in the fresh page state
admin,Risk Management,Temporary Restriction List,/risk-control/temporary-restriction-list,input,Start date,,,,,,,No request captured,,,unverified,FAT admin authenticated browser session; exact role/permission mapping pending,No mutation observed,Page loaded,No request captured,,,,DOCUMENTED_UNVERIFIED,CONTROL_PRESENT_NO_REQUEST,"fat-admin-explicit-read-actions.json execution status=SKIPPED_NOT_FILTER_CONTEXT; exact selector {""locator"": ""input, textarea"", ""placeholder_or_name"": ""Start date""}",,Control was not actionable in the fresh page state
admin,Risk Management,Fund Transfer Record,/risk-control/up-down-score,filter_submit,Apply registered filters via Query,POST,/admin/finance/adjust/list,,,,"accept,accept-language,client-id,client-version,content-type,d,lang,referer,sec-ch-ua,sec-ch-ua-mobile,sec-ch-ua-platform,t,user-agent,x-device-id",Header: authenticated browser session/runtime,200,True,"object; keys=d,s,t",FAT admin authenticated browser session; exact role/permission mapping pending,No mutation observed; registered low-risk interaction,Page reloaded and Network reached quiet state before action,Action response captured; no business mutation observed,admin/finance,系统调整,代理管理后台/财务管理/财务报表/系统调整.bru,ACTIVE,YES,fat-admin-explicit-read-actions.json Network events 656; exact selector registered Query/Search selector from explicit action inventory,,
admin,Risk Management,Fund Transfer Record,/risk-control/up-down-score,input,End Date,,,,,,,No request captured,,,unverified,FAT admin authenticated browser session; exact role/permission mapping pending,No mutation observed,Page loaded,No request captured,,,,DOCUMENTED_UNVERIFIED,CONTROL_PRESENT_NO_REQUEST,"fat-admin-explicit-read-actions.json execution status=INTERACTED; exact selector {""locator"": ""input, textarea"", ""placeholder_or_name"": ""End Date""}",,Click produced no XHR/fetch; navigation/DOM effect requires follow-up
admin,Risk Management,Fund Transfer Record,/risk-control/up-down-score,input,Maximum Amount,,,,,,,No request captured,,,unverified,FAT admin authenticated browser session; exact role/permission mapping pending,No mutation observed,Page loaded,No request captured,,,,DOCUMENTED_UNVERIFIED,CONTROL_PRESENT_NO_REQUEST,"fat-admin-explicit-read-actions.json execution status=INTERACTED; exact selector {""locator"": ""input, textarea"", ""placeholder_or_name"": ""Maximum Amount""}",,Click produced no XHR/fetch; navigation/DOM effect requires follow-up
admin,Risk Management,Fund Transfer Record,/risk-control/up-down-score,input,Minimum Amount,,,,,,,No request captured,,,unverified,FAT admin authenticated browser session; exact role/permission mapping pending,No mutation observed,Page loaded,No request captured,,,,DOCUMENTED_UNVERIFIED,CONTROL_PRESENT_NO_REQUEST,"fat-admin-explicit-read-actions.json execution status=INTERACTED; exact selector {""locator"": ""input, textarea"", ""placeholder_or_name"": ""Minimum Amount""}",,Click produced no XHR/fetch; navigation/DOM effect requires follow-up
admin,Risk Management,Fund Transfer Record,/risk-control/up-down-score,input,Please enter,,,,,,,No request captured,,,unverified,FAT admin authenticated browser session; exact role/permission mapping pending,No mutation observed,Page loaded,No request captured,,,,DOCUMENTED_UNVERIFIED,CONTROL_PRESENT_NO_REQUEST,"fat-admin-explicit-read-actions.json execution status=INTERACTED; exact selector {""locator"": ""input, textarea"", ""placeholder_or_name"": ""Please enter""}",,Click produced no XHR/fetch; navigation/DOM effect requires follow-up
admin,Risk Management,Fund Transfer Record,/risk-control/up-down-score,select,Please select,,,,,,,No request captured,,,unverified,FAT admin authenticated browser session; exact role/permission mapping pending,No mutation observed,Page loaded,No request captured,,,,DOCUMENTED_UNVERIFIED,CONTROL_PRESENT_NO_REQUEST,"fat-admin-explicit-read-actions.json execution status=INTERACTED; exact selector {""locator"": "".ant-layout-content .ant-select"", ""visible_text"": ""Please select""}",,Click produced no XHR/fetch; navigation/DOM effect requires follow-up
admin,Risk Management,Fund Transfer Record,/risk-control/up-down-score,input,Start Date,,,,,,,No request captured,,,unverified,FAT admin authenticated browser session; exact role/permission mapping pending,No mutation observed,Page loaded,No request captured,,,,DOCUMENTED_UNVERIFIED,CONTROL_PRESENT_NO_REQUEST,"fat-admin-explicit-read-actions.json execution status=INTERACTED; exact selector {""locator"": ""input, textarea"", ""placeholder_or_name"": ""Start Date""}",,Click produced no XHR/fetch; navigation/DOM effect requires follow-up
admin,Site Management,Domain Management,/site-management/domain-management,filter_submit,Apply registered filters via Search,GET,/admin/channel/promotion/domain/list,"page,page_size",,,"accept,accept-language,client-id,client-version,d,lang,referer,sec-ch-ua,sec-ch-ua-mobile,sec-ch-ua-platform,t,user-agent,x-device-id",Query: current page filter/pagination; Header: authenticated browser session/runtime,200,True,"object; keys=d,s,t",FAT admin authenticated browser session; exact role/permission mapping pending,No mutation observed; registered low-risk interaction,Page reloaded and Network reached quiet state before action,Action response captured; no business mutation observed,admin/promo,列表,后台/渠道推广-域名管理/列表.bru,ACTIVE,YES,fat-admin-explicit-read-actions.json Network events 826; exact selector registered Query/Search selector from explicit action inventory,,
admin,Site Management,Domain Management,/site-management/domain-management,input,Page Size,,,,,,,No request captured,,,unverified,FAT admin authenticated browser session; exact role/permission mapping pending,No mutation observed,Page loaded,No request captured,,,,DOCUMENTED_UNVERIFIED,CONTROL_PRESENT_NO_REQUEST,"fat-admin-explicit-read-actions.json execution status=SKIPPED_NOT_ACTIONABLE; exact selector {""locator"": ""input, textarea"", ""placeholder_or_name"": ""Page Size""}",,Control was not actionable in the fresh page state
admin,Site Management,Domain Management,/site-management/domain-management,select,Page Size,,,,,,,No request captured,,,unverified,FAT admin authenticated browser session; exact role/permission mapping pending,No mutation observed,Page loaded,No request captured,,,,DOCUMENTED_UNVERIFIED,CONTROL_PRESENT_NO_REQUEST,"fat-admin-explicit-read-actions.json execution status=SKIPPED_NOT_ACTIONABLE; exact selector {""locator"": "".ant-layout-content .ant-select"", ""visible_text"": ""Page Size""}",,Control was not actionable in the fresh page state
admin,Site Management,Domain Management,/site-management/domain-management,input,Please enter,,,,,,,No request captured,,,unverified,FAT admin authenticated browser session; exact role/permission mapping pending,No mutation observed,Page loaded,No request captured,,,,DOCUMENTED_UNVERIFIED,CONTROL_PRESENT_NO_REQUEST,"fat-admin-explicit-read-actions.json execution status=SKIPPED_NOT_FILTER_CONTEXT; exact selector {""locator"": ""input, textarea"", ""placeholder_or_name"": ""Please enter""}",,Control was not actionable in the fresh page state
admin,Site Management,Domain Management,/site-management/domain-management,select,Please select,,,,,,,No request captured,,,unverified,FAT admin authenticated browser session; exact role/permission mapping pending,No mutation observed,Page loaded,No request captured,,,,DOCUMENTED_UNVERIFIED,CONTROL_PRESENT_NO_REQUEST,"fat-admin-explicit-read-actions.json execution status=SKIPPED_NOT_FILTER_CONTEXT; exact selector {""locator"": "".ant-layout-content .ant-select"", ""visible_text"": ""Please select""}",,Control was not actionable in the fresh page state
admin,System,Bet Order Monitoring,/system/order-monitor,select,All,,,,,,,No request captured,,,unverified,FAT admin authenticated browser session; exact role/permission mapping pending,No mutation observed,Page loaded,No request captured,,,,DOCUMENTED_UNVERIFIED,CONTROL_PRESENT_NO_REQUEST,"fat-admin-explicit-read-actions.json execution status=INTERACTED; exact selector {""locator"": "".ant-layout-content .ant-select"", ""visible_text"": ""All""}",,Click produced no XHR/fetch; navigation/DOM effect requires follow-up
admin,System,Bet Order Monitoring,/system/order-monitor,filter_submit,Apply registered filters via Query,GET,/admin/reports/provider/order/compare/daily,"created_at_end,created_at_start,page,page_size",,,"accept,accept-language,client-id,client-version,d,lang,referer,sec-ch-ua,sec-ch-ua-mobile,sec-ch-ua-platform,t,user-agent,x-device-id",Query: current page filter/pagination; Header: authenticated browser session/runtime,200,True,"object; keys=d,s,t",FAT admin authenticated browser session; exact role/permission mapping pending,No mutation observed; registered low-risk interaction,Page reloaded and Network reached quiet state before action,Action response captured; no business mutation observed,admin/report,列表,后台/报表/厂商注单对比日报/列表.bru,ACTIVE,YES,fat-admin-explicit-read-actions.json Network events 1014; exact selector registered Query/Search selector from explicit action inventory,,
admin,System,Bet Order Monitoring,/system/order-monitor,input,End Date,,,,,,,No request captured,,,unverified,FAT admin authenticated browser session; exact role/permission mapping pending,No mutation observed,Page loaded,No request captured,,,,DOCUMENTED_UNVERIFIED,CONTROL_PRESENT_NO_REQUEST,"fat-admin-explicit-read-actions.json execution status=INTERACTED; exact selector {""locator"": ""input, textarea"", ""placeholder_or_name"": ""End Date""}",,Click produced no XHR/fetch; navigation/DOM effect requires follow-up
admin,System,Bet Order Monitoring,/system/order-monitor,input,Page,,,,,,,No request captured,,,unverified,FAT admin authenticated browser session; exact role/permission mapping pending,No mutation observed,Page loaded,No request captured,,,,DOCUMENTED_UNVERIFIED,CONTROL_PRESENT_NO_REQUEST,"fat-admin-explicit-read-actions.json execution status=SKIPPED_NOT_ACTIONABLE; exact selector {""locator"": ""input, textarea"", ""placeholder_or_name"": ""Page""}",,Control was not actionable in the fresh page state
admin,System,Bet Order Monitoring,/system/order-monitor,input,Page Size,,,,,,,No request captured,,,unverified,FAT admin authenticated browser session; exact role/permission mapping pending,No mutation observed,Page loaded,No request captured,,,,DOCUMENTED_UNVERIFIED,CONTROL_PRESENT_NO_REQUEST,"fat-admin-explicit-read-actions.json execution status=SKIPPED_NOT_ACTIONABLE; exact selector {""locator"": ""input, textarea"", ""placeholder_or_name"": ""Page Size""}",,Control was not actionable in the fresh page state
admin,System,Bet Order Monitoring,/system/order-monitor,select,Page Size,,,,,,,No request captured,,,unverified,FAT admin authenticated browser session; exact role/permission mapping pending,No mutation observed,Page loaded,No request captured,,,,DOCUMENTED_UNVERIFIED,CONTROL_PRESENT_NO_REQUEST,"fat-admin-explicit-read-actions.json execution status=SKIPPED_NOT_ACTIONABLE; exact selector {""locator"": "".ant-layout-content .ant-select"", ""visible_text"": ""Page Size""}",,Control was not actionable in the fresh page state
admin,System,Bet Order Monitoring,/system/order-monitor,input,Start Date,,,,,,,No request captured,,,unverified,FAT admin authenticated browser session; exact role/permission mapping pending,No mutation observed,Page loaded,No request captured,,,,DOCUMENTED_UNVERIFIED,CONTROL_PRESENT_NO_REQUEST,"fat-admin-explicit-read-actions.json execution status=INTERACTED; exact selector {""locator"": ""input, textarea"", ""placeholder_or_name"": ""Start Date""}",,Click produced no XHR/fetch; navigation/DOM effect requires follow-up
admin,System,Role Configuration,/system/role,input,Page Size,,,,,,,No request captured,,,unverified,FAT admin authenticated browser session; exact role/permission mapping pending,No mutation observed,Page loaded,No request captured,,,,DOCUMENTED_UNVERIFIED,CONTROL_PRESENT_NO_REQUEST,"fat-admin-explicit-read-actions.json execution status=SKIPPED_NOT_ACTIONABLE; exact selector {""locator"": ""input, textarea"", ""placeholder_or_name"": ""Page Size""}",,Control was not actionable in the fresh page state
admin,System,Role Configuration,/system/role,select,Page Size,,,,,,,No request captured,,,unverified,FAT admin authenticated browser session; exact role/permission mapping pending,No mutation observed,Page loaded,No request captured,,,,DOCUMENTED_UNVERIFIED,CONTROL_PRESENT_NO_REQUEST,"fat-admin-explicit-read-actions.json execution status=SKIPPED_NOT_ACTIONABLE; exact selector {""locator"": "".ant-layout-content .ant-select"", ""visible_text"": ""Page Size""}",,Control was not actionable in the fresh page state
admin,System,SMS Verification Code,/system/sms-otp,filter_submit,Apply registered filters via Query,GET,/admin/sms/list,"channel_name,end_time,page,page_size,reason,start_time",,,"accept,accept-language,client-id,client-version,d,lang,referer,sec-ch-ua,sec-ch-ua-mobile,sec-ch-ua-platform,t,user-agent,x-device-id",Query: current page filter/pagination; Header: authenticated browser session/runtime,200,True,"object; keys=d,t",FAT admin authenticated browser session; exact role/permission mapping pending,No mutation observed; registered low-risk interaction,Page reloaded and Network reached quiet state before action,Action response captured; no business mutation observed,admin/auth,短信列表-seven,后台/短信发送列表/短信列表-seven.bru,ACTIVE,YES,fat-admin-explicit-read-actions.json Network events 995; exact selector registered Query/Search selector from explicit action inventory,,
admin,System,SMS Verification Code,/system/sms-otp,input,End Date,,,,,,,No request captured,,,unverified,FAT admin authenticated browser session; exact role/permission mapping pending,No mutation observed,Page loaded,No request captured,,,,DOCUMENTED_UNVERIFIED,CONTROL_PRESENT_NO_REQUEST,"fat-admin-explicit-read-actions.json execution status=INTERACTED; exact selector {""locator"": ""input, textarea"", ""placeholder_or_name"": ""End Date""}",,Click produced no XHR/fetch; navigation/DOM effect requires follow-up
admin,System,SMS Verification Code,/system/sms-otp,input,Page Size,,,,,,,No request captured,,,unverified,FAT admin authenticated browser session; exact role/permission mapping pending,No mutation observed,Page loaded,No request captured,,,,DOCUMENTED_UNVERIFIED,CONTROL_PRESENT_NO_REQUEST,"fat-admin-explicit-read-actions.json execution status=SKIPPED_NOT_ACTIONABLE; exact selector {""locator"": ""input, textarea"", ""placeholder_or_name"": ""Page Size""}",,Control was not actionable in the fresh page state
admin,System,SMS Verification Code,/system/sms-otp,select,Page Size,,,,,,,No request captured,,,unverified,FAT admin authenticated browser session; exact role/permission mapping pending,No mutation observed,Page loaded,No request captured,,,,DOCUMENTED_UNVERIFIED,CONTROL_PRESENT_NO_REQUEST,"fat-admin-explicit-read-actions.json execution status=SKIPPED_NOT_ACTIONABLE; exact selector {""locator"": "".ant-layout-content .ant-select"", ""visible_text"": ""Page Size""}",,Control was not actionable in the fresh page state
admin,System,SMS Verification Code,/system/sms-otp,input,Please enter,,,,,,,No request captured,,,unverified,FAT admin authenticated browser session; exact role/permission mapping pending,No mutation observed,Page loaded,No request captured,,,,DOCUMENTED_UNVERIFIED,CONTROL_PRESENT_NO_REQUEST,"fat-admin-explicit-read-actions.json execution status=INTERACTED; exact selector {""locator"": ""input, textarea"", ""placeholder_or_name"": ""Please enter""}",,Click produced no XHR/fetch; navigation/DOM effect requires follow-up
admin,System,SMS Verification Code,/system/sms-otp,select,Please select,,,,,,,No request captured,,,unverified,FAT admin authenticated browser session; exact role/permission mapping pending,No mutation observed,Page loaded,No request captured,,,,DOCUMENTED_UNVERIFIED,CONTROL_PRESENT_NO_REQUEST,"fat-admin-explicit-read-actions.json execution status=INTERACTED; exact selector {""locator"": "".ant-layout-content .ant-select"", ""visible_text"": ""Please select""}",,Click produced no XHR/fetch; navigation/DOM effect requires follow-up
admin,System,SMS Verification Code,/system/sms-otp,input,Start Date,,,,,,,No request captured,,,unverified,FAT admin authenticated browser session; exact role/permission mapping pending,No mutation observed,Page loaded,No request captured,,,,DOCUMENTED_UNVERIFIED,CONTROL_PRESENT_NO_REQUEST,"fat-admin-explicit-read-actions.json execution status=INTERACTED; exact selector {""locator"": ""input, textarea"", ""placeholder_or_name"": ""Start Date""}",,Click produced no XHR/fetch; navigation/DOM effect requires follow-up
admin,System,SMS Verification Code,/system/sms-otp,select,全部,,,,,,,No request captured,,,unverified,FAT admin authenticated browser session; exact role/permission mapping pending,No mutation observed,Page loaded,No request captured,,,,DOCUMENTED_UNVERIFIED,CONTROL_PRESENT_NO_REQUEST,"fat-admin-explicit-read-actions.json execution status=INTERACTED; exact selector {""locator"": "".ant-layout-content .ant-select"", ""visible_text"": ""全部""}",,Click produced no XHR/fetch; navigation/DOM effect requires follow-up
admin,System,Staff Configuration,/system/staff,filter_submit,Apply registered filters via Query,POST,/admin/user/list,,,"page,page_size,status,username","accept,accept-language,client-id,client-version,content-type,d,lang,referer,sec-ch-ua,sec-ch-ua-mobile,sec-ch-ua-platform,t,user-agent,x-device-id",Body: current page form/filter and UI defaults; Header: authenticated browser session/runtime,200,True,"object; keys=d,t",FAT admin authenticated browser session; exact role/permission mapping pending,No mutation observed; registered low-risk interaction,Page reloaded and Network reached quiet state before action,Action response captured; no business mutation observed,,,,UNDOCUMENTED_ACTIVE,YES,fat-admin-explicit-read-actions.json Network events 977; exact selector registered Query/Search selector from explicit action inventory,,
admin,System,Staff Configuration,/system/staff,input,Page,,,,,,,No request captured,,,unverified,FAT admin authenticated browser session; exact role/permission mapping pending,No mutation observed,Page loaded,No request captured,,,,DOCUMENTED_UNVERIFIED,CONTROL_PRESENT_NO_REQUEST,"fat-admin-explicit-read-actions.json execution status=SKIPPED_NOT_ACTIONABLE; exact selector {""locator"": ""input, textarea"", ""placeholder_or_name"": ""Page""}",,Control was not actionable in the fresh page state
admin,System,Staff Configuration,/system/staff,input,Page Size,,,,,,,No request captured,,,unverified,FAT admin authenticated browser session; exact role/permission mapping pending,No mutation observed,Page loaded,No request captured,,,,DOCUMENTED_UNVERIFIED,CONTROL_PRESENT_NO_REQUEST,"fat-admin-explicit-read-actions.json execution status=SKIPPED_NOT_ACTIONABLE; exact selector {""locator"": ""input, textarea"", ""placeholder_or_name"": ""Page Size""}",,Control was not actionable in the fresh page state
admin,System,Staff Configuration,/system/staff,select,Page Size,,,,,,,No request captured,,,unverified,FAT admin authenticated browser session; exact role/permission mapping pending,No mutation observed,Page loaded,No request captured,,,,DOCUMENTED_UNVERIFIED,CONTROL_PRESENT_NO_REQUEST,"fat-admin-explicit-read-actions.json execution status=SKIPPED_NOT_ACTIONABLE; exact selector {""locator"": "".ant-layout-content .ant-select"", ""visible_text"": ""Page Size""}",,Control was not actionable in the fresh page state
admin,System,Staff Configuration,/system/staff,input,Please Enter Username,,,,,,,No request captured,,,unverified,FAT admin authenticated browser session; exact role/permission mapping pending,No mutation observed,Page loaded,No request captured,,,,DOCUMENTED_UNVERIFIED,CONTROL_PRESENT_NO_REQUEST,"fat-admin-explicit-read-actions.json execution status=INTERACTED; exact selector {""locator"": ""input, textarea"", ""placeholder_or_name"": ""Please Enter Username""}",,Click produced no XHR/fetch; navigation/DOM effect requires follow-up
admin,System,Staff Configuration,/system/staff,select,Please select,,,,,,,No request captured,,,unverified,FAT admin authenticated browser session; exact role/permission mapping pending,No mutation observed,Page loaded,No request captured,,,,DOCUMENTED_UNVERIFIED,CONTROL_PRESENT_NO_REQUEST,"fat-admin-explicit-read-actions.json execution status=INTERACTED; exact selector {""locator"": "".ant-layout-content .ant-select"", ""visible_text"": ""Please select""}",,Click produced no XHR/fetch; navigation/DOM effect requires follow-up
admin,System,Whitelist,/whitelist/list,filter_submit,Apply registered filters via Query,GET,/admin/whiteList/list,"end_time,ip,note,page,page_size,start_time,state,updated_name",,,"accept,accept-language,client-id,client-version,d,lang,referer,sec-ch-ua,sec-ch-ua-mobile,sec-ch-ua-platform,t,user-agent,x-device-id",Query: current page filter/pagination; Header: authenticated browser session/runtime,200,True,"object; keys=d,page,page_size,t",FAT admin authenticated browser session; exact role/permission mapping pending,No mutation observed; registered low-risk interaction,Page reloaded and Network reached quiet state before action,Action response captured; no business mutation observed,admin/other,白名单列表 --yasser,后台/系统管理/白名单管理/白名单列表 --yasser.bru,ACTIVE,YES,fat-admin-explicit-read-actions.json Network events 1032; exact selector registered Query/Search selector from explicit action inventory,,
admin,System,Whitelist,/whitelist/list,input,End Date,,,,,,,No request captured,,,unverified,FAT admin authenticated browser session; exact role/permission mapping pending,No mutation observed,Page loaded,No request captured,,,,DOCUMENTED_UNVERIFIED,CONTROL_PRESENT_NO_REQUEST,"fat-admin-explicit-read-actions.json execution status=INTERACTED; exact selector {""locator"": ""input, textarea"", ""placeholder_or_name"": ""End Date""}",,Click produced no XHR/fetch; navigation/DOM effect requires follow-up
admin,System,Whitelist,/whitelist/list,input,Please enter,,,,,,,No request captured,,,unverified,FAT admin authenticated browser session; exact role/permission mapping pending,No mutation observed,Page loaded,No request captured,,,,DOCUMENTED_UNVERIFIED,CONTROL_PRESENT_NO_REQUEST,"fat-admin-explicit-read-actions.json execution status=INTERACTED; exact selector {""locator"": ""input, textarea"", ""placeholder_or_name"": ""Please enter""}",,Click produced no XHR/fetch; navigation/DOM effect requires follow-up
admin,System,Whitelist,/whitelist/list,input,Please enter Maintained By,,,,,,,No request captured,,,unverified,FAT admin authenticated browser session; exact role/permission mapping pending,No mutation observed,Page loaded,No request captured,,,,DOCUMENTED_UNVERIFIED,CONTROL_PRESENT_NO_REQUEST,"fat-admin-explicit-read-actions.json execution status=INTERACTED; exact selector {""locator"": ""input, textarea"", ""placeholder_or_name"": ""Please enter Maintained By""}",,Click produced no XHR/fetch; navigation/DOM effect requires follow-up
admin,System,Whitelist,/whitelist/list,input,Please enter notes,,,,,,,No request captured,,,unverified,FAT admin authenticated browser session; exact role/permission mapping pending,No mutation observed,Page loaded,No request captured,,,,DOCUMENTED_UNVERIFIED,CONTROL_PRESENT_NO_REQUEST,"fat-admin-explicit-read-actions.json execution status=INTERACTED; exact selector {""locator"": ""input, textarea"", ""placeholder_or_name"": ""Please enter notes""}",,Click produced no XHR/fetch; navigation/DOM effect requires follow-up
admin,System,Whitelist,/whitelist/list,select,Please select Status,,,,,,,No request captured,,,unverified,FAT admin authenticated browser session; exact role/permission mapping pending,No mutation observed,Page loaded,No request captured,,,,DOCUMENTED_UNVERIFIED,CONTROL_PRESENT_NO_REQUEST,"fat-admin-explicit-read-actions.json execution status=INTERACTED; exact selector {""locator"": "".ant-layout-content .ant-select"", ""visible_text"": ""Please select Status""}",,Click produced no XHR/fetch; navigation/DOM effect requires follow-up
admin,System,Whitelist,/whitelist/list,input,Start Date,,,,,,,No request captured,,,unverified,FAT admin authenticated browser session; exact role/permission mapping pending,No mutation observed,Page loaded,No request captured,,,,DOCUMENTED_UNVERIFIED,CONTROL_PRESENT_NO_REQUEST,"fat-admin-explicit-read-actions.json execution status=INTERACTED; exact selector {""locator"": ""input, textarea"", ""placeholder_or_name"": ""Start Date""}",,Click produced no XHR/fetch; navigation/DOM effect requires follow-up
