surface,top_menu,page_name,page_route,control_type,action_name,method,normalized_path,query_fields,path_fields,body_fields,header_fields,parameter_source,http_status,business_status,response_structure,auth_role,side_effect,before_state,after_state,original_category,original_name,original_source_file,classification,currently_used_by_ui,evidence,anomaly,blocked_scope
admin,Agent Management,Agency statistical report,/agency-management/agency-statistical,page_initialization,page initialization,GET,/admin/me/detail,,,,"accept,accept-language,client-id,client-version,d,lang,referer,sec-ch-ua,sec-ch-ua-mobile,sec-ch-ua-platform,t,user-agent,x-device-id",Header: browser session/runtime,200,True,"object; keys=avatar,bind_time,button_permission_ids,cmpl,create_name,created_at,email,google_secret,group_id,id,last_login_ip,last_login_time,login_password,nickname,operator_name,pwd_edit_time,roles,sid,status,stores,updated_at,username",FAT admin authenticated browser session; exact permission/role mapping pending,No mutation observed in this discovery action,Not applicable for observed read interaction,Page/network response rendered; business data values not persisted,admin/other,后台账户详情(当前登陆信息)-seven,后台/后台账号管理/后台账户详情(当前登陆信息)-seven.bru,ACTIVE,YES,fat-admin-page-initialization.json network events 128; live-menu route and DOM control snapshot,,
admin,Agent Management,Agency statistical report,/agency-management/agency-statistical,page_initialization,page initialization,GET,/admin/notify/audit/alarm,t,,,"accept,accept-language,client-id,client-version,d,lang,referer,sec-ch-ua,sec-ch-ua-mobile,sec-ch-ua-platform,t,user-agent,x-device-id",Query: route/filter/pagination values emitted by current UI state; Header: browser session/runtime,200,True,"object; keys=bonus_review_pending,feedback_pending,kyc_pending,mall_order_pending,withdraw_pending",FAT admin authenticated browser session; exact permission/role mapping pending,No mutation observed in this discovery action,Not applicable for observed read interaction,Page/network response rendered; business data values not persisted,admin/other,获取系统通知数量-wesley/owen,后台/系统管理/通知中心/获取系统通知数量-wesley-owen.bru,ACTIVE,YES,fat-admin-page-initialization.json network events 131; live-menu route and DOM control snapshot,,
admin,Agent Management,Agency statistical report,/agency-management/agency-statistical,page_initialization,page initialization,GET,/admin/reports/agency,"end_time,field,page,page_size,sort,start_time",,,"accept,accept-language,client-id,client-version,d,lang,referer,sec-ch-ua,sec-ch-ua-mobile,sec-ch-ua-platform,t,user-agent,x-device-id",Query: route/filter/pagination values emitted by current UI state; Header: browser session/runtime,200,True,"object; keys=a,d,t",FAT admin authenticated browser session; exact permission/role mapping pending,No mutation observed in this discovery action,Not applicable for observed read interaction,Page/network response rendered; business data values not persisted,admin/report,代理统计报表,后台/代理管理/代理统计报表.bru,ACTIVE,YES,fat-admin-page-initialization.json network events 132; live-menu route and DOM control snapshot,,
admin,Agent Management,Agency statistical report,/agency-management/agency-statistical,page_initialization,page initialization,GET,/admin/sys/config/compliance/status,,,,"accept,accept-language,client-id,client-version,d,lang,referer,sec-ch-ua,sec-ch-ua-mobile,sec-ch-ua-platform,t,user-agent,x-device-id",Header: browser session/runtime,200,True,"object; keys=effective_open,effective_reason,effective_status_msg",FAT admin authenticated browser session; exact permission/role mapping pending,No mutation observed in this discovery action,Not applicable for observed read interaction,Page/network response rendered; business data values not persisted,,,,UNDOCUMENTED_ACTIVE,YES,fat-admin-page-initialization.json network events 129; live-menu route and DOM control snapshot,,
admin,Agent Management,Agency statistical report,/agency-management/agency-statistical,page_initialization,page initialization,POST,/admin/game/search,,,,"accept,accept-language,client-id,client-version,content-type,d,lang,referer,sec-ch-ua,sec-ch-ua-mobile,sec-ch-ua-platform,t,user-agent,x-device-id",Header: browser session/runtime,200,True,"object; keys=ids,list,page,page_size,s,t",FAT admin authenticated browser session; exact permission/role mapping pending,No mutation observed in this discovery action,Not applicable for observed read interaction,Page/network response rendered; business data values not persisted,admin/game,+游戏列表查询-owen-aliang,后台/game管理/游戏管理/+游戏列表查询-owen-aliang.bru,ACTIVE,YES,"fat-admin-page-initialization.json network events 133,134,135,136,137,138,139,140; live-menu route and DOM control snapshot",,
admin,Agent Management,Agency statistical report,/agency-management/agency-statistical,page_initialization,page initialization,POST,/admin/gameclass/list,,,,"accept,accept-language,client-id,client-version,content-type,d,lang,referer,sec-ch-ua,sec-ch-ua-mobile,sec-ch-ua-platform,t,user-agent,x-device-id",Header: browser session/runtime,200,True,"object; keys=list,page,page_size,s,t",FAT admin authenticated browser session; exact permission/role mapping pending,No mutation observed in this discovery action,Not applicable for observed read interaction,Page/network response rendered; business data values not persisted,admin/game,+查询场馆列表-owen,后台/game管理/场馆管理/+查询场馆列表-owen.bru,ACTIVE,YES,fat-admin-page-initialization.json network events 130; live-menu route and DOM control snapshot,,
admin,Game,Betting Record,/game/bet-orders,page_initialization,page initialization,GET,/admin/me/detail,,,,"accept,accept-language,client-id,client-version,d,lang,referer,sec-ch-ua,sec-ch-ua-mobile,sec-ch-ua-platform,t,user-agent,x-device-id",Header: browser session/runtime,200,True,"object; keys=avatar,bind_time,button_permission_ids,cmpl,create_name,created_at,email,google_secret,group_id,id,last_login_ip,last_login_time,login_password,nickname,operator_name,pwd_edit_time,roles,sid,status,stores,updated_at,username",FAT admin authenticated browser session; exact permission/role mapping pending,No mutation observed in this discovery action,Not applicable for observed read interaction,Page/network response rendered; business data values not persisted,admin/other,后台账户详情(当前登陆信息)-seven,后台/后台账号管理/后台账户详情(当前登陆信息)-seven.bru,ACTIVE,YES,fat-admin-page-initialization.json network events 690; live-menu route and DOM control snapshot,,
admin,Game,Betting Record,/game/bet-orders,page_initialization,page initialization,GET,/admin/notify/audit/alarm,t,,,"accept,accept-language,client-id,client-version,d,lang,referer,sec-ch-ua,sec-ch-ua-mobile,sec-ch-ua-platform,t,user-agent,x-device-id",Query: route/filter/pagination values emitted by current UI state; Header: browser session/runtime,200,True,"object; keys=bonus_review_pending,feedback_pending,kyc_pending,mall_order_pending,withdraw_pending",FAT admin authenticated browser session; exact permission/role mapping pending,No mutation observed in this discovery action,Not applicable for observed read interaction,Page/network response rendered; business data values not persisted,admin/other,获取系统通知数量-wesley/owen,后台/系统管理/通知中心/获取系统通知数量-wesley-owen.bru,ACTIVE,YES,fat-admin-page-initialization.json network events 692; live-menu route and DOM control snapshot,,
admin,Game,Betting Record,/game/bet-orders,page_initialization,page initialization,GET,/admin/sys/config/compliance/status,,,,"accept,accept-language,client-id,client-version,d,lang,referer,sec-ch-ua,sec-ch-ua-mobile,sec-ch-ua-platform,t,user-agent,x-device-id",Header: browser session/runtime,200,True,"object; keys=effective_open,effective_reason,effective_status_msg",FAT admin authenticated browser session; exact permission/role mapping pending,No mutation observed in this discovery action,Not applicable for observed read interaction,Page/network response rendered; business data values not persisted,,,,UNDOCUMENTED_ACTIVE,YES,fat-admin-page-initialization.json network events 691; live-menu route and DOM control snapshot,,
admin,Game,Betting Record,/game/bet-orders,page_initialization,page initialization,POST,/admin/game/search,,,,"accept,accept-language,client-id,client-version,content-type,d,lang,referer,sec-ch-ua,sec-ch-ua-mobile,sec-ch-ua-platform,t,user-agent,x-device-id",Header: browser session/runtime,200,,unknown,FAT admin authenticated browser session; exact permission/role mapping pending,No mutation observed in this discovery action,Not applicable for observed read interaction,Page/network response rendered; business data values not persisted,admin/game,+游戏列表查询-owen-aliang,后台/game管理/游戏管理/+游戏列表查询-owen-aliang.bru,ACTIVE,YES,fat-admin-page-initialization.json network events 689; live-menu route and DOM control snapshot,,
admin,Game,Betting Record,/game/bet-orders,page_initialization,page initialization,POST,/admin/game/search,,,,"accept,accept-language,client-id,client-version,content-type,d,lang,referer,sec-ch-ua,sec-ch-ua-mobile,sec-ch-ua-platform,t,user-agent,x-device-id",Header: browser session/runtime,200,True,"object; keys=ids,list,page,page_size,s,t",FAT admin authenticated browser session; exact permission/role mapping pending,No mutation observed in this discovery action,Not applicable for observed read interaction,Page/network response rendered; business data values not persisted,admin/game,+游戏列表查询-owen-aliang,后台/game管理/游戏管理/+游戏列表查询-owen-aliang.bru,ACTIVE,YES,"fat-admin-page-initialization.json network events 694,695,696,697,698,699,700,701; live-menu route and DOM control snapshot",,
admin,Game,Betting Record,/game/bet-orders,page_initialization,page initialization,POST,/admin/gameclass/list,,,,"accept,accept-language,client-id,client-version,content-type,d,lang,referer,sec-ch-ua,sec-ch-ua-mobile,sec-ch-ua-platform,t,user-agent,x-device-id",Header: browser session/runtime,200,True,"object; keys=list,page,page_size,s,t",FAT admin authenticated browser session; exact permission/role mapping pending,No mutation observed in this discovery action,Not applicable for observed read interaction,Page/network response rendered; business data values not persisted,admin/game,+查询场馆列表-owen,后台/game管理/场馆管理/+查询场馆列表-owen.bru,ACTIVE,YES,fat-admin-page-initialization.json network events 693; live-menu route and DOM control snapshot,,
admin,Game,FS 派发管理,/gamev2/freespin-grants,page_initialization,page initialization,GET,/admin/me/detail,,,,"accept,accept-language,client-id,client-version,d,lang,referer,sec-ch-ua,sec-ch-ua-mobile,sec-ch-ua-platform,t,user-agent,x-device-id",Header: browser session/runtime,200,True,"object; keys=avatar,bind_time,button_permission_ids,cmpl,create_name,created_at,email,google_secret,group_id,id,last_login_ip,last_login_time,login_password,nickname,operator_name,pwd_edit_time,roles,sid,status,stores,updated_at,username",FAT admin authenticated browser session; exact permission/role mapping pending,No mutation observed in this discovery action,Not applicable for observed read interaction,Page/network response rendered; business data values not persisted,admin/other,后台账户详情(当前登陆信息)-seven,后台/后台账号管理/后台账户详情(当前登陆信息)-seven.bru,ACTIVE,YES,fat-admin-page-initialization.json network events 746; live-menu route and DOM control snapshot,,
admin,Game,FS 派发管理,/gamev2/freespin-grants,page_initialization,page initialization,GET,/admin/notify/audit/alarm,t,,,"accept,accept-language,client-id,client-version,d,lang,referer,sec-ch-ua,sec-ch-ua-mobile,sec-ch-ua-platform,t,user-agent,x-device-id",Query: route/filter/pagination values emitted by current UI state; Header: browser session/runtime,200,True,"object; keys=bonus_review_pending,feedback_pending,kyc_pending,mall_order_pending,withdraw_pending",FAT admin authenticated browser session; exact permission/role mapping pending,No mutation observed in this discovery action,Not applicable for observed read interaction,Page/network response rendered; business data values not persisted,admin/other,获取系统通知数量-wesley/owen,后台/系统管理/通知中心/获取系统通知数量-wesley-owen.bru,ACTIVE,YES,fat-admin-page-initialization.json network events 751; live-menu route and DOM control snapshot,,
admin,Game,FS 派发管理,/gamev2/freespin-grants,page_initialization,page initialization,GET,/admin/priv/check,path,,,"accept,accept-language,client-id,client-version,d,lang,referer,sec-ch-ua,sec-ch-ua-mobile,sec-ch-ua-platform,t,user-agent,x-device-id",Query: route/filter/pagination values emitted by current UI state; Header: browser session/runtime,200,True,object; keys=rights,FAT admin authenticated browser session; exact permission/role mapping pending,No mutation observed in this discovery action,Not applicable for observed read interaction,Page/network response rendered; business data values not persisted,admin/permission,权限检查,后台/系统管理/权限管理/权限检查.bru,ACTIVE,YES,"fat-admin-page-initialization.json network events 747,748,749; live-menu route and DOM control snapshot",,
admin,Game,FS 派发管理,/gamev2/freespin-grants,page_initialization,page initialization,GET,/admin/promo/free/spin/list,"created_etime,created_stime,page,page_size",,,"accept,accept-language,client-id,client-version,d,lang,referer,sec-ch-ua,sec-ch-ua-mobile,sec-ch-ua-platform,t,user-agent,x-device-id",Query: route/filter/pagination values emitted by current UI state; Header: browser session/runtime,200,True,"object; keys=d,summar,t",FAT admin authenticated browser session; exact permission/role mapping pending,No mutation observed in this discovery action,Not applicable for observed read interaction,Page/network response rendered; business data values not persisted,admin/promo,列表,活动/后台-活动管理/freeSpin/列表.bru,ACTIVE,YES,fat-admin-page-initialization.json network events 755; live-menu route and DOM control snapshot,,
admin,Game,FS 派发管理,/gamev2/freespin-grants,page_initialization,page initialization,GET,/admin/promo/list,"page,page_size",,,"accept,accept-language,client-id,client-version,d,lang,referer,sec-ch-ua,sec-ch-ua-mobile,sec-ch-ua-platform,t,user-agent,x-device-id",Query: route/filter/pagination values emitted by current UI state; Header: browser session/runtime,200,True,"object; keys=d,s,t,update_users",FAT admin authenticated browser session; exact permission/role mapping pending,No mutation observed in this discovery action,Not applicable for observed read interaction,Page/network response rendered; business data values not persisted,admin/promo,活动列表 - felix,后台/活动/活动列表 - felix.bru,ACTIVE,YES,fat-admin-page-initialization.json network events 754; live-menu route and DOM control snapshot,,
admin,Game,FS 派发管理,/gamev2/freespin-grants,page_initialization,page initialization,GET,/admin/sys/config/compliance/status,,,,"accept,accept-language,client-id,client-version,d,lang,referer,sec-ch-ua,sec-ch-ua-mobile,sec-ch-ua-platform,t,user-agent,x-device-id",Header: browser session/runtime,200,True,"object; keys=effective_open,effective_reason,effective_status_msg",FAT admin authenticated browser session; exact permission/role mapping pending,No mutation observed in this discovery action,Not applicable for observed read interaction,Page/network response rendered; business data values not persisted,,,,UNDOCUMENTED_ACTIVE,YES,fat-admin-page-initialization.json network events 750; live-menu route and DOM control snapshot,,
admin,Game,FS 派发管理,/gamev2/freespin-grants,page_initialization,page initialization,POST,/admin/game/search,,,,"accept,accept-language,client-id,client-version,content-type,d,lang,referer,sec-ch-ua,sec-ch-ua-mobile,sec-ch-ua-platform,t,user-agent,x-device-id",Header: browser session/runtime,200,True,"object; keys=ids,list,page,page_size,s,t",FAT admin authenticated browser session; exact permission/role mapping pending,No mutation observed in this discovery action,Not applicable for observed read interaction,Page/network response rendered; business data values not persisted,admin/game,+游戏列表查询-owen-aliang,后台/game管理/游戏管理/+游戏列表查询-owen-aliang.bru,ACTIVE,YES,"fat-admin-page-initialization.json network events 756,757,758,759,760,761,762,763; live-menu route and DOM control snapshot",,
admin,Game,FS 派发管理,/gamev2/freespin-grants,page_initialization,page initialization,POST,/admin/gameclass/list,,,,"accept,accept-language,client-id,client-version,content-type,d,lang,referer,sec-ch-ua,sec-ch-ua-mobile,sec-ch-ua-platform,t,user-agent,x-device-id",Header: browser session/runtime,200,True,"object; keys=list,page,page_size,s,t",FAT admin authenticated browser session; exact permission/role mapping pending,No mutation observed in this discovery action,Not applicable for observed read interaction,Page/network response rendered; business data values not persisted,admin/game,+查询场馆列表-owen,后台/game管理/场馆管理/+查询场馆列表-owen.bru,ACTIVE,YES,fat-admin-page-initialization.json network events 752; live-menu route and DOM control snapshot,,
admin,Game,FS 派发管理,/gamev2/freespin-grants,page_initialization,page initialization,POST,/admin/platform/search,,,,"accept,accept-language,client-id,client-version,content-type,d,lang,referer,sec-ch-ua,sec-ch-ua-mobile,sec-ch-ua-platform,t,user-agent,x-device-id",Header: browser session/runtime,200,True,"object; keys=list,page,page_size,s,t",FAT admin authenticated browser session; exact permission/role mapping pending,No mutation observed in this discovery action,Not applicable for observed read interaction,Page/network response rendered; business data values not persisted,admin/game,+查询厂商列表-owen,后台/game管理/厂商管理/+查询厂商列表-owen.bru,ACTIVE,YES,fat-admin-page-initialization.json network events 753; live-menu route and DOM control snapshot,,
admin,Game,FS 批量派发纪录,/gamev2/freespin-import-logs,page_initialization,page initialization,GET,/admin/me/detail,,,,"accept,accept-language,client-id,client-version,d,lang,referer,sec-ch-ua,sec-ch-ua-mobile,sec-ch-ua-platform,t,user-agent,x-device-id",Header: browser session/runtime,200,True,"object; keys=avatar,bind_time,button_permission_ids,cmpl,create_name,created_at,email,google_secret,group_id,id,last_login_ip,last_login_time,login_password,nickname,operator_name,pwd_edit_time,roles,sid,status,stores,updated_at,username",FAT admin authenticated browser session; exact permission/role mapping pending,No mutation observed in this discovery action,Not applicable for observed read interaction,Page/network response rendered; business data values not persisted,admin/other,后台账户详情(当前登陆信息)-seven,后台/后台账号管理/后台账户详情(当前登陆信息)-seven.bru,ACTIVE,YES,fat-admin-page-initialization.json network events 764; live-menu route and DOM control snapshot,,
admin,Game,FS 批量派发纪录,/gamev2/freespin-import-logs,page_initialization,page initialization,GET,/admin/notify/audit/alarm,t,,,"accept,accept-language,client-id,client-version,d,lang,referer,sec-ch-ua,sec-ch-ua-mobile,sec-ch-ua-platform,t,user-agent,x-device-id",Query: route/filter/pagination values emitted by current UI state; Header: browser session/runtime,200,True,"object; keys=bonus_review_pending,feedback_pending,kyc_pending,mall_order_pending,withdraw_pending",FAT admin authenticated browser session; exact permission/role mapping pending,No mutation observed in this discovery action,Not applicable for observed read interaction,Page/network response rendered; business data values not persisted,admin/other,获取系统通知数量-wesley/owen,后台/系统管理/通知中心/获取系统通知数量-wesley-owen.bru,ACTIVE,YES,fat-admin-page-initialization.json network events 767; live-menu route and DOM control snapshot,,
admin,Game,FS 批量派发纪录,/gamev2/freespin-import-logs,page_initialization,page initialization,GET,/admin/promo/free/spin/import/log,"created_etime,created_stime,page,page_size",,,"accept,accept-language,client-id,client-version,d,lang,referer,sec-ch-ua,sec-ch-ua-mobile,sec-ch-ua-platform,t,user-agent,x-device-id",Query: route/filter/pagination values emitted by current UI state; Header: browser session/runtime,200,True,"object; keys=d,t",FAT admin authenticated browser session; exact permission/role mapping pending,No mutation observed in this discovery action,Not applicable for observed read interaction,Page/network response rendered; business data values not persisted,admin/promo,fs批量派发记录,活动/后台-活动管理/freeSpin/fs批量派发记录.bru,ACTIVE,YES,fat-admin-page-initialization.json network events 768; live-menu route and DOM control snapshot,,
admin,Game,FS 批量派发纪录,/gamev2/freespin-import-logs,page_initialization,page initialization,GET,/admin/sys/config/compliance/status,,,,"accept,accept-language,client-id,client-version,d,lang,referer,sec-ch-ua,sec-ch-ua-mobile,sec-ch-ua-platform,t,user-agent,x-device-id",Header: browser session/runtime,200,True,"object; keys=effective_open,effective_reason,effective_status_msg",FAT admin authenticated browser session; exact permission/role mapping pending,No mutation observed in this discovery action,Not applicable for observed read interaction,Page/network response rendered; business data values not persisted,,,,UNDOCUMENTED_ACTIVE,YES,fat-admin-page-initialization.json network events 765; live-menu route and DOM control snapshot,,
admin,Game,FS 批量派发纪录,/gamev2/freespin-import-logs,page_initialization,page initialization,POST,/admin/game/search,,,,"accept,accept-language,client-id,client-version,content-type,d,lang,referer,sec-ch-ua,sec-ch-ua-mobile,sec-ch-ua-platform,t,user-agent,x-device-id",Header: browser session/runtime,200,True,"object; keys=ids,list,page,page_size,s,t",FAT admin authenticated browser session; exact permission/role mapping pending,No mutation observed in this discovery action,Not applicable for observed read interaction,Page/network response rendered; business data values not persisted,admin/game,+游戏列表查询-owen-aliang,后台/game管理/游戏管理/+游戏列表查询-owen-aliang.bru,ACTIVE,YES,"fat-admin-page-initialization.json network events 769,770,771,772,773,774,775,776; live-menu route and DOM control snapshot",,
admin,Game,FS 批量派发纪录,/gamev2/freespin-import-logs,page_initialization,page initialization,POST,/admin/gameclass/list,,,,"accept,accept-language,client-id,client-version,content-type,d,lang,referer,sec-ch-ua,sec-ch-ua-mobile,sec-ch-ua-platform,t,user-agent,x-device-id",Header: browser session/runtime,200,True,"object; keys=list,page,page_size,s,t",FAT admin authenticated browser session; exact permission/role mapping pending,No mutation observed in this discovery action,Not applicable for observed read interaction,Page/network response rendered; business data values not persisted,admin/game,+查询场馆列表-owen,后台/game管理/场馆管理/+查询场馆列表-owen.bru,ACTIVE,YES,fat-admin-page-initialization.json network events 766; live-menu route and DOM control snapshot,,
admin,Game,Game List Management,/gamev2/game-management,page_initialization,page initialization,GET,/admin/me/detail,,,,"accept,accept-language,client-id,client-version,d,lang,referer,sec-ch-ua,sec-ch-ua-mobile,sec-ch-ua-platform,t,user-agent,x-device-id",Header: browser session/runtime,200,True,"object; keys=avatar,bind_time,button_permission_ids,cmpl,create_name,created_at,email,google_secret,group_id,id,last_login_ip,last_login_time,login_password,nickname,operator_name,pwd_edit_time,roles,sid,status,stores,updated_at,username",FAT admin authenticated browser session; exact permission/role mapping pending,No mutation observed in this discovery action,Not applicable for observed read interaction,Page/network response rendered; business data values not persisted,admin/other,后台账户详情(当前登陆信息)-seven,后台/后台账号管理/后台账户详情(当前登陆信息)-seven.bru,ACTIVE,YES,fat-admin-page-initialization.json network events 729; live-menu route and DOM control snapshot,,
admin,Game,Game List Management,/gamev2/game-management,page_initialization,page initialization,GET,/admin/notify/audit/alarm,t,,,"accept,accept-language,client-id,client-version,d,lang,referer,sec-ch-ua,sec-ch-ua-mobile,sec-ch-ua-platform,t,user-agent,x-device-id",Query: route/filter/pagination values emitted by current UI state; Header: browser session/runtime,200,True,"object; keys=bonus_review_pending,feedback_pending,kyc_pending,mall_order_pending,withdraw_pending",FAT admin authenticated browser session; exact permission/role mapping pending,No mutation observed in this discovery action,Not applicable for observed read interaction,Page/network response rendered; business data values not persisted,admin/other,获取系统通知数量-wesley/owen,后台/系统管理/通知中心/获取系统通知数量-wesley-owen.bru,ACTIVE,YES,fat-admin-page-initialization.json network events 733; live-menu route and DOM control snapshot,,
admin,Game,Game List Management,/gamev2/game-management,page_initialization,page initialization,GET,/admin/sys/config/compliance/status,,,,"accept,accept-language,client-id,client-version,d,lang,referer,sec-ch-ua,sec-ch-ua-mobile,sec-ch-ua-platform,t,user-agent,x-device-id",Header: browser session/runtime,200,True,"object; keys=effective_open,effective_reason,effective_status_msg",FAT admin authenticated browser session; exact permission/role mapping pending,No mutation observed in this discovery action,Not applicable for observed read interaction,Page/network response rendered; business data values not persisted,,,,UNDOCUMENTED_ACTIVE,YES,fat-admin-page-initialization.json network events 731; live-menu route and DOM control snapshot,,
admin,Game,Game List Management,/gamev2/game-management,page_initialization,page initialization,POST,/admin/game/dicttypetag/list,,,,"accept,accept-language,client-id,client-version,content-type,d,lang,referer,sec-ch-ua,sec-ch-ua-mobile,sec-ch-ua-platform,t,user-agent,x-device-id",Header: browser session/runtime,200,True,"object; keys=list,page,page_size,s,t",FAT admin authenticated browser session; exact permission/role mapping pending,No mutation observed in this discovery action,Not applicable for observed read interaction,Page/network response rendered; business data values not persisted,admin/game,+获取 <类型标签> 列表-owen,后台/game管理/游戏管理/+获取 -类型标签- 列表-owen.bru,ACTIVE,YES,fat-admin-page-initialization.json network events 732; live-menu route and DOM control snapshot,,
admin,Game,Game List Management,/gamev2/game-management,page_initialization,page initialization,POST,/admin/game/dictweighttag/list,,,,"accept,accept-language,client-id,client-version,content-type,d,lang,referer,sec-ch-ua,sec-ch-ua-mobile,sec-ch-ua-platform,t,user-agent,x-device-id",Header: browser session/runtime,200,True,"object; keys=list,page,page_size,s,t",FAT admin authenticated browser session; exact permission/role mapping pending,No mutation observed in this discovery action,Not applicable for observed read interaction,Page/network response rendered; business data values not persisted,admin/game,+获取 <权重标签> 列表-owen,后台/game管理/游戏管理/+获取 -权重标签- 列表-owen.bru,ACTIVE,YES,fat-admin-page-initialization.json network events 730; live-menu route and DOM control snapshot,,
admin,Game,Game List Management,/gamev2/game-management,page_initialization,page initialization,POST,/admin/game/search,,,,"accept,accept-language,client-id,client-version,content-type,d,lang,referer,sec-ch-ua,sec-ch-ua-mobile,sec-ch-ua-platform,t,user-agent,x-device-id",Header: browser session/runtime,200,True,"object; keys=ids,list,page,page_size,s,t",FAT admin authenticated browser session; exact permission/role mapping pending,No mutation observed in this discovery action,Not applicable for observed read interaction,Page/network response rendered; business data values not persisted,admin/game,+游戏列表查询-owen-aliang,后台/game管理/游戏管理/+游戏列表查询-owen-aliang.bru,ACTIVE,YES,"fat-admin-page-initialization.json network events 737,738,739,740,741,742,743,744; live-menu route and DOM control snapshot",,
admin,Game,Game List Management,/gamev2/game-management,page_initialization,page initialization,POST,/admin/game/search,,,,"accept,accept-language,client-id,client-version,content-type,d,lang,referer,sec-ch-ua,sec-ch-ua-mobile,sec-ch-ua-platform,t,user-agent,x-device-id",Header: browser session/runtime,200,,unknown,FAT admin authenticated browser session; exact permission/role mapping pending,No mutation observed in this discovery action,Not applicable for observed read interaction,Page/network response rendered; business data values not persisted,admin/game,+游戏列表查询-owen-aliang,后台/game管理/游戏管理/+游戏列表查询-owen-aliang.bru,ACTIVE,YES,fat-admin-page-initialization.json network events 745; live-menu route and DOM control snapshot,,
admin,Game,Game List Management,/gamev2/game-management,page_initialization,page initialization,POST,/admin/gameclass/list,,,,"accept,accept-language,client-id,client-version,content-type,d,lang,referer,sec-ch-ua,sec-ch-ua-mobile,sec-ch-ua-platform,t,user-agent,x-device-id",Header: browser session/runtime,200,True,"object; keys=list,page,page_size,s,t",FAT admin authenticated browser session; exact permission/role mapping pending,No mutation observed in this discovery action,Not applicable for observed read interaction,Page/network response rendered; business data values not persisted,admin/game,+查询场馆列表-owen,后台/game管理/场馆管理/+查询场馆列表-owen.bru,ACTIVE,YES,"fat-admin-page-initialization.json network events 734,736; live-menu route and DOM control snapshot",,
admin,Game,Game List Management,/gamev2/game-management,page_initialization,page initialization,POST,/admin/platform/search,,,,"accept,accept-language,client-id,client-version,content-type,d,lang,referer,sec-ch-ua,sec-ch-ua-mobile,sec-ch-ua-platform,t,user-agent,x-device-id",Header: browser session/runtime,200,True,"object; keys=list,page,page_size,s,t",FAT admin authenticated browser session; exact permission/role mapping pending,No mutation observed in this discovery action,Not applicable for observed read interaction,Page/network response rendered; business data values not persisted,admin/game,+查询厂商列表-owen,后台/game管理/厂商管理/+查询厂商列表-owen.bru,ACTIVE,YES,fat-admin-page-initialization.json network events 735; live-menu route and DOM control snapshot,,
admin,Game,Provider Management,/gamev2/manufacturer-management,page_initialization,page initialization,GET,/admin/me/detail,,,,"accept,accept-language,client-id,client-version,d,lang,referer,sec-ch-ua,sec-ch-ua-mobile,sec-ch-ua-platform,t,user-agent,x-device-id",Header: browser session/runtime,200,True,"object; keys=avatar,bind_time,button_permission_ids,cmpl,create_name,created_at,email,google_secret,group_id,id,last_login_ip,last_login_time,login_password,nickname,operator_name,pwd_edit_time,roles,sid,status,stores,updated_at,username",FAT admin authenticated browser session; exact permission/role mapping pending,No mutation observed in this discovery action,Not applicable for observed read interaction,Page/network response rendered; business data values not persisted,admin/other,后台账户详情(当前登陆信息)-seven,后台/后台账号管理/后台账户详情(当前登陆信息)-seven.bru,ACTIVE,YES,fat-admin-page-initialization.json network events 715; live-menu route and DOM control snapshot,,
admin,Game,Provider Management,/gamev2/manufacturer-management,page_initialization,page initialization,GET,/admin/notify/audit/alarm,t,,,"accept,accept-language,client-id,client-version,d,lang,referer,sec-ch-ua,sec-ch-ua-mobile,sec-ch-ua-platform,t,user-agent,x-device-id",Query: route/filter/pagination values emitted by current UI state; Header: browser session/runtime,200,True,"object; keys=bonus_review_pending,feedback_pending,kyc_pending,mall_order_pending,withdraw_pending",FAT admin authenticated browser session; exact permission/role mapping pending,No mutation observed in this discovery action,Not applicable for observed read interaction,Page/network response rendered; business data values not persisted,admin/other,获取系统通知数量-wesley/owen,后台/系统管理/通知中心/获取系统通知数量-wesley-owen.bru,ACTIVE,YES,fat-admin-page-initialization.json network events 719; live-menu route and DOM control snapshot,,
admin,Game,Provider Management,/gamev2/manufacturer-management,page_initialization,page initialization,GET,/admin/sys/config/compliance/status,,,,"accept,accept-language,client-id,client-version,d,lang,referer,sec-ch-ua,sec-ch-ua-mobile,sec-ch-ua-platform,t,user-agent,x-device-id",Header: browser session/runtime,200,True,"object; keys=effective_open,effective_reason,effective_status_msg",FAT admin authenticated browser session; exact permission/role mapping pending,No mutation observed in this discovery action,Not applicable for observed read interaction,Page/network response rendered; business data values not persisted,,,,UNDOCUMENTED_ACTIVE,YES,fat-admin-page-initialization.json network events 716; live-menu route and DOM control snapshot,,
admin,Game,Provider Management,/gamev2/manufacturer-management,page_initialization,page initialization,POST,/admin/game/dicttypetag/list,,,,"accept,accept-language,client-id,client-version,content-type,d,lang,referer,sec-ch-ua,sec-ch-ua-mobile,sec-ch-ua-platform,t,user-agent,x-device-id",Header: browser session/runtime,200,True,"object; keys=list,page,page_size,s,t",FAT admin authenticated browser session; exact permission/role mapping pending,No mutation observed in this discovery action,Not applicable for observed read interaction,Page/network response rendered; business data values not persisted,admin/game,+获取 <类型标签> 列表-owen,后台/game管理/游戏管理/+获取 -类型标签- 列表-owen.bru,ACTIVE,YES,fat-admin-page-initialization.json network events 717; live-menu route and DOM control snapshot,,
admin,Game,Provider Management,/gamev2/manufacturer-management,page_initialization,page initialization,POST,/admin/game/search,,,,"accept,accept-language,client-id,client-version,content-type,d,lang,referer,sec-ch-ua,sec-ch-ua-mobile,sec-ch-ua-platform,t,user-agent,x-device-id",Header: browser session/runtime,200,True,"object; keys=ids,list,page,page_size,s,t",FAT admin authenticated browser session; exact permission/role mapping pending,No mutation observed in this discovery action,Not applicable for observed read interaction,Page/network response rendered; business data values not persisted,admin/game,+游戏列表查询-owen-aliang,后台/game管理/游戏管理/+游戏列表查询-owen-aliang.bru,ACTIVE,YES,"fat-admin-page-initialization.json network events 721,722,723,724,725,726,727,728; live-menu route and DOM control snapshot",,
admin,Game,Provider Management,/gamev2/manufacturer-management,page_initialization,page initialization,POST,/admin/gameclass/list,,,,"accept,accept-language,client-id,client-version,content-type,d,lang,referer,sec-ch-ua,sec-ch-ua-mobile,sec-ch-ua-platform,t,user-agent,x-device-id",Header: browser session/runtime,200,True,"object; keys=list,page,page_size,s,t",FAT admin authenticated browser session; exact permission/role mapping pending,No mutation observed in this discovery action,Not applicable for observed read interaction,Page/network response rendered; business data values not persisted,admin/game,+查询场馆列表-owen,后台/game管理/场馆管理/+查询场馆列表-owen.bru,ACTIVE,YES,fat-admin-page-initialization.json network events 718; live-menu route and DOM control snapshot,,
admin,Game,Provider Management,/gamev2/manufacturer-management,page_initialization,page initialization,POST,/admin/platform/search,,,,"accept,accept-language,client-id,client-version,content-type,d,lang,referer,sec-ch-ua,sec-ch-ua-mobile,sec-ch-ua-platform,t,user-agent,x-device-id",Header: browser session/runtime,200,True,"object; keys=list,page,page_size,s,t",FAT admin authenticated browser session; exact permission/role mapping pending,No mutation observed in this discovery action,Not applicable for observed read interaction,Page/network response rendered; business data values not persisted,admin/game,+查询厂商列表-owen,后台/game管理/厂商管理/+查询厂商列表-owen.bru,ACTIVE,YES,fat-admin-page-initialization.json network events 720; live-menu route and DOM control snapshot,,
admin,Game,Venue Management,/gamev2/venue-settings,page_initialization,page initialization,GET,/admin/me/detail,,,,"accept,accept-language,client-id,client-version,d,lang,referer,sec-ch-ua,sec-ch-ua-mobile,sec-ch-ua-platform,t,user-agent,x-device-id",Header: browser session/runtime,200,True,"object; keys=avatar,bind_time,button_permission_ids,cmpl,create_name,created_at,email,google_secret,group_id,id,last_login_ip,last_login_time,login_password,nickname,operator_name,pwd_edit_time,roles,sid,status,stores,updated_at,username",FAT admin authenticated browser session; exact permission/role mapping pending,No mutation observed in this discovery action,Not applicable for observed read interaction,Page/network response rendered; business data values not persisted,admin/other,后台账户详情(当前登陆信息)-seven,后台/后台账号管理/后台账户详情(当前登陆信息)-seven.bru,ACTIVE,YES,fat-admin-page-initialization.json network events 702; live-menu route and DOM control snapshot,,
admin,Game,Venue Management,/gamev2/venue-settings,page_initialization,page initialization,GET,/admin/notify/audit/alarm,t,,,"accept,accept-language,client-id,client-version,d,lang,referer,sec-ch-ua,sec-ch-ua-mobile,sec-ch-ua-platform,t,user-agent,x-device-id",Query: route/filter/pagination values emitted by current UI state; Header: browser session/runtime,200,True,"object; keys=bonus_review_pending,feedback_pending,kyc_pending,mall_order_pending,withdraw_pending",FAT admin authenticated browser session; exact permission/role mapping pending,No mutation observed in this discovery action,Not applicable for observed read interaction,Page/network response rendered; business data values not persisted,admin/other,获取系统通知数量-wesley/owen,后台/系统管理/通知中心/获取系统通知数量-wesley-owen.bru,ACTIVE,YES,fat-admin-page-initialization.json network events 705; live-menu route and DOM control snapshot,,
admin,Game,Venue Management,/gamev2/venue-settings,page_initialization,page initialization,GET,/admin/sys/config/compliance/status,,,,"accept,accept-language,client-id,client-version,d,lang,referer,sec-ch-ua,sec-ch-ua-mobile,sec-ch-ua-platform,t,user-agent,x-device-id",Header: browser session/runtime,200,True,"object; keys=effective_open,effective_reason,effective_status_msg",FAT admin authenticated browser session; exact permission/role mapping pending,No mutation observed in this discovery action,Not applicable for observed read interaction,Page/network response rendered; business data values not persisted,,,,UNDOCUMENTED_ACTIVE,YES,fat-admin-page-initialization.json network events 703; live-menu route and DOM control snapshot,,
admin,Game,Venue Management,/gamev2/venue-settings,page_initialization,page initialization,POST,/admin/game/search,,,,"accept,accept-language,client-id,client-version,content-type,d,lang,referer,sec-ch-ua,sec-ch-ua-mobile,sec-ch-ua-platform,t,user-agent,x-device-id",Header: browser session/runtime,200,True,"object; keys=ids,list,page,page_size,s,t",FAT admin authenticated browser session; exact permission/role mapping pending,No mutation observed in this discovery action,Not applicable for observed read interaction,Page/network response rendered; business data values not persisted,admin/game,+游戏列表查询-owen-aliang,后台/game管理/游戏管理/+游戏列表查询-owen-aliang.bru,ACTIVE,YES,"fat-admin-page-initialization.json network events 707,708,709,710,711,712,713,714; live-menu route and DOM control snapshot",,
admin,Game,Venue Management,/gamev2/venue-settings,page_initialization,page initialization,POST,/admin/gameclass/list,,,,"accept,accept-language,client-id,client-version,content-type,d,lang,referer,sec-ch-ua,sec-ch-ua-mobile,sec-ch-ua-platform,t,user-agent,x-device-id",Header: browser session/runtime,200,True,"object; keys=list,page,page_size,s,t",FAT admin authenticated browser session; exact permission/role mapping pending,No mutation observed in this discovery action,Not applicable for observed read interaction,Page/network response rendered; business data values not persisted,admin/game,+查询场馆列表-owen,后台/game管理/场馆管理/+查询场馆列表-owen.bru,ACTIVE,YES,"fat-admin-page-initialization.json network events 704,706; live-menu route and DOM control snapshot",,
admin,Home,Home,/home,page_initialization,page initialization,GET,/admin/me/detail,,,,"accept,accept-language,client-id,client-version,d,lang,referer,sec-ch-ua,sec-ch-ua-mobile,sec-ch-ua-platform,t,user-agent,x-device-id",Header: browser session/runtime,200,True,"object; keys=avatar,bind_time,button_permission_ids,cmpl,create_name,created_at,email,google_secret,group_id,id,last_login_ip,last_login_time,login_password,nickname,operator_name,pwd_edit_time,roles,sid,status,stores,updated_at,username",FAT admin authenticated browser session; exact permission/role mapping pending,No mutation observed in this discovery action,Not applicable for observed read interaction,Page/network response rendered; business data values not persisted,admin/other,后台账户详情(当前登陆信息)-seven,后台/后台账号管理/后台账户详情(当前登陆信息)-seven.bru,ACTIVE,YES,fat-admin-page-initialization.json network events 16; live-menu route and DOM control snapshot,,
admin,Home,Home,/home,page_initialization,page initialization,GET,/admin/notify/audit/alarm,t,,,"accept,accept-language,client-id,client-version,d,lang,referer,sec-ch-ua,sec-ch-ua-mobile,sec-ch-ua-platform,t,user-agent,x-device-id",Query: route/filter/pagination values emitted by current UI state; Header: browser session/runtime,200,True,"object; keys=bonus_review_pending,feedback_pending,kyc_pending,mall_order_pending,withdraw_pending",FAT admin authenticated browser session; exact permission/role mapping pending,No mutation observed in this discovery action,Not applicable for observed read interaction,Page/network response rendered; business data values not persisted,admin/other,获取系统通知数量-wesley/owen,后台/系统管理/通知中心/获取系统通知数量-wesley-owen.bru,ACTIVE,YES,fat-admin-page-initialization.json network events 19; live-menu route and DOM control snapshot,,
admin,Home,Home,/home,page_initialization,page initialization,GET,/admin/reports/bi/basic,report_type,,,"accept,accept-language,client-id,client-version,d,lang,referer,sec-ch-ua,sec-ch-ua-mobile,sec-ch-ua-platform,t,user-agent,x-device-id",Query: route/filter/pagination values emitted by current UI state; Header: browser session/runtime,200,True,"object; keys=arppu,arpu,balance,bets_deposit,bets_people,deposit_amount,deposit_people,dw_diff,ebingo_ggr,first_deposit,first_deposit_amount,game_ggr,ggr,injection_rate,login_count,new_deposit,new_deposit_amount,refill_deposit,refill_deposit_amount,reg_count,report_type,sports_ggr,valid_bet_amount,withdraw_amount,withdraw_people,ws_ggr",FAT admin authenticated browser session; exact permission/role mapping pending,No mutation observed in this discovery action,Not applicable for observed read interaction,Page/network response rendered; business data values not persisted,admin/report,首页BI,后台/报表/首页BI.bru,ACTIVE,YES,fat-admin-page-initialization.json network events 18; live-menu route and DOM control snapshot,,
admin,Home,Home,/home,page_initialization,page initialization,GET,/admin/reports/bi/chart,time_range,,,"accept,accept-language,client-id,client-version,d,lang,referer,sec-ch-ua,sec-ch-ua-mobile,sec-ch-ua-platform,t,user-agent,x-device-id",Query: route/filter/pagination values emitted by current UI state; Header: browser session/runtime,200,True,object; keys=d,FAT admin authenticated browser session; exact permission/role mapping pending,No mutation observed in this discovery action,Not applicable for observed read interaction,Page/network response rendered; business data values not persisted,,,,UNDOCUMENTED_ACTIVE,YES,fat-admin-page-initialization.json network events 21; live-menu route and DOM control snapshot,,
admin,Home,Home,/home,page_initialization,page initialization,GET,/admin/sys/config/compliance/status,,,,"accept,accept-language,client-id,client-version,d,lang,referer,sec-ch-ua,sec-ch-ua-mobile,sec-ch-ua-platform,t,user-agent,x-device-id",Header: browser session/runtime,200,True,"object; keys=effective_open,effective_reason,effective_status_msg",FAT admin authenticated browser session; exact permission/role mapping pending,No mutation observed in this discovery action,Not applicable for observed read interaction,Page/network response rendered; business data values not persisted,,,,UNDOCUMENTED_ACTIVE,YES,fat-admin-page-initialization.json network events 17; live-menu route and DOM control snapshot,,
admin,Home,Home,/home,page_initialization,page initialization,POST,/admin/game/search,,,,"accept,accept-language,client-id,client-version,content-type,d,lang,referer,sec-ch-ua,sec-ch-ua-mobile,sec-ch-ua-platform,t,user-agent,x-device-id",Header: browser session/runtime,200,True,"object; keys=ids,list,page,page_size,s,t",FAT admin authenticated browser session; exact permission/role mapping pending,No mutation observed in this discovery action,Not applicable for observed read interaction,Page/network response rendered; business data values not persisted,admin/game,+游戏列表查询-owen-aliang,后台/game管理/游戏管理/+游戏列表查询-owen-aliang.bru,ACTIVE,YES,"fat-admin-page-initialization.json network events 22,23,24,25,26,27,28,29; live-menu route and DOM control snapshot",,
admin,Home,Home,/home,page_initialization,page initialization,POST,/admin/gameclass/list,,,,"accept,accept-language,client-id,client-version,content-type,d,lang,referer,sec-ch-ua,sec-ch-ua-mobile,sec-ch-ua-platform,t,user-agent,x-device-id",Header: browser session/runtime,200,True,"object; keys=list,page,page_size,s,t",FAT admin authenticated browser session; exact permission/role mapping pending,No mutation observed in this discovery action,Not applicable for observed read interaction,Page/network response rendered; business data values not persisted,admin/game,+查询场馆列表-owen,后台/game管理/场馆管理/+查询场馆列表-owen.bru,ACTIVE,YES,fat-admin-page-initialization.json network events 20; live-menu route and DOM control snapshot,,
admin,KYC,KYC,/kyc,page_initialization,page initialization,GET,/admin/kyc/approved/count,,,,"accept,accept-language,client-id,client-version,d,lang,referer,sec-ch-ua,sec-ch-ua-mobile,sec-ch-ua-platform,t,user-agent,x-device-id",Header: browser session/runtime,200,True,"object; keys=kyc_approved,kyc_under_review",FAT admin authenticated browser session; exact permission/role mapping pending,No mutation observed in this discovery action,Not applicable for observed read interaction,Page/network response rendered; business data values not persisted,admin/kyc,统计每天审核通过数量,后台/kyc/统计每天审核通过数量.bru,ACTIVE,YES,fat-admin-page-initialization.json network events 33; live-menu route and DOM control snapshot,,
admin,KYC,KYC,/kyc,page_initialization,page initialization,GET,/admin/me/detail,,,,"accept,accept-language,client-id,client-version,d,lang,referer,sec-ch-ua,sec-ch-ua-mobile,sec-ch-ua-platform,t,user-agent,x-device-id",Header: browser session/runtime,200,True,"object; keys=avatar,bind_time,button_permission_ids,cmpl,create_name,created_at,email,google_secret,group_id,id,last_login_ip,last_login_time,login_password,nickname,operator_name,pwd_edit_time,roles,sid,status,stores,updated_at,username",FAT admin authenticated browser session; exact permission/role mapping pending,No mutation observed in this discovery action,Not applicable for observed read interaction,Page/network response rendered; business data values not persisted,admin/other,后台账户详情(当前登陆信息)-seven,后台/后台账号管理/后台账户详情(当前登陆信息)-seven.bru,ACTIVE,YES,fat-admin-page-initialization.json network events 31; live-menu route and DOM control snapshot,,
admin,KYC,KYC,/kyc,page_initialization,page initialization,GET,/admin/notify/audit/alarm,t,,,"accept,accept-language,client-id,client-version,d,lang,referer,sec-ch-ua,sec-ch-ua-mobile,sec-ch-ua-platform,t,user-agent,x-device-id",Query: route/filter/pagination values emitted by current UI state; Header: browser session/runtime,200,True,"object; keys=bonus_review_pending,feedback_pending,kyc_pending,mall_order_pending,withdraw_pending",FAT admin authenticated browser session; exact permission/role mapping pending,No mutation observed in this discovery action,Not applicable for observed read interaction,Page/network response rendered; business data values not persisted,admin/other,获取系统通知数量-wesley/owen,后台/系统管理/通知中心/获取系统通知数量-wesley-owen.bru,ACTIVE,YES,fat-admin-page-initialization.json network events 35; live-menu route and DOM control snapshot,,
admin,KYC,KYC,/kyc,page_initialization,page initialization,GET,/admin/sys/config/compliance/status,,,,"accept,accept-language,client-id,client-version,d,lang,referer,sec-ch-ua,sec-ch-ua-mobile,sec-ch-ua-platform,t,user-agent,x-device-id",Header: browser session/runtime,200,True,"object; keys=effective_open,effective_reason,effective_status_msg",FAT admin authenticated browser session; exact permission/role mapping pending,No mutation observed in this discovery action,Not applicable for observed read interaction,Page/network response rendered; business data values not persisted,,,,UNDOCUMENTED_ACTIVE,YES,fat-admin-page-initialization.json network events 32; live-menu route and DOM control snapshot,,
admin,KYC,KYC,/kyc,page_initialization,page initialization,POST,/admin/game/search,,,,"accept,accept-language,client-id,client-version,content-type,d,lang,referer,sec-ch-ua,sec-ch-ua-mobile,sec-ch-ua-platform,t,user-agent,x-device-id",Header: browser session/runtime,200,,unknown,FAT admin authenticated browser session; exact permission/role mapping pending,No mutation observed in this discovery action,Not applicable for observed read interaction,Page/network response rendered; business data values not persisted,admin/game,+游戏列表查询-owen-aliang,后台/game管理/游戏管理/+游戏列表查询-owen-aliang.bru,ACTIVE,YES,fat-admin-page-initialization.json network events 30; live-menu route and DOM control snapshot,,
admin,KYC,KYC,/kyc,page_initialization,page initialization,POST,/admin/game/search,,,,"accept,accept-language,client-id,client-version,content-type,d,lang,referer,sec-ch-ua,sec-ch-ua-mobile,sec-ch-ua-platform,t,user-agent,x-device-id",Header: browser session/runtime,200,True,"object; keys=ids,list,page,page_size,s,t",FAT admin authenticated browser session; exact permission/role mapping pending,No mutation observed in this discovery action,Not applicable for observed read interaction,Page/network response rendered; business data values not persisted,admin/game,+游戏列表查询-owen-aliang,后台/game管理/游戏管理/+游戏列表查询-owen-aliang.bru,ACTIVE,YES,"fat-admin-page-initialization.json network events 37,38,39,40,41,42,43,44; live-menu route and DOM control snapshot",,
admin,KYC,KYC,/kyc,page_initialization,page initialization,POST,/admin/gameclass/list,,,,"accept,accept-language,client-id,client-version,content-type,d,lang,referer,sec-ch-ua,sec-ch-ua-mobile,sec-ch-ua-platform,t,user-agent,x-device-id",Header: browser session/runtime,200,True,"object; keys=list,page,page_size,s,t",FAT admin authenticated browser session; exact permission/role mapping pending,No mutation observed in this discovery action,Not applicable for observed read interaction,Page/network response rendered; business data values not persisted,admin/game,+查询场馆列表-owen,后台/game管理/场馆管理/+查询场馆列表-owen.bru,ACTIVE,YES,fat-admin-page-initialization.json network events 34; live-menu route and DOM control snapshot,,
admin,KYC,KYC,/kyc,page_initialization,page initialization,POST,/admin/kyc/list,,,,"accept,accept-language,client-id,client-version,content-type,d,lang,referer,sec-ch-ua,sec-ch-ua-mobile,sec-ch-ua-platform,t,user-agent,x-device-id",Header: browser session/runtime,200,True,"object; keys=d,s,t",FAT admin authenticated browser session; exact permission/role mapping pending,No mutation observed in this discovery action,Not applicable for observed read interaction,Page/network response rendered; business data values not persisted,admin/kyc,获取 kyc 列表 - double/owen,后台/kyc/获取 kyc 列表 - double-owen.bru,ACTIVE,YES,fat-admin-page-initialization.json network events 36; live-menu route and DOM control snapshot,,
admin,Logs,Logs,/logs/list,page_initialization,page initialization,GET,/admin/log/list,"end_time,page,page_size,start_time",,,"accept,accept-language,client-id,client-version,d,lang,referer,sec-ch-ua,sec-ch-ua-mobile,sec-ch-ua-platform,t,user-agent,x-device-id",Query: route/filter/pagination values emitted by current UI state; Header: browser session/runtime,200,True,"object; keys=d,s,t",FAT admin authenticated browser session; exact permission/role mapping pending,No mutation observed in this discovery action,Not applicable for observed read interaction,Page/network response rendered; business data values not persisted,admin/other,操作日志,代理管理后台/系统/操作日志.bru,ACTIVE,YES,fat-admin-page-initialization.json network events 49; live-menu route and DOM control snapshot,,
admin,Logs,Logs,/logs/list,page_initialization,page initialization,GET,/admin/me/detail,,,,"accept,accept-language,client-id,client-version,d,lang,referer,sec-ch-ua,sec-ch-ua-mobile,sec-ch-ua-platform,t,user-agent,x-device-id",Header: browser session/runtime,200,True,"object; keys=avatar,bind_time,button_permission_ids,cmpl,create_name,created_at,email,google_secret,group_id,id,last_login_ip,last_login_time,login_password,nickname,operator_name,pwd_edit_time,roles,sid,status,stores,updated_at,username",FAT admin authenticated browser session; exact permission/role mapping pending,No mutation observed in this discovery action,Not applicable for observed read interaction,Page/network response rendered; business data values not persisted,admin/other,后台账户详情(当前登陆信息)-seven,后台/后台账号管理/后台账户详情(当前登陆信息)-seven.bru,ACTIVE,YES,fat-admin-page-initialization.json network events 45; live-menu route and DOM control snapshot,,
admin,Logs,Logs,/logs/list,page_initialization,page initialization,GET,/admin/notify/audit/alarm,t,,,"accept,accept-language,client-id,client-version,d,lang,referer,sec-ch-ua,sec-ch-ua-mobile,sec-ch-ua-platform,t,user-agent,x-device-id",Query: route/filter/pagination values emitted by current UI state; Header: browser session/runtime,200,True,"object; keys=bonus_review_pending,feedback_pending,kyc_pending,mall_order_pending,withdraw_pending",FAT admin authenticated browser session; exact permission/role mapping pending,No mutation observed in this discovery action,Not applicable for observed read interaction,Page/network response rendered; business data values not persisted,admin/other,获取系统通知数量-wesley/owen,后台/系统管理/通知中心/获取系统通知数量-wesley-owen.bru,ACTIVE,YES,fat-admin-page-initialization.json network events 47; live-menu route and DOM control snapshot,,
admin,Logs,Logs,/logs/list,page_initialization,page initialization,GET,/admin/sys/config/compliance/status,,,,"accept,accept-language,client-id,client-version,d,lang,referer,sec-ch-ua,sec-ch-ua-mobile,sec-ch-ua-platform,t,user-agent,x-device-id",Header: browser session/runtime,200,True,"object; keys=effective_open,effective_reason,effective_status_msg",FAT admin authenticated browser session; exact permission/role mapping pending,No mutation observed in this discovery action,Not applicable for observed read interaction,Page/network response rendered; business data values not persisted,,,,UNDOCUMENTED_ACTIVE,YES,fat-admin-page-initialization.json network events 46; live-menu route and DOM control snapshot,,
admin,Logs,Logs,/logs/list,page_initialization,page initialization,POST,/admin/game/search,,,,"accept,accept-language,client-id,client-version,content-type,d,lang,referer,sec-ch-ua,sec-ch-ua-mobile,sec-ch-ua-platform,t,user-agent,x-device-id",Header: browser session/runtime,200,True,"object; keys=ids,list,page,page_size,s,t",FAT admin authenticated browser session; exact permission/role mapping pending,No mutation observed in this discovery action,Not applicable for observed read interaction,Page/network response rendered; business data values not persisted,admin/game,+游戏列表查询-owen-aliang,后台/game管理/游戏管理/+游戏列表查询-owen-aliang.bru,ACTIVE,YES,"fat-admin-page-initialization.json network events 50,51,52,53,54,55,56,57; live-menu route and DOM control snapshot",,
admin,Logs,Logs,/logs/list,page_initialization,page initialization,POST,/admin/gameclass/list,,,,"accept,accept-language,client-id,client-version,content-type,d,lang,referer,sec-ch-ua,sec-ch-ua-mobile,sec-ch-ua-platform,t,user-agent,x-device-id",Header: browser session/runtime,200,True,"object; keys=list,page,page_size,s,t",FAT admin authenticated browser session; exact permission/role mapping pending,No mutation observed in this discovery action,Not applicable for observed read interaction,Page/network response rendered; business data values not persisted,admin/game,+查询场馆列表-owen,后台/game管理/场馆管理/+查询场馆列表-owen.bru,ACTIVE,YES,fat-admin-page-initialization.json network events 48; live-menu route and DOM control snapshot,,
admin,Member Management,Member,/member-center/list,page_initialization,page initialization,GET,/admin/channel/manage/dict,,,,"accept,accept-language,client-id,client-version,d,lang,referer,sec-ch-ua,sec-ch-ua-mobile,sec-ch-ua-platform,t,user-agent,x-device-id",Header: browser session/runtime,200,True,list,FAT admin authenticated browser session; exact permission/role mapping pending,No mutation observed in this discovery action,Not applicable for observed read interaction,Page/network response rendered; business data values not persisted,admin/other,渠道管理字典-todo,后台/运营管理/推广管理/渠道管理/渠道管理字典-todo.bru,ACTIVE,YES,fat-admin-page-initialization.json network events 60; live-menu route and DOM control snapshot,,
admin,Member Management,Member,/member-center/list,page_initialization,page initialization,GET,/admin/me/detail,,,,"accept,accept-language,client-id,client-version,d,lang,referer,sec-ch-ua,sec-ch-ua-mobile,sec-ch-ua-platform,t,user-agent,x-device-id",Header: browser session/runtime,200,True,"object; keys=avatar,bind_time,button_permission_ids,cmpl,create_name,created_at,email,google_secret,group_id,id,last_login_ip,last_login_time,login_password,nickname,operator_name,pwd_edit_time,roles,sid,status,stores,updated_at,username",FAT admin authenticated browser session; exact permission/role mapping pending,No mutation observed in this discovery action,Not applicable for observed read interaction,Page/network response rendered; business data values not persisted,admin/other,后台账户详情(当前登陆信息)-seven,后台/后台账号管理/后台账户详情(当前登陆信息)-seven.bru,ACTIVE,YES,fat-admin-page-initialization.json network events 59; live-menu route and DOM control snapshot,,
admin,Member Management,Member,/member-center/list,page_initialization,page initialization,GET,/admin/notify/audit/alarm,t,,,"accept,accept-language,client-id,client-version,d,lang,referer,sec-ch-ua,sec-ch-ua-mobile,sec-ch-ua-platform,t,user-agent,x-device-id",Query: route/filter/pagination values emitted by current UI state; Header: browser session/runtime,200,True,"object; keys=bonus_review_pending,feedback_pending,kyc_pending,mall_order_pending,withdraw_pending",FAT admin authenticated browser session; exact permission/role mapping pending,No mutation observed in this discovery action,Not applicable for observed read interaction,Page/network response rendered; business data values not persisted,admin/other,获取系统通知数量-wesley/owen,后台/系统管理/通知中心/获取系统通知数量-wesley-owen.bru,ACTIVE,YES,fat-admin-page-initialization.json network events 62; live-menu route and DOM control snapshot,,
admin,Member Management,Member,/member-center/list,page_initialization,page initialization,GET,/admin/sys/config/compliance/status,,,,"accept,accept-language,client-id,client-version,d,lang,referer,sec-ch-ua,sec-ch-ua-mobile,sec-ch-ua-platform,t,user-agent,x-device-id",Header: browser session/runtime,200,True,"object; keys=effective_open,effective_reason,effective_status_msg",FAT admin authenticated browser session; exact permission/role mapping pending,No mutation observed in this discovery action,Not applicable for observed read interaction,Page/network response rendered; business data values not persisted,,,,UNDOCUMENTED_ACTIVE,YES,fat-admin-page-initialization.json network events 61; live-menu route and DOM control snapshot,,
admin,Member Management,Member,/member-center/list,page_initialization,page initialization,POST,/admin/game/search,,,,"accept,accept-language,client-id,client-version,content-type,d,lang,referer,sec-ch-ua,sec-ch-ua-mobile,sec-ch-ua-platform,t,user-agent,x-device-id",Header: browser session/runtime,200,,unknown,FAT admin authenticated browser session; exact permission/role mapping pending,No mutation observed in this discovery action,Not applicable for observed read interaction,Page/network response rendered; business data values not persisted,admin/game,+游戏列表查询-owen-aliang,后台/game管理/游戏管理/+游戏列表查询-owen-aliang.bru,ACTIVE,YES,"fat-admin-page-initialization.json network events 58,72; live-menu route and DOM control snapshot",,
admin,Member Management,Member,/member-center/list,page_initialization,page initialization,POST,/admin/game/search,,,,"accept,accept-language,client-id,client-version,content-type,d,lang,referer,sec-ch-ua,sec-ch-ua-mobile,sec-ch-ua-platform,t,user-agent,x-device-id",Header: browser session/runtime,200,True,"object; keys=ids,list,page,page_size,s,t",FAT admin authenticated browser session; exact permission/role mapping pending,No mutation observed in this discovery action,Not applicable for observed read interaction,Page/network response rendered; business data values not persisted,admin/game,+游戏列表查询-owen-aliang,后台/game管理/游戏管理/+游戏列表查询-owen-aliang.bru,ACTIVE,YES,"fat-admin-page-initialization.json network events 65,66,67,68,69,70,71; live-menu route and DOM control snapshot",,
admin,Member Management,Member,/member-center/list,page_initialization,page initialization,POST,/admin/gameclass/list,,,,"accept,accept-language,client-id,client-version,content-type,d,lang,referer,sec-ch-ua,sec-ch-ua-mobile,sec-ch-ua-platform,t,user-agent,x-device-id",Header: browser session/runtime,200,True,"object; keys=list,page,page_size,s,t",FAT admin authenticated browser session; exact permission/role mapping pending,No mutation observed in this discovery action,Not applicable for observed read interaction,Page/network response rendered; business data values not persisted,admin/game,+查询场馆列表-owen,后台/game管理/场馆管理/+查询场馆列表-owen.bru,ACTIVE,YES,fat-admin-page-initialization.json network events 63; live-menu route and DOM control snapshot,,
admin,Member Management,Member,/member-center/list,page_initialization,page initialization,POST,/admin/member/list,,,"end_time,page,page_size,start_time","accept,accept-language,client-id,client-version,content-type,d,lang,referer,sec-ch-ua,sec-ch-ua-mobile,sec-ch-ua-platform,t,user-agent,x-device-id",Body: page form/filter or UI defaults; Header: browser session/runtime,200,True,"object; keys=d,page,page_size,summary,t",FAT admin authenticated browser session; exact permission/role mapping pending,No mutation observed in this discovery action,Not applicable for observed read interaction,Page/network response rendered; business data values not persisted,,,,UNDOCUMENTED_ACTIVE,YES,fat-admin-page-initialization.json network events 64; live-menu route and DOM control snapshot,,
admin,Member Management,Inviter Transfer Records,/member-management/inviter-transfer-records,page_initialization,page initialization,GET,/admin/me/detail,,,,"accept,accept-language,client-id,client-version,d,lang,referer,sec-ch-ua,sec-ch-ua-mobile,sec-ch-ua-platform,t,user-agent,x-device-id",Header: browser session/runtime,200,True,"object; keys=avatar,bind_time,button_permission_ids,cmpl,create_name,created_at,email,google_secret,group_id,id,last_login_ip,last_login_time,login_password,nickname,operator_name,pwd_edit_time,roles,sid,status,stores,updated_at,username",FAT admin authenticated browser session; exact permission/role mapping pending,No mutation observed in this discovery action,Not applicable for observed read interaction,Page/network response rendered; business data values not persisted,admin/other,后台账户详情(当前登陆信息)-seven,后台/后台账号管理/后台账户详情(当前登陆信息)-seven.bru,ACTIVE,YES,fat-admin-page-initialization.json network events 115; live-menu route and DOM control snapshot,,
admin,Member Management,Inviter Transfer Records,/member-management/inviter-transfer-records,page_initialization,page initialization,GET,/admin/notify/audit/alarm,t,,,"accept,accept-language,client-id,client-version,d,lang,referer,sec-ch-ua,sec-ch-ua-mobile,sec-ch-ua-platform,t,user-agent,x-device-id",Query: route/filter/pagination values emitted by current UI state; Header: browser session/runtime,200,True,"object; keys=bonus_review_pending,feedback_pending,kyc_pending,mall_order_pending,withdraw_pending",FAT admin authenticated browser session; exact permission/role mapping pending,No mutation observed in this discovery action,Not applicable for observed read interaction,Page/network response rendered; business data values not persisted,admin/other,获取系统通知数量-wesley/owen,后台/系统管理/通知中心/获取系统通知数量-wesley-owen.bru,ACTIVE,YES,fat-admin-page-initialization.json network events 118; live-menu route and DOM control snapshot,,
admin,Member Management,Inviter Transfer Records,/member-management/inviter-transfer-records,page_initialization,page initialization,GET,/admin/promo/invite/friends/transfer/list,"page,page_size",,,"accept,accept-language,client-id,client-version,d,lang,referer,sec-ch-ua,sec-ch-ua-mobile,sec-ch-ua-platform,t,user-agent,x-device-id",Query: route/filter/pagination values emitted by current UI state; Header: browser session/runtime,200,True,"object; keys=d,t",FAT admin authenticated browser session; exact permission/role mapping pending,No mutation observed in this discovery action,Not applicable for observed read interaction,Page/network response rendered; business data values not persisted,admin/promo,好友转线列表,后台/运营管理/邀请好友/好友转线列表.bru,ACTIVE,YES,fat-admin-page-initialization.json network events 119; live-menu route and DOM control snapshot,,
admin,Member Management,Inviter Transfer Records,/member-management/inviter-transfer-records,page_initialization,page initialization,GET,/admin/sys/config/compliance/status,,,,"accept,accept-language,client-id,client-version,d,lang,referer,sec-ch-ua,sec-ch-ua-mobile,sec-ch-ua-platform,t,user-agent,x-device-id",Header: browser session/runtime,200,True,"object; keys=effective_open,effective_reason,effective_status_msg",FAT admin authenticated browser session; exact permission/role mapping pending,No mutation observed in this discovery action,Not applicable for observed read interaction,Page/network response rendered; business data values not persisted,,,,UNDOCUMENTED_ACTIVE,YES,fat-admin-page-initialization.json network events 116; live-menu route and DOM control snapshot,,
admin,Member Management,Inviter Transfer Records,/member-management/inviter-transfer-records,page_initialization,page initialization,POST,/admin/game/search,,,,"accept,accept-language,client-id,client-version,content-type,d,lang,referer,sec-ch-ua,sec-ch-ua-mobile,sec-ch-ua-platform,t,user-agent,x-device-id",Header: browser session/runtime,200,,unknown,FAT admin authenticated browser session; exact permission/role mapping pending,No mutation observed in this discovery action,Not applicable for observed read interaction,Page/network response rendered; business data values not persisted,admin/game,+游戏列表查询-owen-aliang,后台/game管理/游戏管理/+游戏列表查询-owen-aliang.bru,ACTIVE,YES,fat-admin-page-initialization.json network events 114; live-menu route and DOM control snapshot,,
admin,Member Management,Inviter Transfer Records,/member-management/inviter-transfer-records,page_initialization,page initialization,POST,/admin/game/search,,,,"accept,accept-language,client-id,client-version,content-type,d,lang,referer,sec-ch-ua,sec-ch-ua-mobile,sec-ch-ua-platform,t,user-agent,x-device-id",Header: browser session/runtime,200,True,"object; keys=ids,list,page,page_size,s,t",FAT admin authenticated browser session; exact permission/role mapping pending,No mutation observed in this discovery action,Not applicable for observed read interaction,Page/network response rendered; business data values not persisted,admin/game,+游戏列表查询-owen-aliang,后台/game管理/游戏管理/+游戏列表查询-owen-aliang.bru,ACTIVE,YES,"fat-admin-page-initialization.json network events 120,121,122,123,124,125,126,127; live-menu route and DOM control snapshot",,
admin,Member Management,Inviter Transfer Records,/member-management/inviter-transfer-records,page_initialization,page initialization,POST,/admin/gameclass/list,,,,"accept,accept-language,client-id,client-version,content-type,d,lang,referer,sec-ch-ua,sec-ch-ua-mobile,sec-ch-ua-platform,t,user-agent,x-device-id",Header: browser session/runtime,200,True,"object; keys=list,page,page_size,s,t",FAT admin authenticated browser session; exact permission/role mapping pending,No mutation observed in this discovery action,Not applicable for observed read interaction,Page/network response rendered; business data values not persisted,admin/game,+查询场馆列表-owen,后台/game管理/场馆管理/+查询场馆列表-owen.bru,ACTIVE,YES,fat-admin-page-initialization.json network events 117; live-menu route and DOM control snapshot,,
admin,Member Management,VIP Check-in Log,/member-management/vip-checkin-log,page_initialization,page initialization,GET,/admin/me/detail,,,,"accept,accept-language,client-id,client-version,d,lang,referer,sec-ch-ua,sec-ch-ua-mobile,sec-ch-ua-platform,t,user-agent,x-device-id",Header: browser session/runtime,200,True,"object; keys=avatar,bind_time,button_permission_ids,cmpl,create_name,created_at,email,google_secret,group_id,id,last_login_ip,last_login_time,login_password,nickname,operator_name,pwd_edit_time,roles,sid,status,stores,updated_at,username",FAT admin authenticated browser session; exact permission/role mapping pending,No mutation observed in this discovery action,Not applicable for observed read interaction,Page/network response rendered; business data values not persisted,admin/other,后台账户详情(当前登陆信息)-seven,后台/后台账号管理/后台账户详情(当前登陆信息)-seven.bru,ACTIVE,YES,fat-admin-page-initialization.json network events 101; live-menu route and DOM control snapshot,,
admin,Member Management,VIP Check-in Log,/member-management/vip-checkin-log,page_initialization,page initialization,GET,/admin/notify/audit/alarm,t,,,"accept,accept-language,client-id,client-version,d,lang,referer,sec-ch-ua,sec-ch-ua-mobile,sec-ch-ua-platform,t,user-agent,x-device-id",Query: route/filter/pagination values emitted by current UI state; Header: browser session/runtime,200,True,"object; keys=bonus_review_pending,feedback_pending,kyc_pending,mall_order_pending,withdraw_pending",FAT admin authenticated browser session; exact permission/role mapping pending,No mutation observed in this discovery action,Not applicable for observed read interaction,Page/network response rendered; business data values not persisted,admin/other,获取系统通知数量-wesley/owen,后台/系统管理/通知中心/获取系统通知数量-wesley-owen.bru,ACTIVE,YES,fat-admin-page-initialization.json network events 103; live-menu route and DOM control snapshot,,
admin,Member Management,VIP Check-in Log,/member-management/vip-checkin-log,page_initialization,page initialization,GET,/admin/promo/vip/sign/in/list,"end_time,page,page_size,start_time",,,"accept,accept-language,client-id,client-version,d,lang,referer,sec-ch-ua,sec-ch-ua-mobile,sec-ch-ua-platform,t,user-agent,x-device-id",Query: route/filter/pagination values emitted by current UI state; Header: browser session/runtime,200,True,"object; keys=a,d,t",FAT admin authenticated browser session; exact permission/role mapping pending,No mutation observed in this discovery action,Not applicable for observed read interaction,Page/network response rendered; business data values not persisted,admin/promo,每日签到列表,后台/Vipv2/每日签到列表.bru,ACTIVE,YES,fat-admin-page-initialization.json network events 105; live-menu route and DOM control snapshot,,
admin,Member Management,VIP Check-in Log,/member-management/vip-checkin-log,page_initialization,page initialization,GET,/admin/sys/config/compliance/status,,,,"accept,accept-language,client-id,client-version,d,lang,referer,sec-ch-ua,sec-ch-ua-mobile,sec-ch-ua-platform,t,user-agent,x-device-id",Header: browser session/runtime,200,True,"object; keys=effective_open,effective_reason,effective_status_msg",FAT admin authenticated browser session; exact permission/role mapping pending,No mutation observed in this discovery action,Not applicable for observed read interaction,Page/network response rendered; business data values not persisted,,,,UNDOCUMENTED_ACTIVE,YES,fat-admin-page-initialization.json network events 102; live-menu route and DOM control snapshot,,
admin,Member Management,VIP Check-in Log,/member-management/vip-checkin-log,page_initialization,page initialization,POST,/admin/game/search,,,,"accept,accept-language,client-id,client-version,content-type,d,lang,referer,sec-ch-ua,sec-ch-ua-mobile,sec-ch-ua-platform,t,user-agent,x-device-id",Header: browser session/runtime,200,True,"object; keys=ids,list,page,page_size,s,t",FAT admin authenticated browser session; exact permission/role mapping pending,No mutation observed in this discovery action,Not applicable for observed read interaction,Page/network response rendered; business data values not persisted,admin/game,+游戏列表查询-owen-aliang,后台/game管理/游戏管理/+游戏列表查询-owen-aliang.bru,ACTIVE,YES,"fat-admin-page-initialization.json network events 106,107,108,109,110,111,112,113; live-menu route and DOM control snapshot",,
admin,Member Management,VIP Check-in Log,/member-management/vip-checkin-log,page_initialization,page initialization,POST,/admin/gameclass/list,,,,"accept,accept-language,client-id,client-version,content-type,d,lang,referer,sec-ch-ua,sec-ch-ua-mobile,sec-ch-ua-platform,t,user-agent,x-device-id",Header: browser session/runtime,200,True,"object; keys=list,page,page_size,s,t",FAT admin authenticated browser session; exact permission/role mapping pending,No mutation observed in this discovery action,Not applicable for observed read interaction,Page/network response rendered; business data values not persisted,admin/game,+查询场馆列表-owen,后台/game管理/场馆管理/+查询场馆列表-owen.bru,ACTIVE,YES,fat-admin-page-initialization.json network events 104; live-menu route and DOM control snapshot,,
admin,Member Management,VIP Config,/member-management/vip-config,page_initialization,page initialization,GET,/admin/me/detail,,,,"accept,accept-language,client-id,client-version,d,lang,referer,sec-ch-ua,sec-ch-ua-mobile,sec-ch-ua-platform,t,user-agent,x-device-id",Header: browser session/runtime,200,True,"object; keys=avatar,bind_time,button_permission_ids,cmpl,create_name,created_at,email,google_secret,group_id,id,last_login_ip,last_login_time,login_password,nickname,operator_name,pwd_edit_time,roles,sid,status,stores,updated_at,username",FAT admin authenticated browser session; exact permission/role mapping pending,No mutation observed in this discovery action,Not applicable for observed read interaction,Page/network response rendered; business data values not persisted,admin/other,后台账户详情(当前登陆信息)-seven,后台/后台账号管理/后台账户详情(当前登陆信息)-seven.bru,ACTIVE,YES,fat-admin-page-initialization.json network events 73; live-menu route and DOM control snapshot,,
admin,Member Management,VIP Config,/member-management/vip-config,page_initialization,page initialization,GET,/admin/notify/audit/alarm,t,,,"accept,accept-language,client-id,client-version,d,lang,referer,sec-ch-ua,sec-ch-ua-mobile,sec-ch-ua-platform,t,user-agent,x-device-id",Query: route/filter/pagination values emitted by current UI state; Header: browser session/runtime,200,True,"object; keys=bonus_review_pending,feedback_pending,kyc_pending,mall_order_pending,withdraw_pending",FAT admin authenticated browser session; exact permission/role mapping pending,No mutation observed in this discovery action,Not applicable for observed read interaction,Page/network response rendered; business data values not persisted,admin/other,获取系统通知数量-wesley/owen,后台/系统管理/通知中心/获取系统通知数量-wesley-owen.bru,ACTIVE,YES,fat-admin-page-initialization.json network events 75; live-menu route and DOM control snapshot,,
admin,Member Management,VIP Config,/member-management/vip-config,page_initialization,page initialization,GET,/admin/sys/config/compliance/status,,,,"accept,accept-language,client-id,client-version,d,lang,referer,sec-ch-ua,sec-ch-ua-mobile,sec-ch-ua-platform,t,user-agent,x-device-id",Header: browser session/runtime,200,True,"object; keys=effective_open,effective_reason,effective_status_msg",FAT admin authenticated browser session; exact permission/role mapping pending,No mutation observed in this discovery action,Not applicable for observed read interaction,Page/network response rendered; business data values not persisted,,,,UNDOCUMENTED_ACTIVE,YES,fat-admin-page-initialization.json network events 74; live-menu route and DOM control snapshot,,
admin,Member Management,VIP Config,/member-management/vip-config,page_initialization,page initialization,GET,/admin/vip/config/listv2,,,,"accept,accept-language,client-id,client-version,d,lang,referer,sec-ch-ua,sec-ch-ua-mobile,sec-ch-ua-platform,t,user-agent,x-device-id",Header: browser session/runtime,200,True,"object; keys=d,t",FAT admin authenticated browser session; exact permission/role mapping pending,No mutation observed in this discovery action,Not applicable for observed read interaction,Page/network response rendered; business data values not persisted,admin/other,配置列表,后台/Vipv2/配置列表.bru,ACTIVE,YES,fat-admin-page-initialization.json network events 77; live-menu route and DOM control snapshot,,
admin,Member Management,VIP Config,/member-management/vip-config,page_initialization,page initialization,POST,/admin/game/search,,,,"accept,accept-language,client-id,client-version,content-type,d,lang,referer,sec-ch-ua,sec-ch-ua-mobile,sec-ch-ua-platform,t,user-agent,x-device-id",Header: browser session/runtime,200,True,"object; keys=ids,list,page,page_size,s,t",FAT admin authenticated browser session; exact permission/role mapping pending,No mutation observed in this discovery action,Not applicable for observed read interaction,Page/network response rendered; business data values not persisted,admin/game,+游戏列表查询-owen-aliang,后台/game管理/游戏管理/+游戏列表查询-owen-aliang.bru,ACTIVE,YES,"fat-admin-page-initialization.json network events 78,79,80,81,82,83,84,85; live-menu route and DOM control snapshot",,
admin,Member Management,VIP Config,/member-management/vip-config,page_initialization,page initialization,POST,/admin/gameclass/list,,,,"accept,accept-language,client-id,client-version,content-type,d,lang,referer,sec-ch-ua,sec-ch-ua-mobile,sec-ch-ua-platform,t,user-agent,x-device-id",Header: browser session/runtime,200,True,"object; keys=list,page,page_size,s,t",FAT admin authenticated browser session; exact permission/role mapping pending,No mutation observed in this discovery action,Not applicable for observed read interaction,Page/network response rendered; business data values not persisted,admin/game,+查询场馆列表-owen,后台/game管理/场馆管理/+查询场馆列表-owen.bru,ACTIVE,YES,fat-admin-page-initialization.json network events 76; live-menu route and DOM control snapshot,,
admin,Member Management,VIP Rewards,/member-management/vip-rewards,page_initialization,page initialization,GET,/admin/me/detail,,,,"accept,accept-language,client-id,client-version,d,lang,referer,sec-ch-ua,sec-ch-ua-mobile,sec-ch-ua-platform,t,user-agent,x-device-id",Header: browser session/runtime,200,True,"object; keys=avatar,bind_time,button_permission_ids,cmpl,create_name,created_at,email,google_secret,group_id,id,last_login_ip,last_login_time,login_password,nickname,operator_name,pwd_edit_time,roles,sid,status,stores,updated_at,username",FAT admin authenticated browser session; exact permission/role mapping pending,No mutation observed in this discovery action,Not applicable for observed read interaction,Page/network response rendered; business data values not persisted,admin/other,后台账户详情(当前登陆信息)-seven,后台/后台账号管理/后台账户详情(当前登陆信息)-seven.bru,ACTIVE,YES,fat-admin-page-initialization.json network events 87; live-menu route and DOM control snapshot,,
admin,Member Management,VIP Rewards,/member-management/vip-rewards,page_initialization,page initialization,GET,/admin/notify/audit/alarm,t,,,"accept,accept-language,client-id,client-version,d,lang,referer,sec-ch-ua,sec-ch-ua-mobile,sec-ch-ua-platform,t,user-agent,x-device-id",Query: route/filter/pagination values emitted by current UI state; Header: browser session/runtime,200,True,"object; keys=bonus_review_pending,feedback_pending,kyc_pending,mall_order_pending,withdraw_pending",FAT admin authenticated browser session; exact permission/role mapping pending,No mutation observed in this discovery action,Not applicable for observed read interaction,Page/network response rendered; business data values not persisted,admin/other,获取系统通知数量-wesley/owen,后台/系统管理/通知中心/获取系统通知数量-wesley-owen.bru,ACTIVE,YES,fat-admin-page-initialization.json network events 90; live-menu route and DOM control snapshot,,
admin,Member Management,VIP Rewards,/member-management/vip-rewards,page_initialization,page initialization,GET,/admin/promo/vip/log/list,"page,page_size",,,"accept,accept-language,client-id,client-version,d,lang,referer,sec-ch-ua,sec-ch-ua-mobile,sec-ch-ua-platform,t,user-agent,x-device-id",Query: route/filter/pagination values emitted by current UI state; Header: browser session/runtime,200,True,"object; keys=list,summary,t",FAT admin authenticated browser session; exact permission/role mapping pending,No mutation observed in this discovery action,Not applicable for observed read interaction,Page/network response rendered; business data values not persisted,admin/promo,奖励表列表-aliang,后台/Vipv2/奖励表列表-aliang.bru,ACTIVE,YES,fat-admin-page-initialization.json network events 91; live-menu route and DOM control snapshot,,
admin,Member Management,VIP Rewards,/member-management/vip-rewards,page_initialization,page initialization,GET,/admin/sys/config/compliance/status,,,,"accept,accept-language,client-id,client-version,d,lang,referer,sec-ch-ua,sec-ch-ua-mobile,sec-ch-ua-platform,t,user-agent,x-device-id",Header: browser session/runtime,200,True,"object; keys=effective_open,effective_reason,effective_status_msg",FAT admin authenticated browser session; exact permission/role mapping pending,No mutation observed in this discovery action,Not applicable for observed read interaction,Page/network response rendered; business data values not persisted,,,,UNDOCUMENTED_ACTIVE,YES,fat-admin-page-initialization.json network events 88; live-menu route and DOM control snapshot,,
admin,Member Management,VIP Rewards,/member-management/vip-rewards,page_initialization,page initialization,POST,/admin/game/search,,,,"accept,accept-language,client-id,client-version,content-type,d,lang,referer,sec-ch-ua,sec-ch-ua-mobile,sec-ch-ua-platform,t,user-agent,x-device-id",Header: browser session/runtime,200,,unknown,FAT admin authenticated browser session; exact permission/role mapping pending,No mutation observed in this discovery action,Not applicable for observed read interaction,Page/network response rendered; business data values not persisted,admin/game,+游戏列表查询-owen-aliang,后台/game管理/游戏管理/+游戏列表查询-owen-aliang.bru,ACTIVE,YES,"fat-admin-page-initialization.json network events 86,100; live-menu route and DOM control snapshot",,
admin,Member Management,VIP Rewards,/member-management/vip-rewards,page_initialization,page initialization,POST,/admin/game/search,,,,"accept,accept-language,client-id,client-version,content-type,d,lang,referer,sec-ch-ua,sec-ch-ua-mobile,sec-ch-ua-platform,t,user-agent,x-device-id",Header: browser session/runtime,200,True,"object; keys=ids,list,page,page_size,s,t",FAT admin authenticated browser session; exact permission/role mapping pending,No mutation observed in this discovery action,Not applicable for observed read interaction,Page/network response rendered; business data values not persisted,admin/game,+游戏列表查询-owen-aliang,后台/game管理/游戏管理/+游戏列表查询-owen-aliang.bru,ACTIVE,YES,"fat-admin-page-initialization.json network events 92,93,94,95,96,97,98,99; live-menu route and DOM control snapshot",,
admin,Member Management,VIP Rewards,/member-management/vip-rewards,page_initialization,page initialization,POST,/admin/gameclass/list,,,,"accept,accept-language,client-id,client-version,content-type,d,lang,referer,sec-ch-ua,sec-ch-ua-mobile,sec-ch-ua-platform,t,user-agent,x-device-id",Header: browser session/runtime,200,True,"object; keys=list,page,page_size,s,t",FAT admin authenticated browser session; exact permission/role mapping pending,No mutation observed in this discovery action,Not applicable for observed read interaction,Page/network response rendered; business data values not persisted,admin/game,+查询场馆列表-owen,后台/game管理/场馆管理/+查询场馆列表-owen.bru,ACTIVE,YES,fat-admin-page-initialization.json network events 89; live-menu route and DOM control snapshot,,
admin,Operation Management,Promotion Spend Audit,/operations/activity-expenditure-audit,page_initialization,page initialization,GET,/admin/bonus/review/list,"created_end_at,created_start_at,page,page_size",,,"accept,accept-language,client-id,client-version,d,lang,referer,sec-ch-ua,sec-ch-ua-mobile,sec-ch-ua-platform,t,user-agent,x-device-id",Query: route/filter/pagination values emitted by current UI state; Header: browser session/runtime,200,True,"object; keys=d,t",FAT admin authenticated browser session; exact permission/role mapping pending,No mutation observed in this discovery action,Not applicable for observed read interaction,Page/network response rendered; business data values not persisted,admin/other,待审订单列表 - felix.bru,后台/礼金/待审订单列表 - felix.bru,ACTIVE,YES,fat-admin-page-initialization.json network events 395; live-menu route and DOM control snapshot,,
admin,Operation Management,Promotion Spend Audit,/operations/activity-expenditure-audit,page_initialization,page initialization,GET,/admin/me/detail,,,,"accept,accept-language,client-id,client-version,d,lang,referer,sec-ch-ua,sec-ch-ua-mobile,sec-ch-ua-platform,t,user-agent,x-device-id",Header: browser session/runtime,200,True,"object; keys=avatar,bind_time,button_permission_ids,cmpl,create_name,created_at,email,google_secret,group_id,id,last_login_ip,last_login_time,login_password,nickname,operator_name,pwd_edit_time,roles,sid,status,stores,updated_at,username",FAT admin authenticated browser session; exact permission/role mapping pending,No mutation observed in this discovery action,Not applicable for observed read interaction,Page/network response rendered; business data values not persisted,admin/other,后台账户详情(当前登陆信息)-seven,后台/后台账号管理/后台账户详情(当前登陆信息)-seven.bru,ACTIVE,YES,fat-admin-page-initialization.json network events 391; live-menu route and DOM control snapshot,,
admin,Operation Management,Promotion Spend Audit,/operations/activity-expenditure-audit,page_initialization,page initialization,GET,/admin/notify/audit/alarm,t,,,"accept,accept-language,client-id,client-version,d,lang,referer,sec-ch-ua,sec-ch-ua-mobile,sec-ch-ua-platform,t,user-agent,x-device-id",Query: route/filter/pagination values emitted by current UI state; Header: browser session/runtime,200,True,"object; keys=bonus_review_pending,feedback_pending,kyc_pending,mall_order_pending,withdraw_pending",FAT admin authenticated browser session; exact permission/role mapping pending,No mutation observed in this discovery action,Not applicable for observed read interaction,Page/network response rendered; business data values not persisted,admin/other,获取系统通知数量-wesley/owen,后台/系统管理/通知中心/获取系统通知数量-wesley-owen.bru,ACTIVE,YES,fat-admin-page-initialization.json network events 394; live-menu route and DOM control snapshot,,
admin,Operation Management,Promotion Spend Audit,/operations/activity-expenditure-audit,page_initialization,page initialization,GET,/admin/sys/config/compliance/status,,,,"accept,accept-language,client-id,client-version,d,lang,referer,sec-ch-ua,sec-ch-ua-mobile,sec-ch-ua-platform,t,user-agent,x-device-id",Header: browser session/runtime,200,True,"object; keys=effective_open,effective_reason,effective_status_msg",FAT admin authenticated browser session; exact permission/role mapping pending,No mutation observed in this discovery action,Not applicable for observed read interaction,Page/network response rendered; business data values not persisted,,,,UNDOCUMENTED_ACTIVE,YES,fat-admin-page-initialization.json network events 392; live-menu route and DOM control snapshot,,
admin,Operation Management,Promotion Spend Audit,/operations/activity-expenditure-audit,page_initialization,page initialization,POST,/admin/game/search,,,,"accept,accept-language,client-id,client-version,content-type,d,lang,referer,sec-ch-ua,sec-ch-ua-mobile,sec-ch-ua-platform,t,user-agent,x-device-id",Header: browser session/runtime,200,True,"object; keys=ids,list,page,page_size,s,t",FAT admin authenticated browser session; exact permission/role mapping pending,No mutation observed in this discovery action,Not applicable for observed read interaction,Page/network response rendered; business data values not persisted,admin/game,+游戏列表查询-owen-aliang,后台/game管理/游戏管理/+游戏列表查询-owen-aliang.bru,ACTIVE,YES,"fat-admin-page-initialization.json network events 396,397,398,399,400,401,402,403,404; live-menu route and DOM control snapshot",,
admin,Operation Management,Promotion Spend Audit,/operations/activity-expenditure-audit,page_initialization,page initialization,POST,/admin/gameclass/list,,,,"accept,accept-language,client-id,client-version,content-type,d,lang,referer,sec-ch-ua,sec-ch-ua-mobile,sec-ch-ua-platform,t,user-agent,x-device-id",Header: browser session/runtime,200,True,"object; keys=list,page,page_size,s,t",FAT admin authenticated browser session; exact permission/role mapping pending,No mutation observed in this discovery action,Not applicable for observed read interaction,Page/network response rendered; business data values not persisted,admin/game,+查询场馆列表-owen,后台/game管理/场馆管理/+查询场馆列表-owen.bru,ACTIVE,YES,fat-admin-page-initialization.json network events 393; live-menu route and DOM control snapshot,,
admin,Operation Management,Promotion List,/operations/activity-list,page_initialization,page initialization,GET,/admin/me/detail,,,,"accept,accept-language,client-id,client-version,d,lang,referer,sec-ch-ua,sec-ch-ua-mobile,sec-ch-ua-platform,t,user-agent,x-device-id",Header: browser session/runtime,200,True,"object; keys=avatar,bind_time,button_permission_ids,cmpl,create_name,created_at,email,google_secret,group_id,id,last_login_ip,last_login_time,login_password,nickname,operator_name,pwd_edit_time,roles,sid,status,stores,updated_at,username",FAT admin authenticated browser session; exact permission/role mapping pending,No mutation observed in this discovery action,Not applicable for observed read interaction,Page/network response rendered; business data values not persisted,admin/other,后台账户详情(当前登陆信息)-seven,后台/后台账号管理/后台账户详情(当前登陆信息)-seven.bru,ACTIVE,YES,fat-admin-page-initialization.json network events 377; live-menu route and DOM control snapshot,,
admin,Operation Management,Promotion List,/operations/activity-list,page_initialization,page initialization,GET,/admin/notify/audit/alarm,t,,,"accept,accept-language,client-id,client-version,d,lang,referer,sec-ch-ua,sec-ch-ua-mobile,sec-ch-ua-platform,t,user-agent,x-device-id",Query: route/filter/pagination values emitted by current UI state; Header: browser session/runtime,200,True,"object; keys=bonus_review_pending,feedback_pending,kyc_pending,mall_order_pending,withdraw_pending",FAT admin authenticated browser session; exact permission/role mapping pending,No mutation observed in this discovery action,Not applicable for observed read interaction,Page/network response rendered; business data values not persisted,admin/other,获取系统通知数量-wesley/owen,后台/系统管理/通知中心/获取系统通知数量-wesley-owen.bru,ACTIVE,YES,fat-admin-page-initialization.json network events 381; live-menu route and DOM control snapshot,,
admin,Operation Management,Promotion List,/operations/activity-list,page_initialization,page initialization,GET,/admin/promo/list,"page,page_size",,,"accept,accept-language,client-id,client-version,d,lang,referer,sec-ch-ua,sec-ch-ua-mobile,sec-ch-ua-platform,t,user-agent,x-device-id",Query: route/filter/pagination values emitted by current UI state; Header: browser session/runtime,200,True,"object; keys=d,s,t,update_users",FAT admin authenticated browser session; exact permission/role mapping pending,No mutation observed in this discovery action,Not applicable for observed read interaction,Page/network response rendered; business data values not persisted,admin/promo,活动列表 - felix,后台/活动/活动列表 - felix.bru,ACTIVE,YES,fat-admin-page-initialization.json network events 382; live-menu route and DOM control snapshot,,
admin,Operation Management,Promotion List,/operations/activity-list,page_initialization,page initialization,GET,/admin/sys/config/compliance/status,,,,"accept,accept-language,client-id,client-version,d,lang,referer,sec-ch-ua,sec-ch-ua-mobile,sec-ch-ua-platform,t,user-agent,x-device-id",Header: browser session/runtime,200,True,"object; keys=effective_open,effective_reason,effective_status_msg",FAT admin authenticated browser session; exact permission/role mapping pending,No mutation observed in this discovery action,Not applicable for observed read interaction,Page/network response rendered; business data values not persisted,,,,UNDOCUMENTED_ACTIVE,YES,fat-admin-page-initialization.json network events 378; live-menu route and DOM control snapshot,,
admin,Operation Management,Promotion List,/operations/activity-list,page_initialization,page initialization,POST,/admin/game/search,,,,"accept,accept-language,client-id,client-version,content-type,d,lang,referer,sec-ch-ua,sec-ch-ua-mobile,sec-ch-ua-platform,t,user-agent,x-device-id",Header: browser session/runtime,200,True,"object; keys=ids,list,page,page_size,s,t",FAT admin authenticated browser session; exact permission/role mapping pending,No mutation observed in this discovery action,Not applicable for observed read interaction,Page/network response rendered; business data values not persisted,admin/game,+游戏列表查询-owen-aliang,后台/game管理/游戏管理/+游戏列表查询-owen-aliang.bru,ACTIVE,YES,"fat-admin-page-initialization.json network events 383,384,385,386,387,388,389,390; live-menu route and DOM control snapshot",,
admin,Operation Management,Promotion List,/operations/activity-list,page_initialization,page initialization,POST,/admin/gameclass/list,,,,"accept,accept-language,client-id,client-version,content-type,d,lang,referer,sec-ch-ua,sec-ch-ua-mobile,sec-ch-ua-platform,t,user-agent,x-device-id",Header: browser session/runtime,200,True,"object; keys=list,page,page_size,s,t",FAT admin authenticated browser session; exact permission/role mapping pending,No mutation observed in this discovery action,Not applicable for observed read interaction,Page/network response rendered; business data values not persisted,admin/game,+查询场馆列表-owen,后台/game管理/场馆管理/+查询场馆列表-owen.bru,ACTIVE,YES,fat-admin-page-initialization.json network events 380; live-menu route and DOM control snapshot,,
admin,Operation Management,Promotion List,/operations/activity-list,page_initialization,page initialization,POST,/admin/user/list,,,"page,page_size","accept,accept-language,client-id,client-version,content-type,d,lang,referer,sec-ch-ua,sec-ch-ua-mobile,sec-ch-ua-platform,t,user-agent,x-device-id",Body: page form/filter or UI defaults; Header: browser session/runtime,200,True,"object; keys=d,t",FAT admin authenticated browser session; exact permission/role mapping pending,No mutation observed in this discovery action,Not applicable for observed read interaction,Page/network response rendered; business data values not persisted,,,,UNDOCUMENTED_ACTIVE,YES,fat-admin-page-initialization.json network events 379; live-menu route and DOM control snapshot,,
admin,Operation Management,Ad Tracking/Buried Point,/operations/advertisement-tracking,page_initialization,page initialization,GET,/admin/buriedPoint/list,"page,page_size,ty",,,"accept,accept-language,client-id,client-version,d,lang,referer,sec-ch-ua,sec-ch-ua-mobile,sec-ch-ua-platform,t,user-agent,x-device-id",Query: route/filter/pagination values emitted by current UI state; Header: browser session/runtime,200,True,"object; keys=d,s,t",FAT admin authenticated browser session; exact permission/role mapping pending,No mutation observed in this discovery action,Not applicable for observed read interaction,Page/network response rendered; business data values not persisted,admin/other,埋点列表-todo,后台/埋点/埋点列表-todo.bru,ACTIVE,YES,fat-admin-page-initialization.json network events 410; live-menu route and DOM control snapshot,,
admin,Operation Management,Ad Tracking/Buried Point,/operations/advertisement-tracking,page_initialization,page initialization,GET,/admin/domain/listForSelect,,,,"accept,accept-language,client-id,client-version,d,lang,referer,sec-ch-ua,sec-ch-ua-mobile,sec-ch-ua-platform,t,user-agent,x-device-id",Header: browser session/runtime,200,True,list,FAT admin authenticated browser session; exact permission/role mapping pending,No mutation observed in this discovery action,Not applicable for observed read interaction,Page/network response rendered; business data values not persisted,admin/other,域名选项列表-todo,后台/域名/域名选项列表-todo.bru,ACTIVE,YES,fat-admin-page-initialization.json network events 407; live-menu route and DOM control snapshot,,
admin,Operation Management,Ad Tracking/Buried Point,/operations/advertisement-tracking,page_initialization,page initialization,GET,/admin/me/detail,,,,"accept,accept-language,client-id,client-version,d,lang,referer,sec-ch-ua,sec-ch-ua-mobile,sec-ch-ua-platform,t,user-agent,x-device-id",Header: browser session/runtime,200,True,"object; keys=avatar,bind_time,button_permission_ids,cmpl,create_name,created_at,email,google_secret,group_id,id,last_login_ip,last_login_time,login_password,nickname,operator_name,pwd_edit_time,roles,sid,status,stores,updated_at,username",FAT admin authenticated browser session; exact permission/role mapping pending,No mutation observed in this discovery action,Not applicable for observed read interaction,Page/network response rendered; business data values not persisted,admin/other,后台账户详情(当前登陆信息)-seven,后台/后台账号管理/后台账户详情(当前登陆信息)-seven.bru,ACTIVE,YES,fat-admin-page-initialization.json network events 405; live-menu route and DOM control snapshot,,
admin,Operation Management,Ad Tracking/Buried Point,/operations/advertisement-tracking,page_initialization,page initialization,GET,/admin/notify/audit/alarm,t,,,"accept,accept-language,client-id,client-version,d,lang,referer,sec-ch-ua,sec-ch-ua-mobile,sec-ch-ua-platform,t,user-agent,x-device-id",Query: route/filter/pagination values emitted by current UI state; Header: browser session/runtime,200,True,"object; keys=bonus_review_pending,feedback_pending,kyc_pending,mall_order_pending,withdraw_pending",FAT admin authenticated browser session; exact permission/role mapping pending,No mutation observed in this discovery action,Not applicable for observed read interaction,Page/network response rendered; business data values not persisted,admin/other,获取系统通知数量-wesley/owen,后台/系统管理/通知中心/获取系统通知数量-wesley-owen.bru,ACTIVE,YES,fat-admin-page-initialization.json network events 409; live-menu route and DOM control snapshot,,
admin,Operation Management,Ad Tracking/Buried Point,/operations/advertisement-tracking,page_initialization,page initialization,GET,/admin/sys/config/compliance/status,,,,"accept,accept-language,client-id,client-version,d,lang,referer,sec-ch-ua,sec-ch-ua-mobile,sec-ch-ua-platform,t,user-agent,x-device-id",Header: browser session/runtime,200,True,"object; keys=effective_open,effective_reason,effective_status_msg",FAT admin authenticated browser session; exact permission/role mapping pending,No mutation observed in this discovery action,Not applicable for observed read interaction,Page/network response rendered; business data values not persisted,,,,UNDOCUMENTED_ACTIVE,YES,fat-admin-page-initialization.json network events 406; live-menu route and DOM control snapshot,,
admin,Operation Management,Ad Tracking/Buried Point,/operations/advertisement-tracking,page_initialization,page initialization,POST,/admin/game/search,,,,"accept,accept-language,client-id,client-version,content-type,d,lang,referer,sec-ch-ua,sec-ch-ua-mobile,sec-ch-ua-platform,t,user-agent,x-device-id",Header: browser session/runtime,200,True,"object; keys=ids,list,page,page_size,s,t",FAT admin authenticated browser session; exact permission/role mapping pending,No mutation observed in this discovery action,Not applicable for observed read interaction,Page/network response rendered; business data values not persisted,admin/game,+游戏列表查询-owen-aliang,后台/game管理/游戏管理/+游戏列表查询-owen-aliang.bru,ACTIVE,YES,"fat-admin-page-initialization.json network events 411,412,413,414,415,416,417,418,419; live-menu route and DOM control snapshot",,
admin,Operation Management,Ad Tracking/Buried Point,/operations/advertisement-tracking,page_initialization,page initialization,POST,/admin/gameclass/list,,,,"accept,accept-language,client-id,client-version,content-type,d,lang,referer,sec-ch-ua,sec-ch-ua-mobile,sec-ch-ua-platform,t,user-agent,x-device-id",Header: browser session/runtime,200,True,"object; keys=list,page,page_size,s,t",FAT admin authenticated browser session; exact permission/role mapping pending,No mutation observed in this discovery action,Not applicable for observed read interaction,Page/network response rendered; business data values not persisted,admin/game,+查询场馆列表-owen,后台/game管理/场馆管理/+查询场馆列表-owen.bru,ACTIVE,YES,fat-admin-page-initialization.json network events 408; live-menu route and DOM control snapshot,,
admin,Operation Management,Client Configuration,/operations/client-config,page_initialization,page initialization,GET,/admin/banner/menu,,,,"accept,accept-language,client-id,client-version,d,lang,referer,sec-ch-ua,sec-ch-ua-mobile,sec-ch-ua-platform,t,user-agent,x-device-id",Header: browser session/runtime,200,True,"object; keys=categories,tys",FAT admin authenticated browser session; exact permission/role mapping pending,No mutation observed in this discovery action,Not applicable for observed read interaction,Page/network response rendered; business data values not persisted,admin/other,轮播图菜单,后台/轮播图-首页弹窗/轮播图菜单.bru,ACTIVE,YES,fat-admin-page-initialization.json network events 333; live-menu route and DOM control snapshot,,
admin,Operation Management,Client Configuration,/operations/client-config,page_initialization,page initialization,GET,/admin/me/detail,,,,"accept,accept-language,client-id,client-version,d,lang,referer,sec-ch-ua,sec-ch-ua-mobile,sec-ch-ua-platform,t,user-agent,x-device-id",Header: browser session/runtime,200,True,"object; keys=avatar,bind_time,button_permission_ids,cmpl,create_name,created_at,email,google_secret,group_id,id,last_login_ip,last_login_time,login_password,nickname,operator_name,pwd_edit_time,roles,sid,status,stores,updated_at,username",FAT admin authenticated browser session; exact permission/role mapping pending,No mutation observed in this discovery action,Not applicable for observed read interaction,Page/network response rendered; business data values not persisted,admin/other,后台账户详情(当前登陆信息)-seven,后台/后台账号管理/后台账户详情(当前登陆信息)-seven.bru,ACTIVE,YES,fat-admin-page-initialization.json network events 332; live-menu route and DOM control snapshot,,
admin,Operation Management,Client Configuration,/operations/client-config,page_initialization,page initialization,GET,/admin/notify/audit/alarm,t,,,"accept,accept-language,client-id,client-version,d,lang,referer,sec-ch-ua,sec-ch-ua-mobile,sec-ch-ua-platform,t,user-agent,x-device-id",Query: route/filter/pagination values emitted by current UI state; Header: browser session/runtime,200,True,"object; keys=bonus_review_pending,feedback_pending,kyc_pending,mall_order_pending,withdraw_pending",FAT admin authenticated browser session; exact permission/role mapping pending,No mutation observed in this discovery action,Not applicable for observed read interaction,Page/network response rendered; business data values not persisted,admin/other,获取系统通知数量-wesley/owen,后台/系统管理/通知中心/获取系统通知数量-wesley-owen.bru,ACTIVE,YES,fat-admin-page-initialization.json network events 335; live-menu route and DOM control snapshot,,
admin,Operation Management,Client Configuration,/operations/client-config,page_initialization,page initialization,GET,/admin/promo/list,page_size,,,"accept,accept-language,client-id,client-version,d,lang,referer,sec-ch-ua,sec-ch-ua-mobile,sec-ch-ua-platform,t,user-agent,x-device-id",Query: route/filter/pagination values emitted by current UI state; Header: browser session/runtime,200,True,"object; keys=d,s,t,update_users",FAT admin authenticated browser session; exact permission/role mapping pending,No mutation observed in this discovery action,Not applicable for observed read interaction,Page/network response rendered; business data values not persisted,admin/promo,活动列表 - felix,后台/活动/活动列表 - felix.bru,ACTIVE,YES,fat-admin-page-initialization.json network events 338; live-menu route and DOM control snapshot,,
admin,Operation Management,Client Configuration,/operations/client-config,page_initialization,page initialization,GET,/admin/sys/config/compliance/status,,,,"accept,accept-language,client-id,client-version,d,lang,referer,sec-ch-ua,sec-ch-ua-mobile,sec-ch-ua-platform,t,user-agent,x-device-id",Header: browser session/runtime,200,True,"object; keys=effective_open,effective_reason,effective_status_msg",FAT admin authenticated browser session; exact permission/role mapping pending,No mutation observed in this discovery action,Not applicable for observed read interaction,Page/network response rendered; business data values not persisted,,,,UNDOCUMENTED_ACTIVE,YES,fat-admin-page-initialization.json network events 334; live-menu route and DOM control snapshot,,
admin,Operation Management,Client Configuration,/operations/client-config,page_initialization,page initialization,POST,/admin/banner/list,,,,"accept,accept-language,client-id,client-version,content-type,d,lang,referer,sec-ch-ua,sec-ch-ua-mobile,sec-ch-ua-platform,t,user-agent,x-device-id",Header: browser session/runtime,200,True,"object; keys=d,s,t",FAT admin authenticated browser session; exact permission/role mapping pending,No mutation observed in this discovery action,Not applicable for observed read interaction,Page/network response rendered; business data values not persisted,admin/other,轮播图列表,后台/轮播图-首页弹窗/轮播图列表.bru,ACTIVE,YES,fat-admin-page-initialization.json network events 337; live-menu route and DOM control snapshot,,
admin,Operation Management,Client Configuration,/operations/client-config,page_initialization,page initialization,POST,/admin/game/search,,,,"accept,accept-language,client-id,client-version,content-type,d,lang,referer,sec-ch-ua,sec-ch-ua-mobile,sec-ch-ua-platform,t,user-agent,x-device-id",Header: browser session/runtime,200,,unknown,FAT admin authenticated browser session; exact permission/role mapping pending,No mutation observed in this discovery action,Not applicable for observed read interaction,Page/network response rendered; business data values not persisted,admin/game,+游戏列表查询-owen-aliang,后台/game管理/游戏管理/+游戏列表查询-owen-aliang.bru,ACTIVE,YES,fat-admin-page-initialization.json network events 331; live-menu route and DOM control snapshot,,
admin,Operation Management,Client Configuration,/operations/client-config,page_initialization,page initialization,POST,/admin/game/search,,,,"accept,accept-language,client-id,client-version,content-type,d,lang,referer,sec-ch-ua,sec-ch-ua-mobile,sec-ch-ua-platform,t,user-agent,x-device-id",Header: browser session/runtime,200,True,"object; keys=ids,list,page,page_size,s,t",FAT admin authenticated browser session; exact permission/role mapping pending,No mutation observed in this discovery action,Not applicable for observed read interaction,Page/network response rendered; business data values not persisted,admin/game,+游戏列表查询-owen-aliang,后台/game管理/游戏管理/+游戏列表查询-owen-aliang.bru,ACTIVE,YES,"fat-admin-page-initialization.json network events 339,340,341,342,343,344,345; live-menu route and DOM control snapshot",,
admin,Operation Management,Client Configuration,/operations/client-config,page_initialization,page initialization,POST,/admin/gameclass/list,,,,"accept,accept-language,client-id,client-version,content-type,d,lang,referer,sec-ch-ua,sec-ch-ua-mobile,sec-ch-ua-platform,t,user-agent,x-device-id",Header: browser session/runtime,200,True,"object; keys=list,page,page_size,s,t",FAT admin authenticated browser session; exact permission/role mapping pending,No mutation observed in this discovery action,Not applicable for observed read interaction,Page/network response rendered; business data values not persisted,admin/game,+查询场馆列表-owen,后台/game管理/场馆管理/+查询场馆列表-owen.bru,ACTIVE,YES,fat-admin-page-initialization.json network events 336; live-menu route and DOM control snapshot,,
admin,Operation Management,Daily Report,/operations/daily-reports,page_initialization,page initialization,GET,/admin/channel/dict,ty,,,"accept,accept-language,client-id,client-version,d,lang,referer,sec-ch-ua,sec-ch-ua-mobile,sec-ch-ua-platform,t,user-agent,x-device-id",Query: route/filter/pagination values emitted by current UI state; Header: browser session/runtime,200,True,list,FAT admin authenticated browser session; exact permission/role mapping pending,No mutation observed in this discovery action,Not applicable for observed read interaction,Page/network response rendered; business data values not persisted,admin/report,渠道字典,后台/报表/渠道字典.bru,ACTIVE,YES,fat-admin-page-initialization.json network events 321; live-menu route and DOM control snapshot,,
admin,Operation Management,Daily Report,/operations/daily-reports,page_initialization,page initialization,GET,/admin/me/detail,,,,"accept,accept-language,client-id,client-version,d,lang,referer,sec-ch-ua,sec-ch-ua-mobile,sec-ch-ua-platform,t,user-agent,x-device-id",Header: browser session/runtime,200,True,"object; keys=avatar,bind_time,button_permission_ids,cmpl,create_name,created_at,email,google_secret,group_id,id,last_login_ip,last_login_time,login_password,nickname,operator_name,pwd_edit_time,roles,sid,status,stores,updated_at,username",FAT admin authenticated browser session; exact permission/role mapping pending,No mutation observed in this discovery action,Not applicable for observed read interaction,Page/network response rendered; business data values not persisted,admin/other,后台账户详情(当前登陆信息)-seven,后台/后台账号管理/后台账户详情(当前登陆信息)-seven.bru,ACTIVE,YES,fat-admin-page-initialization.json network events 319; live-menu route and DOM control snapshot,,
admin,Operation Management,Daily Report,/operations/daily-reports,page_initialization,page initialization,GET,/admin/notify/audit/alarm,t,,,"accept,accept-language,client-id,client-version,d,lang,referer,sec-ch-ua,sec-ch-ua-mobile,sec-ch-ua-platform,t,user-agent,x-device-id",Query: route/filter/pagination values emitted by current UI state; Header: browser session/runtime,200,True,"object; keys=bonus_review_pending,feedback_pending,kyc_pending,mall_order_pending,withdraw_pending",FAT admin authenticated browser session; exact permission/role mapping pending,No mutation observed in this discovery action,Not applicable for observed read interaction,Page/network response rendered; business data values not persisted,admin/other,获取系统通知数量-wesley/owen,后台/系统管理/通知中心/获取系统通知数量-wesley-owen.bru,ACTIVE,YES,fat-admin-page-initialization.json network events 322; live-menu route and DOM control snapshot,,
admin,Operation Management,Daily Report,/operations/daily-reports,page_initialization,page initialization,GET,/admin/reports/channel,"end_time,page,page_size,start_time",,,"accept,accept-language,client-id,client-version,d,lang,referer,sec-ch-ua,sec-ch-ua-mobile,sec-ch-ua-platform,t,user-agent,x-device-id",Query: route/filter/pagination values emitted by current UI state; Header: browser session/runtime,200,True,"object; keys=d,t",FAT admin authenticated browser session; exact permission/role mapping pending,No mutation observed in this discovery action,Not applicable for observed read interaction,Page/network response rendered; business data values not persisted,admin/report,渠道日报表-sandy,后台/报表/渠道报表/渠道日报表-sandy.bru,ACTIVE,YES,fat-admin-page-initialization.json network events 324; live-menu route and DOM control snapshot,,
admin,Operation Management,Daily Report,/operations/daily-reports,page_initialization,page initialization,GET,/admin/sys/config/compliance/status,,,,"accept,accept-language,client-id,client-version,d,lang,referer,sec-ch-ua,sec-ch-ua-mobile,sec-ch-ua-platform,t,user-agent,x-device-id",Header: browser session/runtime,200,True,"object; keys=effective_open,effective_reason,effective_status_msg",FAT admin authenticated browser session; exact permission/role mapping pending,No mutation observed in this discovery action,Not applicable for observed read interaction,Page/network response rendered; business data values not persisted,,,,UNDOCUMENTED_ACTIVE,YES,fat-admin-page-initialization.json network events 320; live-menu route and DOM control snapshot,,
admin,Operation Management,Daily Report,/operations/daily-reports,page_initialization,page initialization,POST,/admin/game/search,,,,"accept,accept-language,client-id,client-version,content-type,d,lang,referer,sec-ch-ua,sec-ch-ua-mobile,sec-ch-ua-platform,t,user-agent,x-device-id",Header: browser session/runtime,200,,unknown,FAT admin authenticated browser session; exact permission/role mapping pending,No mutation observed in this discovery action,Not applicable for observed read interaction,Page/network response rendered; business data values not persisted,admin/game,+游戏列表查询-owen-aliang,后台/game管理/游戏管理/+游戏列表查询-owen-aliang.bru,ACTIVE,YES,fat-admin-page-initialization.json network events 318; live-menu route and DOM control snapshot,,
admin,Operation Management,Daily Report,/operations/daily-reports,page_initialization,page initialization,POST,/admin/game/search,,,,"accept,accept-language,client-id,client-version,content-type,d,lang,referer,sec-ch-ua,sec-ch-ua-mobile,sec-ch-ua-platform,t,user-agent,x-device-id",Header: browser session/runtime,200,True,"object; keys=ids,list,page,page_size,s,t",FAT admin authenticated browser session; exact permission/role mapping pending,No mutation observed in this discovery action,Not applicable for observed read interaction,Page/network response rendered; business data values not persisted,admin/game,+游戏列表查询-owen-aliang,后台/game管理/游戏管理/+游戏列表查询-owen-aliang.bru,ACTIVE,YES,"fat-admin-page-initialization.json network events 325,326,327,328,329,330; live-menu route and DOM control snapshot",,
admin,Operation Management,Daily Report,/operations/daily-reports,page_initialization,page initialization,POST,/admin/gameclass/list,,,,"accept,accept-language,client-id,client-version,content-type,d,lang,referer,sec-ch-ua,sec-ch-ua-mobile,sec-ch-ua-platform,t,user-agent,x-device-id",Header: browser session/runtime,200,True,"object; keys=list,page,page_size,s,t",FAT admin authenticated browser session; exact permission/role mapping pending,No mutation observed in this discovery action,Not applicable for observed read interaction,Page/network response rendered; business data values not persisted,admin/game,+查询场馆列表-owen,后台/game管理/场馆管理/+查询场馆列表-owen.bru,ACTIVE,YES,fat-admin-page-initialization.json network events 323; live-menu route and DOM control snapshot,,
admin,Operation Management,Friend Invite,/operations/friend-invite,page_initialization,page initialization,GET,/admin/me/detail,,,,"accept,accept-language,client-id,client-version,d,lang,referer,sec-ch-ua,sec-ch-ua-mobile,sec-ch-ua-platform,t,user-agent,x-device-id",Header: browser session/runtime,200,True,"object; keys=avatar,bind_time,button_permission_ids,cmpl,create_name,created_at,email,google_secret,group_id,id,last_login_ip,last_login_time,login_password,nickname,operator_name,pwd_edit_time,roles,sid,status,stores,updated_at,username",FAT admin authenticated browser session; exact permission/role mapping pending,No mutation observed in this discovery action,Not applicable for observed read interaction,Page/network response rendered; business data values not persisted,admin/other,后台账户详情(当前登陆信息)-seven,后台/后台账号管理/后台账户详情(当前登陆信息)-seven.bru,ACTIVE,YES,fat-admin-page-initialization.json network events 447; live-menu route and DOM control snapshot,,
admin,Operation Management,Friend Invite,/operations/friend-invite,page_initialization,page initialization,GET,/admin/notify/audit/alarm,t,,,"accept,accept-language,client-id,client-version,d,lang,referer,sec-ch-ua,sec-ch-ua-mobile,sec-ch-ua-platform,t,user-agent,x-device-id",Query: route/filter/pagination values emitted by current UI state; Header: browser session/runtime,200,True,"object; keys=bonus_review_pending,feedback_pending,kyc_pending,mall_order_pending,withdraw_pending",FAT admin authenticated browser session; exact permission/role mapping pending,No mutation observed in this discovery action,Not applicable for observed read interaction,Page/network response rendered; business data values not persisted,admin/other,获取系统通知数量-wesley/owen,后台/系统管理/通知中心/获取系统通知数量-wesley-owen.bru,ACTIVE,YES,fat-admin-page-initialization.json network events 450; live-menu route and DOM control snapshot,,
admin,Operation Management,Friend Invite,/operations/friend-invite,page_initialization,page initialization,GET,/admin/promo/invite/base/list,"created_end_at,created_start_at,page,page_size",,,"accept,accept-language,client-id,client-version,d,lang,referer,sec-ch-ua,sec-ch-ua-mobile,sec-ch-ua-platform,t,user-agent,x-device-id",Query: route/filter/pagination values emitted by current UI state; Header: browser session/runtime,200,True,"object; keys=d,sub_total,t,total",FAT admin authenticated browser session; exact permission/role mapping pending,No mutation observed in this discovery action,Not applicable for observed read interaction,Page/network response rendered; business data values not persisted,admin/promo,邀请基础奖励列表,后台/运营管理/邀请好友/邀请基础奖励列表.bru,ACTIVE,YES,fat-admin-page-initialization.json network events 451; live-menu route and DOM control snapshot,,
admin,Operation Management,Friend Invite,/operations/friend-invite,page_initialization,page initialization,GET,/admin/sys/config/compliance/status,,,,"accept,accept-language,client-id,client-version,d,lang,referer,sec-ch-ua,sec-ch-ua-mobile,sec-ch-ua-platform,t,user-agent,x-device-id",Header: browser session/runtime,200,True,"object; keys=effective_open,effective_reason,effective_status_msg",FAT admin authenticated browser session; exact permission/role mapping pending,No mutation observed in this discovery action,Not applicable for observed read interaction,Page/network response rendered; business data values not persisted,,,,UNDOCUMENTED_ACTIVE,YES,fat-admin-page-initialization.json network events 448; live-menu route and DOM control snapshot,,
admin,Operation Management,Friend Invite,/operations/friend-invite,page_initialization,page initialization,POST,/admin/game/search,,,,"accept,accept-language,client-id,client-version,content-type,d,lang,referer,sec-ch-ua,sec-ch-ua-mobile,sec-ch-ua-platform,t,user-agent,x-device-id",Header: browser session/runtime,200,True,"object; keys=ids,list,page,page_size,s,t",FAT admin authenticated browser session; exact permission/role mapping pending,No mutation observed in this discovery action,Not applicable for observed read interaction,Page/network response rendered; business data values not persisted,admin/game,+游戏列表查询-owen-aliang,后台/game管理/游戏管理/+游戏列表查询-owen-aliang.bru,ACTIVE,YES,"fat-admin-page-initialization.json network events 452,453,454,455,456,457,458,459; live-menu route and DOM control snapshot",,
admin,Operation Management,Friend Invite,/operations/friend-invite,page_initialization,page initialization,POST,/admin/gameclass/list,,,,"accept,accept-language,client-id,client-version,content-type,d,lang,referer,sec-ch-ua,sec-ch-ua-mobile,sec-ch-ua-platform,t,user-agent,x-device-id",Header: browser session/runtime,200,True,"object; keys=list,page,page_size,s,t",FAT admin authenticated browser session; exact permission/role mapping pending,No mutation observed in this discovery action,Not applicable for observed read interaction,Page/network response rendered; business data values not persisted,admin/game,+查询场馆列表-owen,后台/game管理/场馆管理/+查询场馆列表-owen.bru,ACTIVE,YES,fat-admin-page-initialization.json network events 449; live-menu route and DOM control snapshot,,
admin,Operation Management,Home Sections Config,/operations/home-sections,page_initialization,page initialization,GET,/admin/home/section/detail,id,,,"accept,accept-language,client-id,client-version,d,lang,referer,sec-ch-ua,sec-ch-ua-mobile,sec-ch-ua-platform,t,user-agent,x-device-id",Query: route/filter/pagination values emitted by current UI state; Header: browser session/runtime,200,True,"object; keys=display_limit,game_class,games,icon,id,layout,layout_name,prefix,section_key,section_type,section_type_name,selected_count,sort,state,system_type,title,updated_at,updated_name",FAT admin authenticated browser session; exact permission/role mapping pending,No mutation observed in this discovery action,Not applicable for observed read interaction,Page/network response rendered; business data values not persisted,admin/other,详情,后台/运营管理/首页板块配置/详情.bru,ACTIVE,YES,"fat-admin-page-initialization.json network events 508,509,510,511,512,513,514,515,516,517,518; live-menu route and DOM control snapshot",,
admin,Operation Management,Home Sections Config,/operations/home-sections,page_initialization,page initialization,GET,/admin/home/section/list,prefix,,,"accept,accept-language,client-id,client-version,d,lang,referer,sec-ch-ua,sec-ch-ua-mobile,sec-ch-ua-platform,t,user-agent,x-device-id",Query: route/filter/pagination values emitted by current UI state; Header: browser session/runtime,200,True,"object; keys=list,s,t",FAT admin authenticated browser session; exact permission/role mapping pending,No mutation observed in this discovery action,Not applicable for observed read interaction,Page/network response rendered; business data values not persisted,admin/other,列表,后台/运营管理/首页板块配置/列表.bru,ACTIVE,YES,fat-admin-page-initialization.json network events 506; live-menu route and DOM control snapshot,,
admin,Operation Management,Home Sections Config,/operations/home-sections,page_initialization,page initialization,GET,/admin/me/detail,,,,"accept,accept-language,client-id,client-version,d,lang,referer,sec-ch-ua,sec-ch-ua-mobile,sec-ch-ua-platform,t,user-agent,x-device-id",Header: browser session/runtime,200,True,"object; keys=avatar,bind_time,button_permission_ids,cmpl,create_name,created_at,email,google_secret,group_id,id,last_login_ip,last_login_time,login_password,nickname,operator_name,pwd_edit_time,roles,sid,status,stores,updated_at,username",FAT admin authenticated browser session; exact permission/role mapping pending,No mutation observed in this discovery action,Not applicable for observed read interaction,Page/network response rendered; business data values not persisted,admin/other,后台账户详情(当前登陆信息)-seven,后台/后台账号管理/后台账户详情(当前登陆信息)-seven.bru,ACTIVE,YES,fat-admin-page-initialization.json network events 503; live-menu route and DOM control snapshot,,
admin,Operation Management,Home Sections Config,/operations/home-sections,page_initialization,page initialization,GET,/admin/notify/audit/alarm,t,,,"accept,accept-language,client-id,client-version,d,lang,referer,sec-ch-ua,sec-ch-ua-mobile,sec-ch-ua-platform,t,user-agent,x-device-id",Query: route/filter/pagination values emitted by current UI state; Header: browser session/runtime,200,True,"object; keys=bonus_review_pending,feedback_pending,kyc_pending,mall_order_pending,withdraw_pending",FAT admin authenticated browser session; exact permission/role mapping pending,No mutation observed in this discovery action,Not applicable for observed read interaction,Page/network response rendered; business data values not persisted,admin/other,获取系统通知数量-wesley/owen,后台/系统管理/通知中心/获取系统通知数量-wesley-owen.bru,ACTIVE,YES,fat-admin-page-initialization.json network events 507; live-menu route and DOM control snapshot,,
admin,Operation Management,Home Sections Config,/operations/home-sections,page_initialization,page initialization,GET,/admin/sys/config/compliance/status,,,,"accept,accept-language,client-id,client-version,d,lang,referer,sec-ch-ua,sec-ch-ua-mobile,sec-ch-ua-platform,t,user-agent,x-device-id",Header: browser session/runtime,200,True,"object; keys=effective_open,effective_reason,effective_status_msg",FAT admin authenticated browser session; exact permission/role mapping pending,No mutation observed in this discovery action,Not applicable for observed read interaction,Page/network response rendered; business data values not persisted,,,,UNDOCUMENTED_ACTIVE,YES,fat-admin-page-initialization.json network events 504; live-menu route and DOM control snapshot,,
admin,Operation Management,Home Sections Config,/operations/home-sections,page_initialization,page initialization,POST,/admin/game/search,,,,"accept,accept-language,client-id,client-version,content-type,d,lang,referer,sec-ch-ua,sec-ch-ua-mobile,sec-ch-ua-platform,t,user-agent,x-device-id",Header: browser session/runtime,200,True,"object; keys=ids,list,page,page_size,s,t",FAT admin authenticated browser session; exact permission/role mapping pending,No mutation observed in this discovery action,Not applicable for observed read interaction,Page/network response rendered; business data values not persisted,admin/game,+游戏列表查询-owen-aliang,后台/game管理/游戏管理/+游戏列表查询-owen-aliang.bru,ACTIVE,YES,"fat-admin-page-initialization.json network events 519,520,521,522,523,524,525,526; live-menu route and DOM control snapshot",,
admin,Operation Management,Home Sections Config,/operations/home-sections,page_initialization,page initialization,POST,/admin/game/search,,,,"accept,accept-language,client-id,client-version,content-type,d,lang,referer,sec-ch-ua,sec-ch-ua-mobile,sec-ch-ua-platform,t,user-agent,x-device-id",Header: browser session/runtime,200,,unknown,FAT admin authenticated browser session; exact permission/role mapping pending,No mutation observed in this discovery action,Not applicable for observed read interaction,Page/network response rendered; business data values not persisted,admin/game,+游戏列表查询-owen-aliang,后台/game管理/游戏管理/+游戏列表查询-owen-aliang.bru,ACTIVE,YES,fat-admin-page-initialization.json network events 527; live-menu route and DOM control snapshot,,
admin,Operation Management,Home Sections Config,/operations/home-sections,page_initialization,page initialization,POST,/admin/gameclass/list,,,,"accept,accept-language,client-id,client-version,content-type,d,lang,referer,sec-ch-ua,sec-ch-ua-mobile,sec-ch-ua-platform,t,user-agent,x-device-id",Header: browser session/runtime,200,True,"object; keys=list,page,page_size,s,t",FAT admin authenticated browser session; exact permission/role mapping pending,No mutation observed in this discovery action,Not applicable for observed read interaction,Page/network response rendered; business data values not persisted,admin/game,+查询场馆列表-owen,后台/game管理/场馆管理/+查询场馆列表-owen.bru,ACTIVE,YES,fat-admin-page-initialization.json network events 505; live-menu route and DOM control snapshot,,
admin,Operation Management,Member station message,/operations/in-site-message,page_initialization,page initialization,GET,/admin/me/detail,,,,"accept,accept-language,client-id,client-version,d,lang,referer,sec-ch-ua,sec-ch-ua-mobile,sec-ch-ua-platform,t,user-agent,x-device-id",Header: browser session/runtime,200,True,"object; keys=avatar,bind_time,button_permission_ids,cmpl,create_name,created_at,email,google_secret,group_id,id,last_login_ip,last_login_time,login_password,nickname,operator_name,pwd_edit_time,roles,sid,status,stores,updated_at,username",FAT admin authenticated browser session; exact permission/role mapping pending,No mutation observed in this discovery action,Not applicable for observed read interaction,Page/network response rendered; business data values not persisted,admin/other,后台账户详情(当前登陆信息)-seven,后台/后台账号管理/后台账户详情(当前登陆信息)-seven.bru,ACTIVE,YES,fat-admin-page-initialization.json network events 434; live-menu route and DOM control snapshot,,
admin,Operation Management,Member station message,/operations/in-site-message,page_initialization,page initialization,GET,/admin/message/list,"is_batch,page,page_size",,,"accept,accept-language,client-id,client-version,d,lang,referer,sec-ch-ua,sec-ch-ua-mobile,sec-ch-ua-platform,t,user-agent,x-device-id",Query: route/filter/pagination values emitted by current UI state; Header: browser session/runtime,200,True,"object; keys=d,page,page_size,t",FAT admin authenticated browser session; exact permission/role mapping pending,No mutation observed in this discovery action,Not applicable for observed read interaction,Page/network response rendered; business data values not persisted,admin/other,已阅读名单-todo,后台/运营管理/站内信管理/已阅读名单-todo.bru,ACTIVE,YES,fat-admin-page-initialization.json network events 438; live-menu route and DOM control snapshot,,
admin,Operation Management,Member station message,/operations/in-site-message,page_initialization,page initialization,GET,/admin/notify/audit/alarm,t,,,"accept,accept-language,client-id,client-version,d,lang,referer,sec-ch-ua,sec-ch-ua-mobile,sec-ch-ua-platform,t,user-agent,x-device-id",Query: route/filter/pagination values emitted by current UI state; Header: browser session/runtime,200,True,"object; keys=bonus_review_pending,feedback_pending,kyc_pending,mall_order_pending,withdraw_pending",FAT admin authenticated browser session; exact permission/role mapping pending,No mutation observed in this discovery action,Not applicable for observed read interaction,Page/network response rendered; business data values not persisted,admin/other,获取系统通知数量-wesley/owen,后台/系统管理/通知中心/获取系统通知数量-wesley-owen.bru,ACTIVE,YES,fat-admin-page-initialization.json network events 437; live-menu route and DOM control snapshot,,
admin,Operation Management,Member station message,/operations/in-site-message,page_initialization,page initialization,GET,/admin/sys/config/compliance/status,,,,"accept,accept-language,client-id,client-version,d,lang,referer,sec-ch-ua,sec-ch-ua-mobile,sec-ch-ua-platform,t,user-agent,x-device-id",Header: browser session/runtime,200,True,"object; keys=effective_open,effective_reason,effective_status_msg",FAT admin authenticated browser session; exact permission/role mapping pending,No mutation observed in this discovery action,Not applicable for observed read interaction,Page/network response rendered; business data values not persisted,,,,UNDOCUMENTED_ACTIVE,YES,fat-admin-page-initialization.json network events 435; live-menu route and DOM control snapshot,,
admin,Operation Management,Member station message,/operations/in-site-message,page_initialization,page initialization,POST,/admin/game/search,,,,"accept,accept-language,client-id,client-version,content-type,d,lang,referer,sec-ch-ua,sec-ch-ua-mobile,sec-ch-ua-platform,t,user-agent,x-device-id",Header: browser session/runtime,200,,unknown,FAT admin authenticated browser session; exact permission/role mapping pending,No mutation observed in this discovery action,Not applicable for observed read interaction,Page/network response rendered; business data values not persisted,admin/game,+游戏列表查询-owen-aliang,后台/game管理/游戏管理/+游戏列表查询-owen-aliang.bru,ACTIVE,YES,fat-admin-page-initialization.json network events 433; live-menu route and DOM control snapshot,,
admin,Operation Management,Member station message,/operations/in-site-message,page_initialization,page initialization,POST,/admin/game/search,,,,"accept,accept-language,client-id,client-version,content-type,d,lang,referer,sec-ch-ua,sec-ch-ua-mobile,sec-ch-ua-platform,t,user-agent,x-device-id",Header: browser session/runtime,200,True,"object; keys=ids,list,page,page_size,s,t",FAT admin authenticated browser session; exact permission/role mapping pending,No mutation observed in this discovery action,Not applicable for observed read interaction,Page/network response rendered; business data values not persisted,admin/game,+游戏列表查询-owen-aliang,后台/game管理/游戏管理/+游戏列表查询-owen-aliang.bru,ACTIVE,YES,"fat-admin-page-initialization.json network events 439,440,441,442,443,444,445,446; live-menu route and DOM control snapshot",,
admin,Operation Management,Member station message,/operations/in-site-message,page_initialization,page initialization,POST,/admin/gameclass/list,,,,"accept,accept-language,client-id,client-version,content-type,d,lang,referer,sec-ch-ua,sec-ch-ua-mobile,sec-ch-ua-platform,t,user-agent,x-device-id",Header: browser session/runtime,200,True,"object; keys=list,page,page_size,s,t",FAT admin authenticated browser session; exact permission/role mapping pending,No mutation observed in this discovery action,Not applicable for observed read interaction,Page/network response rendered; business data values not persisted,admin/game,+查询场馆列表-owen,后台/game管理/场馆管理/+查询场馆列表-owen.bru,ACTIVE,YES,fat-admin-page-initialization.json network events 436; live-menu route and DOM control snapshot,,
admin,Operation Management,Jackpot Board,/operations/jackpot-board,page_initialization,page initialization,GET,/admin/hotBetNotice/list,"end_time,page,page_size,sort,sort_field,start_time",,,"accept,accept-language,client-id,client-version,d,lang,referer,sec-ch-ua,sec-ch-ua-mobile,sec-ch-ua-platform,t,user-agent,x-device-id",Query: route/filter/pagination values emitted by current UI state; Header: browser session/runtime,200,True,"object; keys=d,page,page_size,t",FAT admin authenticated browser session; exact permission/role mapping pending,No mutation observed in this discovery action,Not applicable for observed read interaction,Page/network response rendered; business data values not persisted,admin/other,爆彩列表查询,后台/爆彩/爆彩列表查询.bru,ACTIVE,YES,fat-admin-page-initialization.json network events 465; live-menu route and DOM control snapshot,,
admin,Operation Management,Jackpot Board,/operations/jackpot-board,page_initialization,page initialization,GET,/admin/me/detail,,,,"accept,accept-language,client-id,client-version,d,lang,referer,sec-ch-ua,sec-ch-ua-mobile,sec-ch-ua-platform,t,user-agent,x-device-id",Header: browser session/runtime,200,True,"object; keys=avatar,bind_time,button_permission_ids,cmpl,create_name,created_at,email,google_secret,group_id,id,last_login_ip,last_login_time,login_password,nickname,operator_name,pwd_edit_time,roles,sid,status,stores,updated_at,username",FAT admin authenticated browser session; exact permission/role mapping pending,No mutation observed in this discovery action,Not applicable for observed read interaction,Page/network response rendered; business data values not persisted,admin/other,后台账户详情(当前登陆信息)-seven,后台/后台账号管理/后台账户详情(当前登陆信息)-seven.bru,ACTIVE,YES,fat-admin-page-initialization.json network events 460; live-menu route and DOM control snapshot,,
admin,Operation Management,Jackpot Board,/operations/jackpot-board,page_initialization,page initialization,GET,/admin/notify/audit/alarm,t,,,"accept,accept-language,client-id,client-version,d,lang,referer,sec-ch-ua,sec-ch-ua-mobile,sec-ch-ua-platform,t,user-agent,x-device-id",Query: route/filter/pagination values emitted by current UI state; Header: browser session/runtime,200,True,"object; keys=bonus_review_pending,feedback_pending,kyc_pending,mall_order_pending,withdraw_pending",FAT admin authenticated browser session; exact permission/role mapping pending,No mutation observed in this discovery action,Not applicable for observed read interaction,Page/network response rendered; business data values not persisted,admin/other,获取系统通知数量-wesley/owen,后台/系统管理/通知中心/获取系统通知数量-wesley-owen.bru,ACTIVE,YES,fat-admin-page-initialization.json network events 462; live-menu route and DOM control snapshot,,
admin,Operation Management,Jackpot Board,/operations/jackpot-board,page_initialization,page initialization,GET,/admin/sys/config/compliance/status,,,,"accept,accept-language,client-id,client-version,d,lang,referer,sec-ch-ua,sec-ch-ua-mobile,sec-ch-ua-platform,t,user-agent,x-device-id",Header: browser session/runtime,200,True,"object; keys=effective_open,effective_reason,effective_status_msg",FAT admin authenticated browser session; exact permission/role mapping pending,No mutation observed in this discovery action,Not applicable for observed read interaction,Page/network response rendered; business data values not persisted,,,,UNDOCUMENTED_ACTIVE,YES,fat-admin-page-initialization.json network events 461; live-menu route and DOM control snapshot,,
admin,Operation Management,Jackpot Board,/operations/jackpot-board,page_initialization,page initialization,POST,/admin/game/search,,,,"accept,accept-language,client-id,client-version,content-type,d,lang,referer,sec-ch-ua,sec-ch-ua-mobile,sec-ch-ua-platform,t,user-agent,x-device-id",Header: browser session/runtime,200,True,"object; keys=ids,list,page,page_size,s,t",FAT admin authenticated browser session; exact permission/role mapping pending,No mutation observed in this discovery action,Not applicable for observed read interaction,Page/network response rendered; business data values not persisted,admin/game,+游戏列表查询-owen-aliang,后台/game管理/游戏管理/+游戏列表查询-owen-aliang.bru,ACTIVE,YES,"fat-admin-page-initialization.json network events 466,467,468,469,470,471,472; live-menu route and DOM control snapshot",,
admin,Operation Management,Jackpot Board,/operations/jackpot-board,page_initialization,page initialization,POST,/admin/gameclass/list,,,,"accept,accept-language,client-id,client-version,content-type,d,lang,referer,sec-ch-ua,sec-ch-ua-mobile,sec-ch-ua-platform,t,user-agent,x-device-id",Header: browser session/runtime,200,True,"object; keys=list,page,page_size,s,t",FAT admin authenticated browser session; exact permission/role mapping pending,No mutation observed in this discovery action,Not applicable for observed read interaction,Page/network response rendered; business data values not persisted,admin/game,+查询场馆列表-owen,后台/game管理/场馆管理/+查询场馆列表-owen.bru,ACTIVE,YES,"fat-admin-page-initialization.json network events 463,464; live-menu route and DOM control snapshot",,
admin,Operation Management,Market Management,/operations/mall-management,page_initialization,page initialization,GET,/admin/mall/goods/list,"page,page_size",,,"accept,accept-language,client-id,client-version,d,lang,referer,sec-ch-ua,sec-ch-ua-mobile,sec-ch-ua-platform,t,user-agent,x-device-id",Query: route/filter/pagination values emitted by current UI state; Header: browser session/runtime,200,True,"object; keys=d,s,t",FAT admin authenticated browser session; exact permission/role mapping pending,No mutation observed in this discovery action,Not applicable for observed read interaction,Page/network response rendered; business data values not persisted,admin/other,获取产品列表-todo,后台/商城管理/获取产品列表-todo.bru,ACTIVE,YES,fat-admin-page-initialization.json network events 367; live-menu route and DOM control snapshot,,
admin,Operation Management,Market Management,/operations/mall-management,page_initialization,page initialization,GET,/admin/me/detail,,,,"accept,accept-language,client-id,client-version,d,lang,referer,sec-ch-ua,sec-ch-ua-mobile,sec-ch-ua-platform,t,user-agent,x-device-id",Header: browser session/runtime,200,True,"object; keys=avatar,bind_time,button_permission_ids,cmpl,create_name,created_at,email,google_secret,group_id,id,last_login_ip,last_login_time,login_password,nickname,operator_name,pwd_edit_time,roles,sid,status,stores,updated_at,username",FAT admin authenticated browser session; exact permission/role mapping pending,No mutation observed in this discovery action,Not applicable for observed read interaction,Page/network response rendered; business data values not persisted,admin/other,后台账户详情(当前登陆信息)-seven,后台/后台账号管理/后台账户详情(当前登陆信息)-seven.bru,ACTIVE,YES,fat-admin-page-initialization.json network events 363; live-menu route and DOM control snapshot,,
admin,Operation Management,Market Management,/operations/mall-management,page_initialization,page initialization,GET,/admin/notify/audit/alarm,t,,,"accept,accept-language,client-id,client-version,d,lang,referer,sec-ch-ua,sec-ch-ua-mobile,sec-ch-ua-platform,t,user-agent,x-device-id",Query: route/filter/pagination values emitted by current UI state; Header: browser session/runtime,200,True,"object; keys=bonus_review_pending,feedback_pending,kyc_pending,mall_order_pending,withdraw_pending",FAT admin authenticated browser session; exact permission/role mapping pending,No mutation observed in this discovery action,Not applicable for observed read interaction,Page/network response rendered; business data values not persisted,admin/other,获取系统通知数量-wesley/owen,后台/系统管理/通知中心/获取系统通知数量-wesley-owen.bru,ACTIVE,YES,fat-admin-page-initialization.json network events 365; live-menu route and DOM control snapshot,,
admin,Operation Management,Market Management,/operations/mall-management,page_initialization,page initialization,GET,/admin/sys/config/compliance/status,,,,"accept,accept-language,client-id,client-version,d,lang,referer,sec-ch-ua,sec-ch-ua-mobile,sec-ch-ua-platform,t,user-agent,x-device-id",Header: browser session/runtime,200,True,"object; keys=effective_open,effective_reason,effective_status_msg",FAT admin authenticated browser session; exact permission/role mapping pending,No mutation observed in this discovery action,Not applicable for observed read interaction,Page/network response rendered; business data values not persisted,,,,UNDOCUMENTED_ACTIVE,YES,fat-admin-page-initialization.json network events 364; live-menu route and DOM control snapshot,,
admin,Operation Management,Market Management,/operations/mall-management,page_initialization,page initialization,POST,/admin/game/search,,,,"accept,accept-language,client-id,client-version,content-type,d,lang,referer,sec-ch-ua,sec-ch-ua-mobile,sec-ch-ua-platform,t,user-agent,x-device-id",Header: browser session/runtime,200,,unknown,FAT admin authenticated browser session; exact permission/role mapping pending,No mutation observed in this discovery action,Not applicable for observed read interaction,Page/network response rendered; business data values not persisted,admin/game,+游戏列表查询-owen-aliang,后台/game管理/游戏管理/+游戏列表查询-owen-aliang.bru,ACTIVE,YES,"fat-admin-page-initialization.json network events 362,376; live-menu route and DOM control snapshot",,
admin,Operation Management,Market Management,/operations/mall-management,page_initialization,page initialization,POST,/admin/game/search,,,,"accept,accept-language,client-id,client-version,content-type,d,lang,referer,sec-ch-ua,sec-ch-ua-mobile,sec-ch-ua-platform,t,user-agent,x-device-id",Header: browser session/runtime,200,True,"object; keys=ids,list,page,page_size,s,t",FAT admin authenticated browser session; exact permission/role mapping pending,No mutation observed in this discovery action,Not applicable for observed read interaction,Page/network response rendered; business data values not persisted,admin/game,+游戏列表查询-owen-aliang,后台/game管理/游戏管理/+游戏列表查询-owen-aliang.bru,ACTIVE,YES,"fat-admin-page-initialization.json network events 368,369,370,371,372,373,374,375; live-menu route and DOM control snapshot",,
admin,Operation Management,Market Management,/operations/mall-management,page_initialization,page initialization,POST,/admin/gameclass/list,,,,"accept,accept-language,client-id,client-version,content-type,d,lang,referer,sec-ch-ua,sec-ch-ua-mobile,sec-ch-ua-platform,t,user-agent,x-device-id",Header: browser session/runtime,200,True,"object; keys=list,page,page_size,s,t",FAT admin authenticated browser session; exact permission/role mapping pending,No mutation observed in this discovery action,Not applicable for observed read interaction,Page/network response rendered; business data values not persisted,admin/game,+查询场馆列表-owen,后台/game管理/场馆管理/+查询场馆列表-owen.bru,ACTIVE,YES,fat-admin-page-initialization.json network events 366; live-menu route and DOM control snapshot,,
admin,Operation Management,Marquee Management,/operations/marquee-management,page_initialization,page initialization,GET,/admin/marquee/list,"page,page_size,ty",,,"accept,accept-language,client-id,client-version,d,lang,referer,sec-ch-ua,sec-ch-ua-mobile,sec-ch-ua-platform,t,user-agent,x-device-id",Query: route/filter/pagination values emitted by current UI state; Header: browser session/runtime,200,True,"object; keys=d,t",FAT admin authenticated browser session; exact permission/role mapping pending,No mutation observed in this discovery action,Not applicable for observed read interaction,Page/network response rendered; business data values not persisted,admin/other,列表,后台/跑马灯/列表.bru,ACTIVE,YES,fat-admin-page-initialization.json network events 493; live-menu route and DOM control snapshot,,
admin,Operation Management,Marquee Management,/operations/marquee-management,page_initialization,page initialization,GET,/admin/me/detail,,,,"accept,accept-language,client-id,client-version,d,lang,referer,sec-ch-ua,sec-ch-ua-mobile,sec-ch-ua-platform,t,user-agent,x-device-id",Header: browser session/runtime,200,True,"object; keys=avatar,bind_time,button_permission_ids,cmpl,create_name,created_at,email,google_secret,group_id,id,last_login_ip,last_login_time,login_password,nickname,operator_name,pwd_edit_time,roles,sid,status,stores,updated_at,username",FAT admin authenticated browser session; exact permission/role mapping pending,No mutation observed in this discovery action,Not applicable for observed read interaction,Page/network response rendered; business data values not persisted,admin/other,后台账户详情(当前登陆信息)-seven,后台/后台账号管理/后台账户详情(当前登陆信息)-seven.bru,ACTIVE,YES,fat-admin-page-initialization.json network events 486; live-menu route and DOM control snapshot,,
admin,Operation Management,Marquee Management,/operations/marquee-management,page_initialization,page initialization,GET,/admin/notify/audit/alarm,t,,,"accept,accept-language,client-id,client-version,d,lang,referer,sec-ch-ua,sec-ch-ua-mobile,sec-ch-ua-platform,t,user-agent,x-device-id",Query: route/filter/pagination values emitted by current UI state; Header: browser session/runtime,200,True,"object; keys=bonus_review_pending,feedback_pending,kyc_pending,mall_order_pending,withdraw_pending",FAT admin authenticated browser session; exact permission/role mapping pending,No mutation observed in this discovery action,Not applicable for observed read interaction,Page/network response rendered; business data values not persisted,admin/other,获取系统通知数量-wesley/owen,后台/系统管理/通知中心/获取系统通知数量-wesley-owen.bru,ACTIVE,YES,fat-admin-page-initialization.json network events 492; live-menu route and DOM control snapshot,,
admin,Operation Management,Marquee Management,/operations/marquee-management,page_initialization,page initialization,GET,/admin/priv/check,path,,,"accept,accept-language,client-id,client-version,d,lang,referer,sec-ch-ua,sec-ch-ua-mobile,sec-ch-ua-platform,t,user-agent,x-device-id",Query: route/filter/pagination values emitted by current UI state; Header: browser session/runtime,200,True,object; keys=rights,FAT admin authenticated browser session; exact permission/role mapping pending,No mutation observed in this discovery action,Not applicable for observed read interaction,Page/network response rendered; business data values not persisted,admin/permission,权限检查,后台/系统管理/权限管理/权限检查.bru,ACTIVE,YES,"fat-admin-page-initialization.json network events 487,488,489; live-menu route and DOM control snapshot",,
admin,Operation Management,Marquee Management,/operations/marquee-management,page_initialization,page initialization,GET,/admin/sys/config/compliance/status,,,,"accept,accept-language,client-id,client-version,d,lang,referer,sec-ch-ua,sec-ch-ua-mobile,sec-ch-ua-platform,t,user-agent,x-device-id",Header: browser session/runtime,200,True,"object; keys=effective_open,effective_reason,effective_status_msg",FAT admin authenticated browser session; exact permission/role mapping pending,No mutation observed in this discovery action,Not applicable for observed read interaction,Page/network response rendered; business data values not persisted,,,,UNDOCUMENTED_ACTIVE,YES,fat-admin-page-initialization.json network events 490; live-menu route and DOM control snapshot,,
admin,Operation Management,Marquee Management,/operations/marquee-management,page_initialization,page initialization,POST,/admin/game/search,,,,"accept,accept-language,client-id,client-version,content-type,d,lang,referer,sec-ch-ua,sec-ch-ua-mobile,sec-ch-ua-platform,t,user-agent,x-device-id",Header: browser session/runtime,200,True,"object; keys=ids,list,page,page_size,s,t",FAT admin authenticated browser session; exact permission/role mapping pending,No mutation observed in this discovery action,Not applicable for observed read interaction,Page/network response rendered; business data values not persisted,admin/game,+游戏列表查询-owen-aliang,后台/game管理/游戏管理/+游戏列表查询-owen-aliang.bru,ACTIVE,YES,"fat-admin-page-initialization.json network events 494,495,496,497,498,499,500,501,502; live-menu route and DOM control snapshot",,
admin,Operation Management,Marquee Management,/operations/marquee-management,page_initialization,page initialization,POST,/admin/gameclass/list,,,,"accept,accept-language,client-id,client-version,content-type,d,lang,referer,sec-ch-ua,sec-ch-ua-mobile,sec-ch-ua-platform,t,user-agent,x-device-id",Header: browser session/runtime,200,True,"object; keys=list,page,page_size,s,t",FAT admin authenticated browser session; exact permission/role mapping pending,No mutation observed in this discovery action,Not applicable for observed read interaction,Page/network response rendered; business data values not persisted,admin/game,+查询场馆列表-owen,后台/game管理/场馆管理/+查询场馆列表-owen.bru,ACTIVE,YES,fat-admin-page-initialization.json network events 491; live-menu route and DOM control snapshot,,
admin,Operation Management,Material Management,/operations/material-management,page_initialization,page initialization,GET,/admin/ad/material/platform/menu,,,,"accept,accept-language,client-id,client-version,d,lang,referer,sec-ch-ua,sec-ch-ua-mobile,sec-ch-ua-platform,t,user-agent,x-device-id",Header: browser session/runtime,200,True,list,FAT admin authenticated browser session; exact permission/role mapping pending,No mutation observed in this discovery action,Not applicable for observed read interaction,Page/network response rendered; business data values not persisted,admin/other,素材管理支持的平台枚举,后台/运营管理/客户端管理/素材管理/素材管理支持的平台枚举.bru,ACTIVE,YES,fat-admin-page-initialization.json network events 348; live-menu route and DOM control snapshot,,
admin,Operation Management,Material Management,/operations/material-management,page_initialization,page initialization,GET,/admin/ad/material/type/list,,,,"accept,accept-language,client-id,client-version,d,lang,referer,sec-ch-ua,sec-ch-ua-mobile,sec-ch-ua-platform,t,user-agent,x-device-id",Header: browser session/runtime,200,True,list,FAT admin authenticated browser session; exact permission/role mapping pending,No mutation observed in this discovery action,Not applicable for observed read interaction,Page/network response rendered; business data values not persisted,admin/other,素材种类列表,后台/运营管理/客户端管理/素材管理/素材种类列表.bru,ACTIVE,YES,fat-admin-page-initialization.json network events 350; live-menu route and DOM control snapshot,,
admin,Operation Management,Material Management,/operations/material-management,page_initialization,page initialization,GET,/admin/me/detail,,,,"accept,accept-language,client-id,client-version,d,lang,referer,sec-ch-ua,sec-ch-ua-mobile,sec-ch-ua-platform,t,user-agent,x-device-id",Header: browser session/runtime,200,True,"object; keys=avatar,bind_time,button_permission_ids,cmpl,create_name,created_at,email,google_secret,group_id,id,last_login_ip,last_login_time,login_password,nickname,operator_name,pwd_edit_time,roles,sid,status,stores,updated_at,username",FAT admin authenticated browser session; exact permission/role mapping pending,No mutation observed in this discovery action,Not applicable for observed read interaction,Page/network response rendered; business data values not persisted,admin/other,后台账户详情(当前登陆信息)-seven,后台/后台账号管理/后台账户详情(当前登陆信息)-seven.bru,ACTIVE,YES,fat-admin-page-initialization.json network events 347; live-menu route and DOM control snapshot,,
admin,Operation Management,Material Management,/operations/material-management,page_initialization,page initialization,GET,/admin/notify/audit/alarm,t,,,"accept,accept-language,client-id,client-version,d,lang,referer,sec-ch-ua,sec-ch-ua-mobile,sec-ch-ua-platform,t,user-agent,x-device-id",Query: route/filter/pagination values emitted by current UI state; Header: browser session/runtime,200,True,"object; keys=bonus_review_pending,feedback_pending,kyc_pending,mall_order_pending,withdraw_pending",FAT admin authenticated browser session; exact permission/role mapping pending,No mutation observed in this discovery action,Not applicable for observed read interaction,Page/network response rendered; business data values not persisted,admin/other,获取系统通知数量-wesley/owen,后台/系统管理/通知中心/获取系统通知数量-wesley-owen.bru,ACTIVE,YES,fat-admin-page-initialization.json network events 351; live-menu route and DOM control snapshot,,
admin,Operation Management,Material Management,/operations/material-management,page_initialization,page initialization,GET,/admin/sys/config/compliance/status,,,,"accept,accept-language,client-id,client-version,d,lang,referer,sec-ch-ua,sec-ch-ua-mobile,sec-ch-ua-platform,t,user-agent,x-device-id",Header: browser session/runtime,200,True,"object; keys=effective_open,effective_reason,effective_status_msg",FAT admin authenticated browser session; exact permission/role mapping pending,No mutation observed in this discovery action,Not applicable for observed read interaction,Page/network response rendered; business data values not persisted,,,,UNDOCUMENTED_ACTIVE,YES,fat-admin-page-initialization.json network events 349; live-menu route and DOM control snapshot,,
admin,Operation Management,Material Management,/operations/material-management,page_initialization,page initialization,POST,/admin/ad/material/list,,,,"accept,accept-language,client-id,client-version,content-type,d,lang,referer,sec-ch-ua,sec-ch-ua-mobile,sec-ch-ua-platform,t,user-agent,x-device-id",Header: browser session/runtime,200,True,"object; keys=d,s,t",FAT admin authenticated browser session; exact permission/role mapping pending,No mutation observed in this discovery action,Not applicable for observed read interaction,Page/network response rendered; business data values not persisted,admin/other,素材列表,后台/运营管理/客户端管理/素材管理/素材列表.bru,ACTIVE,YES,fat-admin-page-initialization.json network events 353; live-menu route and DOM control snapshot,,
admin,Operation Management,Material Management,/operations/material-management,page_initialization,page initialization,POST,/admin/game/search,,,,"accept,accept-language,client-id,client-version,content-type,d,lang,referer,sec-ch-ua,sec-ch-ua-mobile,sec-ch-ua-platform,t,user-agent,x-device-id",Header: browser session/runtime,200,,unknown,FAT admin authenticated browser session; exact permission/role mapping pending,No mutation observed in this discovery action,Not applicable for observed read interaction,Page/network response rendered; business data values not persisted,admin/game,+游戏列表查询-owen-aliang,后台/game管理/游戏管理/+游戏列表查询-owen-aliang.bru,ACTIVE,YES,fat-admin-page-initialization.json network events 346; live-menu route and DOM control snapshot,,
admin,Operation Management,Material Management,/operations/material-management,page_initialization,page initialization,POST,/admin/game/search,,,,"accept,accept-language,client-id,client-version,content-type,d,lang,referer,sec-ch-ua,sec-ch-ua-mobile,sec-ch-ua-platform,t,user-agent,x-device-id",Header: browser session/runtime,200,True,"object; keys=ids,list,page,page_size,s,t",FAT admin authenticated browser session; exact permission/role mapping pending,No mutation observed in this discovery action,Not applicable for observed read interaction,Page/network response rendered; business data values not persisted,admin/game,+游戏列表查询-owen-aliang,后台/game管理/游戏管理/+游戏列表查询-owen-aliang.bru,ACTIVE,YES,"fat-admin-page-initialization.json network events 354,355,356,357,358,359,360,361; live-menu route and DOM control snapshot",,
admin,Operation Management,Material Management,/operations/material-management,page_initialization,page initialization,POST,/admin/gameclass/list,,,,"accept,accept-language,client-id,client-version,content-type,d,lang,referer,sec-ch-ua,sec-ch-ua-mobile,sec-ch-ua-platform,t,user-agent,x-device-id",Header: browser session/runtime,200,True,"object; keys=list,page,page_size,s,t",FAT admin authenticated browser session; exact permission/role mapping pending,No mutation observed in this discovery action,Not applicable for observed read interaction,Page/network response rendered; business data values not persisted,admin/game,+查询场馆列表-owen,后台/game管理/场馆管理/+查询场馆列表-owen.bru,ACTIVE,YES,fat-admin-page-initialization.json network events 352; live-menu route and DOM control snapshot,,
admin,Operation Management,Message Templates,/operations/message-templates,page_initialization,page initialization,GET,/admin/me/detail,,,,"accept,accept-language,client-id,client-version,d,lang,referer,sec-ch-ua,sec-ch-ua-mobile,sec-ch-ua-platform,t,user-agent,x-device-id",Header: browser session/runtime,200,True,"object; keys=avatar,bind_time,button_permission_ids,cmpl,create_name,created_at,email,google_secret,group_id,id,last_login_ip,last_login_time,login_password,nickname,operator_name,pwd_edit_time,roles,sid,status,stores,updated_at,username",FAT admin authenticated browser session; exact permission/role mapping pending,No mutation observed in this discovery action,Not applicable for observed read interaction,Page/network response rendered; business data values not persisted,admin/other,后台账户详情(当前登陆信息)-seven,后台/后台账号管理/后台账户详情(当前登陆信息)-seven.bru,ACTIVE,YES,fat-admin-page-initialization.json network events 420; live-menu route and DOM control snapshot,,
admin,Operation Management,Message Templates,/operations/message-templates,page_initialization,page initialization,GET,/admin/message/templates/list,"page,page_size",,,"accept,accept-language,client-id,client-version,d,lang,referer,sec-ch-ua,sec-ch-ua-mobile,sec-ch-ua-platform,t,user-agent,x-device-id",Query: route/filter/pagination values emitted by current UI state; Header: browser session/runtime,200,True,"object; keys=d,s,t",FAT admin authenticated browser session; exact permission/role mapping pending,No mutation observed in this discovery action,Not applicable for observed read interaction,Page/network response rendered; business data values not persisted,admin/other,获取消息模板列表-todo,后台/运营管理/消息模板/获取消息模板列表-todo.bru,ACTIVE,YES,fat-admin-page-initialization.json network events 424; live-menu route and DOM control snapshot,,
admin,Operation Management,Message Templates,/operations/message-templates,page_initialization,page initialization,GET,/admin/notify/audit/alarm,t,,,"accept,accept-language,client-id,client-version,d,lang,referer,sec-ch-ua,sec-ch-ua-mobile,sec-ch-ua-platform,t,user-agent,x-device-id",Query: route/filter/pagination values emitted by current UI state; Header: browser session/runtime,200,True,"object; keys=bonus_review_pending,feedback_pending,kyc_pending,mall_order_pending,withdraw_pending",FAT admin authenticated browser session; exact permission/role mapping pending,No mutation observed in this discovery action,Not applicable for observed read interaction,Page/network response rendered; business data values not persisted,admin/other,获取系统通知数量-wesley/owen,后台/系统管理/通知中心/获取系统通知数量-wesley-owen.bru,ACTIVE,YES,fat-admin-page-initialization.json network events 423; live-menu route and DOM control snapshot,,
admin,Operation Management,Message Templates,/operations/message-templates,page_initialization,page initialization,GET,/admin/sys/config/compliance/status,,,,"accept,accept-language,client-id,client-version,d,lang,referer,sec-ch-ua,sec-ch-ua-mobile,sec-ch-ua-platform,t,user-agent,x-device-id",Header: browser session/runtime,200,True,"object; keys=effective_open,effective_reason,effective_status_msg",FAT admin authenticated browser session; exact permission/role mapping pending,No mutation observed in this discovery action,Not applicable for observed read interaction,Page/network response rendered; business data values not persisted,,,,UNDOCUMENTED_ACTIVE,YES,fat-admin-page-initialization.json network events 421; live-menu route and DOM control snapshot,,
admin,Operation Management,Message Templates,/operations/message-templates,page_initialization,page initialization,POST,/admin/game/search,,,,"accept,accept-language,client-id,client-version,content-type,d,lang,referer,sec-ch-ua,sec-ch-ua-mobile,sec-ch-ua-platform,t,user-agent,x-device-id",Header: browser session/runtime,200,True,"object; keys=ids,list,page,page_size,s,t",FAT admin authenticated browser session; exact permission/role mapping pending,No mutation observed in this discovery action,Not applicable for observed read interaction,Page/network response rendered; business data values not persisted,admin/game,+游戏列表查询-owen-aliang,后台/game管理/游戏管理/+游戏列表查询-owen-aliang.bru,ACTIVE,YES,"fat-admin-page-initialization.json network events 425,426,427,428,429,430,431,432; live-menu route and DOM control snapshot",,
admin,Operation Management,Message Templates,/operations/message-templates,page_initialization,page initialization,POST,/admin/gameclass/list,,,,"accept,accept-language,client-id,client-version,content-type,d,lang,referer,sec-ch-ua,sec-ch-ua-mobile,sec-ch-ua-platform,t,user-agent,x-device-id",Header: browser session/runtime,200,True,"object; keys=list,page,page_size,s,t",FAT admin authenticated browser session; exact permission/role mapping pending,No mutation observed in this discovery action,Not applicable for observed read interaction,Page/network response rendered; business data values not persisted,admin/game,+查询场馆列表-owen,后台/game管理/场馆管理/+查询场馆列表-owen.bru,ACTIVE,YES,fat-admin-page-initialization.json network events 422; live-menu route and DOM control snapshot,,
admin,Operation Management,Ops tools,/operations/ops-tools,page_initialization,page initialization,GET,/admin/me/detail,,,,"accept,accept-language,client-id,client-version,d,lang,referer,sec-ch-ua,sec-ch-ua-mobile,sec-ch-ua-platform,t,user-agent,x-device-id",Header: browser session/runtime,200,True,"object; keys=avatar,bind_time,button_permission_ids,cmpl,create_name,created_at,email,google_secret,group_id,id,last_login_ip,last_login_time,login_password,nickname,operator_name,pwd_edit_time,roles,sid,status,stores,updated_at,username",FAT admin authenticated browser session; exact permission/role mapping pending,No mutation observed in this discovery action,Not applicable for observed read interaction,Page/network response rendered; business data values not persisted,admin/other,后台账户详情(当前登陆信息)-seven,后台/后台账号管理/后台账户详情(当前登陆信息)-seven.bru,ACTIVE,YES,fat-admin-page-initialization.json network events 474; live-menu route and DOM control snapshot,,
admin,Operation Management,Ops tools,/operations/ops-tools,page_initialization,page initialization,GET,/admin/notify/audit/alarm,t,,,"accept,accept-language,client-id,client-version,d,lang,referer,sec-ch-ua,sec-ch-ua-mobile,sec-ch-ua-platform,t,user-agent,x-device-id",Query: route/filter/pagination values emitted by current UI state; Header: browser session/runtime,200,True,"object; keys=bonus_review_pending,feedback_pending,kyc_pending,mall_order_pending,withdraw_pending",FAT admin authenticated browser session; exact permission/role mapping pending,No mutation observed in this discovery action,Not applicable for observed read interaction,Page/network response rendered; business data values not persisted,admin/other,获取系统通知数量-wesley/owen,后台/系统管理/通知中心/获取系统通知数量-wesley-owen.bru,ACTIVE,YES,fat-admin-page-initialization.json network events 476; live-menu route and DOM control snapshot,,
admin,Operation Management,Ops tools,/operations/ops-tools,page_initialization,page initialization,GET,/admin/sys/config/compliance/status,,,,"accept,accept-language,client-id,client-version,d,lang,referer,sec-ch-ua,sec-ch-ua-mobile,sec-ch-ua-platform,t,user-agent,x-device-id",Header: browser session/runtime,200,True,"object; keys=effective_open,effective_reason,effective_status_msg",FAT admin authenticated browser session; exact permission/role mapping pending,No mutation observed in this discovery action,Not applicable for observed read interaction,Page/network response rendered; business data values not persisted,,,,UNDOCUMENTED_ACTIVE,YES,fat-admin-page-initialization.json network events 475; live-menu route and DOM control snapshot,,
admin,Operation Management,Ops tools,/operations/ops-tools,page_initialization,page initialization,POST,/admin/game/search,,,,"accept,accept-language,client-id,client-version,content-type,d,lang,referer,sec-ch-ua,sec-ch-ua-mobile,sec-ch-ua-platform,t,user-agent,x-device-id",Header: browser session/runtime,200,,unknown,FAT admin authenticated browser session; exact permission/role mapping pending,No mutation observed in this discovery action,Not applicable for observed read interaction,Page/network response rendered; business data values not persisted,admin/game,+游戏列表查询-owen-aliang,后台/game管理/游戏管理/+游戏列表查询-owen-aliang.bru,ACTIVE,YES,fat-admin-page-initialization.json network events 473; live-menu route and DOM control snapshot,,
admin,Operation Management,Ops tools,/operations/ops-tools,page_initialization,page initialization,POST,/admin/game/search,,,,"accept,accept-language,client-id,client-version,content-type,d,lang,referer,sec-ch-ua,sec-ch-ua-mobile,sec-ch-ua-platform,t,user-agent,x-device-id",Header: browser session/runtime,200,True,"object; keys=ids,list,page,page_size,s,t",FAT admin authenticated browser session; exact permission/role mapping pending,No mutation observed in this discovery action,Not applicable for observed read interaction,Page/network response rendered; business data values not persisted,admin/game,+游戏列表查询-owen-aliang,后台/game管理/游戏管理/+游戏列表查询-owen-aliang.bru,ACTIVE,YES,"fat-admin-page-initialization.json network events 478,479,480,481,482,483,484,485; live-menu route and DOM control snapshot",,
admin,Operation Management,Ops tools,/operations/ops-tools,page_initialization,page initialization,POST,/admin/gameclass/list,,,,"accept,accept-language,client-id,client-version,content-type,d,lang,referer,sec-ch-ua,sec-ch-ua-mobile,sec-ch-ua-platform,t,user-agent,x-device-id",Header: browser session/runtime,200,True,"object; keys=list,page,page_size,s,t",FAT admin authenticated browser session; exact permission/role mapping pending,No mutation observed in this discovery action,Not applicable for observed read interaction,Page/network response rendered; business data values not persisted,admin/game,+查询场馆列表-owen,后台/game管理/场馆管理/+查询场馆列表-owen.bru,ACTIVE,YES,fat-admin-page-initialization.json network events 477; live-menu route and DOM control snapshot,,
admin,Operation Management,Recharge Template,/operations/recharge-template,page_initialization,page initialization,GET,/admin/channel/promotion/deposit/list,"page,page_size",,,"accept,accept-language,client-id,client-version,d,lang,referer,sec-ch-ua,sec-ch-ua-mobile,sec-ch-ua-platform,t,user-agent,x-device-id",Query: route/filter/pagination values emitted by current UI state; Header: browser session/runtime,200,True,"object; keys=d,t",FAT admin authenticated browser session; exact permission/role mapping pending,No mutation observed in this discovery action,Not applicable for observed read interaction,Page/network response rendered; business data values not persisted,admin/finance,充值模版列表,后台/渠道推广-充值模版/充值模版列表.bru,ACTIVE,YES,fat-admin-page-initialization.json network events 309; live-menu route and DOM control snapshot,,
admin,Operation Management,Recharge Template,/operations/recharge-template,page_initialization,page initialization,GET,/admin/me/detail,,,,"accept,accept-language,client-id,client-version,d,lang,referer,sec-ch-ua,sec-ch-ua-mobile,sec-ch-ua-platform,t,user-agent,x-device-id",Header: browser session/runtime,200,True,"object; keys=avatar,bind_time,button_permission_ids,cmpl,create_name,created_at,email,google_secret,group_id,id,last_login_ip,last_login_time,login_password,nickname,operator_name,pwd_edit_time,roles,sid,status,stores,updated_at,username",FAT admin authenticated browser session; exact permission/role mapping pending,No mutation observed in this discovery action,Not applicable for observed read interaction,Page/network response rendered; business data values not persisted,admin/other,后台账户详情(当前登陆信息)-seven,后台/后台账号管理/后台账户详情(当前登陆信息)-seven.bru,ACTIVE,YES,fat-admin-page-initialization.json network events 305; live-menu route and DOM control snapshot,,
admin,Operation Management,Recharge Template,/operations/recharge-template,page_initialization,page initialization,GET,/admin/notify/audit/alarm,t,,,"accept,accept-language,client-id,client-version,d,lang,referer,sec-ch-ua,sec-ch-ua-mobile,sec-ch-ua-platform,t,user-agent,x-device-id",Query: route/filter/pagination values emitted by current UI state; Header: browser session/runtime,200,True,"object; keys=bonus_review_pending,feedback_pending,kyc_pending,mall_order_pending,withdraw_pending",FAT admin authenticated browser session; exact permission/role mapping pending,No mutation observed in this discovery action,Not applicable for observed read interaction,Page/network response rendered; business data values not persisted,admin/other,获取系统通知数量-wesley/owen,后台/系统管理/通知中心/获取系统通知数量-wesley-owen.bru,ACTIVE,YES,fat-admin-page-initialization.json network events 307; live-menu route and DOM control snapshot,,
admin,Operation Management,Recharge Template,/operations/recharge-template,page_initialization,page initialization,GET,/admin/sys/config/compliance/status,,,,"accept,accept-language,client-id,client-version,d,lang,referer,sec-ch-ua,sec-ch-ua-mobile,sec-ch-ua-platform,t,user-agent,x-device-id",Header: browser session/runtime,200,True,"object; keys=effective_open,effective_reason,effective_status_msg",FAT admin authenticated browser session; exact permission/role mapping pending,No mutation observed in this discovery action,Not applicable for observed read interaction,Page/network response rendered; business data values not persisted,,,,UNDOCUMENTED_ACTIVE,YES,fat-admin-page-initialization.json network events 306; live-menu route and DOM control snapshot,,
admin,Operation Management,Recharge Template,/operations/recharge-template,page_initialization,page initialization,POST,/admin/game/search,,,,"accept,accept-language,client-id,client-version,content-type,d,lang,referer,sec-ch-ua,sec-ch-ua-mobile,sec-ch-ua-platform,t,user-agent,x-device-id",Header: browser session/runtime,200,True,"object; keys=ids,list,page,page_size,s,t",FAT admin authenticated browser session; exact permission/role mapping pending,No mutation observed in this discovery action,Not applicable for observed read interaction,Page/network response rendered; business data values not persisted,admin/game,+游戏列表查询-owen-aliang,后台/game管理/游戏管理/+游戏列表查询-owen-aliang.bru,ACTIVE,YES,"fat-admin-page-initialization.json network events 310,311,312,313,314,315,316,317; live-menu route and DOM control snapshot",,
admin,Operation Management,Recharge Template,/operations/recharge-template,page_initialization,page initialization,POST,/admin/gameclass/list,,,,"accept,accept-language,client-id,client-version,content-type,d,lang,referer,sec-ch-ua,sec-ch-ua-mobile,sec-ch-ua-platform,t,user-agent,x-device-id",Header: browser session/runtime,200,True,"object; keys=list,page,page_size,s,t",FAT admin authenticated browser session; exact permission/role mapping pending,No mutation observed in this discovery action,Not applicable for observed read interaction,Page/network response rendered; business data values not persisted,admin/game,+查询场馆列表-owen,后台/game管理/场馆管理/+查询场馆列表-owen.bru,ACTIVE,YES,fat-admin-page-initialization.json network events 308; live-menu route and DOM control snapshot,,
admin,Finance Management,Bet Management,/payment/betting-slip/list,page_initialization,page initialization,GET,/admin/me/detail,,,,"accept,accept-language,client-id,client-version,d,lang,referer,sec-ch-ua,sec-ch-ua-mobile,sec-ch-ua-platform,t,user-agent,x-device-id",Header: browser session/runtime,200,True,"object; keys=avatar,bind_time,button_permission_ids,cmpl,create_name,created_at,email,google_secret,group_id,id,last_login_ip,last_login_time,login_password,nickname,operator_name,pwd_edit_time,roles,sid,status,stores,updated_at,username",FAT admin authenticated browser session; exact permission/role mapping pending,No mutation observed in this discovery action,Not applicable for observed read interaction,Page/network response rendered; business data values not persisted,admin/other,后台账户详情(当前登陆信息)-seven,后台/后台账号管理/后台账户详情(当前登陆信息)-seven.bru,ACTIVE,YES,fat-admin-page-initialization.json network events 250; live-menu route and DOM control snapshot,,
admin,Finance Management,Bet Management,/payment/betting-slip/list,page_initialization,page initialization,GET,/admin/notify/audit/alarm,t,,,"accept,accept-language,client-id,client-version,d,lang,referer,sec-ch-ua,sec-ch-ua-mobile,sec-ch-ua-platform,t,user-agent,x-device-id",Query: route/filter/pagination values emitted by current UI state; Header: browser session/runtime,200,True,"object; keys=bonus_review_pending,feedback_pending,kyc_pending,mall_order_pending,withdraw_pending",FAT admin authenticated browser session; exact permission/role mapping pending,No mutation observed in this discovery action,Not applicable for observed read interaction,Page/network response rendered; business data values not persisted,admin/other,获取系统通知数量-wesley/owen,后台/系统管理/通知中心/获取系统通知数量-wesley-owen.bru,ACTIVE,YES,fat-admin-page-initialization.json network events 253; live-menu route and DOM control snapshot,,
admin,Finance Management,Bet Management,/payment/betting-slip/list,page_initialization,page initialization,GET,/admin/sys/config/compliance/status,,,,"accept,accept-language,client-id,client-version,d,lang,referer,sec-ch-ua,sec-ch-ua-mobile,sec-ch-ua-platform,t,user-agent,x-device-id",Header: browser session/runtime,200,True,"object; keys=effective_open,effective_reason,effective_status_msg",FAT admin authenticated browser session; exact permission/role mapping pending,No mutation observed in this discovery action,Not applicable for observed read interaction,Page/network response rendered; business data values not persisted,,,,UNDOCUMENTED_ACTIVE,YES,fat-admin-page-initialization.json network events 251; live-menu route and DOM control snapshot,,
admin,Finance Management,Bet Management,/payment/betting-slip/list,page_initialization,page initialization,POST,/admin/game/search,,,,"accept,accept-language,client-id,client-version,content-type,d,lang,referer,sec-ch-ua,sec-ch-ua-mobile,sec-ch-ua-platform,t,user-agent,x-device-id",Header: browser session/runtime,200,,unknown,FAT admin authenticated browser session; exact permission/role mapping pending,No mutation observed in this discovery action,Not applicable for observed read interaction,Page/network response rendered; business data values not persisted,admin/game,+游戏列表查询-owen-aliang,后台/game管理/游戏管理/+游戏列表查询-owen-aliang.bru,ACTIVE,YES,fat-admin-page-initialization.json network events 249; live-menu route and DOM control snapshot,,
admin,Finance Management,Bet Management,/payment/betting-slip/list,page_initialization,page initialization,POST,/admin/game/search,,,,"accept,accept-language,client-id,client-version,content-type,d,lang,referer,sec-ch-ua,sec-ch-ua-mobile,sec-ch-ua-platform,t,user-agent,x-device-id",Header: browser session/runtime,200,True,"object; keys=ids,list,page,page_size,s,t",FAT admin authenticated browser session; exact permission/role mapping pending,No mutation observed in this discovery action,Not applicable for observed read interaction,Page/network response rendered; business data values not persisted,admin/game,+游戏列表查询-owen-aliang,后台/game管理/游戏管理/+游戏列表查询-owen-aliang.bru,ACTIVE,YES,"fat-admin-page-initialization.json network events 255,256,257,258,259,260,261,262; live-menu route and DOM control snapshot",,
admin,Finance Management,Bet Management,/payment/betting-slip/list,page_initialization,page initialization,POST,/admin/gameclass/list,,,,"accept,accept-language,client-id,client-version,content-type,d,lang,referer,sec-ch-ua,sec-ch-ua-mobile,sec-ch-ua-platform,t,user-agent,x-device-id",Header: browser session/runtime,200,True,"object; keys=list,page,page_size,s,t",FAT admin authenticated browser session; exact permission/role mapping pending,No mutation observed in this discovery action,Not applicable for observed read interaction,Page/network response rendered; business data values not persisted,admin/game,+查询场馆列表-owen,后台/game管理/场馆管理/+查询场馆列表-owen.bru,ACTIVE,YES,fat-admin-page-initialization.json network events 252; live-menu route and DOM control snapshot,,
admin,Finance Management,Bet Management,/payment/betting-slip/list,page_initialization,page initialization,POST,/admin/record/bet,,,,"accept,accept-language,client-id,client-version,content-type,d,lang,referer,sec-ch-ua,sec-ch-ua-mobile,sec-ch-ua-platform,t,user-agent,x-device-id",Header: browser session/runtime,200,True,"object; keys=a,d,fd,s,t",FAT admin authenticated browser session; exact permission/role mapping pending,No mutation observed in this discovery action,Not applicable for observed read interaction,Page/network response rendered; business data values not persisted,admin/finance,游戏记录-wesley,后台/财务管理/注单管理/游戏记录-wesley.bru,ACTIVE,YES,fat-admin-page-initialization.json network events 254; live-menu route and DOM control snapshot,,
admin,Finance Management,Payment Channels,/payment/channel-ordersV2,page_initialization,page initialization,GET,/admin/finance/payment/platform/list,"mode,page,page_size",,,"accept,accept-language,client-id,client-version,d,lang,referer,sec-ch-ua,sec-ch-ua-mobile,sec-ch-ua-platform,t,user-agent,x-device-id",Query: route/filter/pagination values emitted by current UI state; Header: browser session/runtime,200,True,"object; keys=d,s,t",FAT admin authenticated browser session; exact permission/role mapping pending,No mutation observed in this discovery action,Not applicable for observed read interaction,Page/network response rendered; business data values not persisted,admin/finance,支付平台列表,后台/财务管理/支付渠道/支付平台列表.bru,ACTIVE,YES,fat-admin-page-initialization.json network events 283; live-menu route and DOM control snapshot,,
admin,Finance Management,Payment Channels,/payment/channel-ordersV2,page_initialization,page initialization,GET,/admin/me/detail,,,,"accept,accept-language,client-id,client-version,d,lang,referer,sec-ch-ua,sec-ch-ua-mobile,sec-ch-ua-platform,t,user-agent,x-device-id",Header: browser session/runtime,200,True,"object; keys=avatar,bind_time,button_permission_ids,cmpl,create_name,created_at,email,google_secret,group_id,id,last_login_ip,last_login_time,login_password,nickname,operator_name,pwd_edit_time,roles,sid,status,stores,updated_at,username",FAT admin authenticated browser session; exact permission/role mapping pending,No mutation observed in this discovery action,Not applicable for observed read interaction,Page/network response rendered; business data values not persisted,admin/other,后台账户详情(当前登陆信息)-seven,后台/后台账号管理/后台账户详情(当前登陆信息)-seven.bru,ACTIVE,YES,fat-admin-page-initialization.json network events 279; live-menu route and DOM control snapshot,,
admin,Finance Management,Payment Channels,/payment/channel-ordersV2,page_initialization,page initialization,GET,/admin/notify/audit/alarm,t,,,"accept,accept-language,client-id,client-version,d,lang,referer,sec-ch-ua,sec-ch-ua-mobile,sec-ch-ua-platform,t,user-agent,x-device-id",Query: route/filter/pagination values emitted by current UI state; Header: browser session/runtime,200,True,"object; keys=bonus_review_pending,feedback_pending,kyc_pending,mall_order_pending,withdraw_pending",FAT admin authenticated browser session; exact permission/role mapping pending,No mutation observed in this discovery action,Not applicable for observed read interaction,Page/network response rendered; business data values not persisted,admin/other,获取系统通知数量-wesley/owen,后台/系统管理/通知中心/获取系统通知数量-wesley-owen.bru,ACTIVE,YES,fat-admin-page-initialization.json network events 281; live-menu route and DOM control snapshot,,
admin,Finance Management,Payment Channels,/payment/channel-ordersV2,page_initialization,page initialization,GET,/admin/sys/config/compliance/status,,,,"accept,accept-language,client-id,client-version,d,lang,referer,sec-ch-ua,sec-ch-ua-mobile,sec-ch-ua-platform,t,user-agent,x-device-id",Header: browser session/runtime,200,True,"object; keys=effective_open,effective_reason,effective_status_msg",FAT admin authenticated browser session; exact permission/role mapping pending,No mutation observed in this discovery action,Not applicable for observed read interaction,Page/network response rendered; business data values not persisted,,,,UNDOCUMENTED_ACTIVE,YES,fat-admin-page-initialization.json network events 280; live-menu route and DOM control snapshot,,
admin,Finance Management,Payment Channels,/payment/channel-ordersV2,page_initialization,page initialization,POST,/admin/game/search,,,,"accept,accept-language,client-id,client-version,content-type,d,lang,referer,sec-ch-ua,sec-ch-ua-mobile,sec-ch-ua-platform,t,user-agent,x-device-id",Header: browser session/runtime,200,,unknown,FAT admin authenticated browser session; exact permission/role mapping pending,No mutation observed in this discovery action,Not applicable for observed read interaction,Page/network response rendered; business data values not persisted,admin/game,+游戏列表查询-owen-aliang,后台/game管理/游戏管理/+游戏列表查询-owen-aliang.bru,ACTIVE,YES,fat-admin-page-initialization.json network events 278; live-menu route and DOM control snapshot,,
admin,Finance Management,Payment Channels,/payment/channel-ordersV2,page_initialization,page initialization,POST,/admin/game/search,,,,"accept,accept-language,client-id,client-version,content-type,d,lang,referer,sec-ch-ua,sec-ch-ua-mobile,sec-ch-ua-platform,t,user-agent,x-device-id",Header: browser session/runtime,200,True,"object; keys=ids,list,page,page_size,s,t",FAT admin authenticated browser session; exact permission/role mapping pending,No mutation observed in this discovery action,Not applicable for observed read interaction,Page/network response rendered; business data values not persisted,admin/game,+游戏列表查询-owen-aliang,后台/game管理/游戏管理/+游戏列表查询-owen-aliang.bru,ACTIVE,YES,"fat-admin-page-initialization.json network events 284,285,286,287,288,289,290,291; live-menu route and DOM control snapshot",,
admin,Finance Management,Payment Channels,/payment/channel-ordersV2,page_initialization,page initialization,POST,/admin/gameclass/list,,,,"accept,accept-language,client-id,client-version,content-type,d,lang,referer,sec-ch-ua,sec-ch-ua-mobile,sec-ch-ua-platform,t,user-agent,x-device-id",Header: browser session/runtime,200,True,"object; keys=list,page,page_size,s,t",FAT admin authenticated browser session; exact permission/role mapping pending,No mutation observed in this discovery action,Not applicable for observed read interaction,Page/network response rendered; business data values not persisted,admin/game,+查询场馆列表-owen,后台/game管理/场馆管理/+查询场馆列表-owen.bru,ACTIVE,YES,fat-admin-page-initialization.json network events 282; live-menu route and DOM control snapshot,,
admin,Finance Management,Recharge Card Order,/payment/recharge-card-orders/list,page_initialization,page initialization,GET,/admin/me/detail,,,,"accept,accept-language,client-id,client-version,d,lang,referer,sec-ch-ua,sec-ch-ua-mobile,sec-ch-ua-platform,t,user-agent,x-device-id",Header: browser session/runtime,200,True,"object; keys=avatar,bind_time,button_permission_ids,cmpl,create_name,created_at,email,google_secret,group_id,id,last_login_ip,last_login_time,login_password,nickname,operator_name,pwd_edit_time,roles,sid,status,stores,updated_at,username",FAT admin authenticated browser session; exact permission/role mapping pending,No mutation observed in this discovery action,Not applicable for observed read interaction,Page/network response rendered; business data values not persisted,admin/other,后台账户详情(当前登陆信息)-seven,后台/后台账号管理/后台账户详情(当前登陆信息)-seven.bru,ACTIVE,YES,fat-admin-page-initialization.json network events 293; live-menu route and DOM control snapshot,,
admin,Finance Management,Recharge Card Order,/payment/recharge-card-orders/list,page_initialization,page initialization,GET,/admin/notify/audit/alarm,t,,,"accept,accept-language,client-id,client-version,d,lang,referer,sec-ch-ua,sec-ch-ua-mobile,sec-ch-ua-platform,t,user-agent,x-device-id",Query: route/filter/pagination values emitted by current UI state; Header: browser session/runtime,200,True,"object; keys=bonus_review_pending,feedback_pending,kyc_pending,mall_order_pending,withdraw_pending",FAT admin authenticated browser session; exact permission/role mapping pending,No mutation observed in this discovery action,Not applicable for observed read interaction,Page/network response rendered; business data values not persisted,admin/other,获取系统通知数量-wesley/owen,后台/系统管理/通知中心/获取系统通知数量-wesley-owen.bru,ACTIVE,YES,fat-admin-page-initialization.json network events 295; live-menu route and DOM control snapshot,,
admin,Finance Management,Recharge Card Order,/payment/recharge-card-orders/list,page_initialization,page initialization,GET,/admin/sys/config/compliance/status,,,,"accept,accept-language,client-id,client-version,d,lang,referer,sec-ch-ua,sec-ch-ua-mobile,sec-ch-ua-platform,t,user-agent,x-device-id",Header: browser session/runtime,200,True,"object; keys=effective_open,effective_reason,effective_status_msg",FAT admin authenticated browser session; exact permission/role mapping pending,No mutation observed in this discovery action,Not applicable for observed read interaction,Page/network response rendered; business data values not persisted,,,,UNDOCUMENTED_ACTIVE,YES,fat-admin-page-initialization.json network events 294; live-menu route and DOM control snapshot,,
admin,Finance Management,Recharge Card Order,/payment/recharge-card-orders/list,page_initialization,page initialization,POST,/admin/finance/lazada/order/list,,,,"accept,accept-language,client-id,client-version,content-type,d,lang,referer,sec-ch-ua,sec-ch-ua-mobile,sec-ch-ua-platform,t,user-agent,x-device-id",Header: browser session/runtime,200,True,"object; keys=all,list,page,sub,total",FAT admin authenticated browser session; exact permission/role mapping pending,No mutation observed in this discovery action,Not applicable for observed read interaction,Page/network response rendered; business data values not persisted,admin/finance,lazada-订单列表-owen,后台/财务管理/lazada订单/lazada-订单列表-owen.bru,ACTIVE,YES,fat-admin-page-initialization.json network events 298; live-menu route and DOM control snapshot,,
admin,Finance Management,Recharge Card Order,/payment/recharge-card-orders/list,page_initialization,page initialization,POST,/admin/game/search,,,,"accept,accept-language,client-id,client-version,content-type,d,lang,referer,sec-ch-ua,sec-ch-ua-mobile,sec-ch-ua-platform,t,user-agent,x-device-id",Header: browser session/runtime,200,,unknown,FAT admin authenticated browser session; exact permission/role mapping pending,No mutation observed in this discovery action,Not applicable for observed read interaction,Page/network response rendered; business data values not persisted,admin/game,+游戏列表查询-owen-aliang,后台/game管理/游戏管理/+游戏列表查询-owen-aliang.bru,ACTIVE,YES,fat-admin-page-initialization.json network events 292; live-menu route and DOM control snapshot,,
admin,Finance Management,Recharge Card Order,/payment/recharge-card-orders/list,page_initialization,page initialization,POST,/admin/game/search,,,,"accept,accept-language,client-id,client-version,content-type,d,lang,referer,sec-ch-ua,sec-ch-ua-mobile,sec-ch-ua-platform,t,user-agent,x-device-id",Header: browser session/runtime,200,True,"object; keys=ids,list,page,page_size,s,t",FAT admin authenticated browser session; exact permission/role mapping pending,No mutation observed in this discovery action,Not applicable for observed read interaction,Page/network response rendered; business data values not persisted,admin/game,+游戏列表查询-owen-aliang,后台/game管理/游戏管理/+游戏列表查询-owen-aliang.bru,ACTIVE,YES,"fat-admin-page-initialization.json network events 297,299,300,301,302,303,304; live-menu route and DOM control snapshot",,
admin,Finance Management,Recharge Card Order,/payment/recharge-card-orders/list,page_initialization,page initialization,POST,/admin/gameclass/list,,,,"accept,accept-language,client-id,client-version,content-type,d,lang,referer,sec-ch-ua,sec-ch-ua-mobile,sec-ch-ua-platform,t,user-agent,x-device-id",Header: browser session/runtime,200,True,"object; keys=list,page,page_size,s,t",FAT admin authenticated browser session; exact permission/role mapping pending,No mutation observed in this discovery action,Not applicable for observed read interaction,Page/network response rendered; business data values not persisted,admin/game,+查询场馆列表-owen,后台/game管理/场馆管理/+查询场馆列表-owen.bru,ACTIVE,YES,fat-admin-page-initialization.json network events 296; live-menu route and DOM control snapshot,,
admin,Finance Management,Deposit Record,/payment/recharge-orders/list,page_initialization,page initialization,GET,/admin/finance/payment/deposit/channels,,,,"accept,accept-language,client-id,client-version,d,lang,referer,sec-ch-ua,sec-ch-ua-mobile,sec-ch-ua-platform,t,user-agent,x-device-id",Header: browser session/runtime,200,True,list,FAT admin authenticated browser session; exact permission/role mapping pending,No mutation observed in this discovery action,Not applicable for observed read interaction,Page/network response rendered; business data values not persisted,admin/finance,支付渠道列表-cold,后台/财务管理/存款记录/支付渠道列表-cold.bru,ACTIVE,YES,fat-admin-page-initialization.json network events 223; live-menu route and DOM control snapshot,,
admin,Finance Management,Deposit Record,/payment/recharge-orders/list,page_initialization,page initialization,GET,/admin/me/detail,,,,"accept,accept-language,client-id,client-version,d,lang,referer,sec-ch-ua,sec-ch-ua-mobile,sec-ch-ua-platform,t,user-agent,x-device-id",Header: browser session/runtime,200,True,"object; keys=avatar,bind_time,button_permission_ids,cmpl,create_name,created_at,email,google_secret,group_id,id,last_login_ip,last_login_time,login_password,nickname,operator_name,pwd_edit_time,roles,sid,status,stores,updated_at,username",FAT admin authenticated browser session; exact permission/role mapping pending,No mutation observed in this discovery action,Not applicable for observed read interaction,Page/network response rendered; business data values not persisted,admin/other,后台账户详情(当前登陆信息)-seven,后台/后台账号管理/后台账户详情(当前登陆信息)-seven.bru,ACTIVE,YES,fat-admin-page-initialization.json network events 221; live-menu route and DOM control snapshot,,
admin,Finance Management,Deposit Record,/payment/recharge-orders/list,page_initialization,page initialization,GET,/admin/notify/audit/alarm,t,,,"accept,accept-language,client-id,client-version,d,lang,referer,sec-ch-ua,sec-ch-ua-mobile,sec-ch-ua-platform,t,user-agent,x-device-id",Query: route/filter/pagination values emitted by current UI state; Header: browser session/runtime,200,True,"object; keys=bonus_review_pending,feedback_pending,kyc_pending,mall_order_pending,withdraw_pending",FAT admin authenticated browser session; exact permission/role mapping pending,No mutation observed in this discovery action,Not applicable for observed read interaction,Page/network response rendered; business data values not persisted,admin/other,获取系统通知数量-wesley/owen,后台/系统管理/通知中心/获取系统通知数量-wesley-owen.bru,ACTIVE,YES,fat-admin-page-initialization.json network events 225; live-menu route and DOM control snapshot,,
admin,Finance Management,Deposit Record,/payment/recharge-orders/list,page_initialization,page initialization,GET,/admin/sys/config/compliance/status,,,,"accept,accept-language,client-id,client-version,d,lang,referer,sec-ch-ua,sec-ch-ua-mobile,sec-ch-ua-platform,t,user-agent,x-device-id",Header: browser session/runtime,200,True,"object; keys=effective_open,effective_reason,effective_status_msg",FAT admin authenticated browser session; exact permission/role mapping pending,No mutation observed in this discovery action,Not applicable for observed read interaction,Page/network response rendered; business data values not persisted,,,,UNDOCUMENTED_ACTIVE,YES,fat-admin-page-initialization.json network events 222; live-menu route and DOM control snapshot,,
admin,Finance Management,Deposit Record,/payment/recharge-orders/list,page_initialization,page initialization,POST,/admin/finance/deposit/list,,,,"accept,accept-language,client-id,client-version,content-type,d,lang,referer,sec-ch-ua,sec-ch-ua-mobile,sec-ch-ua-platform,t,user-agent,x-device-id",Header: browser session/runtime,200,True,"object; keys=d,s,summary,t",FAT admin authenticated browser session; exact permission/role mapping pending,No mutation observed in this discovery action,Not applicable for observed read interaction,Page/network response rendered; business data values not persisted,admin/finance,充值列表-wesley,后台/财务管理/存款记录/充值列表-wesley.bru,ACTIVE,YES,fat-admin-page-initialization.json network events 226; live-menu route and DOM control snapshot,,
admin,Finance Management,Deposit Record,/payment/recharge-orders/list,page_initialization,page initialization,POST,/admin/game/search,,,,"accept,accept-language,client-id,client-version,content-type,d,lang,referer,sec-ch-ua,sec-ch-ua-mobile,sec-ch-ua-platform,t,user-agent,x-device-id",Header: browser session/runtime,200,,unknown,FAT admin authenticated browser session; exact permission/role mapping pending,No mutation observed in this discovery action,Not applicable for observed read interaction,Page/network response rendered; business data values not persisted,admin/game,+游戏列表查询-owen-aliang,后台/game管理/游戏管理/+游戏列表查询-owen-aliang.bru,ACTIVE,YES,fat-admin-page-initialization.json network events 220; live-menu route and DOM control snapshot,,
admin,Finance Management,Deposit Record,/payment/recharge-orders/list,page_initialization,page initialization,POST,/admin/game/search,,,,"accept,accept-language,client-id,client-version,content-type,d,lang,referer,sec-ch-ua,sec-ch-ua-mobile,sec-ch-ua-platform,t,user-agent,x-device-id",Header: browser session/runtime,200,True,"object; keys=ids,list,page,page_size,s,t",FAT admin authenticated browser session; exact permission/role mapping pending,No mutation observed in this discovery action,Not applicable for observed read interaction,Page/network response rendered; business data values not persisted,admin/game,+游戏列表查询-owen-aliang,后台/game管理/游戏管理/+游戏列表查询-owen-aliang.bru,ACTIVE,YES,"fat-admin-page-initialization.json network events 227,228,229,230,231,232,233,234; live-menu route and DOM control snapshot",,
admin,Finance Management,Deposit Record,/payment/recharge-orders/list,page_initialization,page initialization,POST,/admin/gameclass/list,,,,"accept,accept-language,client-id,client-version,content-type,d,lang,referer,sec-ch-ua,sec-ch-ua-mobile,sec-ch-ua-platform,t,user-agent,x-device-id",Header: browser session/runtime,200,True,"object; keys=list,page,page_size,s,t",FAT admin authenticated browser session; exact permission/role mapping pending,No mutation observed in this discovery action,Not applicable for observed read interaction,Page/network response rendered; business data values not persisted,admin/game,+查询场馆列表-owen,后台/game管理/场馆管理/+查询场馆列表-owen.bru,ACTIVE,YES,fat-admin-page-initialization.json network events 224; live-menu route and DOM control snapshot,,
admin,Finance Management,Member Wallet Transactions,/payment/transaction-orders,page_initialization,page initialization,GET,/admin/finance/transaction/types,,,,"accept,accept-language,client-id,client-version,d,lang,referer,sec-ch-ua,sec-ch-ua-mobile,sec-ch-ua-platform,t,user-agent,x-device-id",Header: browser session/runtime,200,True,list,FAT admin authenticated browser session; exact permission/role mapping pending,No mutation observed in this discovery action,Not applicable for observed read interaction,Page/network response rendered; business data values not persisted,admin/finance,账变类型- wesley,后台/财务管理/会员钱包账变/账变类型- wesley.bru,ACTIVE,YES,fat-admin-page-initialization.json network events 265; live-menu route and DOM control snapshot,,
admin,Finance Management,Member Wallet Transactions,/payment/transaction-orders,page_initialization,page initialization,GET,/admin/me/detail,,,,"accept,accept-language,client-id,client-version,d,lang,referer,sec-ch-ua,sec-ch-ua-mobile,sec-ch-ua-platform,t,user-agent,x-device-id",Header: browser session/runtime,200,True,"object; keys=avatar,bind_time,button_permission_ids,cmpl,create_name,created_at,email,google_secret,group_id,id,last_login_ip,last_login_time,login_password,nickname,operator_name,pwd_edit_time,roles,sid,status,stores,updated_at,username",FAT admin authenticated browser session; exact permission/role mapping pending,No mutation observed in this discovery action,Not applicable for observed read interaction,Page/network response rendered; business data values not persisted,admin/other,后台账户详情(当前登陆信息)-seven,后台/后台账号管理/后台账户详情(当前登陆信息)-seven.bru,ACTIVE,YES,fat-admin-page-initialization.json network events 264; live-menu route and DOM control snapshot,,
admin,Finance Management,Member Wallet Transactions,/payment/transaction-orders,page_initialization,page initialization,GET,/admin/notify/audit/alarm,t,,,"accept,accept-language,client-id,client-version,d,lang,referer,sec-ch-ua,sec-ch-ua-mobile,sec-ch-ua-platform,t,user-agent,x-device-id",Query: route/filter/pagination values emitted by current UI state; Header: browser session/runtime,200,True,"object; keys=bonus_review_pending,feedback_pending,kyc_pending,mall_order_pending,withdraw_pending",FAT admin authenticated browser session; exact permission/role mapping pending,No mutation observed in this discovery action,Not applicable for observed read interaction,Page/network response rendered; business data values not persisted,admin/other,获取系统通知数量-wesley/owen,后台/系统管理/通知中心/获取系统通知数量-wesley-owen.bru,ACTIVE,YES,fat-admin-page-initialization.json network events 268; live-menu route and DOM control snapshot,,
admin,Finance Management,Member Wallet Transactions,/payment/transaction-orders,page_initialization,page initialization,GET,/admin/sys/config/compliance/status,,,,"accept,accept-language,client-id,client-version,d,lang,referer,sec-ch-ua,sec-ch-ua-mobile,sec-ch-ua-platform,t,user-agent,x-device-id",Header: browser session/runtime,200,True,"object; keys=effective_open,effective_reason,effective_status_msg",FAT admin authenticated browser session; exact permission/role mapping pending,No mutation observed in this discovery action,Not applicable for observed read interaction,Page/network response rendered; business data values not persisted,,,,UNDOCUMENTED_ACTIVE,YES,fat-admin-page-initialization.json network events 266; live-menu route and DOM control snapshot,,
admin,Finance Management,Member Wallet Transactions,/payment/transaction-orders,page_initialization,page initialization,POST,/admin/finance/transaction/list,,,,"accept,accept-language,client-id,client-version,content-type,d,lang,referer,sec-ch-ua,sec-ch-ua-mobile,sec-ch-ua-platform,t,user-agent,x-device-id",Header: browser session/runtime,200,True,"object; keys=d,s,t",FAT admin authenticated browser session; exact permission/role mapping pending,No mutation observed in this discovery action,Not applicable for observed read interaction,Page/network response rendered; business data values not persisted,admin/finance,账变列表- wesley,后台/财务管理/会员钱包账变/账变列表- wesley.bru,ACTIVE,YES,fat-admin-page-initialization.json network events 269; live-menu route and DOM control snapshot,,
admin,Finance Management,Member Wallet Transactions,/payment/transaction-orders,page_initialization,page initialization,POST,/admin/game/search,,,,"accept,accept-language,client-id,client-version,content-type,d,lang,referer,sec-ch-ua,sec-ch-ua-mobile,sec-ch-ua-platform,t,user-agent,x-device-id",Header: browser session/runtime,200,,unknown,FAT admin authenticated browser session; exact permission/role mapping pending,No mutation observed in this discovery action,Not applicable for observed read interaction,Page/network response rendered; business data values not persisted,admin/game,+游戏列表查询-owen-aliang,后台/game管理/游戏管理/+游戏列表查询-owen-aliang.bru,ACTIVE,YES,fat-admin-page-initialization.json network events 263; live-menu route and DOM control snapshot,,
admin,Finance Management,Member Wallet Transactions,/payment/transaction-orders,page_initialization,page initialization,POST,/admin/game/search,,,,"accept,accept-language,client-id,client-version,content-type,d,lang,referer,sec-ch-ua,sec-ch-ua-mobile,sec-ch-ua-platform,t,user-agent,x-device-id",Header: browser session/runtime,200,True,"object; keys=ids,list,page,page_size,s,t",FAT admin authenticated browser session; exact permission/role mapping pending,No mutation observed in this discovery action,Not applicable for observed read interaction,Page/network response rendered; business data values not persisted,admin/game,+游戏列表查询-owen-aliang,后台/game管理/游戏管理/+游戏列表查询-owen-aliang.bru,ACTIVE,YES,"fat-admin-page-initialization.json network events 270,271,272,273,274,275,276,277; live-menu route and DOM control snapshot",,
admin,Finance Management,Member Wallet Transactions,/payment/transaction-orders,page_initialization,page initialization,POST,/admin/gameclass/list,,,,"accept,accept-language,client-id,client-version,content-type,d,lang,referer,sec-ch-ua,sec-ch-ua-mobile,sec-ch-ua-platform,t,user-agent,x-device-id",Header: browser session/runtime,200,True,"object; keys=list,page,page_size,s,t",FAT admin authenticated browser session; exact permission/role mapping pending,No mutation observed in this discovery action,Not applicable for observed read interaction,Page/network response rendered; business data values not persisted,admin/game,+查询场馆列表-owen,后台/game管理/场馆管理/+查询场馆列表-owen.bru,ACTIVE,YES,fat-admin-page-initialization.json network events 267; live-menu route and DOM control snapshot,,
admin,Finance Management,Withdrawal Record,/payment/withdraw-orders/list,page_initialization,page initialization,GET,/admin/finance/payment/withdraw/channels,,,,"accept,accept-language,client-id,client-version,d,lang,referer,sec-ch-ua,sec-ch-ua-mobile,sec-ch-ua-platform,t,user-agent,x-device-id",Header: browser session/runtime,200,True,list,FAT admin authenticated browser session; exact permission/role mapping pending,No mutation observed in this discovery action,Not applicable for observed read interaction,Page/network response rendered; business data values not persisted,admin/finance,提现渠道列表-cold,合规/财务管理/财务记录/提现渠道列表-cold.bru,ACTIVE,YES,fat-admin-page-initialization.json network events 237; live-menu route and DOM control snapshot,,
admin,Finance Management,Withdrawal Record,/payment/withdraw-orders/list,page_initialization,page initialization,GET,/admin/me/detail,,,,"accept,accept-language,client-id,client-version,d,lang,referer,sec-ch-ua,sec-ch-ua-mobile,sec-ch-ua-platform,t,user-agent,x-device-id",Header: browser session/runtime,200,True,"object; keys=avatar,bind_time,button_permission_ids,cmpl,create_name,created_at,email,google_secret,group_id,id,last_login_ip,last_login_time,login_password,nickname,operator_name,pwd_edit_time,roles,sid,status,stores,updated_at,username",FAT admin authenticated browser session; exact permission/role mapping pending,No mutation observed in this discovery action,Not applicable for observed read interaction,Page/network response rendered; business data values not persisted,admin/other,后台账户详情(当前登陆信息)-seven,后台/后台账号管理/后台账户详情(当前登陆信息)-seven.bru,ACTIVE,YES,fat-admin-page-initialization.json network events 235; live-menu route and DOM control snapshot,,
admin,Finance Management,Withdrawal Record,/payment/withdraw-orders/list,page_initialization,page initialization,GET,/admin/notify/audit/alarm,t,,,"accept,accept-language,client-id,client-version,d,lang,referer,sec-ch-ua,sec-ch-ua-mobile,sec-ch-ua-platform,t,user-agent,x-device-id",Query: route/filter/pagination values emitted by current UI state; Header: browser session/runtime,200,True,"object; keys=bonus_review_pending,feedback_pending,kyc_pending,mall_order_pending,withdraw_pending",FAT admin authenticated browser session; exact permission/role mapping pending,No mutation observed in this discovery action,Not applicable for observed read interaction,Page/network response rendered; business data values not persisted,admin/other,获取系统通知数量-wesley/owen,后台/系统管理/通知中心/获取系统通知数量-wesley-owen.bru,ACTIVE,YES,fat-admin-page-initialization.json network events 239; live-menu route and DOM control snapshot,,
admin,Finance Management,Withdrawal Record,/payment/withdraw-orders/list,page_initialization,page initialization,GET,/admin/sys/config/compliance/status,,,,"accept,accept-language,client-id,client-version,d,lang,referer,sec-ch-ua,sec-ch-ua-mobile,sec-ch-ua-platform,t,user-agent,x-device-id",Header: browser session/runtime,200,True,"object; keys=effective_open,effective_reason,effective_status_msg",FAT admin authenticated browser session; exact permission/role mapping pending,No mutation observed in this discovery action,Not applicable for observed read interaction,Page/network response rendered; business data values not persisted,,,,UNDOCUMENTED_ACTIVE,YES,fat-admin-page-initialization.json network events 236; live-menu route and DOM control snapshot,,
admin,Finance Management,Withdrawal Record,/payment/withdraw-orders/list,page_initialization,page initialization,POST,/admin/finance/withdraw/list,,,,"accept,accept-language,client-id,client-version,content-type,d,lang,referer,sec-ch-ua,sec-ch-ua-mobile,sec-ch-ua-platform,t,user-agent,x-device-id",Header: browser session/runtime,200,True,"object; keys=d,s,summary,t",FAT admin authenticated browser session; exact permission/role mapping pending,No mutation observed in this discovery action,Not applicable for observed read interaction,Page/network response rendered; business data values not persisted,admin/finance,提现列表-wesley,后台/财务管理/提现记录/提现列表-wesley.bru,ACTIVE,YES,fat-admin-page-initialization.json network events 240; live-menu route and DOM control snapshot,,
admin,Finance Management,Withdrawal Record,/payment/withdraw-orders/list,page_initialization,page initialization,POST,/admin/game/search,,,,"accept,accept-language,client-id,client-version,content-type,d,lang,referer,sec-ch-ua,sec-ch-ua-mobile,sec-ch-ua-platform,t,user-agent,x-device-id",Header: browser session/runtime,200,True,"object; keys=ids,list,page,page_size,s,t",FAT admin authenticated browser session; exact permission/role mapping pending,No mutation observed in this discovery action,Not applicable for observed read interaction,Page/network response rendered; business data values not persisted,admin/game,+游戏列表查询-owen-aliang,后台/game管理/游戏管理/+游戏列表查询-owen-aliang.bru,ACTIVE,YES,"fat-admin-page-initialization.json network events 241,242,243,244,245,246,247,248; live-menu route and DOM control snapshot",,
admin,Finance Management,Withdrawal Record,/payment/withdraw-orders/list,page_initialization,page initialization,POST,/admin/gameclass/list,,,,"accept,accept-language,client-id,client-version,content-type,d,lang,referer,sec-ch-ua,sec-ch-ua-mobile,sec-ch-ua-platform,t,user-agent,x-device-id",Header: browser session/runtime,200,True,"object; keys=list,page,page_size,s,t",FAT admin authenticated browser session; exact permission/role mapping pending,No mutation observed in this discovery action,Not applicable for observed read interaction,Page/network response rendered; business data values not persisted,admin/game,+查询场馆列表-owen,后台/game管理/场馆管理/+查询场馆列表-owen.bru,ACTIVE,YES,fat-admin-page-initialization.json network events 238; live-menu route and DOM control snapshot,,
admin,Promo Marketing,Channel Management,/promo-marketing/channels,page_initialization,page initialization,GET,/admin/channel/group/list,,,,"accept,accept-language,client-id,client-version,d,lang,referer,sec-ch-ua,sec-ch-ua-mobile,sec-ch-ua-platform,t,user-agent,x-device-id",Header: browser session/runtime,200,True,"object; keys=d,t",FAT admin authenticated browser session; exact permission/role mapping pending,No mutation observed in this discovery action,Not applicable for observed read interaction,Page/network response rendered; business data values not persisted,admin/permission,渠道分组列表-todo,后台/运营管理/推广管理/渠道管理/渠道分组/渠道分组列表-todo.bru,ACTIVE,YES,fat-admin-page-initialization.json network events 589; live-menu route and DOM control snapshot,,
admin,Promo Marketing,Channel Management,/promo-marketing/channels,page_initialization,page initialization,GET,/admin/channel/manage/list,"page,page_size",,,"accept,accept-language,client-id,client-version,d,lang,referer,sec-ch-ua,sec-ch-ua-mobile,sec-ch-ua-platform,t,user-agent,x-device-id",Query: route/filter/pagination values emitted by current UI state; Header: browser session/runtime,200,True,"object; keys=d,s,t",FAT admin authenticated browser session; exact permission/role mapping pending,No mutation observed in this discovery action,Not applicable for observed read interaction,Page/network response rendered; business data values not persisted,admin/other,渠道管理列表-todo,后台/运营管理/推广管理/渠道管理/渠道管理列表-todo.bru,ACTIVE,YES,fat-admin-page-initialization.json network events 590; live-menu route and DOM control snapshot,,
admin,Promo Marketing,Channel Management,/promo-marketing/channels,page_initialization,page initialization,GET,/admin/me/detail,,,,"accept,accept-language,client-id,client-version,d,lang,referer,sec-ch-ua,sec-ch-ua-mobile,sec-ch-ua-platform,t,user-agent,x-device-id",Header: browser session/runtime,200,True,"object; keys=avatar,bind_time,button_permission_ids,cmpl,create_name,created_at,email,google_secret,group_id,id,last_login_ip,last_login_time,login_password,nickname,operator_name,pwd_edit_time,roles,sid,status,stores,updated_at,username",FAT admin authenticated browser session; exact permission/role mapping pending,No mutation observed in this discovery action,Not applicable for observed read interaction,Page/network response rendered; business data values not persisted,admin/other,后台账户详情(当前登陆信息)-seven,后台/后台账号管理/后台账户详情(当前登陆信息)-seven.bru,ACTIVE,YES,fat-admin-page-initialization.json network events 584; live-menu route and DOM control snapshot,,
admin,Promo Marketing,Channel Management,/promo-marketing/channels,page_initialization,page initialization,GET,/admin/notify/audit/alarm,t,,,"accept,accept-language,client-id,client-version,d,lang,referer,sec-ch-ua,sec-ch-ua-mobile,sec-ch-ua-platform,t,user-agent,x-device-id",Query: route/filter/pagination values emitted by current UI state; Header: browser session/runtime,200,True,"object; keys=bonus_review_pending,feedback_pending,kyc_pending,mall_order_pending,withdraw_pending",FAT admin authenticated browser session; exact permission/role mapping pending,No mutation observed in this discovery action,Not applicable for observed read interaction,Page/network response rendered; business data values not persisted,admin/other,获取系统通知数量-wesley/owen,后台/系统管理/通知中心/获取系统通知数量-wesley-owen.bru,ACTIVE,YES,fat-admin-page-initialization.json network events 586; live-menu route and DOM control snapshot,,
admin,Promo Marketing,Channel Management,/promo-marketing/channels,page_initialization,page initialization,GET,/admin/sys/config/compliance/status,,,,"accept,accept-language,client-id,client-version,d,lang,referer,sec-ch-ua,sec-ch-ua-mobile,sec-ch-ua-platform,t,user-agent,x-device-id",Header: browser session/runtime,200,True,"object; keys=effective_open,effective_reason,effective_status_msg",FAT admin authenticated browser session; exact permission/role mapping pending,No mutation observed in this discovery action,Not applicable for observed read interaction,Page/network response rendered; business data values not persisted,,,,UNDOCUMENTED_ACTIVE,YES,fat-admin-page-initialization.json network events 585; live-menu route and DOM control snapshot,,
admin,Promo Marketing,Channel Management,/promo-marketing/channels,page_initialization,page initialization,POST,/admin/game/search,,,,"accept,accept-language,client-id,client-version,content-type,d,lang,referer,sec-ch-ua,sec-ch-ua-mobile,sec-ch-ua-platform,t,user-agent,x-device-id",Header: browser session/runtime,200,True,"object; keys=ids,list,page,page_size,s,t",FAT admin authenticated browser session; exact permission/role mapping pending,No mutation observed in this discovery action,Not applicable for observed read interaction,Page/network response rendered; business data values not persisted,admin/game,+游戏列表查询-owen-aliang,后台/game管理/游戏管理/+游戏列表查询-owen-aliang.bru,ACTIVE,YES,"fat-admin-page-initialization.json network events 588,591,592,593,594; live-menu route and DOM control snapshot",,
admin,Promo Marketing,Channel Management,/promo-marketing/channels,page_initialization,page initialization,POST,/admin/game/search,,,,"accept,accept-language,client-id,client-version,content-type,d,lang,referer,sec-ch-ua,sec-ch-ua-mobile,sec-ch-ua-platform,t,user-agent,x-device-id",Header: browser session/runtime,200,,unknown,FAT admin authenticated browser session; exact permission/role mapping pending,No mutation observed in this discovery action,Not applicable for observed read interaction,Page/network response rendered; business data values not persisted,admin/game,+游戏列表查询-owen-aliang,后台/game管理/游戏管理/+游戏列表查询-owen-aliang.bru,ACTIVE,YES,fat-admin-page-initialization.json network events 595; live-menu route and DOM control snapshot,,
admin,Promo Marketing,Channel Management,/promo-marketing/channels,page_initialization,page initialization,POST,/admin/gameclass/list,,,,"accept,accept-language,client-id,client-version,content-type,d,lang,referer,sec-ch-ua,sec-ch-ua-mobile,sec-ch-ua-platform,t,user-agent,x-device-id",Header: browser session/runtime,200,True,"object; keys=list,page,page_size,s,t",FAT admin authenticated browser session; exact permission/role mapping pending,No mutation observed in this discovery action,Not applicable for observed read interaction,Page/network response rendered; business data values not persisted,admin/game,+查询场馆列表-owen,后台/game管理/场馆管理/+查询场馆列表-owen.bru,ACTIVE,YES,fat-admin-page-initialization.json network events 587; live-menu route and DOM control snapshot,,
admin,Promo Marketing,Promo Marketing Effect,/promo-marketing/effect-evaluation,page_initialization,page initialization,GET,/admin/channel/group/dict,,,,"accept,accept-language,client-id,client-version,d,lang,referer,sec-ch-ua,sec-ch-ua-mobile,sec-ch-ua-platform,t,user-agent,x-device-id",Header: browser session/runtime,200,True,list,FAT admin authenticated browser session; exact permission/role mapping pending,No mutation observed in this discovery action,Not applicable for observed read interaction,Page/network response rendered; business data values not persisted,admin/permission,渠道分组字黄-todo,后台/运营管理/推广管理/渠道管理/渠道分组/渠道分组字黄-todo.bru,ACTIVE,YES,fat-admin-page-initialization.json network events 615; live-menu route and DOM control snapshot,,
admin,Promo Marketing,Promo Marketing Effect,/promo-marketing/effect-evaluation,page_initialization,page initialization,GET,/admin/channel/manage/dict,,,,"accept,accept-language,client-id,client-version,d,lang,referer,sec-ch-ua,sec-ch-ua-mobile,sec-ch-ua-platform,t,user-agent,x-device-id",Header: browser session/runtime,200,True,list,FAT admin authenticated browser session; exact permission/role mapping pending,No mutation observed in this discovery action,Not applicable for observed read interaction,Page/network response rendered; business data values not persisted,admin/other,渠道管理字典-todo,后台/运营管理/推广管理/渠道管理/渠道管理字典-todo.bru,ACTIVE,YES,"fat-admin-page-initialization.json network events 614,619; live-menu route and DOM control snapshot",,
admin,Promo Marketing,Promo Marketing Effect,/promo-marketing/effect-evaluation,page_initialization,page initialization,GET,/admin/channel/promotion/effect,"end_time,start_time",,,"accept,accept-language,client-id,client-version,d,lang,referer,sec-ch-ua,sec-ch-ua-mobile,sec-ch-ua-platform,t,user-agent,x-device-id",Query: route/filter/pagination values emitted by current UI state; Header: browser session/runtime,200,True,"object; keys=d,f,t",FAT admin authenticated browser session; exact permission/role mapping pending,No mutation observed in this discovery action,Not applicable for observed read interaction,Page/network response rendered; business data values not persisted,,,,UNDOCUMENTED_ACTIVE,YES,fat-admin-page-initialization.json network events 618; live-menu route and DOM control snapshot,,
admin,Promo Marketing,Promo Marketing Effect,/promo-marketing/effect-evaluation,page_initialization,page initialization,GET,/admin/me/detail,,,,"accept,accept-language,client-id,client-version,d,lang,referer,sec-ch-ua,sec-ch-ua-mobile,sec-ch-ua-platform,t,user-agent,x-device-id",Header: browser session/runtime,200,True,"object; keys=avatar,bind_time,button_permission_ids,cmpl,create_name,created_at,email,google_secret,group_id,id,last_login_ip,last_login_time,login_password,nickname,operator_name,pwd_edit_time,roles,sid,status,stores,updated_at,username",FAT admin authenticated browser session; exact permission/role mapping pending,No mutation observed in this discovery action,Not applicable for observed read interaction,Page/network response rendered; business data values not persisted,admin/other,后台账户详情(当前登陆信息)-seven,后台/后台账号管理/后台账户详情(当前登陆信息)-seven.bru,ACTIVE,YES,fat-admin-page-initialization.json network events 612; live-menu route and DOM control snapshot,,
admin,Promo Marketing,Promo Marketing Effect,/promo-marketing/effect-evaluation,page_initialization,page initialization,GET,/admin/notify/audit/alarm,t,,,"accept,accept-language,client-id,client-version,d,lang,referer,sec-ch-ua,sec-ch-ua-mobile,sec-ch-ua-platform,t,user-agent,x-device-id",Query: route/filter/pagination values emitted by current UI state; Header: browser session/runtime,200,True,"object; keys=bonus_review_pending,feedback_pending,kyc_pending,mall_order_pending,withdraw_pending",FAT admin authenticated browser session; exact permission/role mapping pending,No mutation observed in this discovery action,Not applicable for observed read interaction,Page/network response rendered; business data values not persisted,admin/other,获取系统通知数量-wesley/owen,后台/系统管理/通知中心/获取系统通知数量-wesley-owen.bru,ACTIVE,YES,fat-admin-page-initialization.json network events 616; live-menu route and DOM control snapshot,,
admin,Promo Marketing,Promo Marketing Effect,/promo-marketing/effect-evaluation,page_initialization,page initialization,GET,/admin/sys/config/compliance/status,,,,"accept,accept-language,client-id,client-version,d,lang,referer,sec-ch-ua,sec-ch-ua-mobile,sec-ch-ua-platform,t,user-agent,x-device-id",Header: browser session/runtime,200,True,"object; keys=effective_open,effective_reason,effective_status_msg",FAT admin authenticated browser session; exact permission/role mapping pending,No mutation observed in this discovery action,Not applicable for observed read interaction,Page/network response rendered; business data values not persisted,,,,UNDOCUMENTED_ACTIVE,YES,fat-admin-page-initialization.json network events 613; live-menu route and DOM control snapshot,,
admin,Promo Marketing,Promo Marketing Effect,/promo-marketing/effect-evaluation,page_initialization,page initialization,POST,/admin/game/search,,,,"accept,accept-language,client-id,client-version,content-type,d,lang,referer,sec-ch-ua,sec-ch-ua-mobile,sec-ch-ua-platform,t,user-agent,x-device-id",Header: browser session/runtime,200,,unknown,FAT admin authenticated browser session; exact permission/role mapping pending,No mutation observed in this discovery action,Not applicable for observed read interaction,Page/network response rendered; business data values not persisted,admin/game,+游戏列表查询-owen-aliang,后台/game管理/游戏管理/+游戏列表查询-owen-aliang.bru,ACTIVE,YES,fat-admin-page-initialization.json network events 611; live-menu route and DOM control snapshot,,
admin,Promo Marketing,Promo Marketing Effect,/promo-marketing/effect-evaluation,page_initialization,page initialization,POST,/admin/game/search,,,,"accept,accept-language,client-id,client-version,content-type,d,lang,referer,sec-ch-ua,sec-ch-ua-mobile,sec-ch-ua-platform,t,user-agent,x-device-id",Header: browser session/runtime,200,True,"object; keys=ids,list,page,page_size,s,t",FAT admin authenticated browser session; exact permission/role mapping pending,No mutation observed in this discovery action,Not applicable for observed read interaction,Page/network response rendered; business data values not persisted,admin/game,+游戏列表查询-owen-aliang,后台/game管理/游戏管理/+游戏列表查询-owen-aliang.bru,ACTIVE,YES,"fat-admin-page-initialization.json network events 620,621,622,623,624,625,626; live-menu route and DOM control snapshot",,
admin,Promo Marketing,Promo Marketing Effect,/promo-marketing/effect-evaluation,page_initialization,page initialization,POST,/admin/gameclass/list,,,,"accept,accept-language,client-id,client-version,content-type,d,lang,referer,sec-ch-ua,sec-ch-ua-mobile,sec-ch-ua-platform,t,user-agent,x-device-id",Header: browser session/runtime,200,True,"object; keys=list,page,page_size,s,t",FAT admin authenticated browser session; exact permission/role mapping pending,No mutation observed in this discovery action,Not applicable for observed read interaction,Page/network response rendered; business data values not persisted,admin/game,+查询场馆列表-owen,后台/game管理/场馆管理/+查询场馆列表-owen.bru,ACTIVE,YES,fat-admin-page-initialization.json network events 617; live-menu route and DOM control snapshot,,
admin,Promo Marketing,First Deposit Daily Active Analysis,/promo-marketing/first-deposit-daily-active,page_initialization,page initialization,GET,/admin/channel/group/dict,,,,"accept,accept-language,client-id,client-version,d,lang,referer,sec-ch-ua,sec-ch-ua-mobile,sec-ch-ua-platform,t,user-agent,x-device-id",Header: browser session/runtime,200,True,list,FAT admin authenticated browser session; exact permission/role mapping pending,No mutation observed in this discovery action,Not applicable for observed read interaction,Page/network response rendered; business data values not persisted,admin/permission,渠道分组字黄-todo,后台/运营管理/推广管理/渠道管理/渠道分组/渠道分组字黄-todo.bru,ACTIVE,YES,fat-admin-page-initialization.json network events 648; live-menu route and DOM control snapshot,,
admin,Promo Marketing,First Deposit Daily Active Analysis,/promo-marketing/first-deposit-daily-active,page_initialization,page initialization,GET,/admin/channel/manage/dict,,,,"accept,accept-language,client-id,client-version,d,lang,referer,sec-ch-ua,sec-ch-ua-mobile,sec-ch-ua-platform,t,user-agent,x-device-id",Header: browser session/runtime,200,True,list,FAT admin authenticated browser session; exact permission/role mapping pending,No mutation observed in this discovery action,Not applicable for observed read interaction,Page/network response rendered; business data values not persisted,admin/other,渠道管理字典-todo,后台/运营管理/推广管理/渠道管理/渠道管理字典-todo.bru,ACTIVE,YES,"fat-admin-page-initialization.json network events 646,652; live-menu route and DOM control snapshot",,
admin,Promo Marketing,First Deposit Daily Active Analysis,/promo-marketing/first-deposit-daily-active,page_initialization,page initialization,GET,/admin/channel/promotion/firstDeposit,"end_time,page,page_size,start_time",,,"accept,accept-language,client-id,client-version,d,lang,referer,sec-ch-ua,sec-ch-ua-mobile,sec-ch-ua-platform,t,user-agent,x-device-id",Query: route/filter/pagination values emitted by current UI state; Header: browser session/runtime,200,True,"object; keys=d,s,t",FAT admin authenticated browser session; exact permission/role mapping pending,No mutation observed in this discovery action,Not applicable for observed read interaction,Page/network response rendered; business data values not persisted,,,,UNDOCUMENTED_ACTIVE,YES,fat-admin-page-initialization.json network events 651; live-menu route and DOM control snapshot,,
admin,Promo Marketing,First Deposit Daily Active Analysis,/promo-marketing/first-deposit-daily-active,page_initialization,page initialization,GET,/admin/me/detail,,,,"accept,accept-language,client-id,client-version,d,lang,referer,sec-ch-ua,sec-ch-ua-mobile,sec-ch-ua-platform,t,user-agent,x-device-id",Header: browser session/runtime,200,True,"object; keys=avatar,bind_time,button_permission_ids,cmpl,create_name,created_at,email,google_secret,group_id,id,last_login_ip,last_login_time,login_password,nickname,operator_name,pwd_edit_time,roles,sid,status,stores,updated_at,username",FAT admin authenticated browser session; exact permission/role mapping pending,No mutation observed in this discovery action,Not applicable for observed read interaction,Page/network response rendered; business data values not persisted,admin/other,后台账户详情(当前登陆信息)-seven,后台/后台账号管理/后台账户详情(当前登陆信息)-seven.bru,ACTIVE,YES,fat-admin-page-initialization.json network events 645; live-menu route and DOM control snapshot,,
admin,Promo Marketing,First Deposit Daily Active Analysis,/promo-marketing/first-deposit-daily-active,page_initialization,page initialization,GET,/admin/notify/audit/alarm,t,,,"accept,accept-language,client-id,client-version,d,lang,referer,sec-ch-ua,sec-ch-ua-mobile,sec-ch-ua-platform,t,user-agent,x-device-id",Query: route/filter/pagination values emitted by current UI state; Header: browser session/runtime,200,True,"object; keys=bonus_review_pending,feedback_pending,kyc_pending,mall_order_pending,withdraw_pending",FAT admin authenticated browser session; exact permission/role mapping pending,No mutation observed in this discovery action,Not applicable for observed read interaction,Page/network response rendered; business data values not persisted,admin/other,获取系统通知数量-wesley/owen,后台/系统管理/通知中心/获取系统通知数量-wesley-owen.bru,ACTIVE,YES,fat-admin-page-initialization.json network events 649; live-menu route and DOM control snapshot,,
admin,Promo Marketing,First Deposit Daily Active Analysis,/promo-marketing/first-deposit-daily-active,page_initialization,page initialization,GET,/admin/sys/config/compliance/status,,,,"accept,accept-language,client-id,client-version,d,lang,referer,sec-ch-ua,sec-ch-ua-mobile,sec-ch-ua-platform,t,user-agent,x-device-id",Header: browser session/runtime,200,True,"object; keys=effective_open,effective_reason,effective_status_msg",FAT admin authenticated browser session; exact permission/role mapping pending,No mutation observed in this discovery action,Not applicable for observed read interaction,Page/network response rendered; business data values not persisted,,,,UNDOCUMENTED_ACTIVE,YES,fat-admin-page-initialization.json network events 647; live-menu route and DOM control snapshot,,
admin,Promo Marketing,First Deposit Daily Active Analysis,/promo-marketing/first-deposit-daily-active,page_initialization,page initialization,POST,/admin/game/search,,,,"accept,accept-language,client-id,client-version,content-type,d,lang,referer,sec-ch-ua,sec-ch-ua-mobile,sec-ch-ua-platform,t,user-agent,x-device-id",Header: browser session/runtime,200,,unknown,FAT admin authenticated browser session; exact permission/role mapping pending,No mutation observed in this discovery action,Not applicable for observed read interaction,Page/network response rendered; business data values not persisted,admin/game,+游戏列表查询-owen-aliang,后台/game管理/游戏管理/+游戏列表查询-owen-aliang.bru,ACTIVE,YES,fat-admin-page-initialization.json network events 644; live-menu route and DOM control snapshot,,
admin,Promo Marketing,First Deposit Daily Active Analysis,/promo-marketing/first-deposit-daily-active,page_initialization,page initialization,POST,/admin/game/search,,,,"accept,accept-language,client-id,client-version,content-type,d,lang,referer,sec-ch-ua,sec-ch-ua-mobile,sec-ch-ua-platform,t,user-agent,x-device-id",Header: browser session/runtime,200,True,"object; keys=ids,list,page,page_size,s,t",FAT admin authenticated browser session; exact permission/role mapping pending,No mutation observed in this discovery action,Not applicable for observed read interaction,Page/network response rendered; business data values not persisted,admin/game,+游戏列表查询-owen-aliang,后台/game管理/游戏管理/+游戏列表查询-owen-aliang.bru,ACTIVE,YES,"fat-admin-page-initialization.json network events 653,654,655,656,657,658,659; live-menu route and DOM control snapshot",,
admin,Promo Marketing,First Deposit Daily Active Analysis,/promo-marketing/first-deposit-daily-active,page_initialization,page initialization,POST,/admin/gameclass/list,,,,"accept,accept-language,client-id,client-version,content-type,d,lang,referer,sec-ch-ua,sec-ch-ua-mobile,sec-ch-ua-platform,t,user-agent,x-device-id",Header: browser session/runtime,200,True,"object; keys=list,page,page_size,s,t",FAT admin authenticated browser session; exact permission/role mapping pending,No mutation observed in this discovery action,Not applicable for observed read interaction,Page/network response rendered; business data values not persisted,admin/game,+查询场馆列表-owen,后台/game管理/场馆管理/+查询场馆列表-owen.bru,ACTIVE,YES,fat-admin-page-initialization.json network events 650; live-menu route and DOM control snapshot,,
admin,Promo Marketing,Promo Data,/promo-marketing/promotion-data,page_initialization,page initialization,GET,/admin/channel/group/dict,,,,"accept,accept-language,client-id,client-version,d,lang,referer,sec-ch-ua,sec-ch-ua-mobile,sec-ch-ua-platform,t,user-agent,x-device-id",Header: browser session/runtime,200,True,list,FAT admin authenticated browser session; exact permission/role mapping pending,No mutation observed in this discovery action,Not applicable for observed read interaction,Page/network response rendered; business data values not persisted,admin/permission,渠道分组字黄-todo,后台/运营管理/推广管理/渠道管理/渠道分组/渠道分组字黄-todo.bru,ACTIVE,YES,fat-admin-page-initialization.json network events 664; live-menu route and DOM control snapshot,,
admin,Promo Marketing,Promo Data,/promo-marketing/promotion-data,page_initialization,page initialization,GET,/admin/channel/manage/dict,,,,"accept,accept-language,client-id,client-version,d,lang,referer,sec-ch-ua,sec-ch-ua-mobile,sec-ch-ua-platform,t,user-agent,x-device-id",Header: browser session/runtime,200,True,list,FAT admin authenticated browser session; exact permission/role mapping pending,No mutation observed in this discovery action,Not applicable for observed read interaction,Page/network response rendered; business data values not persisted,admin/other,渠道管理字典-todo,后台/运营管理/推广管理/渠道管理/渠道管理字典-todo.bru,ACTIVE,YES,fat-admin-page-initialization.json network events 662; live-menu route and DOM control snapshot,,
admin,Promo Marketing,Promo Data,/promo-marketing/promotion-data,page_initialization,page initialization,GET,/admin/channel/promoData/list,"day,page,page_size",,,"accept,accept-language,client-id,client-version,d,lang,referer,sec-ch-ua,sec-ch-ua-mobile,sec-ch-ua-platform,t,user-agent,x-device-id",Query: route/filter/pagination values emitted by current UI state; Header: browser session/runtime,200,True,"object; keys=d,t",FAT admin authenticated browser session; exact permission/role mapping pending,No mutation observed in this discovery action,Not applicable for observed read interaction,Page/network response rendered; business data values not persisted,admin/promo,推广数据列表-todo,后台/运营管理/推广管理/推广数据/推广数据列表-todo.bru,ACTIVE,YES,fat-admin-page-initialization.json network events 667; live-menu route and DOM control snapshot,,
admin,Promo Marketing,Promo Data,/promo-marketing/promotion-data,page_initialization,page initialization,GET,/admin/me/detail,,,,"accept,accept-language,client-id,client-version,d,lang,referer,sec-ch-ua,sec-ch-ua-mobile,sec-ch-ua-platform,t,user-agent,x-device-id",Header: browser session/runtime,200,True,"object; keys=avatar,bind_time,button_permission_ids,cmpl,create_name,created_at,email,google_secret,group_id,id,last_login_ip,last_login_time,login_password,nickname,operator_name,pwd_edit_time,roles,sid,status,stores,updated_at,username",FAT admin authenticated browser session; exact permission/role mapping pending,No mutation observed in this discovery action,Not applicable for observed read interaction,Page/network response rendered; business data values not persisted,admin/other,后台账户详情(当前登陆信息)-seven,后台/后台账号管理/后台账户详情(当前登陆信息)-seven.bru,ACTIVE,YES,fat-admin-page-initialization.json network events 661; live-menu route and DOM control snapshot,,
admin,Promo Marketing,Promo Data,/promo-marketing/promotion-data,page_initialization,page initialization,GET,/admin/notify/audit/alarm,t,,,"accept,accept-language,client-id,client-version,d,lang,referer,sec-ch-ua,sec-ch-ua-mobile,sec-ch-ua-platform,t,user-agent,x-device-id",Query: route/filter/pagination values emitted by current UI state; Header: browser session/runtime,200,True,"object; keys=bonus_review_pending,feedback_pending,kyc_pending,mall_order_pending,withdraw_pending",FAT admin authenticated browser session; exact permission/role mapping pending,No mutation observed in this discovery action,Not applicable for observed read interaction,Page/network response rendered; business data values not persisted,admin/other,获取系统通知数量-wesley/owen,后台/系统管理/通知中心/获取系统通知数量-wesley-owen.bru,ACTIVE,YES,fat-admin-page-initialization.json network events 665; live-menu route and DOM control snapshot,,
admin,Promo Marketing,Promo Data,/promo-marketing/promotion-data,page_initialization,page initialization,GET,/admin/sys/config/compliance/status,,,,"accept,accept-language,client-id,client-version,d,lang,referer,sec-ch-ua,sec-ch-ua-mobile,sec-ch-ua-platform,t,user-agent,x-device-id",Header: browser session/runtime,200,True,"object; keys=effective_open,effective_reason,effective_status_msg",FAT admin authenticated browser session; exact permission/role mapping pending,No mutation observed in this discovery action,Not applicable for observed read interaction,Page/network response rendered; business data values not persisted,,,,UNDOCUMENTED_ACTIVE,YES,fat-admin-page-initialization.json network events 663; live-menu route and DOM control snapshot,,
admin,Promo Marketing,Promo Data,/promo-marketing/promotion-data,page_initialization,page initialization,POST,/admin/game/search,,,,"accept,accept-language,client-id,client-version,content-type,d,lang,referer,sec-ch-ua,sec-ch-ua-mobile,sec-ch-ua-platform,t,user-agent,x-device-id",Header: browser session/runtime,200,,unknown,FAT admin authenticated browser session; exact permission/role mapping pending,No mutation observed in this discovery action,Not applicable for observed read interaction,Page/network response rendered; business data values not persisted,admin/game,+游戏列表查询-owen-aliang,后台/game管理/游戏管理/+游戏列表查询-owen-aliang.bru,ACTIVE,YES,fat-admin-page-initialization.json network events 660; live-menu route and DOM control snapshot,,
admin,Promo Marketing,Promo Data,/promo-marketing/promotion-data,page_initialization,page initialization,POST,/admin/game/search,,,,"accept,accept-language,client-id,client-version,content-type,d,lang,referer,sec-ch-ua,sec-ch-ua-mobile,sec-ch-ua-platform,t,user-agent,x-device-id",Header: browser session/runtime,200,True,"object; keys=ids,list,page,page_size,s,t",FAT admin authenticated browser session; exact permission/role mapping pending,No mutation observed in this discovery action,Not applicable for observed read interaction,Page/network response rendered; business data values not persisted,admin/game,+游戏列表查询-owen-aliang,后台/game管理/游戏管理/+游戏列表查询-owen-aliang.bru,ACTIVE,YES,"fat-admin-page-initialization.json network events 668,669,670,671,672,673,674; live-menu route and DOM control snapshot",,
admin,Promo Marketing,Promo Data,/promo-marketing/promotion-data,page_initialization,page initialization,POST,/admin/gameclass/list,,,,"accept,accept-language,client-id,client-version,content-type,d,lang,referer,sec-ch-ua,sec-ch-ua-mobile,sec-ch-ua-platform,t,user-agent,x-device-id",Header: browser session/runtime,200,True,"object; keys=list,page,page_size,s,t",FAT admin authenticated browser session; exact permission/role mapping pending,No mutation observed in this discovery action,Not applicable for observed read interaction,Page/network response rendered; business data values not persisted,admin/game,+查询场馆列表-owen,后台/game管理/场馆管理/+查询场馆列表-owen.bru,ACTIVE,YES,fat-admin-page-initialization.json network events 666; live-menu route and DOM control snapshot,,
admin,Promo Marketing,Register Daily Active,/promo-marketing/register-daily-active,page_initialization,page initialization,GET,/admin/channel/group/dict,,,,"accept,accept-language,client-id,client-version,d,lang,referer,sec-ch-ua,sec-ch-ua-mobile,sec-ch-ua-platform,t,user-agent,x-device-id",Header: browser session/runtime,200,True,list,FAT admin authenticated browser session; exact permission/role mapping pending,No mutation observed in this discovery action,Not applicable for observed read interaction,Page/network response rendered; business data values not persisted,admin/permission,渠道分组字黄-todo,后台/运营管理/推广管理/渠道管理/渠道分组/渠道分组字黄-todo.bru,ACTIVE,YES,fat-admin-page-initialization.json network events 631; live-menu route and DOM control snapshot,,
admin,Promo Marketing,Register Daily Active,/promo-marketing/register-daily-active,page_initialization,page initialization,GET,/admin/channel/manage/dict,,,,"accept,accept-language,client-id,client-version,d,lang,referer,sec-ch-ua,sec-ch-ua-mobile,sec-ch-ua-platform,t,user-agent,x-device-id",Header: browser session/runtime,200,True,list,FAT admin authenticated browser session; exact permission/role mapping pending,No mutation observed in this discovery action,Not applicable for observed read interaction,Page/network response rendered; business data values not persisted,admin/other,渠道管理字典-todo,后台/运营管理/推广管理/渠道管理/渠道管理字典-todo.bru,ACTIVE,YES,"fat-admin-page-initialization.json network events 629,635; live-menu route and DOM control snapshot",,
admin,Promo Marketing,Register Daily Active,/promo-marketing/register-daily-active,page_initialization,page initialization,GET,/admin/channel/promotion/register,"end_time,filter_type,page,page_size,start_time",,,"accept,accept-language,client-id,client-version,d,lang,referer,sec-ch-ua,sec-ch-ua-mobile,sec-ch-ua-platform,t,user-agent,x-device-id",Query: route/filter/pagination values emitted by current UI state; Header: browser session/runtime,200,True,"object; keys=d,s,t",FAT admin authenticated browser session; exact permission/role mapping pending,No mutation observed in this discovery action,Not applicable for observed read interaction,Page/network response rendered; business data values not persisted,,,,UNDOCUMENTED_ACTIVE,YES,fat-admin-page-initialization.json network events 634; live-menu route and DOM control snapshot,,
admin,Promo Marketing,Register Daily Active,/promo-marketing/register-daily-active,page_initialization,page initialization,GET,/admin/me/detail,,,,"accept,accept-language,client-id,client-version,d,lang,referer,sec-ch-ua,sec-ch-ua-mobile,sec-ch-ua-platform,t,user-agent,x-device-id",Header: browser session/runtime,200,True,"object; keys=avatar,bind_time,button_permission_ids,cmpl,create_name,created_at,email,google_secret,group_id,id,last_login_ip,last_login_time,login_password,nickname,operator_name,pwd_edit_time,roles,sid,status,stores,updated_at,username",FAT admin authenticated browser session; exact permission/role mapping pending,No mutation observed in this discovery action,Not applicable for observed read interaction,Page/network response rendered; business data values not persisted,admin/other,后台账户详情(当前登陆信息)-seven,后台/后台账号管理/后台账户详情(当前登陆信息)-seven.bru,ACTIVE,YES,fat-admin-page-initialization.json network events 628; live-menu route and DOM control snapshot,,
admin,Promo Marketing,Register Daily Active,/promo-marketing/register-daily-active,page_initialization,page initialization,GET,/admin/notify/audit/alarm,t,,,"accept,accept-language,client-id,client-version,d,lang,referer,sec-ch-ua,sec-ch-ua-mobile,sec-ch-ua-platform,t,user-agent,x-device-id",Query: route/filter/pagination values emitted by current UI state; Header: browser session/runtime,200,True,"object; keys=bonus_review_pending,feedback_pending,kyc_pending,mall_order_pending,withdraw_pending",FAT admin authenticated browser session; exact permission/role mapping pending,No mutation observed in this discovery action,Not applicable for observed read interaction,Page/network response rendered; business data values not persisted,admin/other,获取系统通知数量-wesley/owen,后台/系统管理/通知中心/获取系统通知数量-wesley-owen.bru,ACTIVE,YES,fat-admin-page-initialization.json network events 632; live-menu route and DOM control snapshot,,
admin,Promo Marketing,Register Daily Active,/promo-marketing/register-daily-active,page_initialization,page initialization,GET,/admin/sys/config/compliance/status,,,,"accept,accept-language,client-id,client-version,d,lang,referer,sec-ch-ua,sec-ch-ua-mobile,sec-ch-ua-platform,t,user-agent,x-device-id",Header: browser session/runtime,200,True,"object; keys=effective_open,effective_reason,effective_status_msg",FAT admin authenticated browser session; exact permission/role mapping pending,No mutation observed in this discovery action,Not applicable for observed read interaction,Page/network response rendered; business data values not persisted,,,,UNDOCUMENTED_ACTIVE,YES,fat-admin-page-initialization.json network events 630; live-menu route and DOM control snapshot,,
admin,Promo Marketing,Register Daily Active,/promo-marketing/register-daily-active,page_initialization,page initialization,POST,/admin/game/search,,,,"accept,accept-language,client-id,client-version,content-type,d,lang,referer,sec-ch-ua,sec-ch-ua-mobile,sec-ch-ua-platform,t,user-agent,x-device-id",Header: browser session/runtime,200,,unknown,FAT admin authenticated browser session; exact permission/role mapping pending,No mutation observed in this discovery action,Not applicable for observed read interaction,Page/network response rendered; business data values not persisted,admin/game,+游戏列表查询-owen-aliang,后台/game管理/游戏管理/+游戏列表查询-owen-aliang.bru,ACTIVE,YES,fat-admin-page-initialization.json network events 627; live-menu route and DOM control snapshot,,
admin,Promo Marketing,Register Daily Active,/promo-marketing/register-daily-active,page_initialization,page initialization,POST,/admin/game/search,,,,"accept,accept-language,client-id,client-version,content-type,d,lang,referer,sec-ch-ua,sec-ch-ua-mobile,sec-ch-ua-platform,t,user-agent,x-device-id",Header: browser session/runtime,200,True,"object; keys=ids,list,page,page_size,s,t",FAT admin authenticated browser session; exact permission/role mapping pending,No mutation observed in this discovery action,Not applicable for observed read interaction,Page/network response rendered; business data values not persisted,admin/game,+游戏列表查询-owen-aliang,后台/game管理/游戏管理/+游戏列表查询-owen-aliang.bru,ACTIVE,YES,"fat-admin-page-initialization.json network events 636,637,638,639,640,641,642,643; live-menu route and DOM control snapshot",,
admin,Promo Marketing,Register Daily Active,/promo-marketing/register-daily-active,page_initialization,page initialization,POST,/admin/gameclass/list,,,,"accept,accept-language,client-id,client-version,content-type,d,lang,referer,sec-ch-ua,sec-ch-ua-mobile,sec-ch-ua-platform,t,user-agent,x-device-id",Header: browser session/runtime,200,True,"object; keys=list,page,page_size,s,t",FAT admin authenticated browser session; exact permission/role mapping pending,No mutation observed in this discovery action,Not applicable for observed read interaction,Page/network response rendered; business data values not persisted,admin/game,+查询场馆列表-owen,后台/game管理/场馆管理/+查询场馆列表-owen.bru,ACTIVE,YES,fat-admin-page-initialization.json network events 633; live-menu route and DOM control snapshot,,
admin,Promo Marketing,Promo Marketing Report,/promo-marketing/statistical-reports,page_initialization,page initialization,GET,/admin/channel/group/dict,,,,"accept,accept-language,client-id,client-version,d,lang,referer,sec-ch-ua,sec-ch-ua-mobile,sec-ch-ua-platform,t,user-agent,x-device-id",Header: browser session/runtime,200,True,list,FAT admin authenticated browser session; exact permission/role mapping pending,No mutation observed in this discovery action,Not applicable for observed read interaction,Page/network response rendered; business data values not persisted,admin/permission,渠道分组字黄-todo,后台/运营管理/推广管理/渠道管理/渠道分组/渠道分组字黄-todo.bru,ACTIVE,YES,fat-admin-page-initialization.json network events 599; live-menu route and DOM control snapshot,,
admin,Promo Marketing,Promo Marketing Report,/promo-marketing/statistical-reports,page_initialization,page initialization,GET,/admin/channel/manage/dict,,,,"accept,accept-language,client-id,client-version,d,lang,referer,sec-ch-ua,sec-ch-ua-mobile,sec-ch-ua-platform,t,user-agent,x-device-id",Header: browser session/runtime,200,True,list,FAT admin authenticated browser session; exact permission/role mapping pending,No mutation observed in this discovery action,Not applicable for observed read interaction,Page/network response rendered; business data values not persisted,admin/other,渠道管理字典-todo,后台/运营管理/推广管理/渠道管理/渠道管理字典-todo.bru,ACTIVE,YES,fat-admin-page-initialization.json network events 598; live-menu route and DOM control snapshot,,
admin,Promo Marketing,Promo Marketing Report,/promo-marketing/statistical-reports,page_initialization,page initialization,GET,/admin/channel/promotion/satistic,"end_time,page,page_size,start_time",,,"accept,accept-language,client-id,client-version,d,lang,referer,sec-ch-ua,sec-ch-ua-mobile,sec-ch-ua-platform,t,user-agent,x-device-id",Query: route/filter/pagination values emitted by current UI state; Header: browser session/runtime,200,True,"object; keys=d,s,t",FAT admin authenticated browser session; exact permission/role mapping pending,No mutation observed in this discovery action,Not applicable for observed read interaction,Page/network response rendered; business data values not persisted,,,,UNDOCUMENTED_ACTIVE,YES,fat-admin-page-initialization.json network events 602; live-menu route and DOM control snapshot,,
admin,Promo Marketing,Promo Marketing Report,/promo-marketing/statistical-reports,page_initialization,page initialization,GET,/admin/me/detail,,,,"accept,accept-language,client-id,client-version,d,lang,referer,sec-ch-ua,sec-ch-ua-mobile,sec-ch-ua-platform,t,user-agent,x-device-id",Header: browser session/runtime,200,True,"object; keys=avatar,bind_time,button_permission_ids,cmpl,create_name,created_at,email,google_secret,group_id,id,last_login_ip,last_login_time,login_password,nickname,operator_name,pwd_edit_time,roles,sid,status,stores,updated_at,username",FAT admin authenticated browser session; exact permission/role mapping pending,No mutation observed in this discovery action,Not applicable for observed read interaction,Page/network response rendered; business data values not persisted,admin/other,后台账户详情(当前登陆信息)-seven,后台/后台账号管理/后台账户详情(当前登陆信息)-seven.bru,ACTIVE,YES,fat-admin-page-initialization.json network events 596; live-menu route and DOM control snapshot,,
admin,Promo Marketing,Promo Marketing Report,/promo-marketing/statistical-reports,page_initialization,page initialization,GET,/admin/notify/audit/alarm,t,,,"accept,accept-language,client-id,client-version,d,lang,referer,sec-ch-ua,sec-ch-ua-mobile,sec-ch-ua-platform,t,user-agent,x-device-id",Query: route/filter/pagination values emitted by current UI state; Header: browser session/runtime,200,True,"object; keys=bonus_review_pending,feedback_pending,kyc_pending,mall_order_pending,withdraw_pending",FAT admin authenticated browser session; exact permission/role mapping pending,No mutation observed in this discovery action,Not applicable for observed read interaction,Page/network response rendered; business data values not persisted,admin/other,获取系统通知数量-wesley/owen,后台/系统管理/通知中心/获取系统通知数量-wesley-owen.bru,ACTIVE,YES,fat-admin-page-initialization.json network events 601; live-menu route and DOM control snapshot,,
admin,Promo Marketing,Promo Marketing Report,/promo-marketing/statistical-reports,page_initialization,page initialization,GET,/admin/sys/config/compliance/status,,,,"accept,accept-language,client-id,client-version,d,lang,referer,sec-ch-ua,sec-ch-ua-mobile,sec-ch-ua-platform,t,user-agent,x-device-id",Header: browser session/runtime,200,True,"object; keys=effective_open,effective_reason,effective_status_msg",FAT admin authenticated browser session; exact permission/role mapping pending,No mutation observed in this discovery action,Not applicable for observed read interaction,Page/network response rendered; business data values not persisted,,,,UNDOCUMENTED_ACTIVE,YES,fat-admin-page-initialization.json network events 597; live-menu route and DOM control snapshot,,
admin,Promo Marketing,Promo Marketing Report,/promo-marketing/statistical-reports,page_initialization,page initialization,POST,/admin/game/search,,,,"accept,accept-language,client-id,client-version,content-type,d,lang,referer,sec-ch-ua,sec-ch-ua-mobile,sec-ch-ua-platform,t,user-agent,x-device-id",Header: browser session/runtime,200,True,"object; keys=ids,list,page,page_size,s,t",FAT admin authenticated browser session; exact permission/role mapping pending,No mutation observed in this discovery action,Not applicable for observed read interaction,Page/network response rendered; business data values not persisted,admin/game,+游戏列表查询-owen-aliang,后台/game管理/游戏管理/+游戏列表查询-owen-aliang.bru,ACTIVE,YES,"fat-admin-page-initialization.json network events 603,604,605,606,607,608,609,610; live-menu route and DOM control snapshot",,
admin,Promo Marketing,Promo Marketing Report,/promo-marketing/statistical-reports,page_initialization,page initialization,POST,/admin/gameclass/list,,,,"accept,accept-language,client-id,client-version,content-type,d,lang,referer,sec-ch-ua,sec-ch-ua-mobile,sec-ch-ua-platform,t,user-agent,x-device-id",Header: browser session/runtime,200,True,"object; keys=list,page,page_size,s,t",FAT admin authenticated browser session; exact permission/role mapping pending,No mutation observed in this discovery action,Not applicable for observed read interaction,Page/network response rendered; business data values not persisted,admin/game,+查询场馆列表-owen,后台/game管理/场馆管理/+查询场馆列表-owen.bru,ACTIVE,YES,fat-admin-page-initialization.json network events 600; live-menu route and DOM control snapshot,,
admin,Report Management,Game Platform Reports,/report-management/game-platform-report/list,page_initialization,page initialization,GET,/admin/me/detail,,,,"accept,accept-language,client-id,client-version,d,lang,referer,sec-ch-ua,sec-ch-ua-mobile,sec-ch-ua-platform,t,user-agent,x-device-id",Header: browser session/runtime,200,True,"object; keys=avatar,bind_time,button_permission_ids,cmpl,create_name,created_at,email,google_secret,group_id,id,last_login_ip,last_login_time,login_password,nickname,operator_name,pwd_edit_time,roles,sid,status,stores,updated_at,username",FAT admin authenticated browser session; exact permission/role mapping pending,No mutation observed in this discovery action,Not applicable for observed read interaction,Page/network response rendered; business data values not persisted,admin/other,后台账户详情(当前登陆信息)-seven,后台/后台账号管理/后台账户详情(当前登陆信息)-seven.bru,ACTIVE,YES,fat-admin-page-initialization.json network events 175; live-menu route and DOM control snapshot,,
admin,Report Management,Game Platform Reports,/report-management/game-platform-report/list,page_initialization,page initialization,GET,/admin/notify/audit/alarm,t,,,"accept,accept-language,client-id,client-version,d,lang,referer,sec-ch-ua,sec-ch-ua-mobile,sec-ch-ua-platform,t,user-agent,x-device-id",Query: route/filter/pagination values emitted by current UI state; Header: browser session/runtime,200,True,"object; keys=bonus_review_pending,feedback_pending,kyc_pending,mall_order_pending,withdraw_pending",FAT admin authenticated browser session; exact permission/role mapping pending,No mutation observed in this discovery action,Not applicable for observed read interaction,Page/network response rendered; business data values not persisted,admin/other,获取系统通知数量-wesley/owen,后台/系统管理/通知中心/获取系统通知数量-wesley-owen.bru,ACTIVE,YES,fat-admin-page-initialization.json network events 179; live-menu route and DOM control snapshot,,
admin,Report Management,Game Platform Reports,/report-management/game-platform-report/list,page_initialization,page initialization,GET,/admin/priv/check,path,,,"accept,accept-language,client-id,client-version,d,lang,referer,sec-ch-ua,sec-ch-ua-mobile,sec-ch-ua-platform,t,user-agent,x-device-id",Query: route/filter/pagination values emitted by current UI state; Header: browser session/runtime,200,True,object; keys=rights,FAT admin authenticated browser session; exact permission/role mapping pending,No mutation observed in this discovery action,Not applicable for observed read interaction,Page/network response rendered; business data values not persisted,admin/permission,权限检查,后台/系统管理/权限管理/权限检查.bru,ACTIVE,YES,"fat-admin-page-initialization.json network events 176,180; live-menu route and DOM control snapshot",,
admin,Report Management,Game Platform Reports,/report-management/game-platform-report/list,page_initialization,page initialization,GET,/admin/reports/venue/node,"end_time,field,page,page_size,start_time",,,"accept,accept-language,client-id,client-version,d,lang,referer,sec-ch-ua,sec-ch-ua-mobile,sec-ch-ua-platform,t,user-agent,x-device-id",Query: route/filter/pagination values emitted by current UI state; Header: browser session/runtime,200,True,"object; keys=a,d,s,t",FAT admin authenticated browser session; exact permission/role mapping pending,No mutation observed in this discovery action,Not applicable for observed read interaction,Page/network response rendered; business data values not persisted,admin/game,厂商线路报表,后台/报表/游戏平台报表/厂商线路报表.bru,ACTIVE,YES,fat-admin-page-initialization.json network events 183; live-menu route and DOM control snapshot,,
admin,Report Management,Game Platform Reports,/report-management/game-platform-report/list,page_initialization,page initialization,GET,/admin/sys/config/compliance/status,,,,"accept,accept-language,client-id,client-version,d,lang,referer,sec-ch-ua,sec-ch-ua-mobile,sec-ch-ua-platform,t,user-agent,x-device-id",Header: browser session/runtime,200,True,"object; keys=effective_open,effective_reason,effective_status_msg",FAT admin authenticated browser session; exact permission/role mapping pending,No mutation observed in this discovery action,Not applicable for observed read interaction,Page/network response rendered; business data values not persisted,,,,UNDOCUMENTED_ACTIVE,YES,fat-admin-page-initialization.json network events 177; live-menu route and DOM control snapshot,,
admin,Report Management,Game Platform Reports,/report-management/game-platform-report/list,page_initialization,page initialization,POST,/admin/dict/venues,,,,"accept,accept-language,client-id,client-version,content-type,d,lang,referer,sec-ch-ua,sec-ch-ua-mobile,sec-ch-ua-platform,t,user-agent,x-device-id",Header: browser session/runtime,200,True,list,FAT admin authenticated browser session; exact permission/role mapping pending,No mutation observed in this discovery action,Not applicable for observed read interaction,Page/network response rendered; business data values not persisted,,,,UNDOCUMENTED_ACTIVE,YES,fat-admin-page-initialization.json network events 181; live-menu route and DOM control snapshot,,
admin,Report Management,Game Platform Reports,/report-management/game-platform-report/list,page_initialization,page initialization,POST,/admin/game/search,,,,"accept,accept-language,client-id,client-version,content-type,d,lang,referer,sec-ch-ua,sec-ch-ua-mobile,sec-ch-ua-platform,t,user-agent,x-device-id",Header: browser session/runtime,200,True,"object; keys=ids,list,page,page_size,s,t",FAT admin authenticated browser session; exact permission/role mapping pending,No mutation observed in this discovery action,Not applicable for observed read interaction,Page/network response rendered; business data values not persisted,admin/game,+游戏列表查询-owen-aliang,后台/game管理/游戏管理/+游戏列表查询-owen-aliang.bru,ACTIVE,YES,"fat-admin-page-initialization.json network events 182,184,185,186,187,188,189,190; live-menu route and DOM control snapshot",,
admin,Report Management,Game Platform Reports,/report-management/game-platform-report/list,page_initialization,page initialization,POST,/admin/gameclass/list,,,,"accept,accept-language,client-id,client-version,content-type,d,lang,referer,sec-ch-ua,sec-ch-ua-mobile,sec-ch-ua-platform,t,user-agent,x-device-id",Header: browser session/runtime,200,True,"object; keys=list,page,page_size,s,t",FAT admin authenticated browser session; exact permission/role mapping pending,No mutation observed in this discovery action,Not applicable for observed read interaction,Page/network response rendered; business data values not persisted,admin/game,+查询场馆列表-owen,后台/game管理/场馆管理/+查询场馆列表-owen.bru,ACTIVE,YES,fat-admin-page-initialization.json network events 178; live-menu route and DOM control snapshot,,
admin,Report Management,Game Reports,/report-management/game-reports/list,page_initialization,page initialization,GET,/admin/me/detail,,,,"accept,accept-language,client-id,client-version,d,lang,referer,sec-ch-ua,sec-ch-ua-mobile,sec-ch-ua-platform,t,user-agent,x-device-id",Header: browser session/runtime,200,True,"object; keys=avatar,bind_time,button_permission_ids,cmpl,create_name,created_at,email,google_secret,group_id,id,last_login_ip,last_login_time,login_password,nickname,operator_name,pwd_edit_time,roles,sid,status,stores,updated_at,username",FAT admin authenticated browser session; exact permission/role mapping pending,No mutation observed in this discovery action,Not applicable for observed read interaction,Page/network response rendered; business data values not persisted,admin/other,后台账户详情(当前登陆信息)-seven,后台/后台账号管理/后台账户详情(当前登陆信息)-seven.bru,ACTIVE,YES,fat-admin-page-initialization.json network events 142; live-menu route and DOM control snapshot,,
admin,Report Management,Game Reports,/report-management/game-reports/list,page_initialization,page initialization,GET,/admin/notify/audit/alarm,t,,,"accept,accept-language,client-id,client-version,d,lang,referer,sec-ch-ua,sec-ch-ua-mobile,sec-ch-ua-platform,t,user-agent,x-device-id",Query: route/filter/pagination values emitted by current UI state; Header: browser session/runtime,200,True,"object; keys=bonus_review_pending,feedback_pending,kyc_pending,mall_order_pending,withdraw_pending",FAT admin authenticated browser session; exact permission/role mapping pending,No mutation observed in this discovery action,Not applicable for observed read interaction,Page/network response rendered; business data values not persisted,admin/other,获取系统通知数量-wesley/owen,后台/系统管理/通知中心/获取系统通知数量-wesley-owen.bru,ACTIVE,YES,fat-admin-page-initialization.json network events 145; live-menu route and DOM control snapshot,,
admin,Report Management,Game Reports,/report-management/game-reports/list,page_initialization,page initialization,GET,/admin/priv/check,path,,,"accept,accept-language,client-id,client-version,d,lang,referer,sec-ch-ua,sec-ch-ua-mobile,sec-ch-ua-platform,t,user-agent,x-device-id",Query: route/filter/pagination values emitted by current UI state; Header: browser session/runtime,200,True,object; keys=rights,FAT admin authenticated browser session; exact permission/role mapping pending,No mutation observed in this discovery action,Not applicable for observed read interaction,Page/network response rendered; business data values not persisted,admin/permission,权限检查,后台/系统管理/权限管理/权限检查.bru,ACTIVE,YES,"fat-admin-page-initialization.json network events 143,147; live-menu route and DOM control snapshot",,
admin,Report Management,Game Reports,/report-management/game-reports/list,page_initialization,page initialization,GET,/admin/reports/game/node,"end_time,field,page,page_size,start_time",,,"accept,accept-language,client-id,client-version,d,lang,referer,sec-ch-ua,sec-ch-ua-mobile,sec-ch-ua-platform,t,user-agent,x-device-id",Query: route/filter/pagination values emitted by current UI state; Header: browser session/runtime,200,True,"object; keys=a,d,s,t",FAT admin authenticated browser session; exact permission/role mapping pending,No mutation observed in this discovery action,Not applicable for observed read interaction,Page/network response rendered; business data values not persisted,admin/game,游戏线路报表,后台/报表/游戏报表/游戏线路报表.bru,ACTIVE,YES,fat-admin-page-initialization.json network events 149; live-menu route and DOM control snapshot,,
admin,Report Management,Game Reports,/report-management/game-reports/list,page_initialization,page initialization,GET,/admin/sys/config/compliance/status,,,,"accept,accept-language,client-id,client-version,d,lang,referer,sec-ch-ua,sec-ch-ua-mobile,sec-ch-ua-platform,t,user-agent,x-device-id",Header: browser session/runtime,200,True,"object; keys=effective_open,effective_reason,effective_status_msg",FAT admin authenticated browser session; exact permission/role mapping pending,No mutation observed in this discovery action,Not applicable for observed read interaction,Page/network response rendered; business data values not persisted,,,,UNDOCUMENTED_ACTIVE,YES,fat-admin-page-initialization.json network events 144; live-menu route and DOM control snapshot,,
admin,Report Management,Game Reports,/report-management/game-reports/list,page_initialization,page initialization,POST,/admin/dict/venues,,,,"accept,accept-language,client-id,client-version,content-type,d,lang,referer,sec-ch-ua,sec-ch-ua-mobile,sec-ch-ua-platform,t,user-agent,x-device-id",Header: browser session/runtime,200,True,list,FAT admin authenticated browser session; exact permission/role mapping pending,No mutation observed in this discovery action,Not applicable for observed read interaction,Page/network response rendered; business data values not persisted,,,,UNDOCUMENTED_ACTIVE,YES,fat-admin-page-initialization.json network events 148; live-menu route and DOM control snapshot,,
admin,Report Management,Game Reports,/report-management/game-reports/list,page_initialization,page initialization,POST,/admin/game/search,,,,"accept,accept-language,client-id,client-version,content-type,d,lang,referer,sec-ch-ua,sec-ch-ua-mobile,sec-ch-ua-platform,t,user-agent,x-device-id",Header: browser session/runtime,200,,unknown,FAT admin authenticated browser session; exact permission/role mapping pending,No mutation observed in this discovery action,Not applicable for observed read interaction,Page/network response rendered; business data values not persisted,admin/game,+游戏列表查询-owen-aliang,后台/game管理/游戏管理/+游戏列表查询-owen-aliang.bru,ACTIVE,YES,fat-admin-page-initialization.json network events 141; live-menu route and DOM control snapshot,,
admin,Report Management,Game Reports,/report-management/game-reports/list,page_initialization,page initialization,POST,/admin/game/search,,,,"accept,accept-language,client-id,client-version,content-type,d,lang,referer,sec-ch-ua,sec-ch-ua-mobile,sec-ch-ua-platform,t,user-agent,x-device-id",Header: browser session/runtime,200,True,"object; keys=ids,list,page,page_size,s,t",FAT admin authenticated browser session; exact permission/role mapping pending,No mutation observed in this discovery action,Not applicable for observed read interaction,Page/network response rendered; business data values not persisted,admin/game,+游戏列表查询-owen-aliang,后台/game管理/游戏管理/+游戏列表查询-owen-aliang.bru,ACTIVE,YES,"fat-admin-page-initialization.json network events 150,151,152,153,154,155,156,157; live-menu route and DOM control snapshot",,
admin,Report Management,Game Reports,/report-management/game-reports/list,page_initialization,page initialization,POST,/admin/gameclass/list,,,,"accept,accept-language,client-id,client-version,content-type,d,lang,referer,sec-ch-ua,sec-ch-ua-mobile,sec-ch-ua-platform,t,user-agent,x-device-id",Header: browser session/runtime,200,True,"object; keys=list,page,page_size,s,t",FAT admin authenticated browser session; exact permission/role mapping pending,No mutation observed in this discovery action,Not applicable for observed read interaction,Page/network response rendered; business data values not persisted,admin/game,+查询场馆列表-owen,后台/game管理/场馆管理/+查询场馆列表-owen.bru,ACTIVE,YES,fat-admin-page-initialization.json network events 146; live-menu route and DOM control snapshot,,
admin,Report Management,Game Type Reports,/report-management/game-types-report/list,page_initialization,page initialization,GET,/admin/me/detail,,,,"accept,accept-language,client-id,client-version,d,lang,referer,sec-ch-ua,sec-ch-ua-mobile,sec-ch-ua-platform,t,user-agent,x-device-id",Header: browser session/runtime,200,True,"object; keys=avatar,bind_time,button_permission_ids,cmpl,create_name,created_at,email,google_secret,group_id,id,last_login_ip,last_login_time,login_password,nickname,operator_name,pwd_edit_time,roles,sid,status,stores,updated_at,username",FAT admin authenticated browser session; exact permission/role mapping pending,No mutation observed in this discovery action,Not applicable for observed read interaction,Page/network response rendered; business data values not persisted,admin/other,后台账户详情(当前登陆信息)-seven,后台/后台账号管理/后台账户详情(当前登陆信息)-seven.bru,ACTIVE,YES,fat-admin-page-initialization.json network events 159; live-menu route and DOM control snapshot,,
admin,Report Management,Game Type Reports,/report-management/game-types-report/list,page_initialization,page initialization,GET,/admin/notify/audit/alarm,t,,,"accept,accept-language,client-id,client-version,d,lang,referer,sec-ch-ua,sec-ch-ua-mobile,sec-ch-ua-platform,t,user-agent,x-device-id",Query: route/filter/pagination values emitted by current UI state; Header: browser session/runtime,200,True,"object; keys=bonus_review_pending,feedback_pending,kyc_pending,mall_order_pending,withdraw_pending",FAT admin authenticated browser session; exact permission/role mapping pending,No mutation observed in this discovery action,Not applicable for observed read interaction,Page/network response rendered; business data values not persisted,admin/other,获取系统通知数量-wesley/owen,后台/系统管理/通知中心/获取系统通知数量-wesley-owen.bru,ACTIVE,YES,fat-admin-page-initialization.json network events 163; live-menu route and DOM control snapshot,,
admin,Report Management,Game Type Reports,/report-management/game-types-report/list,page_initialization,page initialization,GET,/admin/priv/check,path,,,"accept,accept-language,client-id,client-version,d,lang,referer,sec-ch-ua,sec-ch-ua-mobile,sec-ch-ua-platform,t,user-agent,x-device-id",Query: route/filter/pagination values emitted by current UI state; Header: browser session/runtime,200,True,object; keys=rights,FAT admin authenticated browser session; exact permission/role mapping pending,No mutation observed in this discovery action,Not applicable for observed read interaction,Page/network response rendered; business data values not persisted,admin/permission,权限检查,后台/系统管理/权限管理/权限检查.bru,ACTIVE,YES,"fat-admin-page-initialization.json network events 160,164; live-menu route and DOM control snapshot",,
admin,Report Management,Game Type Reports,/report-management/game-types-report/list,page_initialization,page initialization,GET,/admin/reports/gameclass/node,"end_time,field,page,page_size,start_time",,,"accept,accept-language,client-id,client-version,d,lang,referer,sec-ch-ua,sec-ch-ua-mobile,sec-ch-ua-platform,t,user-agent,x-device-id",Query: route/filter/pagination values emitted by current UI state; Header: browser session/runtime,200,True,"object; keys=a,d,s,t",FAT admin authenticated browser session; exact permission/role mapping pending,No mutation observed in this discovery action,Not applicable for observed read interaction,Page/network response rendered; business data values not persisted,admin/game,游戏类型线路报表,后台/报表/游戏类型报表/游戏类型线路报表.bru,ACTIVE,YES,fat-admin-page-initialization.json network events 167; live-menu route and DOM control snapshot,,
admin,Report Management,Game Type Reports,/report-management/game-types-report/list,page_initialization,page initialization,GET,/admin/sys/config/compliance/status,,,,"accept,accept-language,client-id,client-version,d,lang,referer,sec-ch-ua,sec-ch-ua-mobile,sec-ch-ua-platform,t,user-agent,x-device-id",Header: browser session/runtime,200,True,"object; keys=effective_open,effective_reason,effective_status_msg",FAT admin authenticated browser session; exact permission/role mapping pending,No mutation observed in this discovery action,Not applicable for observed read interaction,Page/network response rendered; business data values not persisted,,,,UNDOCUMENTED_ACTIVE,YES,fat-admin-page-initialization.json network events 162; live-menu route and DOM control snapshot,,
admin,Report Management,Game Type Reports,/report-management/game-types-report/list,page_initialization,page initialization,POST,/admin/dict/venues,,,,"accept,accept-language,client-id,client-version,content-type,d,lang,referer,sec-ch-ua,sec-ch-ua-mobile,sec-ch-ua-platform,t,user-agent,x-device-id",Header: browser session/runtime,200,True,list,FAT admin authenticated browser session; exact permission/role mapping pending,No mutation observed in this discovery action,Not applicable for observed read interaction,Page/network response rendered; business data values not persisted,,,,UNDOCUMENTED_ACTIVE,YES,fat-admin-page-initialization.json network events 165; live-menu route and DOM control snapshot,,
admin,Report Management,Game Type Reports,/report-management/game-types-report/list,page_initialization,page initialization,POST,/admin/game/search,,,,"accept,accept-language,client-id,client-version,content-type,d,lang,referer,sec-ch-ua,sec-ch-ua-mobile,sec-ch-ua-platform,t,user-agent,x-device-id",Header: browser session/runtime,200,,unknown,FAT admin authenticated browser session; exact permission/role mapping pending,No mutation observed in this discovery action,Not applicable for observed read interaction,Page/network response rendered; business data values not persisted,admin/game,+游戏列表查询-owen-aliang,后台/game管理/游戏管理/+游戏列表查询-owen-aliang.bru,ACTIVE,YES,fat-admin-page-initialization.json network events 158; live-menu route and DOM control snapshot,,
admin,Report Management,Game Type Reports,/report-management/game-types-report/list,page_initialization,page initialization,POST,/admin/game/search,,,,"accept,accept-language,client-id,client-version,content-type,d,lang,referer,sec-ch-ua,sec-ch-ua-mobile,sec-ch-ua-platform,t,user-agent,x-device-id",Header: browser session/runtime,200,True,"object; keys=ids,list,page,page_size,s,t",FAT admin authenticated browser session; exact permission/role mapping pending,No mutation observed in this discovery action,Not applicable for observed read interaction,Page/network response rendered; business data values not persisted,admin/game,+游戏列表查询-owen-aliang,后台/game管理/游戏管理/+游戏列表查询-owen-aliang.bru,ACTIVE,YES,"fat-admin-page-initialization.json network events 166,168,169,170,171,172,173,174; live-menu route and DOM control snapshot",,
admin,Report Management,Game Type Reports,/report-management/game-types-report/list,page_initialization,page initialization,POST,/admin/gameclass/list,,,,"accept,accept-language,client-id,client-version,content-type,d,lang,referer,sec-ch-ua,sec-ch-ua-mobile,sec-ch-ua-platform,t,user-agent,x-device-id",Header: browser session/runtime,200,True,"object; keys=list,page,page_size,s,t",FAT admin authenticated browser session; exact permission/role mapping pending,No mutation observed in this discovery action,Not applicable for observed read interaction,Page/network response rendered; business data values not persisted,admin/game,+查询场馆列表-owen,后台/game管理/场馆管理/+查询场馆列表-owen.bru,ACTIVE,YES,fat-admin-page-initialization.json network events 161; live-menu route and DOM control snapshot,,
admin,Report Management,Member Daily Game Stats,/report-management/member-daily-game-stats,page_initialization,page initialization,GET,/admin/me/detail,,,,"accept,accept-language,client-id,client-version,d,lang,referer,sec-ch-ua,sec-ch-ua-mobile,sec-ch-ua-platform,t,user-agent,x-device-id",Header: browser session/runtime,200,True,"object; keys=avatar,bind_time,button_permission_ids,cmpl,create_name,created_at,email,google_secret,group_id,id,last_login_ip,last_login_time,login_password,nickname,operator_name,pwd_edit_time,roles,sid,status,stores,updated_at,username",FAT admin authenticated browser session; exact permission/role mapping pending,No mutation observed in this discovery action,Not applicable for observed read interaction,Page/network response rendered; business data values not persisted,admin/other,后台账户详情(当前登陆信息)-seven,后台/后台账号管理/后台账户详情(当前登陆信息)-seven.bru,ACTIVE,YES,fat-admin-page-initialization.json network events 206; live-menu route and DOM control snapshot,,
admin,Report Management,Member Daily Game Stats,/report-management/member-daily-game-stats,page_initialization,page initialization,GET,/admin/notify/audit/alarm,t,,,"accept,accept-language,client-id,client-version,d,lang,referer,sec-ch-ua,sec-ch-ua-mobile,sec-ch-ua-platform,t,user-agent,x-device-id",Query: route/filter/pagination values emitted by current UI state; Header: browser session/runtime,200,True,"object; keys=bonus_review_pending,feedback_pending,kyc_pending,mall_order_pending,withdraw_pending",FAT admin authenticated browser session; exact permission/role mapping pending,No mutation observed in this discovery action,Not applicable for observed read interaction,Page/network response rendered; business data values not persisted,admin/other,获取系统通知数量-wesley/owen,后台/系统管理/通知中心/获取系统通知数量-wesley-owen.bru,ACTIVE,YES,fat-admin-page-initialization.json network events 208; live-menu route and DOM control snapshot,,
admin,Report Management,Member Daily Game Stats,/report-management/member-daily-game-stats,page_initialization,page initialization,GET,/admin/reports/member-daily-game/aggregate,"end_date,field,page,page_size,start_date",,,"accept,accept-language,client-id,client-version,d,lang,referer,sec-ch-ua,sec-ch-ua-mobile,sec-ch-ua-platform,t,user-agent,x-device-id",Query: route/filter/pagination values emitted by current UI state; Header: browser session/runtime,200,True,"object; keys=a,d,s,subtotal,t",FAT admin authenticated browser session; exact permission/role mapping pending,No mutation observed in this discovery action,Not applicable for observed read interaction,Page/network response rendered; business data values not persisted,admin/game,会员每日游戏报表--汇总列表,后台/报表管理/会员每日游戏报表--汇总列表.bru,ACTIVE,YES,fat-admin-page-initialization.json network events 211; live-menu route and DOM control snapshot,,
admin,Report Management,Member Daily Game Stats,/report-management/member-daily-game-stats,page_initialization,page initialization,GET,/admin/sys/config/compliance/status,,,,"accept,accept-language,client-id,client-version,d,lang,referer,sec-ch-ua,sec-ch-ua-mobile,sec-ch-ua-platform,t,user-agent,x-device-id",Header: browser session/runtime,200,True,"object; keys=effective_open,effective_reason,effective_status_msg",FAT admin authenticated browser session; exact permission/role mapping pending,No mutation observed in this discovery action,Not applicable for observed read interaction,Page/network response rendered; business data values not persisted,,,,UNDOCUMENTED_ACTIVE,YES,fat-admin-page-initialization.json network events 207; live-menu route and DOM control snapshot,,
admin,Report Management,Member Daily Game Stats,/report-management/member-daily-game-stats,page_initialization,page initialization,POST,/admin/game/search,,,,"accept,accept-language,client-id,client-version,content-type,d,lang,referer,sec-ch-ua,sec-ch-ua-mobile,sec-ch-ua-platform,t,user-agent,x-device-id",Header: browser session/runtime,200,,unknown,FAT admin authenticated browser session; exact permission/role mapping pending,No mutation observed in this discovery action,Not applicable for observed read interaction,Page/network response rendered; business data values not persisted,admin/game,+游戏列表查询-owen-aliang,后台/game管理/游戏管理/+游戏列表查询-owen-aliang.bru,ACTIVE,YES,fat-admin-page-initialization.json network events 205; live-menu route and DOM control snapshot,,
admin,Report Management,Member Daily Game Stats,/report-management/member-daily-game-stats,page_initialization,page initialization,POST,/admin/game/search,,,,"accept,accept-language,client-id,client-version,content-type,d,lang,referer,sec-ch-ua,sec-ch-ua-mobile,sec-ch-ua-platform,t,user-agent,x-device-id",Header: browser session/runtime,200,True,"object; keys=ids,list,page,page_size,s,t",FAT admin authenticated browser session; exact permission/role mapping pending,No mutation observed in this discovery action,Not applicable for observed read interaction,Page/network response rendered; business data values not persisted,admin/game,+游戏列表查询-owen-aliang,后台/game管理/游戏管理/+游戏列表查询-owen-aliang.bru,ACTIVE,YES,"fat-admin-page-initialization.json network events 212,213,214,215,216,217,218,219; live-menu route and DOM control snapshot",,
admin,Report Management,Member Daily Game Stats,/report-management/member-daily-game-stats,page_initialization,page initialization,POST,/admin/gameclass/list,,,,"accept,accept-language,client-id,client-version,content-type,d,lang,referer,sec-ch-ua,sec-ch-ua-mobile,sec-ch-ua-platform,t,user-agent,x-device-id",Header: browser session/runtime,200,True,"object; keys=list,page,page_size,s,t",FAT admin authenticated browser session; exact permission/role mapping pending,No mutation observed in this discovery action,Not applicable for observed read interaction,Page/network response rendered; business data values not persisted,admin/game,+查询场馆列表-owen,后台/game管理/场馆管理/+查询场馆列表-owen.bru,ACTIVE,YES,"fat-admin-page-initialization.json network events 209,210; live-menu route and DOM control snapshot",,
admin,Report Management,Member Daily Stats,/report-management/member-daily-stats,page_initialization,page initialization,GET,/admin/me/detail,,,,"accept,accept-language,client-id,client-version,d,lang,referer,sec-ch-ua,sec-ch-ua-mobile,sec-ch-ua-platform,t,user-agent,x-device-id",Header: browser session/runtime,200,True,"object; keys=avatar,bind_time,button_permission_ids,cmpl,create_name,created_at,email,google_secret,group_id,id,last_login_ip,last_login_time,login_password,nickname,operator_name,pwd_edit_time,roles,sid,status,stores,updated_at,username",FAT admin authenticated browser session; exact permission/role mapping pending,No mutation observed in this discovery action,Not applicable for observed read interaction,Page/network response rendered; business data values not persisted,admin/other,后台账户详情(当前登陆信息)-seven,后台/后台账号管理/后台账户详情(当前登陆信息)-seven.bru,ACTIVE,YES,fat-admin-page-initialization.json network events 192; live-menu route and DOM control snapshot,,
admin,Report Management,Member Daily Stats,/report-management/member-daily-stats,page_initialization,page initialization,GET,/admin/notify/audit/alarm,t,,,"accept,accept-language,client-id,client-version,d,lang,referer,sec-ch-ua,sec-ch-ua-mobile,sec-ch-ua-platform,t,user-agent,x-device-id",Query: route/filter/pagination values emitted by current UI state; Header: browser session/runtime,200,True,"object; keys=bonus_review_pending,feedback_pending,kyc_pending,mall_order_pending,withdraw_pending",FAT admin authenticated browser session; exact permission/role mapping pending,No mutation observed in this discovery action,Not applicable for observed read interaction,Page/network response rendered; business data values not persisted,admin/other,获取系统通知数量-wesley/owen,后台/系统管理/通知中心/获取系统通知数量-wesley-owen.bru,ACTIVE,YES,fat-admin-page-initialization.json network events 194; live-menu route and DOM control snapshot,,
admin,Report Management,Member Daily Stats,/report-management/member-daily-stats,page_initialization,page initialization,GET,/admin/reports/member,"end_time,field,page,page_size,start_time",,,"accept,accept-language,client-id,client-version,d,lang,referer,sec-ch-ua,sec-ch-ua-mobile,sec-ch-ua-platform,t,user-agent,x-device-id",Query: route/filter/pagination values emitted by current UI state; Header: browser session/runtime,200,True,"object; keys=a,d,s,t",FAT admin authenticated browser session; exact permission/role mapping pending,No mutation observed in this discovery action,Not applicable for observed read interaction,Page/network response rendered; business data values not persisted,admin/report,个人统计--列表,后台/报表管理/个人统计--列表.bru,ACTIVE,YES,fat-admin-page-initialization.json network events 196; live-menu route and DOM control snapshot,,
admin,Report Management,Member Daily Stats,/report-management/member-daily-stats,page_initialization,page initialization,GET,/admin/sys/config/compliance/status,,,,"accept,accept-language,client-id,client-version,d,lang,referer,sec-ch-ua,sec-ch-ua-mobile,sec-ch-ua-platform,t,user-agent,x-device-id",Header: browser session/runtime,200,True,"object; keys=effective_open,effective_reason,effective_status_msg",FAT admin authenticated browser session; exact permission/role mapping pending,No mutation observed in this discovery action,Not applicable for observed read interaction,Page/network response rendered; business data values not persisted,,,,UNDOCUMENTED_ACTIVE,YES,fat-admin-page-initialization.json network events 193; live-menu route and DOM control snapshot,,
admin,Report Management,Member Daily Stats,/report-management/member-daily-stats,page_initialization,page initialization,POST,/admin/game/search,,,,"accept,accept-language,client-id,client-version,content-type,d,lang,referer,sec-ch-ua,sec-ch-ua-mobile,sec-ch-ua-platform,t,user-agent,x-device-id",Header: browser session/runtime,200,,unknown,FAT admin authenticated browser session; exact permission/role mapping pending,No mutation observed in this discovery action,Not applicable for observed read interaction,Page/network response rendered; business data values not persisted,admin/game,+游戏列表查询-owen-aliang,后台/game管理/游戏管理/+游戏列表查询-owen-aliang.bru,ACTIVE,YES,fat-admin-page-initialization.json network events 191; live-menu route and DOM control snapshot,,
admin,Report Management,Member Daily Stats,/report-management/member-daily-stats,page_initialization,page initialization,POST,/admin/game/search,,,,"accept,accept-language,client-id,client-version,content-type,d,lang,referer,sec-ch-ua,sec-ch-ua-mobile,sec-ch-ua-platform,t,user-agent,x-device-id",Header: browser session/runtime,200,True,"object; keys=ids,list,page,page_size,s,t",FAT admin authenticated browser session; exact permission/role mapping pending,No mutation observed in this discovery action,Not applicable for observed read interaction,Page/network response rendered; business data values not persisted,admin/game,+游戏列表查询-owen-aliang,后台/game管理/游戏管理/+游戏列表查询-owen-aliang.bru,ACTIVE,YES,"fat-admin-page-initialization.json network events 197,198,199,200,201,202,203,204; live-menu route and DOM control snapshot",,
admin,Report Management,Member Daily Stats,/report-management/member-daily-stats,page_initialization,page initialization,POST,/admin/gameclass/list,,,,"accept,accept-language,client-id,client-version,content-type,d,lang,referer,sec-ch-ua,sec-ch-ua-mobile,sec-ch-ua-platform,t,user-agent,x-device-id",Header: browser session/runtime,200,True,"object; keys=list,page,page_size,s,t",FAT admin authenticated browser session; exact permission/role mapping pending,No mutation observed in this discovery action,Not applicable for observed read interaction,Page/network response rendered; business data values not persisted,admin/game,+查询场馆列表-owen,后台/game管理/场馆管理/+查询场馆列表-owen.bru,ACTIVE,YES,fat-admin-page-initialization.json network events 195; live-menu route and DOM control snapshot,,
admin,Risk Management,Deposit/Withdrawal Approval,/risk-control/dw-audit,page_initialization,page initialization,GET,/admin/finance/payment/withdraw/channels,,,,"accept,accept-language,client-id,client-version,d,lang,referer,sec-ch-ua,sec-ch-ua-mobile,sec-ch-ua-platform,t,user-agent,x-device-id",Header: browser session/runtime,200,True,list,FAT admin authenticated browser session; exact permission/role mapping pending,No mutation observed in this discovery action,Not applicable for observed read interaction,Page/network response rendered; business data values not persisted,admin/finance,提现渠道列表-cold,合规/财务管理/财务记录/提现渠道列表-cold.bru,ACTIVE,YES,fat-admin-page-initialization.json network events 530; live-menu route and DOM control snapshot,,
admin,Risk Management,Deposit/Withdrawal Approval,/risk-control/dw-audit,page_initialization,page initialization,GET,/admin/me/detail,,,,"accept,accept-language,client-id,client-version,d,lang,referer,sec-ch-ua,sec-ch-ua-mobile,sec-ch-ua-platform,t,user-agent,x-device-id",Header: browser session/runtime,200,True,"object; keys=avatar,bind_time,button_permission_ids,cmpl,create_name,created_at,email,google_secret,group_id,id,last_login_ip,last_login_time,login_password,nickname,operator_name,pwd_edit_time,roles,sid,status,stores,updated_at,username",FAT admin authenticated browser session; exact permission/role mapping pending,No mutation observed in this discovery action,Not applicable for observed read interaction,Page/network response rendered; business data values not persisted,admin/other,后台账户详情(当前登陆信息)-seven,后台/后台账号管理/后台账户详情(当前登陆信息)-seven.bru,ACTIVE,YES,fat-admin-page-initialization.json network events 528; live-menu route and DOM control snapshot,,
admin,Risk Management,Deposit/Withdrawal Approval,/risk-control/dw-audit,page_initialization,page initialization,GET,/admin/notify/audit/alarm,t,,,"accept,accept-language,client-id,client-version,d,lang,referer,sec-ch-ua,sec-ch-ua-mobile,sec-ch-ua-platform,t,user-agent,x-device-id",Query: route/filter/pagination values emitted by current UI state; Header: browser session/runtime,200,True,"object; keys=bonus_review_pending,feedback_pending,kyc_pending,mall_order_pending,withdraw_pending",FAT admin authenticated browser session; exact permission/role mapping pending,No mutation observed in this discovery action,Not applicable for observed read interaction,Page/network response rendered; business data values not persisted,admin/other,获取系统通知数量-wesley/owen,后台/系统管理/通知中心/获取系统通知数量-wesley-owen.bru,ACTIVE,YES,fat-admin-page-initialization.json network events 531; live-menu route and DOM control snapshot,,
admin,Risk Management,Deposit/Withdrawal Approval,/risk-control/dw-audit,page_initialization,page initialization,GET,/admin/sys/config/compliance/status,,,,"accept,accept-language,client-id,client-version,d,lang,referer,sec-ch-ua,sec-ch-ua-mobile,sec-ch-ua-platform,t,user-agent,x-device-id",Header: browser session/runtime,200,True,"object; keys=effective_open,effective_reason,effective_status_msg",FAT admin authenticated browser session; exact permission/role mapping pending,No mutation observed in this discovery action,Not applicable for observed read interaction,Page/network response rendered; business data values not persisted,,,,UNDOCUMENTED_ACTIVE,YES,fat-admin-page-initialization.json network events 529; live-menu route and DOM control snapshot,,
admin,Risk Management,Deposit/Withdrawal Approval,/risk-control/dw-audit,page_initialization,page initialization,POST,/admin/finance/withdraw/risk/audit/list,,,,"accept,accept-language,client-id,client-version,content-type,d,lang,referer,sec-ch-ua,sec-ch-ua-mobile,sec-ch-ua-platform,t,user-agent,x-device-id",Header: browser session/runtime,200,True,"object; keys=d,s,summary,t",FAT admin authenticated browser session; exact permission/role mapping pending,No mutation observed in this discovery action,Not applicable for observed read interaction,Page/network response rendered; business data values not persisted,,,,UNDOCUMENTED_ACTIVE,YES,fat-admin-page-initialization.json network events 533; live-menu route and DOM control snapshot,,
admin,Risk Management,Deposit/Withdrawal Approval,/risk-control/dw-audit,page_initialization,page initialization,POST,/admin/game/search,,,,"accept,accept-language,client-id,client-version,content-type,d,lang,referer,sec-ch-ua,sec-ch-ua-mobile,sec-ch-ua-platform,t,user-agent,x-device-id",Header: browser session/runtime,200,True,"object; keys=ids,list,page,page_size,s,t",FAT admin authenticated browser session; exact permission/role mapping pending,No mutation observed in this discovery action,Not applicable for observed read interaction,Page/network response rendered; business data values not persisted,admin/game,+游戏列表查询-owen-aliang,后台/game管理/游戏管理/+游戏列表查询-owen-aliang.bru,ACTIVE,YES,"fat-admin-page-initialization.json network events 534,535,536,537,538,539,540; live-menu route and DOM control snapshot",,
admin,Risk Management,Deposit/Withdrawal Approval,/risk-control/dw-audit,page_initialization,page initialization,POST,/admin/gameclass/list,,,,"accept,accept-language,client-id,client-version,content-type,d,lang,referer,sec-ch-ua,sec-ch-ua-mobile,sec-ch-ua-platform,t,user-agent,x-device-id",Header: browser session/runtime,200,True,"object; keys=list,page,page_size,s,t",FAT admin authenticated browser session; exact permission/role mapping pending,No mutation observed in this discovery action,Not applicable for observed read interaction,Page/network response rendered; business data values not persisted,admin/game,+查询场馆列表-owen,后台/game管理/场馆管理/+查询场馆列表-owen.bru,ACTIVE,YES,fat-admin-page-initialization.json network events 532; live-menu route and DOM control snapshot,,
admin,Risk Management,Risk Logs,/risk-control/risk-logs,page_initialization,page initialization,GET,/admin/me/detail,,,,"accept,accept-language,client-id,client-version,d,lang,referer,sec-ch-ua,sec-ch-ua-mobile,sec-ch-ua-platform,t,user-agent,x-device-id",Header: browser session/runtime,200,True,"object; keys=avatar,bind_time,button_permission_ids,cmpl,create_name,created_at,email,google_secret,group_id,id,last_login_ip,last_login_time,login_password,nickname,operator_name,pwd_edit_time,roles,sid,status,stores,updated_at,username",FAT admin authenticated browser session; exact permission/role mapping pending,No mutation observed in this discovery action,Not applicable for observed read interaction,Page/network response rendered; business data values not persisted,admin/other,后台账户详情(当前登陆信息)-seven,后台/后台账号管理/后台账户详情(当前登陆信息)-seven.bru,ACTIVE,YES,fat-admin-page-initialization.json network events 571; live-menu route and DOM control snapshot,,
admin,Risk Management,Risk Logs,/risk-control/risk-logs,page_initialization,page initialization,GET,/admin/member/risk/log,"created_end_time,created_start_time,page,page_size",,,"accept,accept-language,client-id,client-version,d,lang,referer,sec-ch-ua,sec-ch-ua-mobile,sec-ch-ua-platform,t,user-agent,x-device-id",Query: route/filter/pagination values emitted by current UI state; Header: browser session/runtime,200,True,"object; keys=d,t",FAT admin authenticated browser session; exact permission/role mapping pending,No mutation observed in this discovery action,Not applicable for observed read interaction,Page/network response rendered; business data values not persisted,admin/member,风控日志,后台/会员列表/风控日志.bru,ACTIVE,YES,fat-admin-page-initialization.json network events 575; live-menu route and DOM control snapshot,,
admin,Risk Management,Risk Logs,/risk-control/risk-logs,page_initialization,page initialization,GET,/admin/notify/audit/alarm,t,,,"accept,accept-language,client-id,client-version,d,lang,referer,sec-ch-ua,sec-ch-ua-mobile,sec-ch-ua-platform,t,user-agent,x-device-id",Query: route/filter/pagination values emitted by current UI state; Header: browser session/runtime,200,True,"object; keys=bonus_review_pending,feedback_pending,kyc_pending,mall_order_pending,withdraw_pending",FAT admin authenticated browser session; exact permission/role mapping pending,No mutation observed in this discovery action,Not applicable for observed read interaction,Page/network response rendered; business data values not persisted,admin/other,获取系统通知数量-wesley/owen,后台/系统管理/通知中心/获取系统通知数量-wesley-owen.bru,ACTIVE,YES,fat-admin-page-initialization.json network events 574; live-menu route and DOM control snapshot,,
admin,Risk Management,Risk Logs,/risk-control/risk-logs,page_initialization,page initialization,GET,/admin/sys/config/compliance/status,,,,"accept,accept-language,client-id,client-version,d,lang,referer,sec-ch-ua,sec-ch-ua-mobile,sec-ch-ua-platform,t,user-agent,x-device-id",Header: browser session/runtime,200,True,"object; keys=effective_open,effective_reason,effective_status_msg",FAT admin authenticated browser session; exact permission/role mapping pending,No mutation observed in this discovery action,Not applicable for observed read interaction,Page/network response rendered; business data values not persisted,,,,UNDOCUMENTED_ACTIVE,YES,fat-admin-page-initialization.json network events 572; live-menu route and DOM control snapshot,,
admin,Risk Management,Risk Logs,/risk-control/risk-logs,page_initialization,page initialization,POST,/admin/game/search,,,,"accept,accept-language,client-id,client-version,content-type,d,lang,referer,sec-ch-ua,sec-ch-ua-mobile,sec-ch-ua-platform,t,user-agent,x-device-id",Header: browser session/runtime,200,,unknown,FAT admin authenticated browser session; exact permission/role mapping pending,No mutation observed in this discovery action,Not applicable for observed read interaction,Page/network response rendered; business data values not persisted,admin/game,+游戏列表查询-owen-aliang,后台/game管理/游戏管理/+游戏列表查询-owen-aliang.bru,ACTIVE,YES,fat-admin-page-initialization.json network events 570; live-menu route and DOM control snapshot,,
admin,Risk Management,Risk Logs,/risk-control/risk-logs,page_initialization,page initialization,POST,/admin/game/search,,,,"accept,accept-language,client-id,client-version,content-type,d,lang,referer,sec-ch-ua,sec-ch-ua-mobile,sec-ch-ua-platform,t,user-agent,x-device-id",Header: browser session/runtime,200,True,"object; keys=ids,list,page,page_size,s,t",FAT admin authenticated browser session; exact permission/role mapping pending,No mutation observed in this discovery action,Not applicable for observed read interaction,Page/network response rendered; business data values not persisted,admin/game,+游戏列表查询-owen-aliang,后台/game管理/游戏管理/+游戏列表查询-owen-aliang.bru,ACTIVE,YES,"fat-admin-page-initialization.json network events 576,577,578,579,580,581,582,583; live-menu route and DOM control snapshot",,
admin,Risk Management,Risk Logs,/risk-control/risk-logs,page_initialization,page initialization,POST,/admin/gameclass/list,,,,"accept,accept-language,client-id,client-version,content-type,d,lang,referer,sec-ch-ua,sec-ch-ua-mobile,sec-ch-ua-platform,t,user-agent,x-device-id",Header: browser session/runtime,200,True,"object; keys=list,page,page_size,s,t",FAT admin authenticated browser session; exact permission/role mapping pending,No mutation observed in this discovery action,Not applicable for observed read interaction,Page/network response rendered; business data values not persisted,admin/game,+查询场馆列表-owen,后台/game管理/场馆管理/+查询场馆列表-owen.bru,ACTIVE,YES,fat-admin-page-initialization.json network events 573; live-menu route and DOM control snapshot,,
admin,Risk Management,Temporary Restriction List,/risk-control/temporary-restriction-list,page_initialization,page initialization,GET,/admin/finance/withdraws/limit/list,"page,page_size",,,"accept,accept-language,client-id,client-version,d,lang,referer,sec-ch-ua,sec-ch-ua-mobile,sec-ch-ua-platform,t,user-agent,x-device-id",Query: route/filter/pagination values emitted by current UI state; Header: browser session/runtime,200,True,"object; keys=conf,d,s,t",FAT admin authenticated browser session; exact permission/role mapping pending,No mutation observed in this discovery action,Not applicable for observed read interaction,Page/network response rendered; business data values not persisted,admin/finance,大量小額提款檢查列表,后台/风控管理/大量小額提款檢查/大量小額提款檢查列表.bru,ACTIVE,YES,fat-admin-page-initialization.json network events 561; live-menu route and DOM control snapshot,,
admin,Risk Management,Temporary Restriction List,/risk-control/temporary-restriction-list,page_initialization,page initialization,GET,/admin/me/detail,,,,"accept,accept-language,client-id,client-version,d,lang,referer,sec-ch-ua,sec-ch-ua-mobile,sec-ch-ua-platform,t,user-agent,x-device-id",Header: browser session/runtime,200,True,"object; keys=avatar,bind_time,button_permission_ids,cmpl,create_name,created_at,email,google_secret,group_id,id,last_login_ip,last_login_time,login_password,nickname,operator_name,pwd_edit_time,roles,sid,status,stores,updated_at,username",FAT admin authenticated browser session; exact permission/role mapping pending,No mutation observed in this discovery action,Not applicable for observed read interaction,Page/network response rendered; business data values not persisted,admin/other,后台账户详情(当前登陆信息)-seven,后台/后台账号管理/后台账户详情(当前登陆信息)-seven.bru,ACTIVE,YES,fat-admin-page-initialization.json network events 557; live-menu route and DOM control snapshot,,
admin,Risk Management,Temporary Restriction List,/risk-control/temporary-restriction-list,page_initialization,page initialization,GET,/admin/notify/audit/alarm,t,,,"accept,accept-language,client-id,client-version,d,lang,referer,sec-ch-ua,sec-ch-ua-mobile,sec-ch-ua-platform,t,user-agent,x-device-id",Query: route/filter/pagination values emitted by current UI state; Header: browser session/runtime,200,True,"object; keys=bonus_review_pending,feedback_pending,kyc_pending,mall_order_pending,withdraw_pending",FAT admin authenticated browser session; exact permission/role mapping pending,No mutation observed in this discovery action,Not applicable for observed read interaction,Page/network response rendered; business data values not persisted,admin/other,获取系统通知数量-wesley/owen,后台/系统管理/通知中心/获取系统通知数量-wesley-owen.bru,ACTIVE,YES,fat-admin-page-initialization.json network events 559; live-menu route and DOM control snapshot,,
admin,Risk Management,Temporary Restriction List,/risk-control/temporary-restriction-list,page_initialization,page initialization,GET,/admin/sys/config/compliance/status,,,,"accept,accept-language,client-id,client-version,d,lang,referer,sec-ch-ua,sec-ch-ua-mobile,sec-ch-ua-platform,t,user-agent,x-device-id",Header: browser session/runtime,200,True,"object; keys=effective_open,effective_reason,effective_status_msg",FAT admin authenticated browser session; exact permission/role mapping pending,No mutation observed in this discovery action,Not applicable for observed read interaction,Page/network response rendered; business data values not persisted,,,,UNDOCUMENTED_ACTIVE,YES,fat-admin-page-initialization.json network events 558; live-menu route and DOM control snapshot,,
admin,Risk Management,Temporary Restriction List,/risk-control/temporary-restriction-list,page_initialization,page initialization,POST,/admin/game/search,,,,"accept,accept-language,client-id,client-version,content-type,d,lang,referer,sec-ch-ua,sec-ch-ua-mobile,sec-ch-ua-platform,t,user-agent,x-device-id",Header: browser session/runtime,200,,unknown,FAT admin authenticated browser session; exact permission/role mapping pending,No mutation observed in this discovery action,Not applicable for observed read interaction,Page/network response rendered; business data values not persisted,admin/game,+游戏列表查询-owen-aliang,后台/game管理/游戏管理/+游戏列表查询-owen-aliang.bru,ACTIVE,YES,fat-admin-page-initialization.json network events 556; live-menu route and DOM control snapshot,,
admin,Risk Management,Temporary Restriction List,/risk-control/temporary-restriction-list,page_initialization,page initialization,POST,/admin/game/search,,,,"accept,accept-language,client-id,client-version,content-type,d,lang,referer,sec-ch-ua,sec-ch-ua-mobile,sec-ch-ua-platform,t,user-agent,x-device-id",Header: browser session/runtime,200,True,"object; keys=ids,list,page,page_size,s,t",FAT admin authenticated browser session; exact permission/role mapping pending,No mutation observed in this discovery action,Not applicable for observed read interaction,Page/network response rendered; business data values not persisted,admin/game,+游戏列表查询-owen-aliang,后台/game管理/游戏管理/+游戏列表查询-owen-aliang.bru,ACTIVE,YES,"fat-admin-page-initialization.json network events 562,563,564,565,566,567,568,569; live-menu route and DOM control snapshot",,
admin,Risk Management,Temporary Restriction List,/risk-control/temporary-restriction-list,page_initialization,page initialization,POST,/admin/gameclass/list,,,,"accept,accept-language,client-id,client-version,content-type,d,lang,referer,sec-ch-ua,sec-ch-ua-mobile,sec-ch-ua-platform,t,user-agent,x-device-id",Header: browser session/runtime,200,True,"object; keys=list,page,page_size,s,t",FAT admin authenticated browser session; exact permission/role mapping pending,No mutation observed in this discovery action,Not applicable for observed read interaction,Page/network response rendered; business data values not persisted,admin/game,+查询场馆列表-owen,后台/game管理/场馆管理/+查询场馆列表-owen.bru,ACTIVE,YES,fat-admin-page-initialization.json network events 560; live-menu route and DOM control snapshot,,
admin,Risk Management,Fund Transfer Record,/risk-control/up-down-score,page_initialization,page initialization,GET,/admin/me/detail,,,,"accept,accept-language,client-id,client-version,d,lang,referer,sec-ch-ua,sec-ch-ua-mobile,sec-ch-ua-platform,t,user-agent,x-device-id",Header: browser session/runtime,200,True,"object; keys=avatar,bind_time,button_permission_ids,cmpl,create_name,created_at,email,google_secret,group_id,id,last_login_ip,last_login_time,login_password,nickname,operator_name,pwd_edit_time,roles,sid,status,stores,updated_at,username",FAT admin authenticated browser session; exact permission/role mapping pending,No mutation observed in this discovery action,Not applicable for observed read interaction,Page/network response rendered; business data values not persisted,admin/other,后台账户详情(当前登陆信息)-seven,后台/后台账号管理/后台账户详情(当前登陆信息)-seven.bru,ACTIVE,YES,fat-admin-page-initialization.json network events 542; live-menu route and DOM control snapshot,,
admin,Risk Management,Fund Transfer Record,/risk-control/up-down-score,page_initialization,page initialization,GET,/admin/notify/audit/alarm,t,,,"accept,accept-language,client-id,client-version,d,lang,referer,sec-ch-ua,sec-ch-ua-mobile,sec-ch-ua-platform,t,user-agent,x-device-id",Query: route/filter/pagination values emitted by current UI state; Header: browser session/runtime,200,True,"object; keys=bonus_review_pending,feedback_pending,kyc_pending,mall_order_pending,withdraw_pending",FAT admin authenticated browser session; exact permission/role mapping pending,No mutation observed in this discovery action,Not applicable for observed read interaction,Page/network response rendered; business data values not persisted,admin/other,获取系统通知数量-wesley/owen,后台/系统管理/通知中心/获取系统通知数量-wesley-owen.bru,ACTIVE,YES,fat-admin-page-initialization.json network events 545; live-menu route and DOM control snapshot,,
admin,Risk Management,Fund Transfer Record,/risk-control/up-down-score,page_initialization,page initialization,GET,/admin/priv/check,path,,,"accept,accept-language,client-id,client-version,d,lang,referer,sec-ch-ua,sec-ch-ua-mobile,sec-ch-ua-platform,t,user-agent,x-device-id",Query: route/filter/pagination values emitted by current UI state; Header: browser session/runtime,200,True,object; keys=rights,FAT admin authenticated browser session; exact permission/role mapping pending,No mutation observed in this discovery action,Not applicable for observed read interaction,Page/network response rendered; business data values not persisted,admin/permission,权限检查,后台/系统管理/权限管理/权限检查.bru,ACTIVE,YES,fat-admin-page-initialization.json network events 543; live-menu route and DOM control snapshot,,
admin,Risk Management,Fund Transfer Record,/risk-control/up-down-score,page_initialization,page initialization,GET,/admin/sys/config/compliance/status,,,,"accept,accept-language,client-id,client-version,d,lang,referer,sec-ch-ua,sec-ch-ua-mobile,sec-ch-ua-platform,t,user-agent,x-device-id",Header: browser session/runtime,200,True,"object; keys=effective_open,effective_reason,effective_status_msg",FAT admin authenticated browser session; exact permission/role mapping pending,No mutation observed in this discovery action,Not applicable for observed read interaction,Page/network response rendered; business data values not persisted,,,,UNDOCUMENTED_ACTIVE,YES,fat-admin-page-initialization.json network events 544; live-menu route and DOM control snapshot,,
admin,Risk Management,Fund Transfer Record,/risk-control/up-down-score,page_initialization,page initialization,POST,/admin/finance/adjust/list,,,,"accept,accept-language,client-id,client-version,content-type,d,lang,referer,sec-ch-ua,sec-ch-ua-mobile,sec-ch-ua-platform,t,user-agent,x-device-id",Header: browser session/runtime,200,True,"object; keys=d,s,t",FAT admin authenticated browser session; exact permission/role mapping pending,No mutation observed in this discovery action,Not applicable for observed read interaction,Page/network response rendered; business data values not persisted,admin/finance,系统调整,代理管理后台/财务管理/财务报表/系统调整.bru,ACTIVE,YES,fat-admin-page-initialization.json network events 547; live-menu route and DOM control snapshot,,
admin,Risk Management,Fund Transfer Record,/risk-control/up-down-score,page_initialization,page initialization,POST,/admin/game/search,,,,"accept,accept-language,client-id,client-version,content-type,d,lang,referer,sec-ch-ua,sec-ch-ua-mobile,sec-ch-ua-platform,t,user-agent,x-device-id",Header: browser session/runtime,200,,unknown,FAT admin authenticated browser session; exact permission/role mapping pending,No mutation observed in this discovery action,Not applicable for observed read interaction,Page/network response rendered; business data values not persisted,admin/game,+游戏列表查询-owen-aliang,后台/game管理/游戏管理/+游戏列表查询-owen-aliang.bru,ACTIVE,YES,fat-admin-page-initialization.json network events 541; live-menu route and DOM control snapshot,,
admin,Risk Management,Fund Transfer Record,/risk-control/up-down-score,page_initialization,page initialization,POST,/admin/game/search,,,,"accept,accept-language,client-id,client-version,content-type,d,lang,referer,sec-ch-ua,sec-ch-ua-mobile,sec-ch-ua-platform,t,user-agent,x-device-id",Header: browser session/runtime,200,True,"object; keys=ids,list,page,page_size,s,t",FAT admin authenticated browser session; exact permission/role mapping pending,No mutation observed in this discovery action,Not applicable for observed read interaction,Page/network response rendered; business data values not persisted,admin/game,+游戏列表查询-owen-aliang,后台/game管理/游戏管理/+游戏列表查询-owen-aliang.bru,ACTIVE,YES,"fat-admin-page-initialization.json network events 548,549,550,551,552,553,554,555; live-menu route and DOM control snapshot",,
admin,Risk Management,Fund Transfer Record,/risk-control/up-down-score,page_initialization,page initialization,POST,/admin/gameclass/list,,,,"accept,accept-language,client-id,client-version,content-type,d,lang,referer,sec-ch-ua,sec-ch-ua-mobile,sec-ch-ua-platform,t,user-agent,x-device-id",Header: browser session/runtime,200,True,"object; keys=list,page,page_size,s,t",FAT admin authenticated browser session; exact permission/role mapping pending,No mutation observed in this discovery action,Not applicable for observed read interaction,Page/network response rendered; business data values not persisted,admin/game,+查询场馆列表-owen,后台/game管理/场馆管理/+查询场馆列表-owen.bru,ACTIVE,YES,fat-admin-page-initialization.json network events 546; live-menu route and DOM control snapshot,,
admin,Site Management,Domain Management,/site-management/domain-management,page_initialization,page initialization,GET,/admin/channel/promotion/domain/list,"page,page_size",,,"accept,accept-language,client-id,client-version,d,lang,referer,sec-ch-ua,sec-ch-ua-mobile,sec-ch-ua-platform,t,user-agent,x-device-id",Query: route/filter/pagination values emitted by current UI state; Header: browser session/runtime,200,True,"object; keys=d,s,t",FAT admin authenticated browser session; exact permission/role mapping pending,No mutation observed in this discovery action,Not applicable for observed read interaction,Page/network response rendered; business data values not persisted,admin/promo,列表,后台/渠道推广-域名管理/列表.bru,ACTIVE,YES,fat-admin-page-initialization.json network events 680; live-menu route and DOM control snapshot,,
admin,Site Management,Domain Management,/site-management/domain-management,page_initialization,page initialization,GET,/admin/me/detail,,,,"accept,accept-language,client-id,client-version,d,lang,referer,sec-ch-ua,sec-ch-ua-mobile,sec-ch-ua-platform,t,user-agent,x-device-id",Header: browser session/runtime,200,True,"object; keys=avatar,bind_time,button_permission_ids,cmpl,create_name,created_at,email,google_secret,group_id,id,last_login_ip,last_login_time,login_password,nickname,operator_name,pwd_edit_time,roles,sid,status,stores,updated_at,username",FAT admin authenticated browser session; exact permission/role mapping pending,No mutation observed in this discovery action,Not applicable for observed read interaction,Page/network response rendered; business data values not persisted,admin/other,后台账户详情(当前登陆信息)-seven,后台/后台账号管理/后台账户详情(当前登陆信息)-seven.bru,ACTIVE,YES,fat-admin-page-initialization.json network events 676; live-menu route and DOM control snapshot,,
admin,Site Management,Domain Management,/site-management/domain-management,page_initialization,page initialization,GET,/admin/notify/audit/alarm,t,,,"accept,accept-language,client-id,client-version,d,lang,referer,sec-ch-ua,sec-ch-ua-mobile,sec-ch-ua-platform,t,user-agent,x-device-id",Query: route/filter/pagination values emitted by current UI state; Header: browser session/runtime,200,True,"object; keys=bonus_review_pending,feedback_pending,kyc_pending,mall_order_pending,withdraw_pending",FAT admin authenticated browser session; exact permission/role mapping pending,No mutation observed in this discovery action,Not applicable for observed read interaction,Page/network response rendered; business data values not persisted,admin/other,获取系统通知数量-wesley/owen,后台/系统管理/通知中心/获取系统通知数量-wesley-owen.bru,ACTIVE,YES,fat-admin-page-initialization.json network events 679; live-menu route and DOM control snapshot,,
admin,Site Management,Domain Management,/site-management/domain-management,page_initialization,page initialization,GET,/admin/sys/config/compliance/status,,,,"accept,accept-language,client-id,client-version,d,lang,referer,sec-ch-ua,sec-ch-ua-mobile,sec-ch-ua-platform,t,user-agent,x-device-id",Header: browser session/runtime,200,True,"object; keys=effective_open,effective_reason,effective_status_msg",FAT admin authenticated browser session; exact permission/role mapping pending,No mutation observed in this discovery action,Not applicable for observed read interaction,Page/network response rendered; business data values not persisted,,,,UNDOCUMENTED_ACTIVE,YES,fat-admin-page-initialization.json network events 677; live-menu route and DOM control snapshot,,
admin,Site Management,Domain Management,/site-management/domain-management,page_initialization,page initialization,POST,/admin/game/search,,,,"accept,accept-language,client-id,client-version,content-type,d,lang,referer,sec-ch-ua,sec-ch-ua-mobile,sec-ch-ua-platform,t,user-agent,x-device-id",Header: browser session/runtime,200,,unknown,FAT admin authenticated browser session; exact permission/role mapping pending,No mutation observed in this discovery action,Not applicable for observed read interaction,Page/network response rendered; business data values not persisted,admin/game,+游戏列表查询-owen-aliang,后台/game管理/游戏管理/+游戏列表查询-owen-aliang.bru,ACTIVE,YES,fat-admin-page-initialization.json network events 675; live-menu route and DOM control snapshot,,
admin,Site Management,Domain Management,/site-management/domain-management,page_initialization,page initialization,POST,/admin/game/search,,,,"accept,accept-language,client-id,client-version,content-type,d,lang,referer,sec-ch-ua,sec-ch-ua-mobile,sec-ch-ua-platform,t,user-agent,x-device-id",Header: browser session/runtime,200,True,"object; keys=ids,list,page,page_size,s,t",FAT admin authenticated browser session; exact permission/role mapping pending,No mutation observed in this discovery action,Not applicable for observed read interaction,Page/network response rendered; business data values not persisted,admin/game,+游戏列表查询-owen-aliang,后台/game管理/游戏管理/+游戏列表查询-owen-aliang.bru,ACTIVE,YES,"fat-admin-page-initialization.json network events 681,682,683,684,685,686,687,688; live-menu route and DOM control snapshot",,
admin,Site Management,Domain Management,/site-management/domain-management,page_initialization,page initialization,POST,/admin/gameclass/list,,,,"accept,accept-language,client-id,client-version,content-type,d,lang,referer,sec-ch-ua,sec-ch-ua-mobile,sec-ch-ua-platform,t,user-agent,x-device-id",Header: browser session/runtime,200,True,"object; keys=list,page,page_size,s,t",FAT admin authenticated browser session; exact permission/role mapping pending,No mutation observed in this discovery action,Not applicable for observed read interaction,Page/network response rendered; business data values not persisted,admin/game,+查询场馆列表-owen,后台/game管理/场馆管理/+查询场馆列表-owen.bru,ACTIVE,YES,fat-admin-page-initialization.json network events 678; live-menu route and DOM control snapshot,,
admin,System,Bet Order Monitoring,/system/order-monitor,page_initialization,page initialization,GET,/admin/me/detail,,,,"accept,accept-language,client-id,client-version,d,lang,referer,sec-ch-ua,sec-ch-ua-mobile,sec-ch-ua-platform,t,user-agent,x-device-id",Header: browser session/runtime,200,True,"object; keys=avatar,bind_time,button_permission_ids,cmpl,create_name,created_at,email,google_secret,group_id,id,last_login_ip,last_login_time,login_password,nickname,operator_name,pwd_edit_time,roles,sid,status,stores,updated_at,username",FAT admin authenticated browser session; exact permission/role mapping pending,No mutation observed in this discovery action,Not applicable for observed read interaction,Page/network response rendered; business data values not persisted,admin/other,后台账户详情(当前登陆信息)-seven,后台/后台账号管理/后台账户详情(当前登陆信息)-seven.bru,ACTIVE,YES,fat-admin-page-initialization.json network events 818; live-menu route and DOM control snapshot,,
admin,System,Bet Order Monitoring,/system/order-monitor,page_initialization,page initialization,GET,/admin/notify/audit/alarm,t,,,"accept,accept-language,client-id,client-version,d,lang,referer,sec-ch-ua,sec-ch-ua-mobile,sec-ch-ua-platform,t,user-agent,x-device-id",Query: route/filter/pagination values emitted by current UI state; Header: browser session/runtime,200,True,"object; keys=bonus_review_pending,feedback_pending,kyc_pending,mall_order_pending,withdraw_pending",FAT admin authenticated browser session; exact permission/role mapping pending,No mutation observed in this discovery action,Not applicable for observed read interaction,Page/network response rendered; business data values not persisted,admin/other,获取系统通知数量-wesley/owen,后台/系统管理/通知中心/获取系统通知数量-wesley-owen.bru,ACTIVE,YES,fat-admin-page-initialization.json network events 821; live-menu route and DOM control snapshot,,
admin,System,Bet Order Monitoring,/system/order-monitor,page_initialization,page initialization,GET,/admin/reports/provider/order/compare/daily,"created_at_end,created_at_start,page,page_size",,,"accept,accept-language,client-id,client-version,d,lang,referer,sec-ch-ua,sec-ch-ua-mobile,sec-ch-ua-platform,t,user-agent,x-device-id",Query: route/filter/pagination values emitted by current UI state; Header: browser session/runtime,200,True,"object; keys=d,s,t",FAT admin authenticated browser session; exact permission/role mapping pending,No mutation observed in this discovery action,Not applicable for observed read interaction,Page/network response rendered; business data values not persisted,admin/report,列表,后台/报表/厂商注单对比日报/列表.bru,ACTIVE,YES,fat-admin-page-initialization.json network events 823; live-menu route and DOM control snapshot,,
admin,System,Bet Order Monitoring,/system/order-monitor,page_initialization,page initialization,GET,/admin/sys/config/compliance/status,,,,"accept,accept-language,client-id,client-version,d,lang,referer,sec-ch-ua,sec-ch-ua-mobile,sec-ch-ua-platform,t,user-agent,x-device-id",Header: browser session/runtime,200,True,"object; keys=effective_open,effective_reason,effective_status_msg",FAT admin authenticated browser session; exact permission/role mapping pending,No mutation observed in this discovery action,Not applicable for observed read interaction,Page/network response rendered; business data values not persisted,,,,UNDOCUMENTED_ACTIVE,YES,fat-admin-page-initialization.json network events 819; live-menu route and DOM control snapshot,,
admin,System,Bet Order Monitoring,/system/order-monitor,page_initialization,page initialization,POST,/admin/dict/venues,,,,"accept,accept-language,client-id,client-version,content-type,d,lang,referer,sec-ch-ua,sec-ch-ua-mobile,sec-ch-ua-platform,t,user-agent,x-device-id",Header: browser session/runtime,200,True,list,FAT admin authenticated browser session; exact permission/role mapping pending,No mutation observed in this discovery action,Not applicable for observed read interaction,Page/network response rendered; business data values not persisted,,,,UNDOCUMENTED_ACTIVE,YES,fat-admin-page-initialization.json network events 820; live-menu route and DOM control snapshot,,
admin,System,Bet Order Monitoring,/system/order-monitor,page_initialization,page initialization,POST,/admin/game/search,,,,"accept,accept-language,client-id,client-version,content-type,d,lang,referer,sec-ch-ua,sec-ch-ua-mobile,sec-ch-ua-platform,t,user-agent,x-device-id",Header: browser session/runtime,200,True,"object; keys=ids,list,page,page_size,s,t",FAT admin authenticated browser session; exact permission/role mapping pending,No mutation observed in this discovery action,Not applicable for observed read interaction,Page/network response rendered; business data values not persisted,admin/game,+游戏列表查询-owen-aliang,后台/game管理/游戏管理/+游戏列表查询-owen-aliang.bru,ACTIVE,YES,"fat-admin-page-initialization.json network events 824,825,826,827,828,829,830,831; live-menu route and DOM control snapshot",,
admin,System,Bet Order Monitoring,/system/order-monitor,page_initialization,page initialization,POST,/admin/gameclass/list,,,,"accept,accept-language,client-id,client-version,content-type,d,lang,referer,sec-ch-ua,sec-ch-ua-mobile,sec-ch-ua-platform,t,user-agent,x-device-id",Header: browser session/runtime,200,True,"object; keys=list,page,page_size,s,t",FAT admin authenticated browser session; exact permission/role mapping pending,No mutation observed in this discovery action,Not applicable for observed read interaction,Page/network response rendered; business data values not persisted,admin/game,+查询场馆列表-owen,后台/game管理/场馆管理/+查询场馆列表-owen.bru,ACTIVE,YES,fat-admin-page-initialization.json network events 822; live-menu route and DOM control snapshot,,
admin,System,Role Configuration,/system/role,page_initialization,page initialization,GET,/admin/group/list,"page,page_size",,,"accept,accept-language,client-id,client-version,d,lang,referer,sec-ch-ua,sec-ch-ua-mobile,sec-ch-ua-platform,t,user-agent,x-device-id",Query: route/filter/pagination values emitted by current UI state; Header: browser session/runtime,200,True,"object; keys=d,s,t",FAT admin authenticated browser session; exact permission/role mapping pending,No mutation observed in this discovery action,Not applicable for observed read interaction,Page/network response rendered; business data values not persisted,admin/permission,角色列表 --yasser,后台/系统管理/角色管理/角色列表 --yasser.bru,ACTIVE,YES,fat-admin-page-initialization.json network events 782; live-menu route and DOM control snapshot,,
admin,System,Role Configuration,/system/role,page_initialization,page initialization,GET,/admin/me/detail,,,,"accept,accept-language,client-id,client-version,d,lang,referer,sec-ch-ua,sec-ch-ua-mobile,sec-ch-ua-platform,t,user-agent,x-device-id",Header: browser session/runtime,200,True,"object; keys=avatar,bind_time,button_permission_ids,cmpl,create_name,created_at,email,google_secret,group_id,id,last_login_ip,last_login_time,login_password,nickname,operator_name,pwd_edit_time,roles,sid,status,stores,updated_at,username",FAT admin authenticated browser session; exact permission/role mapping pending,No mutation observed in this discovery action,Not applicable for observed read interaction,Page/network response rendered; business data values not persisted,admin/other,后台账户详情(当前登陆信息)-seven,后台/后台账号管理/后台账户详情(当前登陆信息)-seven.bru,ACTIVE,YES,fat-admin-page-initialization.json network events 778; live-menu route and DOM control snapshot,,
admin,System,Role Configuration,/system/role,page_initialization,page initialization,GET,/admin/notify/audit/alarm,t,,,"accept,accept-language,client-id,client-version,d,lang,referer,sec-ch-ua,sec-ch-ua-mobile,sec-ch-ua-platform,t,user-agent,x-device-id",Query: route/filter/pagination values emitted by current UI state; Header: browser session/runtime,200,True,"object; keys=bonus_review_pending,feedback_pending,kyc_pending,mall_order_pending,withdraw_pending",FAT admin authenticated browser session; exact permission/role mapping pending,No mutation observed in this discovery action,Not applicable for observed read interaction,Page/network response rendered; business data values not persisted,admin/other,获取系统通知数量-wesley/owen,后台/系统管理/通知中心/获取系统通知数量-wesley-owen.bru,ACTIVE,YES,fat-admin-page-initialization.json network events 781; live-menu route and DOM control snapshot,,
admin,System,Role Configuration,/system/role,page_initialization,page initialization,GET,/admin/sys/config/compliance/status,,,,"accept,accept-language,client-id,client-version,d,lang,referer,sec-ch-ua,sec-ch-ua-mobile,sec-ch-ua-platform,t,user-agent,x-device-id",Header: browser session/runtime,200,True,"object; keys=effective_open,effective_reason,effective_status_msg",FAT admin authenticated browser session; exact permission/role mapping pending,No mutation observed in this discovery action,Not applicable for observed read interaction,Page/network response rendered; business data values not persisted,,,,UNDOCUMENTED_ACTIVE,YES,fat-admin-page-initialization.json network events 779; live-menu route and DOM control snapshot,,
admin,System,Role Configuration,/system/role,page_initialization,page initialization,POST,/admin/game/search,,,,"accept,accept-language,client-id,client-version,content-type,d,lang,referer,sec-ch-ua,sec-ch-ua-mobile,sec-ch-ua-platform,t,user-agent,x-device-id",Header: browser session/runtime,200,,unknown,FAT admin authenticated browser session; exact permission/role mapping pending,No mutation observed in this discovery action,Not applicable for observed read interaction,Page/network response rendered; business data values not persisted,admin/game,+游戏列表查询-owen-aliang,后台/game管理/游戏管理/+游戏列表查询-owen-aliang.bru,ACTIVE,YES,fat-admin-page-initialization.json network events 777; live-menu route and DOM control snapshot,,
admin,System,Role Configuration,/system/role,page_initialization,page initialization,POST,/admin/game/search,,,,"accept,accept-language,client-id,client-version,content-type,d,lang,referer,sec-ch-ua,sec-ch-ua-mobile,sec-ch-ua-platform,t,user-agent,x-device-id",Header: browser session/runtime,200,True,"object; keys=ids,list,page,page_size,s,t",FAT admin authenticated browser session; exact permission/role mapping pending,No mutation observed in this discovery action,Not applicable for observed read interaction,Page/network response rendered; business data values not persisted,admin/game,+游戏列表查询-owen-aliang,后台/game管理/游戏管理/+游戏列表查询-owen-aliang.bru,ACTIVE,YES,"fat-admin-page-initialization.json network events 783,784,785,786,787,788,789,790; live-menu route and DOM control snapshot",,
admin,System,Role Configuration,/system/role,page_initialization,page initialization,POST,/admin/gameclass/list,,,,"accept,accept-language,client-id,client-version,content-type,d,lang,referer,sec-ch-ua,sec-ch-ua-mobile,sec-ch-ua-platform,t,user-agent,x-device-id",Header: browser session/runtime,200,True,"object; keys=list,page,page_size,s,t",FAT admin authenticated browser session; exact permission/role mapping pending,No mutation observed in this discovery action,Not applicable for observed read interaction,Page/network response rendered; business data values not persisted,admin/game,+查询场馆列表-owen,后台/game管理/场馆管理/+查询场馆列表-owen.bru,ACTIVE,YES,fat-admin-page-initialization.json network events 780; live-menu route and DOM control snapshot,,
admin,System,SMS Verification Code,/system/sms-otp,page_initialization,page initialization,GET,/admin/me/detail,,,,"accept,accept-language,client-id,client-version,d,lang,referer,sec-ch-ua,sec-ch-ua-mobile,sec-ch-ua-platform,t,user-agent,x-device-id",Header: browser session/runtime,200,True,"object; keys=avatar,bind_time,button_permission_ids,cmpl,create_name,created_at,email,google_secret,group_id,id,last_login_ip,last_login_time,login_password,nickname,operator_name,pwd_edit_time,roles,sid,status,stores,updated_at,username",FAT admin authenticated browser session; exact permission/role mapping pending,No mutation observed in this discovery action,Not applicable for observed read interaction,Page/network response rendered; business data values not persisted,admin/other,后台账户详情(当前登陆信息)-seven,后台/后台账号管理/后台账户详情(当前登陆信息)-seven.bru,ACTIVE,YES,fat-admin-page-initialization.json network events 805; live-menu route and DOM control snapshot,,
admin,System,SMS Verification Code,/system/sms-otp,page_initialization,page initialization,GET,/admin/notify/audit/alarm,t,,,"accept,accept-language,client-id,client-version,d,lang,referer,sec-ch-ua,sec-ch-ua-mobile,sec-ch-ua-platform,t,user-agent,x-device-id",Query: route/filter/pagination values emitted by current UI state; Header: browser session/runtime,200,True,"object; keys=bonus_review_pending,feedback_pending,kyc_pending,mall_order_pending,withdraw_pending",FAT admin authenticated browser session; exact permission/role mapping pending,No mutation observed in this discovery action,Not applicable for observed read interaction,Page/network response rendered; business data values not persisted,admin/other,获取系统通知数量-wesley/owen,后台/系统管理/通知中心/获取系统通知数量-wesley-owen.bru,ACTIVE,YES,fat-admin-page-initialization.json network events 808; live-menu route and DOM control snapshot,,
admin,System,SMS Verification Code,/system/sms-otp,page_initialization,page initialization,GET,/admin/sms/list,"end_time,page,page_size,start_time",,,"accept,accept-language,client-id,client-version,d,lang,referer,sec-ch-ua,sec-ch-ua-mobile,sec-ch-ua-platform,t,user-agent,x-device-id",Query: route/filter/pagination values emitted by current UI state; Header: browser session/runtime,200,True,"object; keys=d,t",FAT admin authenticated browser session; exact permission/role mapping pending,No mutation observed in this discovery action,Not applicable for observed read interaction,Page/network response rendered; business data values not persisted,admin/auth,短信列表-seven,后台/短信发送列表/短信列表-seven.bru,ACTIVE,YES,fat-admin-page-initialization.json network events 809; live-menu route and DOM control snapshot,,
admin,System,SMS Verification Code,/system/sms-otp,page_initialization,page initialization,GET,/admin/sys/config/compliance/status,,,,"accept,accept-language,client-id,client-version,d,lang,referer,sec-ch-ua,sec-ch-ua-mobile,sec-ch-ua-platform,t,user-agent,x-device-id",Header: browser session/runtime,200,True,"object; keys=effective_open,effective_reason,effective_status_msg",FAT admin authenticated browser session; exact permission/role mapping pending,No mutation observed in this discovery action,Not applicable for observed read interaction,Page/network response rendered; business data values not persisted,,,,UNDOCUMENTED_ACTIVE,YES,fat-admin-page-initialization.json network events 806; live-menu route and DOM control snapshot,,
admin,System,SMS Verification Code,/system/sms-otp,page_initialization,page initialization,POST,/admin/game/search,,,,"accept,accept-language,client-id,client-version,content-type,d,lang,referer,sec-ch-ua,sec-ch-ua-mobile,sec-ch-ua-platform,t,user-agent,x-device-id",Header: browser session/runtime,200,True,"object; keys=ids,list,page,page_size,s,t",FAT admin authenticated browser session; exact permission/role mapping pending,No mutation observed in this discovery action,Not applicable for observed read interaction,Page/network response rendered; business data values not persisted,admin/game,+游戏列表查询-owen-aliang,后台/game管理/游戏管理/+游戏列表查询-owen-aliang.bru,ACTIVE,YES,"fat-admin-page-initialization.json network events 810,811,812,813,814,815,816,817; live-menu route and DOM control snapshot",,
admin,System,SMS Verification Code,/system/sms-otp,page_initialization,page initialization,POST,/admin/gameclass/list,,,,"accept,accept-language,client-id,client-version,content-type,d,lang,referer,sec-ch-ua,sec-ch-ua-mobile,sec-ch-ua-platform,t,user-agent,x-device-id",Header: browser session/runtime,200,True,"object; keys=list,page,page_size,s,t",FAT admin authenticated browser session; exact permission/role mapping pending,No mutation observed in this discovery action,Not applicable for observed read interaction,Page/network response rendered; business data values not persisted,admin/game,+查询场馆列表-owen,后台/game管理/场馆管理/+查询场馆列表-owen.bru,ACTIVE,YES,fat-admin-page-initialization.json network events 807; live-menu route and DOM control snapshot,,
admin,System,Staff Configuration,/system/staff,page_initialization,page initialization,GET,/admin/group/list,"page,page_size",,,"accept,accept-language,client-id,client-version,d,lang,referer,sec-ch-ua,sec-ch-ua-mobile,sec-ch-ua-platform,t,user-agent,x-device-id",Query: route/filter/pagination values emitted by current UI state; Header: browser session/runtime,200,True,"object; keys=d,s,t",FAT admin authenticated browser session; exact permission/role mapping pending,No mutation observed in this discovery action,Not applicable for observed read interaction,Page/network response rendered; business data values not persisted,admin/permission,角色列表 --yasser,后台/系统管理/角色管理/角色列表 --yasser.bru,ACTIVE,YES,fat-admin-page-initialization.json network events 793; live-menu route and DOM control snapshot,,
admin,System,Staff Configuration,/system/staff,page_initialization,page initialization,GET,/admin/me/detail,,,,"accept,accept-language,client-id,client-version,d,lang,referer,sec-ch-ua,sec-ch-ua-mobile,sec-ch-ua-platform,t,user-agent,x-device-id",Header: browser session/runtime,200,True,"object; keys=avatar,bind_time,button_permission_ids,cmpl,create_name,created_at,email,google_secret,group_id,id,last_login_ip,last_login_time,login_password,nickname,operator_name,pwd_edit_time,roles,sid,status,stores,updated_at,username",FAT admin authenticated browser session; exact permission/role mapping pending,No mutation observed in this discovery action,Not applicable for observed read interaction,Page/network response rendered; business data values not persisted,admin/other,后台账户详情(当前登陆信息)-seven,后台/后台账号管理/后台账户详情(当前登陆信息)-seven.bru,ACTIVE,YES,fat-admin-page-initialization.json network events 791; live-menu route and DOM control snapshot,,
admin,System,Staff Configuration,/system/staff,page_initialization,page initialization,GET,/admin/notify/audit/alarm,t,,,"accept,accept-language,client-id,client-version,d,lang,referer,sec-ch-ua,sec-ch-ua-mobile,sec-ch-ua-platform,t,user-agent,x-device-id",Query: route/filter/pagination values emitted by current UI state; Header: browser session/runtime,200,True,"object; keys=bonus_review_pending,feedback_pending,kyc_pending,mall_order_pending,withdraw_pending",FAT admin authenticated browser session; exact permission/role mapping pending,No mutation observed in this discovery action,Not applicable for observed read interaction,Page/network response rendered; business data values not persisted,admin/other,获取系统通知数量-wesley/owen,后台/系统管理/通知中心/获取系统通知数量-wesley-owen.bru,ACTIVE,YES,fat-admin-page-initialization.json network events 794; live-menu route and DOM control snapshot,,
admin,System,Staff Configuration,/system/staff,page_initialization,page initialization,GET,/admin/sys/config/compliance/status,,,,"accept,accept-language,client-id,client-version,d,lang,referer,sec-ch-ua,sec-ch-ua-mobile,sec-ch-ua-platform,t,user-agent,x-device-id",Header: browser session/runtime,200,True,"object; keys=effective_open,effective_reason,effective_status_msg",FAT admin authenticated browser session; exact permission/role mapping pending,No mutation observed in this discovery action,Not applicable for observed read interaction,Page/network response rendered; business data values not persisted,,,,UNDOCUMENTED_ACTIVE,YES,fat-admin-page-initialization.json network events 792; live-menu route and DOM control snapshot,,
admin,System,Staff Configuration,/system/staff,page_initialization,page initialization,POST,/admin/game/search,,,,"accept,accept-language,client-id,client-version,content-type,d,lang,referer,sec-ch-ua,sec-ch-ua-mobile,sec-ch-ua-platform,t,user-agent,x-device-id",Header: browser session/runtime,200,True,"object; keys=ids,list,page,page_size,s,t",FAT admin authenticated browser session; exact permission/role mapping pending,No mutation observed in this discovery action,Not applicable for observed read interaction,Page/network response rendered; business data values not persisted,admin/game,+游戏列表查询-owen-aliang,后台/game管理/游戏管理/+游戏列表查询-owen-aliang.bru,ACTIVE,YES,"fat-admin-page-initialization.json network events 797,798,799,800,801,802,803,804; live-menu route and DOM control snapshot",,
admin,System,Staff Configuration,/system/staff,page_initialization,page initialization,POST,/admin/gameclass/list,,,,"accept,accept-language,client-id,client-version,content-type,d,lang,referer,sec-ch-ua,sec-ch-ua-mobile,sec-ch-ua-platform,t,user-agent,x-device-id",Header: browser session/runtime,200,True,"object; keys=list,page,page_size,s,t",FAT admin authenticated browser session; exact permission/role mapping pending,No mutation observed in this discovery action,Not applicable for observed read interaction,Page/network response rendered; business data values not persisted,admin/game,+查询场馆列表-owen,后台/game管理/场馆管理/+查询场馆列表-owen.bru,ACTIVE,YES,fat-admin-page-initialization.json network events 795; live-menu route and DOM control snapshot,,
admin,System,Staff Configuration,/system/staff,page_initialization,page initialization,POST,/admin/user/list,,,"page,page_size","accept,accept-language,client-id,client-version,content-type,d,lang,referer,sec-ch-ua,sec-ch-ua-mobile,sec-ch-ua-platform,t,user-agent,x-device-id",Body: page form/filter or UI defaults; Header: browser session/runtime,200,True,"object; keys=d,t",FAT admin authenticated browser session; exact permission/role mapping pending,No mutation observed in this discovery action,Not applicable for observed read interaction,Page/network response rendered; business data values not persisted,,,,UNDOCUMENTED_ACTIVE,YES,fat-admin-page-initialization.json network events 796; live-menu route and DOM control snapshot,,
admin,System,Whitelist,/whitelist/list,page_initialization,page initialization,GET,/admin/me/detail,,,,"accept,accept-language,client-id,client-version,d,lang,referer,sec-ch-ua,sec-ch-ua-mobile,sec-ch-ua-platform,t,user-agent,x-device-id",Header: browser session/runtime,200,True,"object; keys=avatar,bind_time,button_permission_ids,cmpl,create_name,created_at,email,google_secret,group_id,id,last_login_ip,last_login_time,login_password,nickname,operator_name,pwd_edit_time,roles,sid,status,stores,updated_at,username",FAT admin authenticated browser session; exact permission/role mapping pending,No mutation observed in this discovery action,Not applicable for observed read interaction,Page/network response rendered; business data values not persisted,admin/other,后台账户详情(当前登陆信息)-seven,后台/后台账号管理/后台账户详情(当前登陆信息)-seven.bru,ACTIVE,YES,fat-admin-page-initialization.json network events 832; live-menu route and DOM control snapshot,,
admin,System,Whitelist,/whitelist/list,page_initialization,page initialization,GET,/admin/notify/audit/alarm,t,,,"accept,accept-language,client-id,client-version,d,lang,referer,sec-ch-ua,sec-ch-ua-mobile,sec-ch-ua-platform,t,user-agent,x-device-id",Query: route/filter/pagination values emitted by current UI state; Header: browser session/runtime,200,True,"object; keys=bonus_review_pending,feedback_pending,kyc_pending,mall_order_pending,withdraw_pending",FAT admin authenticated browser session; exact permission/role mapping pending,No mutation observed in this discovery action,Not applicable for observed read interaction,Page/network response rendered; business data values not persisted,admin/other,获取系统通知数量-wesley/owen,后台/系统管理/通知中心/获取系统通知数量-wesley-owen.bru,ACTIVE,YES,fat-admin-page-initialization.json network events 834; live-menu route and DOM control snapshot,,
admin,System,Whitelist,/whitelist/list,page_initialization,page initialization,GET,/admin/sys/config/compliance/status,,,,"accept,accept-language,client-id,client-version,d,lang,referer,sec-ch-ua,sec-ch-ua-mobile,sec-ch-ua-platform,t,user-agent,x-device-id",Header: browser session/runtime,200,True,"object; keys=effective_open,effective_reason,effective_status_msg",FAT admin authenticated browser session; exact permission/role mapping pending,No mutation observed in this discovery action,Not applicable for observed read interaction,Page/network response rendered; business data values not persisted,,,,UNDOCUMENTED_ACTIVE,YES,fat-admin-page-initialization.json network events 833; live-menu route and DOM control snapshot,,
admin,System,Whitelist,/whitelist/list,page_initialization,page initialization,GET,/admin/whiteList/list,"end_time,page,page_size,start_time",,,"accept,accept-language,client-id,client-version,d,lang,referer,sec-ch-ua,sec-ch-ua-mobile,sec-ch-ua-platform,t,user-agent,x-device-id",Query: route/filter/pagination values emitted by current UI state; Header: browser session/runtime,200,True,"object; keys=d,page,page_size,t",FAT admin authenticated browser session; exact permission/role mapping pending,No mutation observed in this discovery action,Not applicable for observed read interaction,Page/network response rendered; business data values not persisted,admin/other,白名单列表 --yasser,后台/系统管理/白名单管理/白名单列表 --yasser.bru,ACTIVE,YES,fat-admin-page-initialization.json network events 836; live-menu route and DOM control snapshot,,
admin,System,Whitelist,/whitelist/list,page_initialization,page initialization,POST,/admin/game/search,,,,"accept,accept-language,client-id,client-version,content-type,d,lang,referer,sec-ch-ua,sec-ch-ua-mobile,sec-ch-ua-platform,t,user-agent,x-device-id",Header: browser session/runtime,200,True,"object; keys=ids,list,page,page_size,s,t",FAT admin authenticated browser session; exact permission/role mapping pending,No mutation observed in this discovery action,Not applicable for observed read interaction,Page/network response rendered; business data values not persisted,admin/game,+游戏列表查询-owen-aliang,后台/game管理/游戏管理/+游戏列表查询-owen-aliang.bru,ACTIVE,YES,"fat-admin-page-initialization.json network events 837,838,839,840,841,842,843,844; live-menu route and DOM control snapshot",,
admin,System,Whitelist,/whitelist/list,page_initialization,page initialization,POST,/admin/gameclass/list,,,,"accept,accept-language,client-id,client-version,content-type,d,lang,referer,sec-ch-ua,sec-ch-ua-mobile,sec-ch-ua-platform,t,user-agent,x-device-id",Header: browser session/runtime,200,True,"object; keys=list,page,page_size,s,t",FAT admin authenticated browser session; exact permission/role mapping pending,No mutation observed in this discovery action,Not applicable for observed read interaction,Page/network response rendered; business data values not persisted,admin/game,+查询场馆列表-owen,后台/game管理/场馆管理/+查询场馆列表-owen.bru,ACTIVE,YES,fat-admin-page-initialization.json network events 835; live-menu route and DOM control snapshot,,
admin,Login/Auth,Login,login,page_initialization,login flow,GET,/admin/me/detail,,,,"accept,accept-language,client-id,client-version,d,lang,referer,sec-ch-ua,sec-ch-ua-mobile,sec-ch-ua-platform,user-agent,x-device-id",Header: browser session/runtime,200,False,string,FAT admin authenticated browser session; exact permission/role mapping pending,No mutation observed in this discovery action,Not applicable for observed read interaction,Page/network response rendered; business data values not persisted,admin/other,后台账户详情(当前登陆信息)-seven,后台/后台账号管理/后台账户详情(当前登陆信息)-seven.bru,ACTIVE_FAILED,YES,fat-admin-page-initialization.json network events 1; live-menu route and DOM control snapshot,HTTP 200; business_status=False,Dependent interactions on this failed response require separate verification
admin,Login/Auth,Login,login,page_initialization,login flow,GET,/admin/me/detail,,,,"accept,accept-language,client-id,client-version,d,lang,referer,sec-ch-ua,sec-ch-ua-mobile,sec-ch-ua-platform,t,user-agent,x-device-id",Header: browser session/runtime,200,True,"object; keys=avatar,bind_time,button_permission_ids,cmpl,create_name,created_at,email,google_secret,group_id,id,last_login_ip,last_login_time,login_password,nickname,operator_name,pwd_edit_time,roles,sid,status,stores,updated_at,username",FAT admin authenticated browser session; exact permission/role mapping pending,No mutation observed in this discovery action,Not applicable for observed read interaction,Page/network response rendered; business data values not persisted,admin/other,后台账户详情(当前登陆信息)-seven,后台/后台账号管理/后台账户详情(当前登陆信息)-seven.bru,ACTIVE,YES,fat-admin-page-initialization.json network events 4; live-menu route and DOM control snapshot,,
admin,Login/Auth,Login,login,page_initialization,login flow,GET,/admin/notify/audit/alarm,t,,,"accept,accept-language,client-id,client-version,d,lang,referer,sec-ch-ua,sec-ch-ua-mobile,sec-ch-ua-platform,t,user-agent,x-device-id",Query: route/filter/pagination values emitted by current UI state; Header: browser session/runtime,200,True,"object; keys=bonus_review_pending,feedback_pending,kyc_pending,mall_order_pending,withdraw_pending",FAT admin authenticated browser session; exact permission/role mapping pending,No mutation observed in this discovery action,Not applicable for observed read interaction,Page/network response rendered; business data values not persisted,admin/other,获取系统通知数量-wesley/owen,后台/系统管理/通知中心/获取系统通知数量-wesley-owen.bru,ACTIVE,YES,fat-admin-page-initialization.json network events 7; live-menu route and DOM control snapshot,,
admin,Login/Auth,Login,login,page_initialization,login flow,GET,/admin/reports/bi/basic,report_type,,,"accept,accept-language,client-id,client-version,d,lang,referer,sec-ch-ua,sec-ch-ua-mobile,sec-ch-ua-platform,t,user-agent,x-device-id",Query: route/filter/pagination values emitted by current UI state; Header: browser session/runtime,200,True,"object; keys=arppu,arpu,balance,bets_deposit,bets_people,deposit_amount,deposit_people,dw_diff,ebingo_ggr,first_deposit,first_deposit_amount,game_ggr,ggr,injection_rate,login_count,new_deposit,new_deposit_amount,refill_deposit,refill_deposit_amount,reg_count,report_type,sports_ggr,valid_bet_amount,withdraw_amount,withdraw_people,ws_ggr",FAT admin authenticated browser session; exact permission/role mapping pending,No mutation observed in this discovery action,Not applicable for observed read interaction,Page/network response rendered; business data values not persisted,admin/report,首页BI,后台/报表/首页BI.bru,ACTIVE,YES,fat-admin-page-initialization.json network events 10; live-menu route and DOM control snapshot,,
admin,Login/Auth,Login,login,page_initialization,login flow,GET,/admin/reports/bi/chart,time_range,,,"accept,accept-language,client-id,client-version,d,lang,referer,sec-ch-ua,sec-ch-ua-mobile,sec-ch-ua-platform,t,user-agent,x-device-id",Query: route/filter/pagination values emitted by current UI state; Header: browser session/runtime,200,True,object; keys=d,FAT admin authenticated browser session; exact permission/role mapping pending,No mutation observed in this discovery action,Not applicable for observed read interaction,Page/network response rendered; business data values not persisted,,,,UNDOCUMENTED_ACTIVE,YES,fat-admin-page-initialization.json network events 9; live-menu route and DOM control snapshot,,
admin,Login/Auth,Login,login,page_initialization,login flow,GET,/admin/sys/config/compliance/status,,,,"accept,accept-language,client-id,client-version,d,lang,referer,sec-ch-ua,sec-ch-ua-mobile,sec-ch-ua-platform,t,user-agent,x-device-id",Header: browser session/runtime,200,True,"object; keys=effective_open,effective_reason,effective_status_msg",FAT admin authenticated browser session; exact permission/role mapping pending,No mutation observed in this discovery action,Not applicable for observed read interaction,Page/network response rendered; business data values not persisted,,,,UNDOCUMENTED_ACTIVE,YES,fat-admin-page-initialization.json network events 5; live-menu route and DOM control snapshot,,
admin,Login/Auth,Login,login,page_initialization,login flow,POST,/admin/game/search,,,,"accept,accept-language,client-id,client-version,content-type,d,lang,referer,sec-ch-ua,sec-ch-ua-mobile,sec-ch-ua-platform,t,user-agent,x-device-id",Header: browser session/runtime,200,True,"object; keys=ids,list,page,page_size,s,t",FAT admin authenticated browser session; exact permission/role mapping pending,No mutation observed in this discovery action,Not applicable for observed read interaction,Page/network response rendered; business data values not persisted,admin/game,+游戏列表查询-owen-aliang,后台/game管理/游戏管理/+游戏列表查询-owen-aliang.bru,ACTIVE,YES,"fat-admin-page-initialization.json network events 8,11,12,13,14,15; live-menu route and DOM control snapshot",,
admin,Login/Auth,Login,login,page_initialization,login flow,POST,/admin/gameclass/list,,,,"accept,accept-language,client-id,client-version,content-type,d,lang,referer,sec-ch-ua,sec-ch-ua-mobile,sec-ch-ua-platform,t,user-agent,x-device-id",Header: browser session/runtime,200,True,"object; keys=list,page,page_size,s,t",FAT admin authenticated browser session; exact permission/role mapping pending,No mutation observed in this discovery action,Not applicable for observed read interaction,Page/network response rendered; business data values not persisted,admin/game,+查询场馆列表-owen,后台/game管理/场馆管理/+查询场馆列表-owen.bru,ACTIVE,YES,fat-admin-page-initialization.json network events 6; live-menu route and DOM control snapshot,,
admin,Login/Auth,Login,login,page_initialization,login flow,POST,/admin/login,,,,"accept,accept-language,client-id,client-version,content-type,d,lang,referer,sec-ch-ua,sec-ch-ua-mobile,sec-ch-ua-platform,user-agent,x-device-id",Header: browser session/runtime,200,True,string,FAT admin authenticated browser session; exact permission/role mapping pending,No mutation observed in this discovery action,Not applicable for observed read interaction,Page/network response rendered; business data values not persisted,admin/auth,后端账号登陆-seven,后台/后台账号管理/后端账号登陆-seven.bru,ACTIVE,YES,fat-admin-page-initialization.json network events 3; live-menu route and DOM control snapshot,,
admin,Login/Auth,Login,login,page_initialization,login flow,POST,/admin/login/auth,,,,"accept,accept-language,client-id,client-version,content-type,d,lang,referer,sec-ch-ua,sec-ch-ua-mobile,sec-ch-ua-platform,user-agent,x-device-id",Header: browser session/runtime,200,True,number,FAT admin authenticated browser session; exact permission/role mapping pending,No mutation observed in this discovery action,Not applicable for observed read interaction,Page/network response rendered; business data values not persisted,admin/auth,后端账号登陆（前置验证）-seven,后台/后台账号管理/后端账号登陆（前置验证）-seven.bru,ACTIVE,YES,fat-admin-page-initialization.json network events 2; live-menu route and DOM control snapshot,,
