order,top_menu,menu_path,page_name,page_route,control_type,action_name,dom_state,risk,execution_status,parameter_plan,target_data_requirement,selector_strategy,selector_ordinal,evidence,note
1,Home,,Home,/home,input,Year/Month/Day,INPUT,READ_FILTER_OR_FORM_INPUT,REGISTERED_NOT_EXECUTED,Use current page input/filter/list state; capture field names and origins at execution,None for read interaction,"{""locator"": ""input, textarea"", ""placeholder_or_name"": ""Year/Month/Day""}",0,fat-admin-page-initialization.json DOM snapshot,Requires explicit selector/action implementation before phase 3; no broad selector clicking
2,Home,,Home,/home,button,Reset,ENABLED,READ_INTERACTION,REGISTERED_NOT_EXECUTED,Use current page input/filter/list state; capture field names and origins at execution,None for read interaction,"{""role"": ""button"", ""name"": ""Reset"", ""exact"": true}",0,fat-admin-page-initialization.json DOM snapshot,Requires explicit selector/action implementation before phase 3; no broad selector clicking
3,Home,,Home,/home,button,Search,ENABLED,READ_INTERACTION,REGISTERED_NOT_EXECUTED,Use current page input/filter/list state; capture field names and origins at execution,None for read interaction,"{""role"": ""button"", ""name"": ""Search"", ""exact"": true}",0,fat-admin-page-initialization.json DOM snapshot,Requires explicit selector/action implementation before phase 3; no broad selector clicking
4,Home,,Home,/home,button,Line Chart Mode,ENABLED,READ_INTERACTION_REVIEWED,REGISTERED_NOT_EXECUTED,Use current page input/filter/list state; capture field names and origins at execution,None for read interaction,"{""role"": ""button"", ""name"": ""Line Chart Mode"", ""exact"": true}",0,fat-admin-page-initialization.json DOM snapshot,Requires explicit selector/action implementation before phase 3; no broad selector clicking
5,Home,,Home,/home,button,Bar Chart Mode,ENABLED,READ_INTERACTION_REVIEWED,REGISTERED_NOT_EXECUTED,Use current page input/filter/list state; capture field names and origins at execution,None for read interaction,"{""role"": ""button"", ""name"": ""Bar Chart Mode"", ""exact"": true}",0,fat-admin-page-initialization.json DOM snapshot,Requires explicit selector/action implementation before phase 3; no broad selector clicking
6,Home,,Home,/home,button,"On
Closed",ENABLED,WRITE_REQUIRES_CURRENT_RUN_DATA,REGISTERED_NOT_EXECUTED,Use current page input/filter/list state; capture field names and origins at execution,Current-run-created or explicitly designated record only,"{""role"": ""button"", ""name"": ""On\nClosed"", ""exact"": true}",0,fat-admin-page-initialization.json DOM snapshot,Requires explicit selector/action implementation before phase 3; no broad selector clicking
7,KYC,,KYC,/kyc,input,Please Enter Phone Number,INPUT,READ_FILTER_OR_FORM_INPUT,REGISTERED_NOT_EXECUTED,Use current page input/filter/list state; capture field names and origins at execution,None for read interaction,"{""locator"": ""input, textarea"", ""placeholder_or_name"": ""Please Enter Phone Number""}",0,fat-admin-page-initialization.json DOM snapshot,Requires explicit selector/action implementation before phase 3; no broad selector clicking
8,KYC,,KYC,/kyc,input,Please Enter First Name,INPUT,READ_FILTER_OR_FORM_INPUT,REGISTERED_NOT_EXECUTED,Use current page input/filter/list state; capture field names and origins at execution,None for read interaction,"{""locator"": ""input, textarea"", ""placeholder_or_name"": ""Please Enter First Name""}",0,fat-admin-page-initialization.json DOM snapshot,Requires explicit selector/action implementation before phase 3; no broad selector clicking
9,KYC,,KYC,/kyc,input,Please Enter Middle Name,INPUT,READ_FILTER_OR_FORM_INPUT,REGISTERED_NOT_EXECUTED,Use current page input/filter/list state; capture field names and origins at execution,None for read interaction,"{""locator"": ""input, textarea"", ""placeholder_or_name"": ""Please Enter Middle Name""}",0,fat-admin-page-initialization.json DOM snapshot,Requires explicit selector/action implementation before phase 3; no broad selector clicking
10,KYC,,KYC,/kyc,input,Please Enter Last Name,INPUT,READ_FILTER_OR_FORM_INPUT,REGISTERED_NOT_EXECUTED,Use current page input/filter/list state; capture field names and origins at execution,None for read interaction,"{""locator"": ""input, textarea"", ""placeholder_or_name"": ""Please Enter Last Name""}",0,fat-admin-page-initialization.json DOM snapshot,Requires explicit selector/action implementation before phase 3; no broad selector clicking
11,KYC,,KYC,/kyc,input,Start Date,INPUT,READ_FILTER_OR_FORM_INPUT,REGISTERED_NOT_EXECUTED,Use current page input/filter/list state; capture field names and origins at execution,None for read interaction,"{""locator"": ""input, textarea"", ""placeholder_or_name"": ""Start Date""}",0,fat-admin-page-initialization.json DOM snapshot,Requires explicit selector/action implementation before phase 3; no broad selector clicking
12,KYC,,KYC,/kyc,input,End Date,INPUT,READ_FILTER_OR_FORM_INPUT,REGISTERED_NOT_EXECUTED,Use current page input/filter/list state; capture field names and origins at execution,None for read interaction,"{""locator"": ""input, textarea"", ""placeholder_or_name"": ""End Date""}",0,fat-admin-page-initialization.json DOM snapshot,Requires explicit selector/action implementation before phase 3; no broad selector clicking
13,KYC,,KYC,/kyc,input,Please Enter Registration IP,INPUT,READ_FILTER_OR_FORM_INPUT,REGISTERED_NOT_EXECUTED,Use current page input/filter/list state; capture field names and origins at execution,None for read interaction,"{""locator"": ""input, textarea"", ""placeholder_or_name"": ""Please Enter Registration IP""}",0,fat-admin-page-initialization.json DOM snapshot,Requires explicit selector/action implementation before phase 3; no broad selector clicking
14,KYC,,KYC,/kyc,button,Reset,ENABLED,READ_INTERACTION,REGISTERED_NOT_EXECUTED,Use current page input/filter/list state; capture field names and origins at execution,None for read interaction,"{""role"": ""button"", ""name"": ""Reset"", ""exact"": true}",0,fat-admin-page-initialization.json DOM snapshot,Requires explicit selector/action implementation before phase 3; no broad selector clicking
15,KYC,,KYC,/kyc,button,Query,ENABLED,READ_INTERACTION,REGISTERED_NOT_EXECUTED,Use current page input/filter/list state; capture field names and origins at execution,None for read interaction,"{""role"": ""button"", ""name"": ""Query"", ""exact"": true}",0,fat-admin-page-initialization.json DOM snapshot,Requires explicit selector/action implementation before phase 3; no broad selector clicking
16,KYC,,KYC,/kyc,button,EKYC Config,ENABLED,READ_INTERACTION_REVIEWED,REGISTERED_NOT_EXECUTED,Use current page input/filter/list state; capture field names and origins at execution,None for read interaction,"{""role"": ""button"", ""name"": ""EKYC Config"", ""exact"": true}",0,fat-admin-page-initialization.json DOM snapshot,Requires explicit selector/action implementation before phase 3; no broad selector clicking
17,KYC,,KYC,/kyc,select,Under Review,VISIBLE,READ_FILTER_OR_FORM_INPUT,REGISTERED_NOT_EXECUTED,Use current page input/filter/list state; capture field names and origins at execution,None for read interaction,"{""locator"": "".ant-layout-content .ant-select"", ""visible_text"": ""Under Review""}",0,fat-admin-page-initialization.json DOM snapshot,Requires explicit selector/action implementation before phase 3; no broad selector clicking
18,Logs,,Logs,/logs/list,input,"Supports batch query, 1–5000 characters, separated by commas",INPUT,READ_FILTER_OR_FORM_INPUT,REGISTERED_NOT_EXECUTED,Use current page input/filter/list state; capture field names and origins at execution,None for read interaction,"{""locator"": ""input, textarea"", ""placeholder_or_name"": ""Supports batch query, 1–5000 characters, separated by commas""}",0,fat-admin-page-initialization.json DOM snapshot,Requires explicit selector/action implementation before phase 3; no broad selector clicking
19,Logs,,Logs,/logs/list,input,Start Date,INPUT,READ_FILTER_OR_FORM_INPUT,REGISTERED_NOT_EXECUTED,Use current page input/filter/list state; capture field names and origins at execution,None for read interaction,"{""locator"": ""input, textarea"", ""placeholder_or_name"": ""Start Date""}",0,fat-admin-page-initialization.json DOM snapshot,Requires explicit selector/action implementation before phase 3; no broad selector clicking
20,Logs,,Logs,/logs/list,input,End Date,INPUT,READ_FILTER_OR_FORM_INPUT,REGISTERED_NOT_EXECUTED,Use current page input/filter/list state; capture field names and origins at execution,None for read interaction,"{""locator"": ""input, textarea"", ""placeholder_or_name"": ""End Date""}",0,fat-admin-page-initialization.json DOM snapshot,Requires explicit selector/action implementation before phase 3; no broad selector clicking
21,Logs,,Logs,/logs/list,input,Page Size,INPUT,READ_FILTER_OR_FORM_INPUT,REGISTERED_NOT_EXECUTED,Use current page input/filter/list state; capture field names and origins at execution,None for read interaction,"{""locator"": ""input, textarea"", ""placeholder_or_name"": ""Page Size""}",0,fat-admin-page-initialization.json DOM snapshot,Requires explicit selector/action implementation before phase 3; no broad selector clicking
22,Logs,,Logs,/logs/list,input,Page,INPUT,READ_FILTER_OR_FORM_INPUT,REGISTERED_NOT_EXECUTED,Use current page input/filter/list state; capture field names and origins at execution,None for read interaction,"{""locator"": ""input, textarea"", ""placeholder_or_name"": ""Page""}",0,fat-admin-page-initialization.json DOM snapshot,Requires explicit selector/action implementation before phase 3; no broad selector clicking
23,Logs,,Logs,/logs/list,button,Reset,ENABLED,READ_INTERACTION,REGISTERED_NOT_EXECUTED,Use current page input/filter/list state; capture field names and origins at execution,None for read interaction,"{""role"": ""button"", ""name"": ""Reset"", ""exact"": true}",0,fat-admin-page-initialization.json DOM snapshot,Requires explicit selector/action implementation before phase 3; no broad selector clicking
24,Logs,,Logs,/logs/list,button,Query,ENABLED,READ_INTERACTION,REGISTERED_NOT_EXECUTED,Use current page input/filter/list state; capture field names and origins at execution,None for read interaction,"{""role"": ""button"", ""name"": ""Query"", ""exact"": true}",0,fat-admin-page-initialization.json DOM snapshot,Requires explicit selector/action implementation before phase 3; no broad selector clicking
25,Logs,,Logs,/logs/list,button,Export,ENABLED,READ_INTERACTION,REGISTERED_NOT_EXECUTED,Use current page input/filter/list state; capture field names and origins at execution,None for read interaction,"{""role"": ""button"", ""name"": ""Export"", ""exact"": true}",0,fat-admin-page-initialization.json DOM snapshot,Requires explicit selector/action implementation before phase 3; no broad selector clicking
26,Logs,,Logs,/logs/list,select,Please select,VISIBLE,READ_FILTER_OR_FORM_INPUT,REGISTERED_NOT_EXECUTED,Use current page input/filter/list state; capture field names and origins at execution,None for read interaction,"{""locator"": "".ant-layout-content .ant-select"", ""visible_text"": ""Please select""}",0,fat-admin-page-initialization.json DOM snapshot,Requires explicit selector/action implementation before phase 3; no broad selector clicking
27,Logs,,Logs,/logs/list,select,Page Size,VISIBLE,READ_FILTER_OR_FORM_INPUT,REGISTERED_NOT_EXECUTED,Use current page input/filter/list state; capture field names and origins at execution,None for read interaction,"{""locator"": "".ant-layout-content .ant-select"", ""visible_text"": ""Page Size""}",0,fat-admin-page-initialization.json DOM snapshot,Requires explicit selector/action implementation before phase 3; no broad selector clicking
28,Logs,,Logs,/logs/list,pagination,2,VISIBLE,READ_NAVIGATION_TO_VERIFY,REGISTERED_NOT_EXECUTED,Use current page input/filter/list state; capture field names and origins at execution,None for read interaction,"{""locator"": "".ant-pagination a, .ant-pagination button"", ""accessible_name"": ""2""}",0,fat-admin-page-initialization.json DOM snapshot,Requires explicit selector/action implementation before phase 3; no broad selector clicking
29,Logs,,Logs,/logs/list,pagination,3,VISIBLE,READ_NAVIGATION_TO_VERIFY,REGISTERED_NOT_EXECUTED,Use current page input/filter/list state; capture field names and origins at execution,None for read interaction,"{""locator"": "".ant-pagination a, .ant-pagination button"", ""accessible_name"": ""3""}",0,fat-admin-page-initialization.json DOM snapshot,Requires explicit selector/action implementation before phase 3; no broad selector clicking
30,Logs,,Logs,/logs/list,pagination,4,VISIBLE,READ_NAVIGATION_TO_VERIFY,REGISTERED_NOT_EXECUTED,Use current page input/filter/list state; capture field names and origins at execution,None for read interaction,"{""locator"": "".ant-pagination a, .ant-pagination button"", ""accessible_name"": ""4""}",0,fat-admin-page-initialization.json DOM snapshot,Requires explicit selector/action implementation before phase 3; no broad selector clicking
31,Logs,,Logs,/logs/list,pagination,5,VISIBLE,READ_NAVIGATION_TO_VERIFY,REGISTERED_NOT_EXECUTED,Use current page input/filter/list state; capture field names and origins at execution,None for read interaction,"{""locator"": "".ant-pagination a, .ant-pagination button"", ""accessible_name"": ""5""}",0,fat-admin-page-initialization.json DOM snapshot,Requires explicit selector/action implementation before phase 3; no broad selector clicking
32,Logs,,Logs,/logs/list,pagination,6,VISIBLE,READ_NAVIGATION_TO_VERIFY,REGISTERED_NOT_EXECUTED,Use current page input/filter/list state; capture field names and origins at execution,None for read interaction,"{""locator"": "".ant-pagination a, .ant-pagination button"", ""accessible_name"": ""6""}",0,fat-admin-page-initialization.json DOM snapshot,Requires explicit selector/action implementation before phase 3; no broad selector clicking
33,Member Management,Member Management,Member,/member-center/list,input,Please enter,INPUT,READ_FILTER_OR_FORM_INPUT,REGISTERED_NOT_EXECUTED,Use current page input/filter/list state; capture field names and origins at execution,None for read interaction,"{""locator"": ""input, textarea"", ""placeholder_or_name"": ""Please enter""}",0,fat-admin-page-initialization.json DOM snapshot,Requires explicit selector/action implementation before phase 3; no broad selector clicking
34,Member Management,Member Management,Member,/member-center/list,input,Start Date,INPUT,READ_FILTER_OR_FORM_INPUT,REGISTERED_NOT_EXECUTED,Use current page input/filter/list state; capture field names and origins at execution,None for read interaction,"{""locator"": ""input, textarea"", ""placeholder_or_name"": ""Start Date""}",0,fat-admin-page-initialization.json DOM snapshot,Requires explicit selector/action implementation before phase 3; no broad selector clicking
35,Member Management,Member Management,Member,/member-center/list,input,End Date,INPUT,READ_FILTER_OR_FORM_INPUT,REGISTERED_NOT_EXECUTED,Use current page input/filter/list state; capture field names and origins at execution,None for read interaction,"{""locator"": ""input, textarea"", ""placeholder_or_name"": ""End Date""}",0,fat-admin-page-initialization.json DOM snapshot,Requires explicit selector/action implementation before phase 3; no broad selector clicking
36,Member Management,Member Management,Member,/member-center/list,input,Minimum Value,INPUT,READ_FILTER_OR_FORM_INPUT,REGISTERED_NOT_EXECUTED,Use current page input/filter/list state; capture field names and origins at execution,None for read interaction,"{""locator"": ""input, textarea"", ""placeholder_or_name"": ""Minimum Value""}",0,fat-admin-page-initialization.json DOM snapshot,Requires explicit selector/action implementation before phase 3; no broad selector clicking
37,Member Management,Member Management,Member,/member-center/list,input,Maximum Value,INPUT,READ_FILTER_OR_FORM_INPUT,REGISTERED_NOT_EXECUTED,Use current page input/filter/list state; capture field names and origins at execution,None for read interaction,"{""locator"": ""input, textarea"", ""placeholder_or_name"": ""Maximum Value""}",0,fat-admin-page-initialization.json DOM snapshot,Requires explicit selector/action implementation before phase 3; no broad selector clicking
38,Member Management,Member Management,Member,/member-center/list,input,Page Size,INPUT,READ_FILTER_OR_FORM_INPUT,REGISTERED_NOT_EXECUTED,Use current page input/filter/list state; capture field names and origins at execution,None for read interaction,"{""locator"": ""input, textarea"", ""placeholder_or_name"": ""Page Size""}",0,fat-admin-page-initialization.json DOM snapshot,Requires explicit selector/action implementation before phase 3; no broad selector clicking
39,Member Management,Member Management,Member,/member-center/list,button,Batch query,ENABLED,READ_INTERACTION,REGISTERED_NOT_EXECUTED,Use current page input/filter/list state; capture field names and origins at execution,None for read interaction,"{""role"": ""button"", ""name"": ""Batch query"", ""exact"": true}",0,fat-admin-page-initialization.json DOM snapshot,Requires explicit selector/action implementation before phase 3; no broad selector clicking
40,Member Management,Member Management,Member,/member-center/list,button,Reset,ENABLED,READ_INTERACTION,REGISTERED_NOT_EXECUTED,Use current page input/filter/list state; capture field names and origins at execution,None for read interaction,"{""role"": ""button"", ""name"": ""Reset"", ""exact"": true}",0,fat-admin-page-initialization.json DOM snapshot,Requires explicit selector/action implementation before phase 3; no broad selector clicking
41,Member Management,Member Management,Member,/member-center/list,button,Query,ENABLED,READ_INTERACTION,REGISTERED_NOT_EXECUTED,Use current page input/filter/list state; capture field names and origins at execution,None for read interaction,"{""role"": ""button"", ""name"": ""Query"", ""exact"": true}",0,fat-admin-page-initialization.json DOM snapshot,Requires explicit selector/action implementation before phase 3; no broad selector clicking
42,Member Management,Member Management,Member,/member-center/list,button,Add Member,ENABLED,WRITE_REQUIRES_CURRENT_RUN_DATA,REGISTERED_NOT_EXECUTED,Use current page input/filter/list state; capture field names and origins at execution,Current-run-created or explicitly designated record only,"{""role"": ""button"", ""name"": ""Add Member"", ""exact"": true}",0,fat-admin-page-initialization.json DOM snapshot,Requires explicit selector/action implementation before phase 3; no broad selector clicking
43,Member Management,Member Management,Member,/member-center/list,button,Export,ENABLED,READ_INTERACTION,REGISTERED_NOT_EXECUTED,Use current page input/filter/list state; capture field names and origins at execution,None for read interaction,"{""role"": ""button"", ""name"": ""Export"", ""exact"": true}",0,fat-admin-page-initialization.json DOM snapshot,Requires explicit selector/action implementation before phase 3; no broad selector clicking
44,Member Management,Member Management,Member,/member-center/list,button,XP Growth Log,ENABLED,READ_INTERACTION_REVIEWED,REGISTERED_NOT_EXECUTED,Use current page input/filter/list state; capture field names and origins at execution,None for read interaction,"{""role"": ""button"", ""name"": ""XP Growth Log"", ""exact"": true}",0,fat-admin-page-initialization.json DOM snapshot,Requires explicit selector/action implementation before phase 3; no broad selector clicking
45,Member Management,Member Management,Member,/member-center/list,button,Transfer,ENABLED,WRITE_REQUIRES_CURRENT_RUN_DATA,REGISTERED_NOT_EXECUTED,Use current page input/filter/list state; capture field names and origins at execution,Current-run-created or explicitly designated record only,"{""role"": ""button"", ""name"": ""Transfer"", ""exact"": true}",0,fat-admin-page-initialization.json DOM snapshot,Requires explicit selector/action implementation before phase 3; no broad selector clicking
46,Member Management,Member Management,Member,/member-center/list,button,View Details,ENABLED,READ_INTERACTION,REGISTERED_NOT_EXECUTED,Use current page input/filter/list state; capture field names and origins at execution,None for read interaction,"{""role"": ""button"", ""name"": ""View Details"", ""exact"": true}",0,fat-admin-page-initialization.json DOM snapshot,Requires explicit selector/action implementation before phase 3; no broad selector clicking
47,Member Management,Member Management,Member,/member-center/list,button,Unblock,DISABLED,WRITE_REQUIRES_CURRENT_RUN_DATA,REGISTERED_NOT_EXECUTED,Use current page input/filter/list state; capture field names and origins at execution,Current-run-created or explicitly designated record only,"{""role"": ""button"", ""name"": ""Unblock"", ""exact"": true}",0,fat-admin-page-initialization.json DOM snapshot,Requires explicit selector/action implementation before phase 3; no broad selector clicking
48,Member Management,Member Management,Member,/member-center/list,button,Risk Control,ENABLED,READ_INTERACTION_REVIEWED,REGISTERED_NOT_EXECUTED,Use current page input/filter/list state; capture field names and origins at execution,None for read interaction,"{""role"": ""button"", ""name"": ""Risk Control"", ""exact"": true}",0,fat-admin-page-initialization.json DOM snapshot,Requires explicit selector/action implementation before phase 3; no broad selector clicking
49,Member Management,Member Management,Member,/member-center/list,button,Reset Password,ENABLED,WRITE_REQUIRES_CURRENT_RUN_DATA,REGISTERED_NOT_EXECUTED,Use current page input/filter/list state; capture field names and origins at execution,Current-run-created or explicitly designated record only,"{""role"": ""button"", ""name"": ""Reset Password"", ""exact"": true}",0,fat-admin-page-initialization.json DOM snapshot,Requires explicit selector/action implementation before phase 3; no broad selector clicking
50,Member Management,Member Management,Member,/member-center/list,button,Convert to Agent,ENABLED,WRITE_REQUIRES_CURRENT_RUN_DATA,REGISTERED_NOT_EXECUTED,Use current page input/filter/list state; capture field names and origins at execution,Current-run-created or explicitly designated record only,"{""role"": ""button"", ""name"": ""Convert to Agent"", ""exact"": true}",0,fat-admin-page-initialization.json DOM snapshot,Requires explicit selector/action implementation before phase 3; no broad selector clicking
51,Member Management,Member Management,Member,/member-center/list,select,Please select,VISIBLE,READ_FILTER_OR_FORM_INPUT,REGISTERED_NOT_EXECUTED,Use current page input/filter/list state; capture field names and origins at execution,None for read interaction,"{""locator"": "".ant-layout-content .ant-select"", ""visible_text"": ""Please select""}",0,fat-admin-page-initialization.json DOM snapshot,Requires explicit selector/action implementation before phase 3; no broad selector clicking
52,Member Management,Member Management,Member,/member-center/list,select,All,VISIBLE,READ_FILTER_OR_FORM_INPUT,REGISTERED_NOT_EXECUTED,Use current page input/filter/list state; capture field names and origins at execution,None for read interaction,"{""locator"": "".ant-layout-content .ant-select"", ""visible_text"": ""All""}",0,fat-admin-page-initialization.json DOM snapshot,Requires explicit selector/action implementation before phase 3; no broad selector clicking
53,Member Management,Member Management,Member,/member-center/list,select,Channel Filter,VISIBLE,READ_FILTER_OR_FORM_INPUT,REGISTERED_NOT_EXECUTED,Use current page input/filter/list state; capture field names and origins at execution,None for read interaction,"{""locator"": "".ant-layout-content .ant-select"", ""visible_text"": ""Channel Filter""}",0,fat-admin-page-initialization.json DOM snapshot,Requires explicit selector/action implementation before phase 3; no broad selector clicking
54,Member Management,Member Management,Member,/member-center/list,select,Page Size,VISIBLE,READ_FILTER_OR_FORM_INPUT,REGISTERED_NOT_EXECUTED,Use current page input/filter/list state; capture field names and origins at execution,None for read interaction,"{""locator"": "".ant-layout-content .ant-select"", ""visible_text"": ""Page Size""}",0,fat-admin-page-initialization.json DOM snapshot,Requires explicit selector/action implementation before phase 3; no broad selector clicking
55,Member Management,Member Management,VIP Config,/member-management/vip-config,button,System Overview,ENABLED,READ_INTERACTION,REGISTERED_NOT_EXECUTED,Use current page input/filter/list state; capture field names and origins at execution,None for read interaction,"{""role"": ""button"", ""name"": ""System Overview"", ""exact"": true}",0,fat-admin-page-initialization.json DOM snapshot,Requires explicit selector/action implementation before phase 3; no broad selector clicking
56,Member Management,Member Management,VIP Config,/member-management/vip-config,button,Reward Flow,ENABLED,READ_INTERACTION_REVIEWED,REGISTERED_NOT_EXECUTED,Use current page input/filter/list state; capture field names and origins at execution,None for read interaction,"{""role"": ""button"", ""name"": ""Reward Flow"", ""exact"": true}",0,fat-admin-page-initialization.json DOM snapshot,Requires explicit selector/action implementation before phase 3; no broad selector clicking
57,Member Management,Member Management,VIP Config,/member-management/vip-config,button,XP Calculation,ENABLED,READ_INTERACTION_REVIEWED,REGISTERED_NOT_EXECUTED,Use current page input/filter/list state; capture field names and origins at execution,None for read interaction,"{""role"": ""button"", ""name"": ""XP Calculation"", ""exact"": true}",0,fat-admin-page-initialization.json DOM snapshot,Requires explicit selector/action implementation before phase 3; no broad selector clicking
58,Member Management,Member Management,VIP Rewards,/member-management/vip-rewards,input,Member Account,INPUT,READ_FILTER_OR_FORM_INPUT,REGISTERED_NOT_EXECUTED,Use current page input/filter/list state; capture field names and origins at execution,None for read interaction,"{""locator"": ""input, textarea"", ""placeholder_or_name"": ""Member Account""}",0,fat-admin-page-initialization.json DOM snapshot,Requires explicit selector/action implementation before phase 3; no broad selector clicking
59,Member Management,Member Management,VIP Rewards,/member-management/vip-rewards,input,Member UID,INPUT,READ_FILTER_OR_FORM_INPUT,REGISTERED_NOT_EXECUTED,Use current page input/filter/list state; capture field names and origins at execution,None for read interaction,"{""locator"": ""input, textarea"", ""placeholder_or_name"": ""Member UID""}",0,fat-admin-page-initialization.json DOM snapshot,Requires explicit selector/action implementation before phase 3; no broad selector clicking
60,Member Management,Member Management,VIP Rewards,/member-management/vip-rewards,input,Start date,INPUT,READ_FILTER_OR_FORM_INPUT,REGISTERED_NOT_EXECUTED,Use current page input/filter/list state; capture field names and origins at execution,None for read interaction,"{""locator"": ""input, textarea"", ""placeholder_or_name"": ""Start date""}",0,fat-admin-page-initialization.json DOM snapshot,Requires explicit selector/action implementation before phase 3; no broad selector clicking
61,Member Management,Member Management,VIP Rewards,/member-management/vip-rewards,input,End date,INPUT,READ_FILTER_OR_FORM_INPUT,REGISTERED_NOT_EXECUTED,Use current page input/filter/list state; capture field names and origins at execution,None for read interaction,"{""locator"": ""input, textarea"", ""placeholder_or_name"": ""End date""}",0,fat-admin-page-initialization.json DOM snapshot,Requires explicit selector/action implementation before phase 3; no broad selector clicking
62,Member Management,Member Management,VIP Rewards,/member-management/vip-rewards,button,Reward Flow,ENABLED,READ_INTERACTION_REVIEWED,REGISTERED_NOT_EXECUTED,Use current page input/filter/list state; capture field names and origins at execution,None for read interaction,"{""role"": ""button"", ""name"": ""Reward Flow"", ""exact"": true}",0,fat-admin-page-initialization.json DOM snapshot,Requires explicit selector/action implementation before phase 3; no broad selector clicking
63,Member Management,Member Management,VIP Rewards,/member-management/vip-rewards,button,Search,ENABLED,READ_INTERACTION,REGISTERED_NOT_EXECUTED,Use current page input/filter/list state; capture field names and origins at execution,None for read interaction,"{""role"": ""button"", ""name"": ""Search"", ""exact"": true}",0,fat-admin-page-initialization.json DOM snapshot,Requires explicit selector/action implementation before phase 3; no broad selector clicking
64,Member Management,Member Management,VIP Rewards,/member-management/vip-rewards,button,Reset,ENABLED,READ_INTERACTION,REGISTERED_NOT_EXECUTED,Use current page input/filter/list state; capture field names and origins at execution,None for read interaction,"{""role"": ""button"", ""name"": ""Reset"", ""exact"": true}",0,fat-admin-page-initialization.json DOM snapshot,Requires explicit selector/action implementation before phase 3; no broad selector clicking
65,Member Management,Member Management,VIP Rewards,/member-management/vip-rewards,button,Export Excel,ENABLED,READ_INTERACTION,REGISTERED_NOT_EXECUTED,Use current page input/filter/list state; capture field names and origins at execution,None for read interaction,"{""role"": ""button"", ""name"": ""Export Excel"", ""exact"": true}",0,fat-admin-page-initialization.json DOM snapshot,Requires explicit selector/action implementation before phase 3; no broad selector clicking
66,Member Management,Member Management,VIP Rewards,/member-management/vip-rewards,select,Please Select,VISIBLE,READ_FILTER_OR_FORM_INPUT,REGISTERED_NOT_EXECUTED,Use current page input/filter/list state; capture field names and origins at execution,None for read interaction,"{""locator"": "".ant-layout-content .ant-select"", ""visible_text"": ""Please Select""}",0,fat-admin-page-initialization.json DOM snapshot,Requires explicit selector/action implementation before phase 3; no broad selector clicking
67,Member Management,Member Management,VIP Check-in Log,/member-management/vip-checkin-log,input,Please enter,INPUT,READ_FILTER_OR_FORM_INPUT,REGISTERED_NOT_EXECUTED,Use current page input/filter/list state; capture field names and origins at execution,None for read interaction,"{""locator"": ""input, textarea"", ""placeholder_or_name"": ""Please enter""}",0,fat-admin-page-initialization.json DOM snapshot,Requires explicit selector/action implementation before phase 3; no broad selector clicking
68,Member Management,Member Management,VIP Check-in Log,/member-management/vip-checkin-log,input,Page Size,INPUT,READ_FILTER_OR_FORM_INPUT,REGISTERED_NOT_EXECUTED,Use current page input/filter/list state; capture field names and origins at execution,None for read interaction,"{""locator"": ""input, textarea"", ""placeholder_or_name"": ""Page Size""}",0,fat-admin-page-initialization.json DOM snapshot,Requires explicit selector/action implementation before phase 3; no broad selector clicking
69,Member Management,Member Management,VIP Check-in Log,/member-management/vip-checkin-log,button,Check-in Cycle,ENABLED,READ_INTERACTION_REVIEWED,REGISTERED_NOT_EXECUTED,Use current page input/filter/list state; capture field names and origins at execution,None for read interaction,"{""role"": ""button"", ""name"": ""Check-in Cycle"", ""exact"": true}",0,fat-admin-page-initialization.json DOM snapshot,Requires explicit selector/action implementation before phase 3; no broad selector clicking
70,Member Management,Member Management,VIP Check-in Log,/member-management/vip-checkin-log,button,Reset,ENABLED,READ_INTERACTION,REGISTERED_NOT_EXECUTED,Use current page input/filter/list state; capture field names and origins at execution,None for read interaction,"{""role"": ""button"", ""name"": ""Reset"", ""exact"": true}",0,fat-admin-page-initialization.json DOM snapshot,Requires explicit selector/action implementation before phase 3; no broad selector clicking
71,Member Management,Member Management,VIP Check-in Log,/member-management/vip-checkin-log,button,Query,ENABLED,READ_INTERACTION,REGISTERED_NOT_EXECUTED,Use current page input/filter/list state; capture field names and origins at execution,None for read interaction,"{""role"": ""button"", ""name"": ""Query"", ""exact"": true}",0,fat-admin-page-initialization.json DOM snapshot,Requires explicit selector/action implementation before phase 3; no broad selector clicking
72,Member Management,Member Management,VIP Check-in Log,/member-management/vip-checkin-log,button,Export,ENABLED,READ_INTERACTION,REGISTERED_NOT_EXECUTED,Use current page input/filter/list state; capture field names and origins at execution,None for read interaction,"{""role"": ""button"", ""name"": ""Export"", ""exact"": true}",0,fat-admin-page-initialization.json DOM snapshot,Requires explicit selector/action implementation before phase 3; no broad selector clicking
73,Member Management,Member Management,VIP Check-in Log,/member-management/vip-checkin-log,select,VIP,VISIBLE,READ_FILTER_OR_FORM_INPUT,REGISTERED_NOT_EXECUTED,Use current page input/filter/list state; capture field names and origins at execution,None for read interaction,"{""locator"": "".ant-layout-content .ant-select"", ""visible_text"": ""VIP""}",0,fat-admin-page-initialization.json DOM snapshot,Requires explicit selector/action implementation before phase 3; no broad selector clicking
74,Member Management,Member Management,VIP Check-in Log,/member-management/vip-checkin-log,select,Page Size,VISIBLE,READ_FILTER_OR_FORM_INPUT,REGISTERED_NOT_EXECUTED,Use current page input/filter/list state; capture field names and origins at execution,None for read interaction,"{""locator"": "".ant-layout-content .ant-select"", ""visible_text"": ""Page Size""}",0,fat-admin-page-initialization.json DOM snapshot,Requires explicit selector/action implementation before phase 3; no broad selector clicking
75,Member Management,Member Management,Inviter Transfer Records,/member-management/inviter-transfer-records,input,Enter phone number,INPUT,READ_FILTER_OR_FORM_INPUT,REGISTERED_NOT_EXECUTED,Use current page input/filter/list state; capture field names and origins at execution,None for read interaction,"{""locator"": ""input, textarea"", ""placeholder_or_name"": ""Enter phone number""}",0,fat-admin-page-initialization.json DOM snapshot,Requires explicit selector/action implementation before phase 3; no broad selector clicking
76,Member Management,Member Management,Inviter Transfer Records,/member-management/inviter-transfer-records,input,Start time,INPUT,READ_FILTER_OR_FORM_INPUT,REGISTERED_NOT_EXECUTED,Use current page input/filter/list state; capture field names and origins at execution,None for read interaction,"{""locator"": ""input, textarea"", ""placeholder_or_name"": ""Start time""}",0,fat-admin-page-initialization.json DOM snapshot,Requires explicit selector/action implementation before phase 3; no broad selector clicking
77,Member Management,Member Management,Inviter Transfer Records,/member-management/inviter-transfer-records,input,End time,INPUT,READ_FILTER_OR_FORM_INPUT,REGISTERED_NOT_EXECUTED,Use current page input/filter/list state; capture field names and origins at execution,None for read interaction,"{""locator"": ""input, textarea"", ""placeholder_or_name"": ""End time""}",0,fat-admin-page-initialization.json DOM snapshot,Requires explicit selector/action implementation before phase 3; no broad selector clicking
78,Member Management,Member Management,Inviter Transfer Records,/member-management/inviter-transfer-records,input,Page Size,INPUT,READ_FILTER_OR_FORM_INPUT,REGISTERED_NOT_EXECUTED,Use current page input/filter/list state; capture field names and origins at execution,None for read interaction,"{""locator"": ""input, textarea"", ""placeholder_or_name"": ""Page Size""}",0,fat-admin-page-initialization.json DOM snapshot,Requires explicit selector/action implementation before phase 3; no broad selector clicking
79,Member Management,Member Management,Inviter Transfer Records,/member-management/inviter-transfer-records,button,Reset,ENABLED,READ_INTERACTION,REGISTERED_NOT_EXECUTED,Use current page input/filter/list state; capture field names and origins at execution,None for read interaction,"{""role"": ""button"", ""name"": ""Reset"", ""exact"": true}",0,fat-admin-page-initialization.json DOM snapshot,Requires explicit selector/action implementation before phase 3; no broad selector clicking
80,Member Management,Member Management,Inviter Transfer Records,/member-management/inviter-transfer-records,button,Query,ENABLED,READ_INTERACTION,REGISTERED_NOT_EXECUTED,Use current page input/filter/list state; capture field names and origins at execution,None for read interaction,"{""role"": ""button"", ""name"": ""Query"", ""exact"": true}",0,fat-admin-page-initialization.json DOM snapshot,Requires explicit selector/action implementation before phase 3; no broad selector clicking
81,Member Management,Member Management,Inviter Transfer Records,/member-management/inviter-transfer-records,button,Export,ENABLED,READ_INTERACTION,REGISTERED_NOT_EXECUTED,Use current page input/filter/list state; capture field names and origins at execution,None for read interaction,"{""role"": ""button"", ""name"": ""Export"", ""exact"": true}",0,fat-admin-page-initialization.json DOM snapshot,Requires explicit selector/action implementation before phase 3; no broad selector clicking
82,Member Management,Member Management,Inviter Transfer Records,/member-management/inviter-transfer-records,select,Page Size,VISIBLE,READ_FILTER_OR_FORM_INPUT,REGISTERED_NOT_EXECUTED,Use current page input/filter/list state; capture field names and origins at execution,None for read interaction,"{""locator"": "".ant-layout-content .ant-select"", ""visible_text"": ""Page Size""}",0,fat-admin-page-initialization.json DOM snapshot,Requires explicit selector/action implementation before phase 3; no broad selector clicking
83,Agent Management,Agent Management,Agency statistical report,/agency-management/agency-statistical,input,Please enter the agent account,INPUT,READ_FILTER_OR_FORM_INPUT,REGISTERED_NOT_EXECUTED,Use current page input/filter/list state; capture field names and origins at execution,None for read interaction,"{""locator"": ""input, textarea"", ""placeholder_or_name"": ""Please enter the agent account""}",0,fat-admin-page-initialization.json DOM snapshot,Requires explicit selector/action implementation before phase 3; no broad selector clicking
84,Agent Management,Agent Management,Agency statistical report,/agency-management/agency-statistical,input,Start Date,INPUT,READ_FILTER_OR_FORM_INPUT,REGISTERED_NOT_EXECUTED,Use current page input/filter/list state; capture field names and origins at execution,None for read interaction,"{""locator"": ""input, textarea"", ""placeholder_or_name"": ""Start Date""}",0,fat-admin-page-initialization.json DOM snapshot,Requires explicit selector/action implementation before phase 3; no broad selector clicking
85,Agent Management,Agent Management,Agency statistical report,/agency-management/agency-statistical,input,End Date,INPUT,READ_FILTER_OR_FORM_INPUT,REGISTERED_NOT_EXECUTED,Use current page input/filter/list state; capture field names and origins at execution,None for read interaction,"{""locator"": ""input, textarea"", ""placeholder_or_name"": ""End Date""}",0,fat-admin-page-initialization.json DOM snapshot,Requires explicit selector/action implementation before phase 3; no broad selector clicking
86,Agent Management,Agent Management,Agency statistical report,/agency-management/agency-statistical,input,Page Size,INPUT,READ_FILTER_OR_FORM_INPUT,REGISTERED_NOT_EXECUTED,Use current page input/filter/list state; capture field names and origins at execution,None for read interaction,"{""locator"": ""input, textarea"", ""placeholder_or_name"": ""Page Size""}",0,fat-admin-page-initialization.json DOM snapshot,Requires explicit selector/action implementation before phase 3; no broad selector clicking
87,Agent Management,Agent Management,Agency statistical report,/agency-management/agency-statistical,button,Reset,ENABLED,READ_INTERACTION,REGISTERED_NOT_EXECUTED,Use current page input/filter/list state; capture field names and origins at execution,None for read interaction,"{""role"": ""button"", ""name"": ""Reset"", ""exact"": true}",0,fat-admin-page-initialization.json DOM snapshot,Requires explicit selector/action implementation before phase 3; no broad selector clicking
88,Agent Management,Agent Management,Agency statistical report,/agency-management/agency-statistical,button,Query,ENABLED,READ_INTERACTION,REGISTERED_NOT_EXECUTED,Use current page input/filter/list state; capture field names and origins at execution,None for read interaction,"{""role"": ""button"", ""name"": ""Query"", ""exact"": true}",0,fat-admin-page-initialization.json DOM snapshot,Requires explicit selector/action implementation before phase 3; no broad selector clicking
89,Agent Management,Agent Management,Agency statistical report,/agency-management/agency-statistical,button,Export,ENABLED,READ_INTERACTION,REGISTERED_NOT_EXECUTED,Use current page input/filter/list state; capture field names and origins at execution,None for read interaction,"{""role"": ""button"", ""name"": ""Export"", ""exact"": true}",0,fat-admin-page-initialization.json DOM snapshot,Requires explicit selector/action implementation before phase 3; no broad selector clicking
90,Agent Management,Agent Management,Agency statistical report,/agency-management/agency-statistical,select,Page Size,VISIBLE,READ_FILTER_OR_FORM_INPUT,REGISTERED_NOT_EXECUTED,Use current page input/filter/list state; capture field names and origins at execution,None for read interaction,"{""locator"": "".ant-layout-content .ant-select"", ""visible_text"": ""Page Size""}",0,fat-admin-page-initialization.json DOM snapshot,Requires explicit selector/action implementation before phase 3; no broad selector clicking
91,Report Management,Report Management,Game Reports,/report-management/game-reports/list,input,Please enter game name,INPUT,READ_FILTER_OR_FORM_INPUT,REGISTERED_NOT_EXECUTED,Use current page input/filter/list state; capture field names and origins at execution,None for read interaction,"{""locator"": ""input, textarea"", ""placeholder_or_name"": ""Please enter game name""}",0,fat-admin-page-initialization.json DOM snapshot,Requires explicit selector/action implementation before phase 3; no broad selector clicking
92,Report Management,Report Management,Game Reports,/report-management/game-reports/list,input,Start Date,INPUT,READ_FILTER_OR_FORM_INPUT,REGISTERED_NOT_EXECUTED,Use current page input/filter/list state; capture field names and origins at execution,None for read interaction,"{""locator"": ""input, textarea"", ""placeholder_or_name"": ""Start Date""}",0,fat-admin-page-initialization.json DOM snapshot,Requires explicit selector/action implementation before phase 3; no broad selector clicking
93,Report Management,Report Management,Game Reports,/report-management/game-reports/list,input,End Date,INPUT,READ_FILTER_OR_FORM_INPUT,REGISTERED_NOT_EXECUTED,Use current page input/filter/list state; capture field names and origins at execution,None for read interaction,"{""locator"": ""input, textarea"", ""placeholder_or_name"": ""End Date""}",0,fat-admin-page-initialization.json DOM snapshot,Requires explicit selector/action implementation before phase 3; no broad selector clicking
94,Report Management,Report Management,Game Reports,/report-management/game-reports/list,input,Page Size,INPUT,READ_FILTER_OR_FORM_INPUT,REGISTERED_NOT_EXECUTED,Use current page input/filter/list state; capture field names and origins at execution,None for read interaction,"{""locator"": ""input, textarea"", ""placeholder_or_name"": ""Page Size""}",0,fat-admin-page-initialization.json DOM snapshot,Requires explicit selector/action implementation before phase 3; no broad selector clicking
95,Report Management,Report Management,Game Reports,/report-management/game-reports/list,input,Page,INPUT,READ_FILTER_OR_FORM_INPUT,REGISTERED_NOT_EXECUTED,Use current page input/filter/list state; capture field names and origins at execution,None for read interaction,"{""locator"": ""input, textarea"", ""placeholder_or_name"": ""Page""}",0,fat-admin-page-initialization.json DOM snapshot,Requires explicit selector/action implementation before phase 3; no broad selector clicking
96,Report Management,Report Management,Game Reports,/report-management/game-reports/list,button,Reset,ENABLED,READ_INTERACTION,REGISTERED_NOT_EXECUTED,Use current page input/filter/list state; capture field names and origins at execution,None for read interaction,"{""role"": ""button"", ""name"": ""Reset"", ""exact"": true}",0,fat-admin-page-initialization.json DOM snapshot,Requires explicit selector/action implementation before phase 3; no broad selector clicking
97,Report Management,Report Management,Game Reports,/report-management/game-reports/list,button,Query,ENABLED,READ_INTERACTION,REGISTERED_NOT_EXECUTED,Use current page input/filter/list state; capture field names and origins at execution,None for read interaction,"{""role"": ""button"", ""name"": ""Query"", ""exact"": true}",0,fat-admin-page-initialization.json DOM snapshot,Requires explicit selector/action implementation before phase 3; no broad selector clicking
98,Report Management,Report Management,Game Reports,/report-management/game-reports/list,button,Export,ENABLED,READ_INTERACTION,REGISTERED_NOT_EXECUTED,Use current page input/filter/list state; capture field names and origins at execution,None for read interaction,"{""role"": ""button"", ""name"": ""Export"", ""exact"": true}",0,fat-admin-page-initialization.json DOM snapshot,Requires explicit selector/action implementation before phase 3; no broad selector clicking
99,Report Management,Report Management,Game Reports,/report-management/game-reports/list,button,Recalculate,ENABLED,WRITE_REQUIRES_CURRENT_RUN_DATA,REGISTERED_NOT_EXECUTED,Use current page input/filter/list state; capture field names and origins at execution,Current-run-created or explicitly designated record only,"{""role"": ""button"", ""name"": ""Recalculate"", ""exact"": true}",0,fat-admin-page-initialization.json DOM snapshot,Requires explicit selector/action implementation before phase 3; no broad selector clicking
100,Report Management,Report Management,Game Reports,/report-management/game-reports/list,select,Please select game platform,VISIBLE,READ_FILTER_OR_FORM_INPUT,REGISTERED_NOT_EXECUTED,Use current page input/filter/list state; capture field names and origins at execution,None for read interaction,"{""locator"": "".ant-layout-content .ant-select"", ""visible_text"": ""Please select game platform""}",0,fat-admin-page-initialization.json DOM snapshot,Requires explicit selector/action implementation before phase 3; no broad selector clicking
101,Report Management,Report Management,Game Reports,/report-management/game-reports/list,select,Please select game type,VISIBLE,READ_FILTER_OR_FORM_INPUT,REGISTERED_NOT_EXECUTED,Use current page input/filter/list state; capture field names and origins at execution,None for read interaction,"{""locator"": "".ant-layout-content .ant-select"", ""visible_text"": ""Please select game type""}",0,fat-admin-page-initialization.json DOM snapshot,Requires explicit selector/action implementation before phase 3; no broad selector clicking
102,Report Management,Report Management,Game Reports,/report-management/game-reports/list,select,Please select line,VISIBLE,READ_FILTER_OR_FORM_INPUT,REGISTERED_NOT_EXECUTED,Use current page input/filter/list state; capture field names and origins at execution,None for read interaction,"{""locator"": "".ant-layout-content .ant-select"", ""visible_text"": ""Please select line""}",0,fat-admin-page-initialization.json DOM snapshot,Requires explicit selector/action implementation before phase 3; no broad selector clicking
103,Report Management,Report Management,Game Reports,/report-management/game-reports/list,select,Page Size,VISIBLE,READ_FILTER_OR_FORM_INPUT,REGISTERED_NOT_EXECUTED,Use current page input/filter/list state; capture field names and origins at execution,None for read interaction,"{""locator"": "".ant-layout-content .ant-select"", ""visible_text"": ""Page Size""}",0,fat-admin-page-initialization.json DOM snapshot,Requires explicit selector/action implementation before phase 3; no broad selector clicking
104,Report Management,Report Management,Game Reports,/report-management/game-reports/list,pagination,2,VISIBLE,READ_NAVIGATION_TO_VERIFY,REGISTERED_NOT_EXECUTED,Use current page input/filter/list state; capture field names and origins at execution,None for read interaction,"{""locator"": "".ant-pagination a, .ant-pagination button"", ""accessible_name"": ""2""}",0,fat-admin-page-initialization.json DOM snapshot,Requires explicit selector/action implementation before phase 3; no broad selector clicking
105,Report Management,Report Management,Game Reports,/report-management/game-reports/list,pagination,3,VISIBLE,READ_NAVIGATION_TO_VERIFY,REGISTERED_NOT_EXECUTED,Use current page input/filter/list state; capture field names and origins at execution,None for read interaction,"{""locator"": "".ant-pagination a, .ant-pagination button"", ""accessible_name"": ""3""}",0,fat-admin-page-initialization.json DOM snapshot,Requires explicit selector/action implementation before phase 3; no broad selector clicking
106,Report Management,Report Management,Game Reports,/report-management/game-reports/list,pagination,4,VISIBLE,READ_NAVIGATION_TO_VERIFY,REGISTERED_NOT_EXECUTED,Use current page input/filter/list state; capture field names and origins at execution,None for read interaction,"{""locator"": "".ant-pagination a, .ant-pagination button"", ""accessible_name"": ""4""}",0,fat-admin-page-initialization.json DOM snapshot,Requires explicit selector/action implementation before phase 3; no broad selector clicking
107,Report Management,Report Management,Game Type Reports,/report-management/game-types-report/list,input,Start Date,INPUT,READ_FILTER_OR_FORM_INPUT,REGISTERED_NOT_EXECUTED,Use current page input/filter/list state; capture field names and origins at execution,None for read interaction,"{""locator"": ""input, textarea"", ""placeholder_or_name"": ""Start Date""}",0,fat-admin-page-initialization.json DOM snapshot,Requires explicit selector/action implementation before phase 3; no broad selector clicking
108,Report Management,Report Management,Game Type Reports,/report-management/game-types-report/list,input,End Date,INPUT,READ_FILTER_OR_FORM_INPUT,REGISTERED_NOT_EXECUTED,Use current page input/filter/list state; capture field names and origins at execution,None for read interaction,"{""locator"": ""input, textarea"", ""placeholder_or_name"": ""End Date""}",0,fat-admin-page-initialization.json DOM snapshot,Requires explicit selector/action implementation before phase 3; no broad selector clicking
109,Report Management,Report Management,Game Type Reports,/report-management/game-types-report/list,input,Page Size,INPUT,READ_FILTER_OR_FORM_INPUT,REGISTERED_NOT_EXECUTED,Use current page input/filter/list state; capture field names and origins at execution,None for read interaction,"{""locator"": ""input, textarea"", ""placeholder_or_name"": ""Page Size""}",0,fat-admin-page-initialization.json DOM snapshot,Requires explicit selector/action implementation before phase 3; no broad selector clicking
110,Report Management,Report Management,Game Type Reports,/report-management/game-types-report/list,input,Page,INPUT,READ_FILTER_OR_FORM_INPUT,REGISTERED_NOT_EXECUTED,Use current page input/filter/list state; capture field names and origins at execution,None for read interaction,"{""locator"": ""input, textarea"", ""placeholder_or_name"": ""Page""}",0,fat-admin-page-initialization.json DOM snapshot,Requires explicit selector/action implementation before phase 3; no broad selector clicking
111,Report Management,Report Management,Game Type Reports,/report-management/game-types-report/list,button,Reset,ENABLED,READ_INTERACTION,REGISTERED_NOT_EXECUTED,Use current page input/filter/list state; capture field names and origins at execution,None for read interaction,"{""role"": ""button"", ""name"": ""Reset"", ""exact"": true}",0,fat-admin-page-initialization.json DOM snapshot,Requires explicit selector/action implementation before phase 3; no broad selector clicking
112,Report Management,Report Management,Game Type Reports,/report-management/game-types-report/list,button,Query,ENABLED,READ_INTERACTION,REGISTERED_NOT_EXECUTED,Use current page input/filter/list state; capture field names and origins at execution,None for read interaction,"{""role"": ""button"", ""name"": ""Query"", ""exact"": true}",0,fat-admin-page-initialization.json DOM snapshot,Requires explicit selector/action implementation before phase 3; no broad selector clicking
113,Report Management,Report Management,Game Type Reports,/report-management/game-types-report/list,button,Export,ENABLED,READ_INTERACTION,REGISTERED_NOT_EXECUTED,Use current page input/filter/list state; capture field names and origins at execution,None for read interaction,"{""role"": ""button"", ""name"": ""Export"", ""exact"": true}",0,fat-admin-page-initialization.json DOM snapshot,Requires explicit selector/action implementation before phase 3; no broad selector clicking
114,Report Management,Report Management,Game Type Reports,/report-management/game-types-report/list,button,Recalculate,ENABLED,WRITE_REQUIRES_CURRENT_RUN_DATA,REGISTERED_NOT_EXECUTED,Use current page input/filter/list state; capture field names and origins at execution,Current-run-created or explicitly designated record only,"{""role"": ""button"", ""name"": ""Recalculate"", ""exact"": true}",0,fat-admin-page-initialization.json DOM snapshot,Requires explicit selector/action implementation before phase 3; no broad selector clicking
115,Report Management,Report Management,Game Type Reports,/report-management/game-types-report/list,select,Please select game platform,VISIBLE,READ_FILTER_OR_FORM_INPUT,REGISTERED_NOT_EXECUTED,Use current page input/filter/list state; capture field names and origins at execution,None for read interaction,"{""locator"": "".ant-layout-content .ant-select"", ""visible_text"": ""Please select game platform""}",0,fat-admin-page-initialization.json DOM snapshot,Requires explicit selector/action implementation before phase 3; no broad selector clicking
116,Report Management,Report Management,Game Type Reports,/report-management/game-types-report/list,select,Please select game type,VISIBLE,READ_FILTER_OR_FORM_INPUT,REGISTERED_NOT_EXECUTED,Use current page input/filter/list state; capture field names and origins at execution,None for read interaction,"{""locator"": "".ant-layout-content .ant-select"", ""visible_text"": ""Please select game type""}",0,fat-admin-page-initialization.json DOM snapshot,Requires explicit selector/action implementation before phase 3; no broad selector clicking
117,Report Management,Report Management,Game Type Reports,/report-management/game-types-report/list,select,Please select line,VISIBLE,READ_FILTER_OR_FORM_INPUT,REGISTERED_NOT_EXECUTED,Use current page input/filter/list state; capture field names and origins at execution,None for read interaction,"{""locator"": "".ant-layout-content .ant-select"", ""visible_text"": ""Please select line""}",0,fat-admin-page-initialization.json DOM snapshot,Requires explicit selector/action implementation before phase 3; no broad selector clicking
118,Report Management,Report Management,Game Type Reports,/report-management/game-types-report/list,select,Page Size,VISIBLE,READ_FILTER_OR_FORM_INPUT,REGISTERED_NOT_EXECUTED,Use current page input/filter/list state; capture field names and origins at execution,None for read interaction,"{""locator"": "".ant-layout-content .ant-select"", ""visible_text"": ""Page Size""}",0,fat-admin-page-initialization.json DOM snapshot,Requires explicit selector/action implementation before phase 3; no broad selector clicking
119,Report Management,Report Management,Game Type Reports,/report-management/game-types-report/list,pagination,2,VISIBLE,READ_NAVIGATION_TO_VERIFY,REGISTERED_NOT_EXECUTED,Use current page input/filter/list state; capture field names and origins at execution,None for read interaction,"{""locator"": "".ant-pagination a, .ant-pagination button"", ""accessible_name"": ""2""}",0,fat-admin-page-initialization.json DOM snapshot,Requires explicit selector/action implementation before phase 3; no broad selector clicking
120,Report Management,Report Management,Game Type Reports,/report-management/game-types-report/list,pagination,3,VISIBLE,READ_NAVIGATION_TO_VERIFY,REGISTERED_NOT_EXECUTED,Use current page input/filter/list state; capture field names and origins at execution,None for read interaction,"{""locator"": "".ant-pagination a, .ant-pagination button"", ""accessible_name"": ""3""}",0,fat-admin-page-initialization.json DOM snapshot,Requires explicit selector/action implementation before phase 3; no broad selector clicking
121,Report Management,Report Management,Game Platform Reports,/report-management/game-platform-report/list,input,Start Date,INPUT,READ_FILTER_OR_FORM_INPUT,REGISTERED_NOT_EXECUTED,Use current page input/filter/list state; capture field names and origins at execution,None for read interaction,"{""locator"": ""input, textarea"", ""placeholder_or_name"": ""Start Date""}",0,fat-admin-page-initialization.json DOM snapshot,Requires explicit selector/action implementation before phase 3; no broad selector clicking
122,Report Management,Report Management,Game Platform Reports,/report-management/game-platform-report/list,input,End Date,INPUT,READ_FILTER_OR_FORM_INPUT,REGISTERED_NOT_EXECUTED,Use current page input/filter/list state; capture field names and origins at execution,None for read interaction,"{""locator"": ""input, textarea"", ""placeholder_or_name"": ""End Date""}",0,fat-admin-page-initialization.json DOM snapshot,Requires explicit selector/action implementation before phase 3; no broad selector clicking
123,Report Management,Report Management,Game Platform Reports,/report-management/game-platform-report/list,input,Page Size,INPUT,READ_FILTER_OR_FORM_INPUT,REGISTERED_NOT_EXECUTED,Use current page input/filter/list state; capture field names and origins at execution,None for read interaction,"{""locator"": ""input, textarea"", ""placeholder_or_name"": ""Page Size""}",0,fat-admin-page-initialization.json DOM snapshot,Requires explicit selector/action implementation before phase 3; no broad selector clicking
124,Report Management,Report Management,Game Platform Reports,/report-management/game-platform-report/list,input,Page,INPUT,READ_FILTER_OR_FORM_INPUT,REGISTERED_NOT_EXECUTED,Use current page input/filter/list state; capture field names and origins at execution,None for read interaction,"{""locator"": ""input, textarea"", ""placeholder_or_name"": ""Page""}",0,fat-admin-page-initialization.json DOM snapshot,Requires explicit selector/action implementation before phase 3; no broad selector clicking
125,Report Management,Report Management,Game Platform Reports,/report-management/game-platform-report/list,button,Reset,ENABLED,READ_INTERACTION,REGISTERED_NOT_EXECUTED,Use current page input/filter/list state; capture field names and origins at execution,None for read interaction,"{""role"": ""button"", ""name"": ""Reset"", ""exact"": true}",0,fat-admin-page-initialization.json DOM snapshot,Requires explicit selector/action implementation before phase 3; no broad selector clicking
126,Report Management,Report Management,Game Platform Reports,/report-management/game-platform-report/list,button,Query,ENABLED,READ_INTERACTION,REGISTERED_NOT_EXECUTED,Use current page input/filter/list state; capture field names and origins at execution,None for read interaction,"{""role"": ""button"", ""name"": ""Query"", ""exact"": true}",0,fat-admin-page-initialization.json DOM snapshot,Requires explicit selector/action implementation before phase 3; no broad selector clicking
127,Report Management,Report Management,Game Platform Reports,/report-management/game-platform-report/list,button,Export,ENABLED,READ_INTERACTION,REGISTERED_NOT_EXECUTED,Use current page input/filter/list state; capture field names and origins at execution,None for read interaction,"{""role"": ""button"", ""name"": ""Export"", ""exact"": true}",0,fat-admin-page-initialization.json DOM snapshot,Requires explicit selector/action implementation before phase 3; no broad selector clicking
128,Report Management,Report Management,Game Platform Reports,/report-management/game-platform-report/list,button,Recalculate,ENABLED,WRITE_REQUIRES_CURRENT_RUN_DATA,REGISTERED_NOT_EXECUTED,Use current page input/filter/list state; capture field names and origins at execution,Current-run-created or explicitly designated record only,"{""role"": ""button"", ""name"": ""Recalculate"", ""exact"": true}",0,fat-admin-page-initialization.json DOM snapshot,Requires explicit selector/action implementation before phase 3; no broad selector clicking
129,Report Management,Report Management,Game Platform Reports,/report-management/game-platform-report/list,select,Please select game platform,VISIBLE,READ_FILTER_OR_FORM_INPUT,REGISTERED_NOT_EXECUTED,Use current page input/filter/list state; capture field names and origins at execution,None for read interaction,"{""locator"": "".ant-layout-content .ant-select"", ""visible_text"": ""Please select game platform""}",0,fat-admin-page-initialization.json DOM snapshot,Requires explicit selector/action implementation before phase 3; no broad selector clicking
130,Report Management,Report Management,Game Platform Reports,/report-management/game-platform-report/list,select,Please select line,VISIBLE,READ_FILTER_OR_FORM_INPUT,REGISTERED_NOT_EXECUTED,Use current page input/filter/list state; capture field names and origins at execution,None for read interaction,"{""locator"": "".ant-layout-content .ant-select"", ""visible_text"": ""Please select line""}",0,fat-admin-page-initialization.json DOM snapshot,Requires explicit selector/action implementation before phase 3; no broad selector clicking
131,Report Management,Report Management,Game Platform Reports,/report-management/game-platform-report/list,select,Page Size,VISIBLE,READ_FILTER_OR_FORM_INPUT,REGISTERED_NOT_EXECUTED,Use current page input/filter/list state; capture field names and origins at execution,None for read interaction,"{""locator"": "".ant-layout-content .ant-select"", ""visible_text"": ""Page Size""}",0,fat-admin-page-initialization.json DOM snapshot,Requires explicit selector/action implementation before phase 3; no broad selector clicking
132,Report Management,Report Management,Game Platform Reports,/report-management/game-platform-report/list,pagination,2,VISIBLE,READ_NAVIGATION_TO_VERIFY,REGISTERED_NOT_EXECUTED,Use current page input/filter/list state; capture field names and origins at execution,None for read interaction,"{""locator"": "".ant-pagination a, .ant-pagination button"", ""accessible_name"": ""2""}",0,fat-admin-page-initialization.json DOM snapshot,Requires explicit selector/action implementation before phase 3; no broad selector clicking
133,Report Management,Report Management,Game Platform Reports,/report-management/game-platform-report/list,pagination,3,VISIBLE,READ_NAVIGATION_TO_VERIFY,REGISTERED_NOT_EXECUTED,Use current page input/filter/list state; capture field names and origins at execution,None for read interaction,"{""locator"": "".ant-pagination a, .ant-pagination button"", ""accessible_name"": ""3""}",0,fat-admin-page-initialization.json DOM snapshot,Requires explicit selector/action implementation before phase 3; no broad selector clicking
134,Report Management,Report Management,Member Daily Stats,/report-management/member-daily-stats,input,Please enter,INPUT,READ_FILTER_OR_FORM_INPUT,REGISTERED_NOT_EXECUTED,Use current page input/filter/list state; capture field names and origins at execution,None for read interaction,"{""locator"": ""input, textarea"", ""placeholder_or_name"": ""Please enter""}",0,fat-admin-page-initialization.json DOM snapshot,Requires explicit selector/action implementation before phase 3; no broad selector clicking
135,Report Management,Report Management,Member Daily Stats,/report-management/member-daily-stats,input,输入邀请人账号,INPUT,READ_FILTER_OR_FORM_INPUT,REGISTERED_NOT_EXECUTED,Use current page input/filter/list state; capture field names and origins at execution,None for read interaction,"{""locator"": ""input, textarea"", ""placeholder_or_name"": ""输入邀请人账号""}",0,fat-admin-page-initialization.json DOM snapshot,Requires explicit selector/action implementation before phase 3; no broad selector clicking
136,Report Management,Report Management,Member Daily Stats,/report-management/member-daily-stats,input,Start Date,INPUT,READ_FILTER_OR_FORM_INPUT,REGISTERED_NOT_EXECUTED,Use current page input/filter/list state; capture field names and origins at execution,None for read interaction,"{""locator"": ""input, textarea"", ""placeholder_or_name"": ""Start Date""}",0,fat-admin-page-initialization.json DOM snapshot,Requires explicit selector/action implementation before phase 3; no broad selector clicking
137,Report Management,Report Management,Member Daily Stats,/report-management/member-daily-stats,input,End Date,INPUT,READ_FILTER_OR_FORM_INPUT,REGISTERED_NOT_EXECUTED,Use current page input/filter/list state; capture field names and origins at execution,None for read interaction,"{""locator"": ""input, textarea"", ""placeholder_or_name"": ""End Date""}",0,fat-admin-page-initialization.json DOM snapshot,Requires explicit selector/action implementation before phase 3; no broad selector clicking
138,Report Management,Report Management,Member Daily Stats,/report-management/member-daily-stats,button,Personal,ENABLED,READ_INTERACTION_REVIEWED,REGISTERED_NOT_EXECUTED,Use current page input/filter/list state; capture field names and origins at execution,None for read interaction,"{""role"": ""button"", ""name"": ""Personal"", ""exact"": true}",0,fat-admin-page-initialization.json DOM snapshot,Requires explicit selector/action implementation before phase 3; no broad selector clicking
139,Report Management,Report Management,Member Daily Stats,/report-management/member-daily-stats,button,Invite,ENABLED,READ_INTERACTION_REVIEWED,REGISTERED_NOT_EXECUTED,Use current page input/filter/list state; capture field names and origins at execution,None for read interaction,"{""role"": ""button"", ""name"": ""Invite"", ""exact"": true}",0,fat-admin-page-initialization.json DOM snapshot,Requires explicit selector/action implementation before phase 3; no broad selector clicking
140,Report Management,Report Management,Member Daily Stats,/report-management/member-daily-stats,button,查 询,ENABLED,READ_INTERACTION_REVIEWED,REGISTERED_NOT_EXECUTED,Use current page input/filter/list state; capture field names and origins at execution,None for read interaction,"{""role"": ""button"", ""name"": ""查 询"", ""exact"": true}",0,fat-admin-page-initialization.json DOM snapshot,Requires explicit selector/action implementation before phase 3; no broad selector clicking
141,Report Management,Report Management,Member Daily Stats,/report-management/member-daily-stats,button,重 置,ENABLED,READ_INTERACTION_REVIEWED,REGISTERED_NOT_EXECUTED,Use current page input/filter/list state; capture field names and origins at execution,None for read interaction,"{""role"": ""button"", ""name"": ""重 置"", ""exact"": true}",0,fat-admin-page-initialization.json DOM snapshot,Requires explicit selector/action implementation before phase 3; no broad selector clicking
142,Report Management,Report Management,Member Daily Stats,/report-management/member-daily-stats,button,数据导出,ENABLED,READ_INTERACTION_REVIEWED,REGISTERED_NOT_EXECUTED,Use current page input/filter/list state; capture field names and origins at execution,None for read interaction,"{""role"": ""button"", ""name"": ""数据导出"", ""exact"": true}",0,fat-admin-page-initialization.json DOM snapshot,Requires explicit selector/action implementation before phase 3; no broad selector clicking
143,Report Management,Report Management,Member Daily Stats,/report-management/member-daily-stats,select,UID,VISIBLE,READ_FILTER_OR_FORM_INPUT,REGISTERED_NOT_EXECUTED,Use current page input/filter/list state; capture field names and origins at execution,None for read interaction,"{""locator"": "".ant-layout-content .ant-select"", ""visible_text"": ""UID""}",0,fat-admin-page-initialization.json DOM snapshot,Requires explicit selector/action implementation before phase 3; no broad selector clicking
144,Report Management,Report Management,Member Daily Stats,/report-management/member-daily-stats,select,一级,VISIBLE,READ_FILTER_OR_FORM_INPUT,REGISTERED_NOT_EXECUTED,Use current page input/filter/list state; capture field names and origins at execution,None for read interaction,"{""locator"": "".ant-layout-content .ant-select"", ""visible_text"": ""一级""}",0,fat-admin-page-initialization.json DOM snapshot,Requires explicit selector/action implementation before phase 3; no broad selector clicking
145,Report Management,Report Management,Member Daily Game Stats,/report-management/member-daily-game-stats,input,Please enter,INPUT,READ_FILTER_OR_FORM_INPUT,REGISTERED_NOT_EXECUTED,Use current page input/filter/list state; capture field names and origins at execution,None for read interaction,"{""locator"": ""input, textarea"", ""placeholder_or_name"": ""Please enter""}",0,fat-admin-page-initialization.json DOM snapshot,Requires explicit selector/action implementation before phase 3; no broad selector clicking
146,Report Management,Report Management,Member Daily Game Stats,/report-management/member-daily-game-stats,input,Enter inviter account,INPUT,READ_FILTER_OR_FORM_INPUT,REGISTERED_NOT_EXECUTED,Use current page input/filter/list state; capture field names and origins at execution,None for read interaction,"{""locator"": ""input, textarea"", ""placeholder_or_name"": ""Enter inviter account""}",0,fat-admin-page-initialization.json DOM snapshot,Requires explicit selector/action implementation before phase 3; no broad selector clicking
147,Report Management,Report Management,Member Daily Game Stats,/report-management/member-daily-game-stats,input,Start Date,INPUT,READ_FILTER_OR_FORM_INPUT,REGISTERED_NOT_EXECUTED,Use current page input/filter/list state; capture field names and origins at execution,None for read interaction,"{""locator"": ""input, textarea"", ""placeholder_or_name"": ""Start Date""}",0,fat-admin-page-initialization.json DOM snapshot,Requires explicit selector/action implementation before phase 3; no broad selector clicking
148,Report Management,Report Management,Member Daily Game Stats,/report-management/member-daily-game-stats,input,End Date,INPUT,READ_FILTER_OR_FORM_INPUT,REGISTERED_NOT_EXECUTED,Use current page input/filter/list state; capture field names and origins at execution,None for read interaction,"{""locator"": ""input, textarea"", ""placeholder_or_name"": ""End Date""}",0,fat-admin-page-initialization.json DOM snapshot,Requires explicit selector/action implementation before phase 3; no broad selector clicking
149,Report Management,Report Management,Member Daily Game Stats,/report-management/member-daily-game-stats,button,查 询,ENABLED,READ_INTERACTION_REVIEWED,REGISTERED_NOT_EXECUTED,Use current page input/filter/list state; capture field names and origins at execution,None for read interaction,"{""role"": ""button"", ""name"": ""查 询"", ""exact"": true}",0,fat-admin-page-initialization.json DOM snapshot,Requires explicit selector/action implementation before phase 3; no broad selector clicking
150,Report Management,Report Management,Member Daily Game Stats,/report-management/member-daily-game-stats,button,Reset Data,ENABLED,WRITE_REQUIRES_CURRENT_RUN_DATA,REGISTERED_NOT_EXECUTED,Use current page input/filter/list state; capture field names and origins at execution,Current-run-created or explicitly designated record only,"{""role"": ""button"", ""name"": ""Reset Data"", ""exact"": true}",0,fat-admin-page-initialization.json DOM snapshot,Requires explicit selector/action implementation before phase 3; no broad selector clicking
151,Report Management,Report Management,Member Daily Game Stats,/report-management/member-daily-game-stats,button,Export,ENABLED,READ_INTERACTION,REGISTERED_NOT_EXECUTED,Use current page input/filter/list state; capture field names and origins at execution,None for read interaction,"{""role"": ""button"", ""name"": ""Export"", ""exact"": true}",0,fat-admin-page-initialization.json DOM snapshot,Requires explicit selector/action implementation before phase 3; no broad selector clicking
152,Report Management,Report Management,Member Daily Game Stats,/report-management/member-daily-game-stats,select,Phone,VISIBLE,READ_FILTER_OR_FORM_INPUT,REGISTERED_NOT_EXECUTED,Use current page input/filter/list state; capture field names and origins at execution,None for read interaction,"{""locator"": "".ant-layout-content .ant-select"", ""visible_text"": ""Phone""}",0,fat-admin-page-initialization.json DOM snapshot,Requires explicit selector/action implementation before phase 3; no broad selector clicking
153,Report Management,Report Management,Member Daily Game Stats,/report-management/member-daily-game-stats,select,Level 1,VISIBLE,READ_FILTER_OR_FORM_INPUT,REGISTERED_NOT_EXECUTED,Use current page input/filter/list state; capture field names and origins at execution,None for read interaction,"{""locator"": "".ant-layout-content .ant-select"", ""visible_text"": ""Level 1""}",0,fat-admin-page-initialization.json DOM snapshot,Requires explicit selector/action implementation before phase 3; no broad selector clicking
154,Report Management,Report Management,Member Daily Game Stats,/report-management/member-daily-game-stats,select,全部,VISIBLE,READ_FILTER_OR_FORM_INPUT,REGISTERED_NOT_EXECUTED,Use current page input/filter/list state; capture field names and origins at execution,None for read interaction,"{""locator"": "".ant-layout-content .ant-select"", ""visible_text"": ""全部""}",0,fat-admin-page-initialization.json DOM snapshot,Requires explicit selector/action implementation before phase 3; no broad selector clicking
155,Finance Management,Finance Management,Deposit Record,/payment/recharge-orders/list,input,"Supports batch query, 1–5000 characters, separated by commas",INPUT,READ_FILTER_OR_FORM_INPUT,REGISTERED_NOT_EXECUTED,Use current page input/filter/list state; capture field names and origins at execution,None for read interaction,"{""locator"": ""input, textarea"", ""placeholder_or_name"": ""Supports batch query, 1–5000 characters, separated by commas""}",0,fat-admin-page-initialization.json DOM snapshot,Requires explicit selector/action implementation before phase 3; no broad selector clicking
156,Finance Management,Finance Management,Deposit Record,/payment/recharge-orders/list,input,Minimum Amount,INPUT,READ_FILTER_OR_FORM_INPUT,REGISTERED_NOT_EXECUTED,Use current page input/filter/list state; capture field names and origins at execution,None for read interaction,"{""locator"": ""input, textarea"", ""placeholder_or_name"": ""Minimum Amount""}",0,fat-admin-page-initialization.json DOM snapshot,Requires explicit selector/action implementation before phase 3; no broad selector clicking
157,Finance Management,Finance Management,Deposit Record,/payment/recharge-orders/list,input,Maximum Amount,INPUT,READ_FILTER_OR_FORM_INPUT,REGISTERED_NOT_EXECUTED,Use current page input/filter/list state; capture field names and origins at execution,None for read interaction,"{""locator"": ""input, textarea"", ""placeholder_or_name"": ""Maximum Amount""}",0,fat-admin-page-initialization.json DOM snapshot,Requires explicit selector/action implementation before phase 3; no broad selector clicking
158,Finance Management,Finance Management,Deposit Record,/payment/recharge-orders/list,input,Start Date,INPUT,READ_FILTER_OR_FORM_INPUT,REGISTERED_NOT_EXECUTED,Use current page input/filter/list state; capture field names and origins at execution,None for read interaction,"{""locator"": ""input, textarea"", ""placeholder_or_name"": ""Start Date""}",0,fat-admin-page-initialization.json DOM snapshot,Requires explicit selector/action implementation before phase 3; no broad selector clicking
159,Finance Management,Finance Management,Deposit Record,/payment/recharge-orders/list,input,End Date,INPUT,READ_FILTER_OR_FORM_INPUT,REGISTERED_NOT_EXECUTED,Use current page input/filter/list state; capture field names and origins at execution,None for read interaction,"{""locator"": ""input, textarea"", ""placeholder_or_name"": ""End Date""}",0,fat-admin-page-initialization.json DOM snapshot,Requires explicit selector/action implementation before phase 3; no broad selector clicking
160,Finance Management,Finance Management,Deposit Record,/payment/recharge-orders/list,button,Reset,ENABLED,READ_INTERACTION,REGISTERED_NOT_EXECUTED,Use current page input/filter/list state; capture field names and origins at execution,None for read interaction,"{""role"": ""button"", ""name"": ""Reset"", ""exact"": true}",0,fat-admin-page-initialization.json DOM snapshot,Requires explicit selector/action implementation before phase 3; no broad selector clicking
161,Finance Management,Finance Management,Deposit Record,/payment/recharge-orders/list,button,Query,ENABLED,READ_INTERACTION,REGISTERED_NOT_EXECUTED,Use current page input/filter/list state; capture field names and origins at execution,None for read interaction,"{""role"": ""button"", ""name"": ""Query"", ""exact"": true}",0,fat-admin-page-initialization.json DOM snapshot,Requires explicit selector/action implementation before phase 3; no broad selector clicking
162,Finance Management,Finance Management,Deposit Record,/payment/recharge-orders/list,button,Export,ENABLED,READ_INTERACTION,REGISTERED_NOT_EXECUTED,Use current page input/filter/list state; capture field names and origins at execution,None for read interaction,"{""role"": ""button"", ""name"": ""Export"", ""exact"": true}",0,fat-admin-page-initialization.json DOM snapshot,Requires explicit selector/action implementation before phase 3; no broad selector clicking
163,Finance Management,Finance Management,Deposit Record,/payment/recharge-orders/list,select,Please select,VISIBLE,READ_FILTER_OR_FORM_INPUT,REGISTERED_NOT_EXECUTED,Use current page input/filter/list state; capture field names and origins at execution,None for read interaction,"{""locator"": "".ant-layout-content .ant-select"", ""visible_text"": ""Please select""}",0,fat-admin-page-initialization.json DOM snapshot,Requires explicit selector/action implementation before phase 3; no broad selector clicking
164,Finance Management,Finance Management,Deposit Record,/payment/recharge-orders/list,select,Deposit Channel Name,VISIBLE,READ_FILTER_OR_FORM_INPUT,REGISTERED_NOT_EXECUTED,Use current page input/filter/list state; capture field names and origins at execution,None for read interaction,"{""locator"": "".ant-layout-content .ant-select"", ""visible_text"": ""Deposit Channel Name""}",0,fat-admin-page-initialization.json DOM snapshot,Requires explicit selector/action implementation before phase 3; no broad selector clicking
165,Finance Management,Finance Management,Deposit Record,/payment/recharge-orders/list,select,Select VIP level,VISIBLE,READ_FILTER_OR_FORM_INPUT,REGISTERED_NOT_EXECUTED,Use current page input/filter/list state; capture field names and origins at execution,None for read interaction,"{""locator"": "".ant-layout-content .ant-select"", ""visible_text"": ""Select VIP level""}",0,fat-admin-page-initialization.json DOM snapshot,Requires explicit selector/action implementation before phase 3; no broad selector clicking
166,Finance Management,Finance Management,Withdrawal Record,/payment/withdraw-orders/list,input,"Supports batch query, 1–5000 characters, separated by commas",INPUT,READ_FILTER_OR_FORM_INPUT,REGISTERED_NOT_EXECUTED,Use current page input/filter/list state; capture field names and origins at execution,None for read interaction,"{""locator"": ""input, textarea"", ""placeholder_or_name"": ""Supports batch query, 1–5000 characters, separated by commas""}",0,fat-admin-page-initialization.json DOM snapshot,Requires explicit selector/action implementation before phase 3; no broad selector clicking
167,Finance Management,Finance Management,Withdrawal Record,/payment/withdraw-orders/list,input,Minimum Amount,INPUT,READ_FILTER_OR_FORM_INPUT,REGISTERED_NOT_EXECUTED,Use current page input/filter/list state; capture field names and origins at execution,None for read interaction,"{""locator"": ""input, textarea"", ""placeholder_or_name"": ""Minimum Amount""}",0,fat-admin-page-initialization.json DOM snapshot,Requires explicit selector/action implementation before phase 3; no broad selector clicking
168,Finance Management,Finance Management,Withdrawal Record,/payment/withdraw-orders/list,input,Maximum Amount,INPUT,READ_FILTER_OR_FORM_INPUT,REGISTERED_NOT_EXECUTED,Use current page input/filter/list state; capture field names and origins at execution,None for read interaction,"{""locator"": ""input, textarea"", ""placeholder_or_name"": ""Maximum Amount""}",0,fat-admin-page-initialization.json DOM snapshot,Requires explicit selector/action implementation before phase 3; no broad selector clicking
169,Finance Management,Finance Management,Withdrawal Record,/payment/withdraw-orders/list,input,Start Date,INPUT,READ_FILTER_OR_FORM_INPUT,REGISTERED_NOT_EXECUTED,Use current page input/filter/list state; capture field names and origins at execution,None for read interaction,"{""locator"": ""input, textarea"", ""placeholder_or_name"": ""Start Date""}",0,fat-admin-page-initialization.json DOM snapshot,Requires explicit selector/action implementation before phase 3; no broad selector clicking
170,Finance Management,Finance Management,Withdrawal Record,/payment/withdraw-orders/list,input,End Date,INPUT,READ_FILTER_OR_FORM_INPUT,REGISTERED_NOT_EXECUTED,Use current page input/filter/list state; capture field names and origins at execution,None for read interaction,"{""locator"": ""input, textarea"", ""placeholder_or_name"": ""End Date""}",0,fat-admin-page-initialization.json DOM snapshot,Requires explicit selector/action implementation before phase 3; no broad selector clicking
171,Finance Management,Finance Management,Withdrawal Record,/payment/withdraw-orders/list,button,Reset,ENABLED,READ_INTERACTION,REGISTERED_NOT_EXECUTED,Use current page input/filter/list state; capture field names and origins at execution,None for read interaction,"{""role"": ""button"", ""name"": ""Reset"", ""exact"": true}",0,fat-admin-page-initialization.json DOM snapshot,Requires explicit selector/action implementation before phase 3; no broad selector clicking
172,Finance Management,Finance Management,Withdrawal Record,/payment/withdraw-orders/list,button,Query,ENABLED,READ_INTERACTION,REGISTERED_NOT_EXECUTED,Use current page input/filter/list state; capture field names and origins at execution,None for read interaction,"{""role"": ""button"", ""name"": ""Query"", ""exact"": true}",0,fat-admin-page-initialization.json DOM snapshot,Requires explicit selector/action implementation before phase 3; no broad selector clicking
173,Finance Management,Finance Management,Withdrawal Record,/payment/withdraw-orders/list,button,Export,ENABLED,READ_INTERACTION,REGISTERED_NOT_EXECUTED,Use current page input/filter/list state; capture field names and origins at execution,None for read interaction,"{""role"": ""button"", ""name"": ""Export"", ""exact"": true}",0,fat-admin-page-initialization.json DOM snapshot,Requires explicit selector/action implementation before phase 3; no broad selector clicking
174,Finance Management,Finance Management,Withdrawal Record,/payment/withdraw-orders/list,select,Status,VISIBLE,READ_FILTER_OR_FORM_INPUT,REGISTERED_NOT_EXECUTED,Use current page input/filter/list state; capture field names and origins at execution,None for read interaction,"{""locator"": "".ant-layout-content .ant-select"", ""visible_text"": ""Status""}",0,fat-admin-page-initialization.json DOM snapshot,Requires explicit selector/action implementation before phase 3; no broad selector clicking
175,Finance Management,Finance Management,Withdrawal Record,/payment/withdraw-orders/list,select,Withdrawal Channel Name,VISIBLE,READ_FILTER_OR_FORM_INPUT,REGISTERED_NOT_EXECUTED,Use current page input/filter/list state; capture field names and origins at execution,None for read interaction,"{""locator"": "".ant-layout-content .ant-select"", ""visible_text"": ""Withdrawal Channel Name""}",0,fat-admin-page-initialization.json DOM snapshot,Requires explicit selector/action implementation before phase 3; no broad selector clicking
176,Finance Management,Finance Management,Bet Management,/payment/betting-slip/list,input,"Supports batch query, 1–5000 characters, separated by commas",INPUT,READ_FILTER_OR_FORM_INPUT,REGISTERED_NOT_EXECUTED,Use current page input/filter/list state; capture field names and origins at execution,None for read interaction,"{""locator"": ""input, textarea"", ""placeholder_or_name"": ""Supports batch query, 1–5000 characters, separated by commas""}",0,fat-admin-page-initialization.json DOM snapshot,Requires explicit selector/action implementation before phase 3; no broad selector clicking
177,Finance Management,Finance Management,Bet Management,/payment/betting-slip/list,input,Minimum Amount,INPUT,READ_FILTER_OR_FORM_INPUT,REGISTERED_NOT_EXECUTED,Use current page input/filter/list state; capture field names and origins at execution,None for read interaction,"{""locator"": ""input, textarea"", ""placeholder_or_name"": ""Minimum Amount""}",0,fat-admin-page-initialization.json DOM snapshot,Requires explicit selector/action implementation before phase 3; no broad selector clicking
178,Finance Management,Finance Management,Bet Management,/payment/betting-slip/list,input,Maximum Amount,INPUT,READ_FILTER_OR_FORM_INPUT,REGISTERED_NOT_EXECUTED,Use current page input/filter/list state; capture field names and origins at execution,None for read interaction,"{""locator"": ""input, textarea"", ""placeholder_or_name"": ""Maximum Amount""}",0,fat-admin-page-initialization.json DOM snapshot,Requires explicit selector/action implementation before phase 3; no broad selector clicking
179,Finance Management,Finance Management,Bet Management,/payment/betting-slip/list,input,Start Date,INPUT,READ_FILTER_OR_FORM_INPUT,REGISTERED_NOT_EXECUTED,Use current page input/filter/list state; capture field names and origins at execution,None for read interaction,"{""locator"": ""input, textarea"", ""placeholder_or_name"": ""Start Date""}",0,fat-admin-page-initialization.json DOM snapshot,Requires explicit selector/action implementation before phase 3; no broad selector clicking
180,Finance Management,Finance Management,Bet Management,/payment/betting-slip/list,input,End Date,INPUT,READ_FILTER_OR_FORM_INPUT,REGISTERED_NOT_EXECUTED,Use current page input/filter/list state; capture field names and origins at execution,None for read interaction,"{""locator"": ""input, textarea"", ""placeholder_or_name"": ""End Date""}",0,fat-admin-page-initialization.json DOM snapshot,Requires explicit selector/action implementation before phase 3; no broad selector clicking
181,Finance Management,Finance Management,Bet Management,/payment/betting-slip/list,input,Page Size,INPUT,READ_FILTER_OR_FORM_INPUT,REGISTERED_NOT_EXECUTED,Use current page input/filter/list state; capture field names and origins at execution,None for read interaction,"{""locator"": ""input, textarea"", ""placeholder_or_name"": ""Page Size""}",0,fat-admin-page-initialization.json DOM snapshot,Requires explicit selector/action implementation before phase 3; no broad selector clicking
182,Finance Management,Finance Management,Bet Management,/payment/betting-slip/list,button,Reset,ENABLED,READ_INTERACTION,REGISTERED_NOT_EXECUTED,Use current page input/filter/list state; capture field names and origins at execution,None for read interaction,"{""role"": ""button"", ""name"": ""Reset"", ""exact"": true}",0,fat-admin-page-initialization.json DOM snapshot,Requires explicit selector/action implementation before phase 3; no broad selector clicking
183,Finance Management,Finance Management,Bet Management,/payment/betting-slip/list,button,Query,ENABLED,READ_INTERACTION,REGISTERED_NOT_EXECUTED,Use current page input/filter/list state; capture field names and origins at execution,None for read interaction,"{""role"": ""button"", ""name"": ""Query"", ""exact"": true}",0,fat-admin-page-initialization.json DOM snapshot,Requires explicit selector/action implementation before phase 3; no broad selector clicking
184,Finance Management,Finance Management,Bet Management,/payment/betting-slip/list,tab,Platform Bet Slip Management,selected=,READ_NAVIGATION_TO_VERIFY,REGISTERED_NOT_EXECUTED,Use current page input/filter/list state; capture field names and origins at execution,None for read interaction,"{""role"": ""tab"", ""name"": ""Platform Bet Slip Management"", ""exact"": true}",0,fat-admin-page-initialization.json DOM snapshot,Requires explicit selector/action implementation before phase 3; no broad selector clicking
185,Finance Management,Finance Management,Bet Management,/payment/betting-slip/list,tab,Live Casino,selected=,READ_NAVIGATION_TO_VERIFY,REGISTERED_NOT_EXECUTED,Use current page input/filter/list state; capture field names and origins at execution,None for read interaction,"{""role"": ""tab"", ""name"": ""Live Casino"", ""exact"": true}",0,fat-admin-page-initialization.json DOM snapshot,Requires explicit selector/action implementation before phase 3; no broad selector clicking
186,Finance Management,Finance Management,Bet Management,/payment/betting-slip/list,tab,Fishing,selected=,READ_NAVIGATION_TO_VERIFY,REGISTERED_NOT_EXECUTED,Use current page input/filter/list state; capture field names and origins at execution,None for read interaction,"{""role"": ""tab"", ""name"": ""Fishing"", ""exact"": true}",0,fat-admin-page-initialization.json DOM snapshot,Requires explicit selector/action implementation before phase 3; no broad selector clicking
187,Finance Management,Finance Management,Bet Management,/payment/betting-slip/list,tab,Slot,selected=,READ_NAVIGATION_TO_VERIFY,REGISTERED_NOT_EXECUTED,Use current page input/filter/list state; capture field names and origins at execution,None for read interaction,"{""role"": ""tab"", ""name"": ""Slot"", ""exact"": true}",0,fat-admin-page-initialization.json DOM snapshot,Requires explicit selector/action implementation before phase 3; no broad selector clicking
188,Finance Management,Finance Management,Bet Management,/payment/betting-slip/list,tab,Sports,selected=,READ_NAVIGATION_TO_VERIFY,REGISTERED_NOT_EXECUTED,Use current page input/filter/list state; capture field names and origins at execution,None for read interaction,"{""role"": ""tab"", ""name"": ""Sports"", ""exact"": true}",0,fat-admin-page-initialization.json DOM snapshot,Requires explicit selector/action implementation before phase 3; no broad selector clicking
189,Finance Management,Finance Management,Bet Management,/payment/betting-slip/list,tab,Table Games,selected=,READ_NAVIGATION_TO_VERIFY,REGISTERED_NOT_EXECUTED,Use current page input/filter/list state; capture field names and origins at execution,None for read interaction,"{""role"": ""tab"", ""name"": ""Table Games"", ""exact"": true}",0,fat-admin-page-initialization.json DOM snapshot,Requires explicit selector/action implementation before phase 3; no broad selector clicking
190,Finance Management,Finance Management,Bet Management,/payment/betting-slip/list,tab,Mini Games,selected=,READ_NAVIGATION_TO_VERIFY,REGISTERED_NOT_EXECUTED,Use current page input/filter/list state; capture field names and origins at execution,None for read interaction,"{""role"": ""tab"", ""name"": ""Mini Games"", ""exact"": true}",0,fat-admin-page-initialization.json DOM snapshot,Requires explicit selector/action implementation before phase 3; no broad selector clicking
191,Finance Management,Finance Management,Bet Management,/payment/betting-slip/list,tab,Lottery,selected=,READ_NAVIGATION_TO_VERIFY,REGISTERED_NOT_EXECUTED,Use current page input/filter/list state; capture field names and origins at execution,None for read interaction,"{""role"": ""tab"", ""name"": ""Lottery"", ""exact"": true}",0,fat-admin-page-initialization.json DOM snapshot,Requires explicit selector/action implementation before phase 3; no broad selector clicking
192,Finance Management,Finance Management,Bet Management,/payment/betting-slip/list,tab,ALL,selected=,READ_NAVIGATION_TO_VERIFY,REGISTERED_NOT_EXECUTED,Use current page input/filter/list state; capture field names and origins at execution,None for read interaction,"{""role"": ""tab"", ""name"": ""ALL"", ""exact"": true}",0,fat-admin-page-initialization.json DOM snapshot,Requires explicit selector/action implementation before phase 3; no broad selector clicking
193,Finance Management,Finance Management,Bet Management,/payment/betting-slip/list,select,Please select,VISIBLE,READ_FILTER_OR_FORM_INPUT,REGISTERED_NOT_EXECUTED,Use current page input/filter/list state; capture field names and origins at execution,None for read interaction,"{""locator"": "".ant-layout-content .ant-select"", ""visible_text"": ""Please select""}",0,fat-admin-page-initialization.json DOM snapshot,Requires explicit selector/action implementation before phase 3; no broad selector clicking
194,Finance Management,Finance Management,Bet Management,/payment/betting-slip/list,select,Select,VISIBLE,READ_FILTER_OR_FORM_INPUT,REGISTERED_NOT_EXECUTED,Use current page input/filter/list state; capture field names and origins at execution,None for read interaction,"{""locator"": "".ant-layout-content .ant-select"", ""visible_text"": ""Select""}",0,fat-admin-page-initialization.json DOM snapshot,Requires explicit selector/action implementation before phase 3; no broad selector clicking
195,Finance Management,Finance Management,Bet Management,/payment/betting-slip/list,select,Page Size,VISIBLE,READ_FILTER_OR_FORM_INPUT,REGISTERED_NOT_EXECUTED,Use current page input/filter/list state; capture field names and origins at execution,None for read interaction,"{""locator"": "".ant-layout-content .ant-select"", ""visible_text"": ""Page Size""}",0,fat-admin-page-initialization.json DOM snapshot,Requires explicit selector/action implementation before phase 3; no broad selector clicking
196,Finance Management,Finance Management,Member Wallet Transactions,/payment/transaction-orders,input,"Supports batch query, 1–5000 characters, separated by commas",INPUT,READ_FILTER_OR_FORM_INPUT,REGISTERED_NOT_EXECUTED,Use current page input/filter/list state; capture field names and origins at execution,None for read interaction,"{""locator"": ""input, textarea"", ""placeholder_or_name"": ""Supports batch query, 1–5000 characters, separated by commas""}",0,fat-admin-page-initialization.json DOM snapshot,Requires explicit selector/action implementation before phase 3; no broad selector clicking
197,Finance Management,Finance Management,Member Wallet Transactions,/payment/transaction-orders,input,Start Date,INPUT,READ_FILTER_OR_FORM_INPUT,REGISTERED_NOT_EXECUTED,Use current page input/filter/list state; capture field names and origins at execution,None for read interaction,"{""locator"": ""input, textarea"", ""placeholder_or_name"": ""Start Date""}",0,fat-admin-page-initialization.json DOM snapshot,Requires explicit selector/action implementation before phase 3; no broad selector clicking
198,Finance Management,Finance Management,Member Wallet Transactions,/payment/transaction-orders,input,End Date,INPUT,READ_FILTER_OR_FORM_INPUT,REGISTERED_NOT_EXECUTED,Use current page input/filter/list state; capture field names and origins at execution,None for read interaction,"{""locator"": ""input, textarea"", ""placeholder_or_name"": ""End Date""}",0,fat-admin-page-initialization.json DOM snapshot,Requires explicit selector/action implementation before phase 3; no broad selector clicking
199,Finance Management,Finance Management,Member Wallet Transactions,/payment/transaction-orders,input,Minimum Amount,INPUT,READ_FILTER_OR_FORM_INPUT,REGISTERED_NOT_EXECUTED,Use current page input/filter/list state; capture field names and origins at execution,None for read interaction,"{""locator"": ""input, textarea"", ""placeholder_or_name"": ""Minimum Amount""}",0,fat-admin-page-initialization.json DOM snapshot,Requires explicit selector/action implementation before phase 3; no broad selector clicking
200,Finance Management,Finance Management,Member Wallet Transactions,/payment/transaction-orders,input,Maximum Amount,INPUT,READ_FILTER_OR_FORM_INPUT,REGISTERED_NOT_EXECUTED,Use current page input/filter/list state; capture field names and origins at execution,None for read interaction,"{""locator"": ""input, textarea"", ""placeholder_or_name"": ""Maximum Amount""}",0,fat-admin-page-initialization.json DOM snapshot,Requires explicit selector/action implementation before phase 3; no broad selector clicking
201,Finance Management,Finance Management,Member Wallet Transactions,/payment/transaction-orders,input,Page Size,INPUT,READ_FILTER_OR_FORM_INPUT,REGISTERED_NOT_EXECUTED,Use current page input/filter/list state; capture field names and origins at execution,None for read interaction,"{""locator"": ""input, textarea"", ""placeholder_or_name"": ""Page Size""}",0,fat-admin-page-initialization.json DOM snapshot,Requires explicit selector/action implementation before phase 3; no broad selector clicking
202,Finance Management,Finance Management,Member Wallet Transactions,/payment/transaction-orders,button,Reset,ENABLED,READ_INTERACTION,REGISTERED_NOT_EXECUTED,Use current page input/filter/list state; capture field names and origins at execution,None for read interaction,"{""role"": ""button"", ""name"": ""Reset"", ""exact"": true}",0,fat-admin-page-initialization.json DOM snapshot,Requires explicit selector/action implementation before phase 3; no broad selector clicking
203,Finance Management,Finance Management,Member Wallet Transactions,/payment/transaction-orders,button,Query,ENABLED,READ_INTERACTION,REGISTERED_NOT_EXECUTED,Use current page input/filter/list state; capture field names and origins at execution,None for read interaction,"{""role"": ""button"", ""name"": ""Query"", ""exact"": true}",0,fat-admin-page-initialization.json DOM snapshot,Requires explicit selector/action implementation before phase 3; no broad selector clicking
204,Finance Management,Finance Management,Member Wallet Transactions,/payment/transaction-orders,select,Please select,VISIBLE,READ_FILTER_OR_FORM_INPUT,REGISTERED_NOT_EXECUTED,Use current page input/filter/list state; capture field names and origins at execution,None for read interaction,"{""locator"": "".ant-layout-content .ant-select"", ""visible_text"": ""Please select""}",0,fat-admin-page-initialization.json DOM snapshot,Requires explicit selector/action implementation before phase 3; no broad selector clicking
205,Finance Management,Finance Management,Member Wallet Transactions,/payment/transaction-orders,select,Page Size,VISIBLE,READ_FILTER_OR_FORM_INPUT,REGISTERED_NOT_EXECUTED,Use current page input/filter/list state; capture field names and origins at execution,None for read interaction,"{""locator"": "".ant-layout-content .ant-select"", ""visible_text"": ""Page Size""}",0,fat-admin-page-initialization.json DOM snapshot,Requires explicit selector/action implementation before phase 3; no broad selector clicking
206,Finance Management,Finance Management,Payment Channels,/payment/channel-ordersV2,input,支持模糊查询，1-100个字符长度,INPUT,READ_FILTER_OR_FORM_INPUT,REGISTERED_NOT_EXECUTED,Use current page input/filter/list state; capture field names and origins at execution,None for read interaction,"{""locator"": ""input, textarea"", ""placeholder_or_name"": ""支持模糊查询，1-100个字符长度""}",0,fat-admin-page-initialization.json DOM snapshot,Requires explicit selector/action implementation before phase 3; no broad selector clicking
207,Finance Management,Finance Management,Payment Channels,/payment/channel-ordersV2,input,Start Date,INPUT,READ_FILTER_OR_FORM_INPUT,REGISTERED_NOT_EXECUTED,Use current page input/filter/list state; capture field names and origins at execution,None for read interaction,"{""locator"": ""input, textarea"", ""placeholder_or_name"": ""Start Date""}",0,fat-admin-page-initialization.json DOM snapshot,Requires explicit selector/action implementation before phase 3; no broad selector clicking
208,Finance Management,Finance Management,Payment Channels,/payment/channel-ordersV2,input,End Date,INPUT,READ_FILTER_OR_FORM_INPUT,REGISTERED_NOT_EXECUTED,Use current page input/filter/list state; capture field names and origins at execution,None for read interaction,"{""locator"": ""input, textarea"", ""placeholder_or_name"": ""End Date""}",0,fat-admin-page-initialization.json DOM snapshot,Requires explicit selector/action implementation before phase 3; no broad selector clicking
209,Finance Management,Finance Management,Payment Channels,/payment/channel-ordersV2,input,Please enter,INPUT,READ_FILTER_OR_FORM_INPUT,REGISTERED_NOT_EXECUTED,Use current page input/filter/list state; capture field names and origins at execution,None for read interaction,"{""locator"": ""input, textarea"", ""placeholder_or_name"": ""Please enter""}",0,fat-admin-page-initialization.json DOM snapshot,Requires explicit selector/action implementation before phase 3; no broad selector clicking
210,Finance Management,Finance Management,Payment Channels,/payment/channel-ordersV2,input,Page Size,INPUT,READ_FILTER_OR_FORM_INPUT,REGISTERED_NOT_EXECUTED,Use current page input/filter/list state; capture field names and origins at execution,None for read interaction,"{""locator"": ""input, textarea"", ""placeholder_or_name"": ""Page Size""}",0,fat-admin-page-initialization.json DOM snapshot,Requires explicit selector/action implementation before phase 3; no broad selector clicking
211,Finance Management,Finance Management,Payment Channels,/payment/channel-ordersV2,button,Reset,ENABLED,READ_INTERACTION,REGISTERED_NOT_EXECUTED,Use current page input/filter/list state; capture field names and origins at execution,None for read interaction,"{""role"": ""button"", ""name"": ""Reset"", ""exact"": true}",0,fat-admin-page-initialization.json DOM snapshot,Requires explicit selector/action implementation before phase 3; no broad selector clicking
212,Finance Management,Finance Management,Payment Channels,/payment/channel-ordersV2,button,Query,ENABLED,READ_INTERACTION,REGISTERED_NOT_EXECUTED,Use current page input/filter/list state; capture field names and origins at execution,None for read interaction,"{""role"": ""button"", ""name"": ""Query"", ""exact"": true}",0,fat-admin-page-initialization.json DOM snapshot,Requires explicit selector/action implementation before phase 3; no broad selector clicking
213,Finance Management,Finance Management,Payment Channels,/payment/channel-ordersV2,button,添加存款渠道,ENABLED,READ_INTERACTION_REVIEWED,REGISTERED_NOT_EXECUTED,Use current page input/filter/list state; capture field names and origins at execution,None for read interaction,"{""role"": ""button"", ""name"": ""添加存款渠道"", ""exact"": true}",0,fat-admin-page-initialization.json DOM snapshot,Requires explicit selector/action implementation before phase 3; no broad selector clicking
214,Finance Management,Finance Management,Payment Channels,/payment/channel-ordersV2,button,"是
否",ENABLED,WRITE_REQUIRES_CURRENT_RUN_DATA,REGISTERED_NOT_EXECUTED,Use current page input/filter/list state; capture field names and origins at execution,Current-run-created or explicitly designated record only,"{""role"": ""button"", ""name"": ""是\n否"", ""exact"": true}",0,fat-admin-page-initialization.json DOM snapshot,Requires explicit selector/action implementation before phase 3; no broad selector clicking
215,Finance Management,Finance Management,Payment Channels,/payment/channel-ordersV2,button,编辑,ENABLED,READ_INTERACTION_REVIEWED,REGISTERED_NOT_EXECUTED,Use current page input/filter/list state; capture field names and origins at execution,None for read interaction,"{""role"": ""button"", ""name"": ""编辑"", ""exact"": true}",0,fat-admin-page-initialization.json DOM snapshot,Requires explicit selector/action implementation before phase 3; no broad selector clicking
216,Finance Management,Finance Management,Payment Channels,/payment/channel-ordersV2,tab,Deposit Channel Config,selected=,READ_NAVIGATION_TO_VERIFY,REGISTERED_NOT_EXECUTED,Use current page input/filter/list state; capture field names and origins at execution,None for read interaction,"{""role"": ""tab"", ""name"": ""Deposit Channel Config"", ""exact"": true}",0,fat-admin-page-initialization.json DOM snapshot,Requires explicit selector/action implementation before phase 3; no broad selector clicking
217,Finance Management,Finance Management,Payment Channels,/payment/channel-ordersV2,tab,Deposit Merchant Config,selected=,READ_NAVIGATION_TO_VERIFY,REGISTERED_NOT_EXECUTED,Use current page input/filter/list state; capture field names and origins at execution,None for read interaction,"{""role"": ""tab"", ""name"": ""Deposit Merchant Config"", ""exact"": true}",0,fat-admin-page-initialization.json DOM snapshot,Requires explicit selector/action implementation before phase 3; no broad selector clicking
218,Finance Management,Finance Management,Payment Channels,/payment/channel-ordersV2,tab,Withdrawal Channel Config,selected=,READ_NAVIGATION_TO_VERIFY,REGISTERED_NOT_EXECUTED,Use current page input/filter/list state; capture field names and origins at execution,None for read interaction,"{""role"": ""tab"", ""name"": ""Withdrawal Channel Config"", ""exact"": true}",0,fat-admin-page-initialization.json DOM snapshot,Requires explicit selector/action implementation before phase 3; no broad selector clicking
219,Finance Management,Finance Management,Payment Channels,/payment/channel-ordersV2,tab,提现商户配置,selected=,READ_NAVIGATION_TO_VERIFY,REGISTERED_NOT_EXECUTED,Use current page input/filter/list state; capture field names and origins at execution,None for read interaction,"{""role"": ""tab"", ""name"": ""提现商户配置"", ""exact"": true}",0,fat-admin-page-initialization.json DOM snapshot,Requires explicit selector/action implementation before phase 3; no broad selector clicking
220,Finance Management,Finance Management,Payment Channels,/payment/channel-ordersV2,tab,银行列表,selected=,READ_NAVIGATION_TO_VERIFY,REGISTERED_NOT_EXECUTED,Use current page input/filter/list state; capture field names and origins at execution,None for read interaction,"{""role"": ""tab"", ""name"": ""银行列表"", ""exact"": true}",0,fat-admin-page-initialization.json DOM snapshot,Requires explicit selector/action implementation before phase 3; no broad selector clicking
221,Finance Management,Finance Management,Payment Channels,/payment/channel-ordersV2,select,渠道状态,VISIBLE,READ_FILTER_OR_FORM_INPUT,REGISTERED_NOT_EXECUTED,Use current page input/filter/list state; capture field names and origins at execution,None for read interaction,"{""locator"": "".ant-layout-content .ant-select"", ""visible_text"": ""渠道状态""}",0,fat-admin-page-initialization.json DOM snapshot,Requires explicit selector/action implementation before phase 3; no broad selector clicking
222,Finance Management,Finance Management,Payment Channels,/payment/channel-ordersV2,select,Page Size,VISIBLE,READ_FILTER_OR_FORM_INPUT,REGISTERED_NOT_EXECUTED,Use current page input/filter/list state; capture field names and origins at execution,None for read interaction,"{""locator"": "".ant-layout-content .ant-select"", ""visible_text"": ""Page Size""}",0,fat-admin-page-initialization.json DOM snapshot,Requires explicit selector/action implementation before phase 3; no broad selector clicking
223,Finance Management,Finance Management,Recharge Card Order,/payment/recharge-card-orders/list,input,"Supports batch query, separated by ',' up to 5000 items",INPUT,READ_FILTER_OR_FORM_INPUT,REGISTERED_NOT_EXECUTED,Use current page input/filter/list state; capture field names and origins at execution,None for read interaction,"{""locator"": ""input, textarea"", ""placeholder_or_name"": ""Supports batch query, separated by ',' up to 5000 items""}",0,fat-admin-page-initialization.json DOM snapshot,Requires explicit selector/action implementation before phase 3; no broad selector clicking
224,Finance Management,Finance Management,Recharge Card Order,/payment/recharge-card-orders/list,input,Supports fuzzy search,INPUT,READ_FILTER_OR_FORM_INPUT,REGISTERED_NOT_EXECUTED,Use current page input/filter/list state; capture field names and origins at execution,None for read interaction,"{""locator"": ""input, textarea"", ""placeholder_or_name"": ""Supports fuzzy search""}",0,fat-admin-page-initialization.json DOM snapshot,Requires explicit selector/action implementation before phase 3; no broad selector clicking
225,Finance Management,Finance Management,Recharge Card Order,/payment/recharge-card-orders/list,input,Start Date,INPUT,READ_FILTER_OR_FORM_INPUT,REGISTERED_NOT_EXECUTED,Use current page input/filter/list state; capture field names and origins at execution,None for read interaction,"{""locator"": ""input, textarea"", ""placeholder_or_name"": ""Start Date""}",0,fat-admin-page-initialization.json DOM snapshot,Requires explicit selector/action implementation before phase 3; no broad selector clicking
226,Finance Management,Finance Management,Recharge Card Order,/payment/recharge-card-orders/list,input,End Date,INPUT,READ_FILTER_OR_FORM_INPUT,REGISTERED_NOT_EXECUTED,Use current page input/filter/list state; capture field names and origins at execution,None for read interaction,"{""locator"": ""input, textarea"", ""placeholder_or_name"": ""End Date""}",0,fat-admin-page-initialization.json DOM snapshot,Requires explicit selector/action implementation before phase 3; no broad selector clicking
227,Finance Management,Finance Management,Recharge Card Order,/payment/recharge-card-orders/list,button,Reset,ENABLED,READ_INTERACTION,REGISTERED_NOT_EXECUTED,Use current page input/filter/list state; capture field names and origins at execution,None for read interaction,"{""role"": ""button"", ""name"": ""Reset"", ""exact"": true}",0,fat-admin-page-initialization.json DOM snapshot,Requires explicit selector/action implementation before phase 3; no broad selector clicking
228,Finance Management,Finance Management,Recharge Card Order,/payment/recharge-card-orders/list,button,Query,ENABLED,READ_INTERACTION,REGISTERED_NOT_EXECUTED,Use current page input/filter/list state; capture field names and origins at execution,None for read interaction,"{""role"": ""button"", ""name"": ""Query"", ""exact"": true}",0,fat-admin-page-initialization.json DOM snapshot,Requires explicit selector/action implementation before phase 3; no broad selector clicking
229,Finance Management,Finance Management,Recharge Card Order,/payment/recharge-card-orders/list,tab,Lazada Orders,selected=,READ_NAVIGATION_TO_VERIFY,REGISTERED_NOT_EXECUTED,Use current page input/filter/list state; capture field names and origins at execution,None for read interaction,"{""role"": ""tab"", ""name"": ""Lazada Orders"", ""exact"": true}",0,fat-admin-page-initialization.json DOM snapshot,Requires explicit selector/action implementation before phase 3; no broad selector clicking
230,Finance Management,Finance Management,Recharge Card Order,/payment/recharge-card-orders/list,tab,Token Mall Orders,selected=,READ_NAVIGATION_TO_VERIFY,REGISTERED_NOT_EXECUTED,Use current page input/filter/list state; capture field names and origins at execution,None for read interaction,"{""role"": ""tab"", ""name"": ""Token Mall Orders"", ""exact"": true}",0,fat-admin-page-initialization.json DOM snapshot,Requires explicit selector/action implementation before phase 3; no broad selector clicking
231,Finance Management,Finance Management,Recharge Card Order,/payment/recharge-card-orders/list,select,Please select product status,VISIBLE,READ_FILTER_OR_FORM_INPUT,REGISTERED_NOT_EXECUTED,Use current page input/filter/list state; capture field names and origins at execution,None for read interaction,"{""locator"": "".ant-layout-content .ant-select"", ""visible_text"": ""Please select product status""}",0,fat-admin-page-initialization.json DOM snapshot,Requires explicit selector/action implementation before phase 3; no broad selector clicking
232,Finance Management,Finance Management,Recharge Card Order,/payment/recharge-card-orders/list,select,Please select order status,VISIBLE,READ_FILTER_OR_FORM_INPUT,REGISTERED_NOT_EXECUTED,Use current page input/filter/list state; capture field names and origins at execution,None for read interaction,"{""locator"": "".ant-layout-content .ant-select"", ""visible_text"": ""Please select order status""}",0,fat-admin-page-initialization.json DOM snapshot,Requires explicit selector/action implementation before phase 3; no broad selector clicking
233,Operation Management,Operation Management,Recharge Template,/operations/recharge-template,input,Please enter,INPUT,READ_FILTER_OR_FORM_INPUT,REGISTERED_NOT_EXECUTED,Use current page input/filter/list state; capture field names and origins at execution,None for read interaction,"{""locator"": ""input, textarea"", ""placeholder_or_name"": ""Please enter""}",0,fat-admin-page-initialization.json DOM snapshot,Requires explicit selector/action implementation before phase 3; no broad selector clicking
234,Operation Management,Operation Management,Recharge Template,/operations/recharge-template,input,Page Size,INPUT,READ_FILTER_OR_FORM_INPUT,REGISTERED_NOT_EXECUTED,Use current page input/filter/list state; capture field names and origins at execution,None for read interaction,"{""locator"": ""input, textarea"", ""placeholder_or_name"": ""Page Size""}",0,fat-admin-page-initialization.json DOM snapshot,Requires explicit selector/action implementation before phase 3; no broad selector clicking
235,Operation Management,Operation Management,Recharge Template,/operations/recharge-template,button,Search,ENABLED,READ_INTERACTION,REGISTERED_NOT_EXECUTED,Use current page input/filter/list state; capture field names and origins at execution,None for read interaction,"{""role"": ""button"", ""name"": ""Search"", ""exact"": true}",0,fat-admin-page-initialization.json DOM snapshot,Requires explicit selector/action implementation before phase 3; no broad selector clicking
236,Operation Management,Operation Management,Recharge Template,/operations/recharge-template,button,Reset,ENABLED,READ_INTERACTION,REGISTERED_NOT_EXECUTED,Use current page input/filter/list state; capture field names and origins at execution,None for read interaction,"{""role"": ""button"", ""name"": ""Reset"", ""exact"": true}",0,fat-admin-page-initialization.json DOM snapshot,Requires explicit selector/action implementation before phase 3; no broad selector clicking
237,Operation Management,Operation Management,Recharge Template,/operations/recharge-template,button,Add Template,ENABLED,WRITE_REQUIRES_CURRENT_RUN_DATA,REGISTERED_NOT_EXECUTED,Use current page input/filter/list state; capture field names and origins at execution,Current-run-created or explicitly designated record only,"{""role"": ""button"", ""name"": ""Add Template"", ""exact"": true}",0,fat-admin-page-initialization.json DOM snapshot,Requires explicit selector/action implementation before phase 3; no broad selector clicking
238,Operation Management,Operation Management,Recharge Template,/operations/recharge-template,button,Edit,ENABLED,WRITE_REQUIRES_CURRENT_RUN_DATA,REGISTERED_NOT_EXECUTED,Use current page input/filter/list state; capture field names and origins at execution,Current-run-created or explicitly designated record only,"{""role"": ""button"", ""name"": ""Edit"", ""exact"": true}",0,fat-admin-page-initialization.json DOM snapshot,Requires explicit selector/action implementation before phase 3; no broad selector clicking
239,Operation Management,Operation Management,Recharge Template,/operations/recharge-template,select,Page Size,VISIBLE,READ_FILTER_OR_FORM_INPUT,REGISTERED_NOT_EXECUTED,Use current page input/filter/list state; capture field names and origins at execution,None for read interaction,"{""locator"": "".ant-layout-content .ant-select"", ""visible_text"": ""Page Size""}",0,fat-admin-page-initialization.json DOM snapshot,Requires explicit selector/action implementation before phase 3; no broad selector clicking
240,Operation Management,Operation Management,Daily Report,/operations/daily-reports,input,Start Date,INPUT,READ_FILTER_OR_FORM_INPUT,REGISTERED_NOT_EXECUTED,Use current page input/filter/list state; capture field names and origins at execution,None for read interaction,"{""locator"": ""input, textarea"", ""placeholder_or_name"": ""Start Date""}",0,fat-admin-page-initialization.json DOM snapshot,Requires explicit selector/action implementation before phase 3; no broad selector clicking
241,Operation Management,Operation Management,Daily Report,/operations/daily-reports,input,End Date,INPUT,READ_FILTER_OR_FORM_INPUT,REGISTERED_NOT_EXECUTED,Use current page input/filter/list state; capture field names and origins at execution,None for read interaction,"{""locator"": ""input, textarea"", ""placeholder_or_name"": ""End Date""}",0,fat-admin-page-initialization.json DOM snapshot,Requires explicit selector/action implementation before phase 3; no broad selector clicking
242,Operation Management,Operation Management,Daily Report,/operations/daily-reports,button,Reset,ENABLED,READ_INTERACTION,REGISTERED_NOT_EXECUTED,Use current page input/filter/list state; capture field names and origins at execution,None for read interaction,"{""role"": ""button"", ""name"": ""Reset"", ""exact"": true}",0,fat-admin-page-initialization.json DOM snapshot,Requires explicit selector/action implementation before phase 3; no broad selector clicking
243,Operation Management,Operation Management,Daily Report,/operations/daily-reports,button,Query,ENABLED,READ_INTERACTION,REGISTERED_NOT_EXECUTED,Use current page input/filter/list state; capture field names and origins at execution,None for read interaction,"{""role"": ""button"", ""name"": ""Query"", ""exact"": true}",0,fat-admin-page-initialization.json DOM snapshot,Requires explicit selector/action implementation before phase 3; no broad selector clicking
244,Operation Management,Operation Management,Daily Report,/operations/daily-reports,button,Export,ENABLED,READ_INTERACTION,REGISTERED_NOT_EXECUTED,Use current page input/filter/list state; capture field names and origins at execution,None for read interaction,"{""role"": ""button"", ""name"": ""Export"", ""exact"": true}",0,fat-admin-page-initialization.json DOM snapshot,Requires explicit selector/action implementation before phase 3; no broad selector clicking
245,Operation Management,Operation Management,Daily Report,/operations/daily-reports,tab,Source Performance,selected=,READ_NAVIGATION_TO_VERIFY,REGISTERED_NOT_EXECUTED,Use current page input/filter/list state; capture field names and origins at execution,None for read interaction,"{""role"": ""tab"", ""name"": ""Source Performance"", ""exact"": true}",0,fat-admin-page-initialization.json DOM snapshot,Requires explicit selector/action implementation before phase 3; no broad selector clicking
246,Operation Management,Operation Management,Daily Report,/operations/daily-reports,select,Channel Filter,VISIBLE,READ_FILTER_OR_FORM_INPUT,REGISTERED_NOT_EXECUTED,Use current page input/filter/list state; capture field names and origins at execution,None for read interaction,"{""locator"": "".ant-layout-content .ant-select"", ""visible_text"": ""Channel Filter""}",0,fat-admin-page-initialization.json DOM snapshot,Requires explicit selector/action implementation before phase 3; no broad selector clicking
247,Operation Management,Operation Management,Client Configuration,/operations/client-config,input,Please enter,INPUT,READ_FILTER_OR_FORM_INPUT,REGISTERED_NOT_EXECUTED,Use current page input/filter/list state; capture field names and origins at execution,None for read interaction,"{""locator"": ""input, textarea"", ""placeholder_or_name"": ""Please enter""}",0,fat-admin-page-initialization.json DOM snapshot,Requires explicit selector/action implementation before phase 3; no broad selector clicking
248,Operation Management,Operation Management,Client Configuration,/operations/client-config,input,Start Date,INPUT,READ_FILTER_OR_FORM_INPUT,REGISTERED_NOT_EXECUTED,Use current page input/filter/list state; capture field names and origins at execution,None for read interaction,"{""locator"": ""input, textarea"", ""placeholder_or_name"": ""Start Date""}",0,fat-admin-page-initialization.json DOM snapshot,Requires explicit selector/action implementation before phase 3; no broad selector clicking
249,Operation Management,Operation Management,Client Configuration,/operations/client-config,input,End Date,INPUT,READ_FILTER_OR_FORM_INPUT,REGISTERED_NOT_EXECUTED,Use current page input/filter/list state; capture field names and origins at execution,None for read interaction,"{""locator"": ""input, textarea"", ""placeholder_or_name"": ""End Date""}",0,fat-admin-page-initialization.json DOM snapshot,Requires explicit selector/action implementation before phase 3; no broad selector clicking
250,Operation Management,Operation Management,Client Configuration,/operations/client-config,input,Page Size,INPUT,READ_FILTER_OR_FORM_INPUT,REGISTERED_NOT_EXECUTED,Use current page input/filter/list state; capture field names and origins at execution,None for read interaction,"{""locator"": ""input, textarea"", ""placeholder_or_name"": ""Page Size""}",0,fat-admin-page-initialization.json DOM snapshot,Requires explicit selector/action implementation before phase 3; no broad selector clicking
251,Operation Management,Operation Management,Client Configuration,/operations/client-config,button,Reset,ENABLED,READ_INTERACTION,REGISTERED_NOT_EXECUTED,Use current page input/filter/list state; capture field names and origins at execution,None for read interaction,"{""role"": ""button"", ""name"": ""Reset"", ""exact"": true}",0,fat-admin-page-initialization.json DOM snapshot,Requires explicit selector/action implementation before phase 3; no broad selector clicking
252,Operation Management,Operation Management,Client Configuration,/operations/client-config,button,Query,ENABLED,READ_INTERACTION,REGISTERED_NOT_EXECUTED,Use current page input/filter/list state; capture field names and origins at execution,None for read interaction,"{""role"": ""button"", ""name"": ""Query"", ""exact"": true}",0,fat-admin-page-initialization.json DOM snapshot,Requires explicit selector/action implementation before phase 3; no broad selector clicking
253,Operation Management,Operation Management,Client Configuration,/operations/client-config,button,Add New,ENABLED,WRITE_REQUIRES_CURRENT_RUN_DATA,REGISTERED_NOT_EXECUTED,Use current page input/filter/list state; capture field names and origins at execution,Current-run-created or explicitly designated record only,"{""role"": ""button"", ""name"": ""Add New"", ""exact"": true}",0,fat-admin-page-initialization.json DOM snapshot,Requires explicit selector/action implementation before phase 3; no broad selector clicking
254,Operation Management,Operation Management,Client Configuration,/operations/client-config,button,"Online
Offline",ENABLED,WRITE_REQUIRES_CURRENT_RUN_DATA,REGISTERED_NOT_EXECUTED,Use current page input/filter/list state; capture field names and origins at execution,Current-run-created or explicitly designated record only,"{""role"": ""button"", ""name"": ""Online\nOffline"", ""exact"": true}",0,fat-admin-page-initialization.json DOM snapshot,Requires explicit selector/action implementation before phase 3; no broad selector clicking
255,Operation Management,Operation Management,Client Configuration,/operations/client-config,button,Edit,ENABLED,WRITE_REQUIRES_CURRENT_RUN_DATA,REGISTERED_NOT_EXECUTED,Use current page input/filter/list state; capture field names and origins at execution,Current-run-created or explicitly designated record only,"{""role"": ""button"", ""name"": ""Edit"", ""exact"": true}",0,fat-admin-page-initialization.json DOM snapshot,Requires explicit selector/action implementation before phase 3; no broad selector clicking
256,Operation Management,Operation Management,Client Configuration,/operations/client-config,tab,顶部banner,selected=,READ_NAVIGATION_TO_VERIFY,REGISTERED_NOT_EXECUTED,Use current page input/filter/list state; capture field names and origins at execution,None for read interaction,"{""role"": ""tab"", ""name"": ""顶部banner"", ""exact"": true}",0,fat-admin-page-initialization.json DOM snapshot,Requires explicit selector/action implementation before phase 3; no broad selector clicking
257,Operation Management,Operation Management,Client Configuration,/operations/client-config,tab,中间banner,selected=,READ_NAVIGATION_TO_VERIFY,REGISTERED_NOT_EXECUTED,Use current page input/filter/list state; capture field names and origins at execution,None for read interaction,"{""role"": ""tab"", ""name"": ""中间banner"", ""exact"": true}",0,fat-admin-page-initialization.json DOM snapshot,Requires explicit selector/action implementation before phase 3; no broad selector clicking
258,Operation Management,Operation Management,Client Configuration,/operations/client-config,tab,加载页banner,selected=,READ_NAVIGATION_TO_VERIFY,REGISTERED_NOT_EXECUTED,Use current page input/filter/list state; capture field names and origins at execution,None for read interaction,"{""role"": ""tab"", ""name"": ""加载页banner"", ""exact"": true}",0,fat-admin-page-initialization.json DOM snapshot,Requires explicit selector/action implementation before phase 3; no broad selector clicking
259,Operation Management,Operation Management,Client Configuration,/operations/client-config,tab,站点logo,selected=,READ_NAVIGATION_TO_VERIFY,REGISTERED_NOT_EXECUTED,Use current page input/filter/list state; capture field names and origins at execution,None for read interaction,"{""role"": ""tab"", ""name"": ""站点logo"", ""exact"": true}",0,fat-admin-page-initialization.json DOM snapshot,Requires explicit selector/action implementation before phase 3; no broad selector clicking
260,Operation Management,Operation Management,Client Configuration,/operations/client-config,tab,首页弹窗,selected=,READ_NAVIGATION_TO_VERIFY,REGISTERED_NOT_EXECUTED,Use current page input/filter/list state; capture field names and origins at execution,None for read interaction,"{""role"": ""tab"", ""name"": ""首页弹窗"", ""exact"": true}",0,fat-admin-page-initialization.json DOM snapshot,Requires explicit selector/action implementation before phase 3; no broad selector clicking
261,Operation Management,Operation Management,Client Configuration,/operations/client-config,tab,自媒体号,selected=,READ_NAVIGATION_TO_VERIFY,REGISTERED_NOT_EXECUTED,Use current page input/filter/list state; capture field names and origins at execution,None for read interaction,"{""role"": ""tab"", ""name"": ""自媒体号"", ""exact"": true}",0,fat-admin-page-initialization.json DOM snapshot,Requires explicit selector/action implementation before phase 3; no broad selector clicking
262,Operation Management,Operation Management,Client Configuration,/operations/client-config,tab,底部公示,selected=,READ_NAVIGATION_TO_VERIFY,REGISTERED_NOT_EXECUTED,Use current page input/filter/list state; capture field names and origins at execution,None for read interaction,"{""role"": ""tab"", ""name"": ""底部公示"", ""exact"": true}",0,fat-admin-page-initialization.json DOM snapshot,Requires explicit selector/action implementation before phase 3; no broad selector clicking
263,Operation Management,Operation Management,Client Configuration,/operations/client-config,tab,版本号管理,selected=,READ_NAVIGATION_TO_VERIFY,REGISTERED_NOT_EXECUTED,Use current page input/filter/list state; capture field names and origins at execution,None for read interaction,"{""role"": ""tab"", ""name"": ""版本号管理"", ""exact"": true}",0,fat-admin-page-initialization.json DOM snapshot,Requires explicit selector/action implementation before phase 3; no broad selector clicking
264,Operation Management,Operation Management,Client Configuration,/operations/client-config,tab,pagor声明,selected=,READ_NAVIGATION_TO_VERIFY,REGISTERED_NOT_EXECUTED,Use current page input/filter/list state; capture field names and origins at execution,None for read interaction,"{""role"": ""tab"", ""name"": ""pagor声明"", ""exact"": true}",0,fat-admin-page-initialization.json DOM snapshot,Requires explicit selector/action implementation before phase 3; no broad selector clicking
265,Operation Management,Operation Management,Client Configuration,/operations/client-config,tab,Terms of Services,selected=,READ_NAVIGATION_TO_VERIFY,REGISTERED_NOT_EXECUTED,Use current page input/filter/list state; capture field names and origins at execution,None for read interaction,"{""role"": ""tab"", ""name"": ""Terms of Services"", ""exact"": true}",0,fat-admin-page-initialization.json DOM snapshot,Requires explicit selector/action implementation before phase 3; no broad selector clicking
266,Operation Management,Operation Management,Client Configuration,/operations/client-config,tab,Privacy Policy,selected=,READ_NAVIGATION_TO_VERIFY,REGISTERED_NOT_EXECUTED,Use current page input/filter/list state; capture field names and origins at execution,None for read interaction,"{""role"": ""tab"", ""name"": ""Privacy Policy"", ""exact"": true}",0,fat-admin-page-initialization.json DOM snapshot,Requires explicit selector/action implementation before phase 3; no broad selector clicking
267,Operation Management,Operation Management,Client Configuration,/operations/client-config,tab,FAQ,selected=,READ_NAVIGATION_TO_VERIFY,REGISTERED_NOT_EXECUTED,Use current page input/filter/list state; capture field names and origins at execution,None for read interaction,"{""role"": ""tab"", ""name"": ""FAQ"", ""exact"": true}",0,fat-admin-page-initialization.json DOM snapshot,Requires explicit selector/action implementation before phase 3; no broad selector clicking
268,Operation Management,Operation Management,Client Configuration,/operations/client-config,tab,VIP,selected=,READ_NAVIGATION_TO_VERIFY,REGISTERED_NOT_EXECUTED,Use current page input/filter/list state; capture field names and origins at execution,None for read interaction,"{""role"": ""tab"", ""name"": ""VIP"", ""exact"": true}",0,fat-admin-page-initialization.json DOM snapshot,Requires explicit selector/action implementation before phase 3; no broad selector clicking
269,Operation Management,Operation Management,Client Configuration,/operations/client-config,tab,rewards(welfare),selected=,READ_NAVIGATION_TO_VERIFY,REGISTERED_NOT_EXECUTED,Use current page input/filter/list state; capture field names and origins at execution,None for read interaction,"{""role"": ""tab"", ""name"": ""rewards(welfare)"", ""exact"": true}",0,fat-admin-page-initialization.json DOM snapshot,Requires explicit selector/action implementation before phase 3; no broad selector clicking
270,Operation Management,Operation Management,Client Configuration,/operations/client-config,tab,充值倍率设置,selected=,READ_NAVIGATION_TO_VERIFY,REGISTERED_NOT_EXECUTED,Use current page input/filter/list state; capture field names and origins at execution,None for read interaction,"{""role"": ""tab"", ""name"": ""充值倍率设置"", ""exact"": true}",0,fat-admin-page-initialization.json DOM snapshot,Requires explicit selector/action implementation before phase 3; no broad selector clicking
271,Operation Management,Operation Management,Client Configuration,/operations/client-config,tab,登录素材,selected=,READ_NAVIGATION_TO_VERIFY,REGISTERED_NOT_EXECUTED,Use current page input/filter/list state; capture field names and origins at execution,None for read interaction,"{""role"": ""tab"", ""name"": ""登录素材"", ""exact"": true}",0,fat-admin-page-initialization.json DOM snapshot,Requires explicit selector/action implementation before phase 3; no broad selector clicking
272,Operation Management,Operation Management,Client Configuration,/operations/client-config,tab,三方登录开关,selected=,READ_NAVIGATION_TO_VERIFY,REGISTERED_NOT_EXECUTED,Use current page input/filter/list state; capture field names and origins at execution,None for read interaction,"{""role"": ""tab"", ""name"": ""三方登录开关"", ""exact"": true}",0,fat-admin-page-initialization.json DOM snapshot,Requires explicit selector/action implementation before phase 3; no broad selector clicking
273,Operation Management,Operation Management,Client Configuration,/operations/client-config,tab,Compliance Switch,selected=,READ_NAVIGATION_TO_VERIFY,REGISTERED_NOT_EXECUTED,Use current page input/filter/list state; capture field names and origins at execution,None for read interaction,"{""role"": ""tab"", ""name"": ""Compliance Switch"", ""exact"": true}",0,fat-admin-page-initialization.json DOM snapshot,Requires explicit selector/action implementation before phase 3; no broad selector clicking
274,Operation Management,Operation Management,Client Configuration,/operations/client-config,tab,Shop Client,selected=,READ_NAVIGATION_TO_VERIFY,REGISTERED_NOT_EXECUTED,Use current page input/filter/list state; capture field names and origins at execution,None for read interaction,"{""role"": ""tab"", ""name"": ""Shop Client"", ""exact"": true}",0,fat-admin-page-initialization.json DOM snapshot,Requires explicit selector/action implementation before phase 3; no broad selector clicking
275,Operation Management,Operation Management,Client Configuration,/operations/client-config,tab,h5/app Flibet,selected=,READ_NAVIGATION_TO_VERIFY,REGISTERED_NOT_EXECUTED,Use current page input/filter/list state; capture field names and origins at execution,None for read interaction,"{""role"": ""tab"", ""name"": ""h5/app Flibet"", ""exact"": true}",0,fat-admin-page-initialization.json DOM snapshot,Requires explicit selector/action implementation before phase 3; no broad selector clicking
276,Operation Management,Operation Management,Client Configuration,/operations/client-config,tab,h5/app Fligame,selected=,READ_NAVIGATION_TO_VERIFY,REGISTERED_NOT_EXECUTED,Use current page input/filter/list state; capture field names and origins at execution,None for read interaction,"{""role"": ""tab"", ""name"": ""h5/app Fligame"", ""exact"": true}",0,fat-admin-page-initialization.json DOM snapshot,Requires explicit selector/action implementation before phase 3; no broad selector clicking
277,Operation Management,Operation Management,Client Configuration,/operations/client-config,tab,h5/app Filslots,selected=,READ_NAVIGATION_TO_VERIFY,REGISTERED_NOT_EXECUTED,Use current page input/filter/list state; capture field names and origins at execution,None for read interaction,"{""role"": ""tab"", ""name"": ""h5/app Filslots"", ""exact"": true}",0,fat-admin-page-initialization.json DOM snapshot,Requires explicit selector/action implementation before phase 3; no broad selector clicking
278,Operation Management,Operation Management,Client Configuration,/operations/client-config,tab,h5/app Filplay,selected=,READ_NAVIGATION_TO_VERIFY,REGISTERED_NOT_EXECUTED,Use current page input/filter/list state; capture field names and origins at execution,None for read interaction,"{""role"": ""tab"", ""name"": ""h5/app Filplay"", ""exact"": true}",0,fat-admin-page-initialization.json DOM snapshot,Requires explicit selector/action implementation before phase 3; no broad selector clicking
279,Operation Management,Operation Management,Client Configuration,/operations/client-config,tab,glife1,selected=,READ_NAVIGATION_TO_VERIFY,REGISTERED_NOT_EXECUTED,Use current page input/filter/list state; capture field names and origins at execution,None for read interaction,"{""role"": ""tab"", ""name"": ""glife1"", ""exact"": true}",0,fat-admin-page-initialization.json DOM snapshot,Requires explicit selector/action implementation before phase 3; no broad selector clicking
280,Operation Management,Operation Management,Client Configuration,/operations/client-config,tab,glife2,selected=,READ_NAVIGATION_TO_VERIFY,REGISTERED_NOT_EXECUTED,Use current page input/filter/list state; capture field names and origins at execution,None for read interaction,"{""role"": ""tab"", ""name"": ""glife2"", ""exact"": true}",0,fat-admin-page-initialization.json DOM snapshot,Requires explicit selector/action implementation before phase 3; no broad selector clicking
281,Operation Management,Operation Management,Client Configuration,/operations/client-config,tab,maya,selected=,READ_NAVIGATION_TO_VERIFY,REGISTERED_NOT_EXECUTED,Use current page input/filter/list state; capture field names and origins at execution,None for read interaction,"{""role"": ""tab"", ""name"": ""maya"", ""exact"": true}",0,fat-admin-page-initialization.json DOM snapshot,Requires explicit selector/action implementation before phase 3; no broad selector clicking
282,Operation Management,Operation Management,Client Configuration,/operations/client-config,tab,lazada,selected=,READ_NAVIGATION_TO_VERIFY,REGISTERED_NOT_EXECUTED,Use current page input/filter/list state; capture field names and origins at execution,None for read interaction,"{""role"": ""tab"", ""name"": ""lazada"", ""exact"": true}",0,fat-admin-page-initialization.json DOM snapshot,Requires explicit selector/action implementation before phase 3; no broad selector clicking
283,Operation Management,Operation Management,Client Configuration,/operations/client-config,select,Please select,VISIBLE,READ_FILTER_OR_FORM_INPUT,REGISTERED_NOT_EXECUTED,Use current page input/filter/list state; capture field names and origins at execution,None for read interaction,"{""locator"": "".ant-layout-content .ant-select"", ""visible_text"": ""Please select""}",0,fat-admin-page-initialization.json DOM snapshot,Requires explicit selector/action implementation before phase 3; no broad selector clicking
284,Operation Management,Operation Management,Client Configuration,/operations/client-config,select,Page Size,VISIBLE,READ_FILTER_OR_FORM_INPUT,REGISTERED_NOT_EXECUTED,Use current page input/filter/list state; capture field names and origins at execution,None for read interaction,"{""locator"": "".ant-layout-content .ant-select"", ""visible_text"": ""Page Size""}",0,fat-admin-page-initialization.json DOM snapshot,Requires explicit selector/action implementation before phase 3; no broad selector clicking
285,Operation Management,Operation Management,Material Management,/operations/material-management,input,Start Date,INPUT,READ_FILTER_OR_FORM_INPUT,REGISTERED_NOT_EXECUTED,Use current page input/filter/list state; capture field names and origins at execution,None for read interaction,"{""locator"": ""input, textarea"", ""placeholder_or_name"": ""Start Date""}",0,fat-admin-page-initialization.json DOM snapshot,Requires explicit selector/action implementation before phase 3; no broad selector clicking
286,Operation Management,Operation Management,Material Management,/operations/material-management,input,End Date,INPUT,READ_FILTER_OR_FORM_INPUT,REGISTERED_NOT_EXECUTED,Use current page input/filter/list state; capture field names and origins at execution,None for read interaction,"{""locator"": ""input, textarea"", ""placeholder_or_name"": ""End Date""}",0,fat-admin-page-initialization.json DOM snapshot,Requires explicit selector/action implementation before phase 3; no broad selector clicking
287,Operation Management,Operation Management,Material Management,/operations/material-management,input,Page Size,INPUT,READ_FILTER_OR_FORM_INPUT,REGISTERED_NOT_EXECUTED,Use current page input/filter/list state; capture field names and origins at execution,None for read interaction,"{""locator"": ""input, textarea"", ""placeholder_or_name"": ""Page Size""}",0,fat-admin-page-initialization.json DOM snapshot,Requires explicit selector/action implementation before phase 3; no broad selector clicking
288,Operation Management,Operation Management,Material Management,/operations/material-management,input,Page,INPUT,READ_FILTER_OR_FORM_INPUT,REGISTERED_NOT_EXECUTED,Use current page input/filter/list state; capture field names and origins at execution,None for read interaction,"{""locator"": ""input, textarea"", ""placeholder_or_name"": ""Page""}",0,fat-admin-page-initialization.json DOM snapshot,Requires explicit selector/action implementation before phase 3; no broad selector clicking
289,Operation Management,Operation Management,Material Management,/operations/material-management,button,Reset,ENABLED,READ_INTERACTION,REGISTERED_NOT_EXECUTED,Use current page input/filter/list state; capture field names and origins at execution,None for read interaction,"{""role"": ""button"", ""name"": ""Reset"", ""exact"": true}",0,fat-admin-page-initialization.json DOM snapshot,Requires explicit selector/action implementation before phase 3; no broad selector clicking
290,Operation Management,Operation Management,Material Management,/operations/material-management,button,Query,ENABLED,READ_INTERACTION,REGISTERED_NOT_EXECUTED,Use current page input/filter/list state; capture field names and origins at execution,None for read interaction,"{""role"": ""button"", ""name"": ""Query"", ""exact"": true}",0,fat-admin-page-initialization.json DOM snapshot,Requires explicit selector/action implementation before phase 3; no broad selector clicking
291,Operation Management,Operation Management,Material Management,/operations/material-management,button,Material Type Settings,ENABLED,READ_INTERACTION_REVIEWED,REGISTERED_NOT_EXECUTED,Use current page input/filter/list state; capture field names and origins at execution,None for read interaction,"{""role"": ""button"", ""name"": ""Material Type Settings"", ""exact"": true}",0,fat-admin-page-initialization.json DOM snapshot,Requires explicit selector/action implementation before phase 3; no broad selector clicking
292,Operation Management,Operation Management,Material Management,/operations/material-management,button,Add,ENABLED,WRITE_REQUIRES_CURRENT_RUN_DATA,REGISTERED_NOT_EXECUTED,Use current page input/filter/list state; capture field names and origins at execution,Current-run-created or explicitly designated record only,"{""role"": ""button"", ""name"": ""Add"", ""exact"": true}",0,fat-admin-page-initialization.json DOM snapshot,Requires explicit selector/action implementation before phase 3; no broad selector clicking
293,Operation Management,Operation Management,Material Management,/operations/material-management,button,Details,ENABLED,READ_INTERACTION,REGISTERED_NOT_EXECUTED,Use current page input/filter/list state; capture field names and origins at execution,None for read interaction,"{""role"": ""button"", ""name"": ""Details"", ""exact"": true}",0,fat-admin-page-initialization.json DOM snapshot,Requires explicit selector/action implementation before phase 3; no broad selector clicking
294,Operation Management,Operation Management,Material Management,/operations/material-management,button,Edit,ENABLED,WRITE_REQUIRES_CURRENT_RUN_DATA,REGISTERED_NOT_EXECUTED,Use current page input/filter/list state; capture field names and origins at execution,Current-run-created or explicitly designated record only,"{""role"": ""button"", ""name"": ""Edit"", ""exact"": true}",0,fat-admin-page-initialization.json DOM snapshot,Requires explicit selector/action implementation before phase 3; no broad selector clicking
295,Operation Management,Operation Management,Material Management,/operations/material-management,button,Delete,ENABLED,WRITE_REQUIRES_CURRENT_RUN_DATA,REGISTERED_NOT_EXECUTED,Use current page input/filter/list state; capture field names and origins at execution,Current-run-created or explicitly designated record only,"{""role"": ""button"", ""name"": ""Delete"", ""exact"": true}",0,fat-admin-page-initialization.json DOM snapshot,Requires explicit selector/action implementation before phase 3; no broad selector clicking
296,Operation Management,Operation Management,Material Management,/operations/material-management,select,Select Platform,VISIBLE,READ_FILTER_OR_FORM_INPUT,REGISTERED_NOT_EXECUTED,Use current page input/filter/list state; capture field names and origins at execution,None for read interaction,"{""locator"": "".ant-layout-content .ant-select"", ""visible_text"": ""Select Platform""}",0,fat-admin-page-initialization.json DOM snapshot,Requires explicit selector/action implementation before phase 3; no broad selector clicking
297,Operation Management,Operation Management,Material Management,/operations/material-management,select,Select Material Type,VISIBLE,READ_FILTER_OR_FORM_INPUT,REGISTERED_NOT_EXECUTED,Use current page input/filter/list state; capture field names and origins at execution,None for read interaction,"{""locator"": "".ant-layout-content .ant-select"", ""visible_text"": ""Select Material Type""}",0,fat-admin-page-initialization.json DOM snapshot,Requires explicit selector/action implementation before phase 3; no broad selector clicking
298,Operation Management,Operation Management,Material Management,/operations/material-management,select,Select Status,VISIBLE,READ_FILTER_OR_FORM_INPUT,REGISTERED_NOT_EXECUTED,Use current page input/filter/list state; capture field names and origins at execution,None for read interaction,"{""locator"": "".ant-layout-content .ant-select"", ""visible_text"": ""Select Status""}",0,fat-admin-page-initialization.json DOM snapshot,Requires explicit selector/action implementation before phase 3; no broad selector clicking
299,Operation Management,Operation Management,Material Management,/operations/material-management,select,Page Size,VISIBLE,READ_FILTER_OR_FORM_INPUT,REGISTERED_NOT_EXECUTED,Use current page input/filter/list state; capture field names and origins at execution,None for read interaction,"{""locator"": "".ant-layout-content .ant-select"", ""visible_text"": ""Page Size""}",0,fat-admin-page-initialization.json DOM snapshot,Requires explicit selector/action implementation before phase 3; no broad selector clicking
300,Operation Management,Operation Management,Material Management,/operations/material-management,pagination,2,VISIBLE,READ_NAVIGATION_TO_VERIFY,REGISTERED_NOT_EXECUTED,Use current page input/filter/list state; capture field names and origins at execution,None for read interaction,"{""locator"": "".ant-pagination a, .ant-pagination button"", ""accessible_name"": ""2""}",0,fat-admin-page-initialization.json DOM snapshot,Requires explicit selector/action implementation before phase 3; no broad selector clicking
301,Operation Management,Operation Management,Material Management,/operations/material-management,pagination,3,VISIBLE,READ_NAVIGATION_TO_VERIFY,REGISTERED_NOT_EXECUTED,Use current page input/filter/list state; capture field names and origins at execution,None for read interaction,"{""locator"": "".ant-pagination a, .ant-pagination button"", ""accessible_name"": ""3""}",0,fat-admin-page-initialization.json DOM snapshot,Requires explicit selector/action implementation before phase 3; no broad selector clicking
302,Operation Management,Operation Management,Material Management,/operations/material-management,pagination,4,VISIBLE,READ_NAVIGATION_TO_VERIFY,REGISTERED_NOT_EXECUTED,Use current page input/filter/list state; capture field names and origins at execution,None for read interaction,"{""locator"": "".ant-pagination a, .ant-pagination button"", ""accessible_name"": ""4""}",0,fat-admin-page-initialization.json DOM snapshot,Requires explicit selector/action implementation before phase 3; no broad selector clicking
303,Operation Management,Operation Management,Market Management,/operations/mall-management,input,Please enter,INPUT,READ_FILTER_OR_FORM_INPUT,REGISTERED_NOT_EXECUTED,Use current page input/filter/list state; capture field names and origins at execution,None for read interaction,"{""locator"": ""input, textarea"", ""placeholder_or_name"": ""Please enter""}",0,fat-admin-page-initialization.json DOM snapshot,Requires explicit selector/action implementation before phase 3; no broad selector clicking
304,Operation Management,Operation Management,Market Management,/operations/mall-management,input,"Supports batch query, 1–5000 characters, separated by commas",INPUT,READ_FILTER_OR_FORM_INPUT,REGISTERED_NOT_EXECUTED,Use current page input/filter/list state; capture field names and origins at execution,None for read interaction,"{""locator"": ""input, textarea"", ""placeholder_or_name"": ""Supports batch query, 1–5000 characters, separated by commas""}",0,fat-admin-page-initialization.json DOM snapshot,Requires explicit selector/action implementation before phase 3; no broad selector clicking
305,Operation Management,Operation Management,Market Management,/operations/mall-management,input,Start Date,INPUT,READ_FILTER_OR_FORM_INPUT,REGISTERED_NOT_EXECUTED,Use current page input/filter/list state; capture field names and origins at execution,None for read interaction,"{""locator"": ""input, textarea"", ""placeholder_or_name"": ""Start Date""}",0,fat-admin-page-initialization.json DOM snapshot,Requires explicit selector/action implementation before phase 3; no broad selector clicking
306,Operation Management,Operation Management,Market Management,/operations/mall-management,input,End Date,INPUT,READ_FILTER_OR_FORM_INPUT,REGISTERED_NOT_EXECUTED,Use current page input/filter/list state; capture field names and origins at execution,None for read interaction,"{""locator"": ""input, textarea"", ""placeholder_or_name"": ""End Date""}",0,fat-admin-page-initialization.json DOM snapshot,Requires explicit selector/action implementation before phase 3; no broad selector clicking
307,Operation Management,Operation Management,Market Management,/operations/mall-management,input,Page Size,INPUT,READ_FILTER_OR_FORM_INPUT,REGISTERED_NOT_EXECUTED,Use current page input/filter/list state; capture field names and origins at execution,None for read interaction,"{""locator"": ""input, textarea"", ""placeholder_or_name"": ""Page Size""}",0,fat-admin-page-initialization.json DOM snapshot,Requires explicit selector/action implementation before phase 3; no broad selector clicking
308,Operation Management,Operation Management,Market Management,/operations/mall-management,input,Page,INPUT,READ_FILTER_OR_FORM_INPUT,REGISTERED_NOT_EXECUTED,Use current page input/filter/list state; capture field names and origins at execution,None for read interaction,"{""locator"": ""input, textarea"", ""placeholder_or_name"": ""Page""}",0,fat-admin-page-initialization.json DOM snapshot,Requires explicit selector/action implementation before phase 3; no broad selector clicking
309,Operation Management,Operation Management,Market Management,/operations/mall-management,button,Reset,ENABLED,READ_INTERACTION,REGISTERED_NOT_EXECUTED,Use current page input/filter/list state; capture field names and origins at execution,None for read interaction,"{""role"": ""button"", ""name"": ""Reset"", ""exact"": true}",0,fat-admin-page-initialization.json DOM snapshot,Requires explicit selector/action implementation before phase 3; no broad selector clicking
310,Operation Management,Operation Management,Market Management,/operations/mall-management,button,Query,ENABLED,READ_INTERACTION,REGISTERED_NOT_EXECUTED,Use current page input/filter/list state; capture field names and origins at execution,None for read interaction,"{""role"": ""button"", ""name"": ""Query"", ""exact"": true}",0,fat-admin-page-initialization.json DOM snapshot,Requires explicit selector/action implementation before phase 3; no broad selector clicking
311,Operation Management,Operation Management,Market Management,/operations/mall-management,button,Add Product,ENABLED,WRITE_REQUIRES_CURRENT_RUN_DATA,REGISTERED_NOT_EXECUTED,Use current page input/filter/list state; capture field names and origins at execution,Current-run-created or explicitly designated record only,"{""role"": ""button"", ""name"": ""Add Product"", ""exact"": true}",0,fat-admin-page-initialization.json DOM snapshot,Requires explicit selector/action implementation before phase 3; no broad selector clicking
312,Operation Management,Operation Management,Market Management,/operations/mall-management,button,Export,ENABLED,READ_INTERACTION,REGISTERED_NOT_EXECUTED,Use current page input/filter/list state; capture field names and origins at execution,None for read interaction,"{""role"": ""button"", ""name"": ""Export"", ""exact"": true}",0,fat-admin-page-initialization.json DOM snapshot,Requires explicit selector/action implementation before phase 3; no broad selector clicking
313,Operation Management,Operation Management,Market Management,/operations/mall-management,button,Copy,ENABLED,READ_INTERACTION_REVIEWED,REGISTERED_NOT_EXECUTED,Use current page input/filter/list state; capture field names and origins at execution,None for read interaction,"{""role"": ""button"", ""name"": ""Copy"", ""exact"": true}",0,fat-admin-page-initialization.json DOM snapshot,Requires explicit selector/action implementation before phase 3; no broad selector clicking
314,Operation Management,Operation Management,Market Management,/operations/mall-management,button,View,ENABLED,READ_INTERACTION,REGISTERED_NOT_EXECUTED,Use current page input/filter/list state; capture field names and origins at execution,None for read interaction,"{""role"": ""button"", ""name"": ""View"", ""exact"": true}",0,fat-admin-page-initialization.json DOM snapshot,Requires explicit selector/action implementation before phase 3; no broad selector clicking
315,Operation Management,Operation Management,Market Management,/operations/mall-management,button,Edit,ENABLED,WRITE_REQUIRES_CURRENT_RUN_DATA,REGISTERED_NOT_EXECUTED,Use current page input/filter/list state; capture field names and origins at execution,Current-run-created or explicitly designated record only,"{""role"": ""button"", ""name"": ""Edit"", ""exact"": true}",0,fat-admin-page-initialization.json DOM snapshot,Requires explicit selector/action implementation before phase 3; no broad selector clicking
316,Operation Management,Operation Management,Market Management,/operations/mall-management,tab,Maeket Management,selected=,READ_NAVIGATION_TO_VERIFY,REGISTERED_NOT_EXECUTED,Use current page input/filter/list state; capture field names and origins at execution,None for read interaction,"{""role"": ""tab"", ""name"": ""Maeket Management"", ""exact"": true}",0,fat-admin-page-initialization.json DOM snapshot,Requires explicit selector/action implementation before phase 3; no broad selector clicking
317,Operation Management,Operation Management,Market Management,/operations/mall-management,tab,oken Transaction Summary,selected=,READ_NAVIGATION_TO_VERIFY,REGISTERED_NOT_EXECUTED,Use current page input/filter/list state; capture field names and origins at execution,None for read interaction,"{""role"": ""tab"", ""name"": ""oken Transaction Summary"", ""exact"": true}",0,fat-admin-page-initialization.json DOM snapshot,Requires explicit selector/action implementation before phase 3; no broad selector clicking
318,Operation Management,Operation Management,Market Management,/operations/mall-management,select,Please select,VISIBLE,READ_FILTER_OR_FORM_INPUT,REGISTERED_NOT_EXECUTED,Use current page input/filter/list state; capture field names and origins at execution,None for read interaction,"{""locator"": "".ant-layout-content .ant-select"", ""visible_text"": ""Please select""}",0,fat-admin-page-initialization.json DOM snapshot,Requires explicit selector/action implementation before phase 3; no broad selector clicking
319,Operation Management,Operation Management,Market Management,/operations/mall-management,select,Delivery Method,VISIBLE,READ_FILTER_OR_FORM_INPUT,REGISTERED_NOT_EXECUTED,Use current page input/filter/list state; capture field names and origins at execution,None for read interaction,"{""locator"": "".ant-layout-content .ant-select"", ""visible_text"": ""Delivery Method""}",0,fat-admin-page-initialization.json DOM snapshot,Requires explicit selector/action implementation before phase 3; no broad selector clicking
320,Operation Management,Operation Management,Market Management,/operations/mall-management,select,Page Size,VISIBLE,READ_FILTER_OR_FORM_INPUT,REGISTERED_NOT_EXECUTED,Use current page input/filter/list state; capture field names and origins at execution,None for read interaction,"{""locator"": "".ant-layout-content .ant-select"", ""visible_text"": ""Page Size""}",0,fat-admin-page-initialization.json DOM snapshot,Requires explicit selector/action implementation before phase 3; no broad selector clicking
321,Operation Management,Operation Management,Market Management,/operations/mall-management,pagination,2,VISIBLE,READ_NAVIGATION_TO_VERIFY,REGISTERED_NOT_EXECUTED,Use current page input/filter/list state; capture field names and origins at execution,None for read interaction,"{""locator"": "".ant-pagination a, .ant-pagination button"", ""accessible_name"": ""2""}",0,fat-admin-page-initialization.json DOM snapshot,Requires explicit selector/action implementation before phase 3; no broad selector clicking
322,Operation Management,Operation Management,Promotion List,/operations/activity-list,input,Please enter,INPUT,READ_FILTER_OR_FORM_INPUT,REGISTERED_NOT_EXECUTED,Use current page input/filter/list state; capture field names and origins at execution,None for read interaction,"{""locator"": ""input, textarea"", ""placeholder_or_name"": ""Please enter""}",0,fat-admin-page-initialization.json DOM snapshot,Requires explicit selector/action implementation before phase 3; no broad selector clicking
323,Operation Management,Operation Management,Promotion List,/operations/activity-list,input,Start Date,INPUT,READ_FILTER_OR_FORM_INPUT,REGISTERED_NOT_EXECUTED,Use current page input/filter/list state; capture field names and origins at execution,None for read interaction,"{""locator"": ""input, textarea"", ""placeholder_or_name"": ""Start Date""}",0,fat-admin-page-initialization.json DOM snapshot,Requires explicit selector/action implementation before phase 3; no broad selector clicking
324,Operation Management,Operation Management,Promotion List,/operations/activity-list,input,End Date,INPUT,READ_FILTER_OR_FORM_INPUT,REGISTERED_NOT_EXECUTED,Use current page input/filter/list state; capture field names and origins at execution,None for read interaction,"{""locator"": ""input, textarea"", ""placeholder_or_name"": ""End Date""}",0,fat-admin-page-initialization.json DOM snapshot,Requires explicit selector/action implementation before phase 3; no broad selector clicking
325,Operation Management,Operation Management,Promotion List,/operations/activity-list,input,Page Size,INPUT,READ_FILTER_OR_FORM_INPUT,REGISTERED_NOT_EXECUTED,Use current page input/filter/list state; capture field names and origins at execution,None for read interaction,"{""locator"": ""input, textarea"", ""placeholder_or_name"": ""Page Size""}",0,fat-admin-page-initialization.json DOM snapshot,Requires explicit selector/action implementation before phase 3; no broad selector clicking
326,Operation Management,Operation Management,Promotion List,/operations/activity-list,button,Reset,ENABLED,READ_INTERACTION,REGISTERED_NOT_EXECUTED,Use current page input/filter/list state; capture field names and origins at execution,None for read interaction,"{""role"": ""button"", ""name"": ""Reset"", ""exact"": true}",0,fat-admin-page-initialization.json DOM snapshot,Requires explicit selector/action implementation before phase 3; no broad selector clicking
327,Operation Management,Operation Management,Promotion List,/operations/activity-list,button,Query,ENABLED,READ_INTERACTION,REGISTERED_NOT_EXECUTED,Use current page input/filter/list state; capture field names and origins at execution,None for read interaction,"{""role"": ""button"", ""name"": ""Query"", ""exact"": true}",0,fat-admin-page-initialization.json DOM snapshot,Requires explicit selector/action implementation before phase 3; no broad selector clicking
328,Operation Management,Operation Management,Promotion List,/operations/activity-list,button,Export,ENABLED,READ_INTERACTION,REGISTERED_NOT_EXECUTED,Use current page input/filter/list state; capture field names and origins at execution,None for read interaction,"{""role"": ""button"", ""name"": ""Export"", ""exact"": true}",0,fat-admin-page-initialization.json DOM snapshot,Requires explicit selector/action implementation before phase 3; no broad selector clicking
329,Operation Management,Operation Management,Promotion List,/operations/activity-list,button,Copy,ENABLED,READ_INTERACTION_REVIEWED,REGISTERED_NOT_EXECUTED,Use current page input/filter/list state; capture field names and origins at execution,None for read interaction,"{""role"": ""button"", ""name"": ""Copy"", ""exact"": true}",0,fat-admin-page-initialization.json DOM snapshot,Requires explicit selector/action implementation before phase 3; no broad selector clicking
330,Operation Management,Operation Management,Promotion List,/operations/activity-list,button,View Report,ENABLED,READ_INTERACTION,REGISTERED_NOT_EXECUTED,Use current page input/filter/list state; capture field names and origins at execution,None for read interaction,"{""role"": ""button"", ""name"": ""View Report"", ""exact"": true}",0,fat-admin-page-initialization.json DOM snapshot,Requires explicit selector/action implementation before phase 3; no broad selector clicking
331,Operation Management,Operation Management,Promotion List,/operations/activity-list,button,Modify Configuration,ENABLED,READ_INTERACTION_REVIEWED,REGISTERED_NOT_EXECUTED,Use current page input/filter/list state; capture field names and origins at execution,None for read interaction,"{""role"": ""button"", ""name"": ""Modify Configuration"", ""exact"": true}",0,fat-admin-page-initialization.json DOM snapshot,Requires explicit selector/action implementation before phase 3; no broad selector clicking
332,Operation Management,Operation Management,Promotion List,/operations/activity-list,button,View Give Record,ENABLED,READ_INTERACTION,REGISTERED_NOT_EXECUTED,Use current page input/filter/list state; capture field names and origins at execution,None for read interaction,"{""role"": ""button"", ""name"": ""View Give Record"", ""exact"": true}",0,fat-admin-page-initialization.json DOM snapshot,Requires explicit selector/action implementation before phase 3; no broad selector clicking
333,Operation Management,Operation Management,Promotion List,/operations/activity-list,button,View Rotation Record,ENABLED,READ_INTERACTION,REGISTERED_NOT_EXECUTED,Use current page input/filter/list state; capture field names and origins at execution,None for read interaction,"{""role"": ""button"", ""name"": ""View Rotation Record"", ""exact"": true}",0,fat-admin-page-initialization.json DOM snapshot,Requires explicit selector/action implementation before phase 3; no broad selector clicking
334,Operation Management,Operation Management,Promotion List,/operations/activity-list,tab,Limited-Time Event (Active),selected=,READ_NAVIGATION_TO_VERIFY,REGISTERED_NOT_EXECUTED,Use current page input/filter/list state; capture field names and origins at execution,None for read interaction,"{""role"": ""tab"", ""name"": ""Limited-Time Event (Active)"", ""exact"": true}",0,fat-admin-page-initialization.json DOM snapshot,Requires explicit selector/action implementation before phase 3; no broad selector clicking
335,Operation Management,Operation Management,Promotion List,/operations/activity-list,tab,Limited-Time Event (Expired),selected=,READ_NAVIGATION_TO_VERIFY,REGISTERED_NOT_EXECUTED,Use current page input/filter/list state; capture field names and origins at execution,None for read interaction,"{""role"": ""tab"", ""name"": ""Limited-Time Event (Expired)"", ""exact"": true}",0,fat-admin-page-initialization.json DOM snapshot,Requires explicit selector/action implementation before phase 3; no broad selector clicking
336,Operation Management,Operation Management,Promotion List,/operations/activity-list,tab,VIP Task Center,selected=,READ_NAVIGATION_TO_VERIFY,REGISTERED_NOT_EXECUTED,Use current page input/filter/list state; capture field names and origins at execution,None for read interaction,"{""role"": ""tab"", ""name"": ""VIP Task Center"", ""exact"": true}",0,fat-admin-page-initialization.json DOM snapshot,Requires explicit selector/action implementation before phase 3; no broad selector clicking
337,Operation Management,Operation Management,Promotion List,/operations/activity-list,select,Please select operator,VISIBLE,READ_FILTER_OR_FORM_INPUT,REGISTERED_NOT_EXECUTED,Use current page input/filter/list state; capture field names and origins at execution,None for read interaction,"{""locator"": "".ant-layout-content .ant-select"", ""visible_text"": ""Please select operator""}",0,fat-admin-page-initialization.json DOM snapshot,Requires explicit selector/action implementation before phase 3; no broad selector clicking
338,Operation Management,Operation Management,Promotion List,/operations/activity-list,select,Please select,VISIBLE,READ_FILTER_OR_FORM_INPUT,REGISTERED_NOT_EXECUTED,Use current page input/filter/list state; capture field names and origins at execution,None for read interaction,"{""locator"": "".ant-layout-content .ant-select"", ""visible_text"": ""Please select""}",0,fat-admin-page-initialization.json DOM snapshot,Requires explicit selector/action implementation before phase 3; no broad selector clicking
339,Operation Management,Operation Management,Promotion List,/operations/activity-list,select,Page Size,VISIBLE,READ_FILTER_OR_FORM_INPUT,REGISTERED_NOT_EXECUTED,Use current page input/filter/list state; capture field names and origins at execution,None for read interaction,"{""locator"": "".ant-layout-content .ant-select"", ""visible_text"": ""Page Size""}",0,fat-admin-page-initialization.json DOM snapshot,Requires explicit selector/action implementation before phase 3; no broad selector clicking
340,Operation Management,Operation Management,Promotion Spend Audit,/operations/activity-expenditure-audit,input,"Supports batch query, 1–5000 characters, separated by commas",INPUT,READ_FILTER_OR_FORM_INPUT,REGISTERED_NOT_EXECUTED,Use current page input/filter/list state; capture field names and origins at execution,None for read interaction,"{""locator"": ""input, textarea"", ""placeholder_or_name"": ""Supports batch query, 1–5000 characters, separated by commas""}",0,fat-admin-page-initialization.json DOM snapshot,Requires explicit selector/action implementation before phase 3; no broad selector clicking
341,Operation Management,Operation Management,Promotion Spend Audit,/operations/activity-expenditure-audit,input,Start Date,INPUT,READ_FILTER_OR_FORM_INPUT,REGISTERED_NOT_EXECUTED,Use current page input/filter/list state; capture field names and origins at execution,None for read interaction,"{""locator"": ""input, textarea"", ""placeholder_or_name"": ""Start Date""}",0,fat-admin-page-initialization.json DOM snapshot,Requires explicit selector/action implementation before phase 3; no broad selector clicking
342,Operation Management,Operation Management,Promotion Spend Audit,/operations/activity-expenditure-audit,input,End Date,INPUT,READ_FILTER_OR_FORM_INPUT,REGISTERED_NOT_EXECUTED,Use current page input/filter/list state; capture field names and origins at execution,None for read interaction,"{""locator"": ""input, textarea"", ""placeholder_or_name"": ""End Date""}",0,fat-admin-page-initialization.json DOM snapshot,Requires explicit selector/action implementation before phase 3; no broad selector clicking
343,Operation Management,Operation Management,Promotion Spend Audit,/operations/activity-expenditure-audit,input,Minimum Amount,INPUT,READ_FILTER_OR_FORM_INPUT,REGISTERED_NOT_EXECUTED,Use current page input/filter/list state; capture field names and origins at execution,None for read interaction,"{""locator"": ""input, textarea"", ""placeholder_or_name"": ""Minimum Amount""}",0,fat-admin-page-initialization.json DOM snapshot,Requires explicit selector/action implementation before phase 3; no broad selector clicking
344,Operation Management,Operation Management,Promotion Spend Audit,/operations/activity-expenditure-audit,input,Maximum Amount,INPUT,READ_FILTER_OR_FORM_INPUT,REGISTERED_NOT_EXECUTED,Use current page input/filter/list state; capture field names and origins at execution,None for read interaction,"{""locator"": ""input, textarea"", ""placeholder_or_name"": ""Maximum Amount""}",0,fat-admin-page-initialization.json DOM snapshot,Requires explicit selector/action implementation before phase 3; no broad selector clicking
345,Operation Management,Operation Management,Promotion Spend Audit,/operations/activity-expenditure-audit,input,Custom selection,INPUT,READ_FILTER_OR_FORM_INPUT,REGISTERED_NOT_EXECUTED,Use current page input/filter/list state; capture field names and origins at execution,None for read interaction,"{""locator"": ""input, textarea"", ""placeholder_or_name"": ""Custom selection""}",0,fat-admin-page-initialization.json DOM snapshot,Requires explicit selector/action implementation before phase 3; no broad selector clicking
346,Operation Management,Operation Management,Promotion Spend Audit,/operations/activity-expenditure-audit,button,Reset,ENABLED,READ_INTERACTION,REGISTERED_NOT_EXECUTED,Use current page input/filter/list state; capture field names and origins at execution,None for read interaction,"{""role"": ""button"", ""name"": ""Reset"", ""exact"": true}",0,fat-admin-page-initialization.json DOM snapshot,Requires explicit selector/action implementation before phase 3; no broad selector clicking
347,Operation Management,Operation Management,Promotion Spend Audit,/operations/activity-expenditure-audit,button,Query,ENABLED,READ_INTERACTION,REGISTERED_NOT_EXECUTED,Use current page input/filter/list state; capture field names and origins at execution,None for read interaction,"{""role"": ""button"", ""name"": ""Query"", ""exact"": true}",0,fat-admin-page-initialization.json DOM snapshot,Requires explicit selector/action implementation before phase 3; no broad selector clicking
348,Operation Management,Operation Management,Promotion Spend Audit,/operations/activity-expenditure-audit,button,Manual Reissue,ENABLED,WRITE_REQUIRES_CURRENT_RUN_DATA,REGISTERED_NOT_EXECUTED,Use current page input/filter/list state; capture field names and origins at execution,Current-run-created or explicitly designated record only,"{""role"": ""button"", ""name"": ""Manual Reissue"", ""exact"": true}",0,fat-admin-page-initialization.json DOM snapshot,Requires explicit selector/action implementation before phase 3; no broad selector clicking
349,Operation Management,Operation Management,Promotion Spend Audit,/operations/activity-expenditure-audit,button,Export,ENABLED,READ_INTERACTION,REGISTERED_NOT_EXECUTED,Use current page input/filter/list state; capture field names and origins at execution,None for read interaction,"{""role"": ""button"", ""name"": ""Export"", ""exact"": true}",0,fat-admin-page-initialization.json DOM snapshot,Requires explicit selector/action implementation before phase 3; no broad selector clicking
350,Operation Management,Operation Management,Promotion Spend Audit,/operations/activity-expenditure-audit,tab,Approved Bonus,selected=,READ_NAVIGATION_TO_VERIFY,REGISTERED_NOT_EXECUTED,Use current page input/filter/list state; capture field names and origins at execution,None for read interaction,"{""role"": ""tab"", ""name"": ""Approved Bonus"", ""exact"": true}",0,fat-admin-page-initialization.json DOM snapshot,Requires explicit selector/action implementation before phase 3; no broad selector clicking
351,Operation Management,Operation Management,Ad Tracking/Buried Point,/operations/advertisement-tracking,input,Page Size,INPUT,READ_FILTER_OR_FORM_INPUT,REGISTERED_NOT_EXECUTED,Use current page input/filter/list state; capture field names and origins at execution,None for read interaction,"{""locator"": ""input, textarea"", ""placeholder_or_name"": ""Page Size""}",0,fat-admin-page-initialization.json DOM snapshot,Requires explicit selector/action implementation before phase 3; no broad selector clicking
352,Operation Management,Operation Management,Ad Tracking/Buried Point,/operations/advertisement-tracking,button,Add Ad,ENABLED,WRITE_REQUIRES_CURRENT_RUN_DATA,REGISTERED_NOT_EXECUTED,Use current page input/filter/list state; capture field names and origins at execution,Current-run-created or explicitly designated record only,"{""role"": ""button"", ""name"": ""Add Ad"", ""exact"": true}",0,fat-admin-page-initialization.json DOM snapshot,Requires explicit selector/action implementation before phase 3; no broad selector clicking
353,Operation Management,Operation Management,Ad Tracking/Buried Point,/operations/advertisement-tracking,button,Modify,ENABLED,READ_INTERACTION_REVIEWED,REGISTERED_NOT_EXECUTED,Use current page input/filter/list state; capture field names and origins at execution,None for read interaction,"{""role"": ""button"", ""name"": ""Modify"", ""exact"": true}",0,fat-admin-page-initialization.json DOM snapshot,Requires explicit selector/action implementation before phase 3; no broad selector clicking
354,Operation Management,Operation Management,Ad Tracking/Buried Point,/operations/advertisement-tracking,tab,Specific Tracking Point,selected=,READ_NAVIGATION_TO_VERIFY,REGISTERED_NOT_EXECUTED,Use current page input/filter/list state; capture field names and origins at execution,None for read interaction,"{""role"": ""tab"", ""name"": ""Specific Tracking Point"", ""exact"": true}",0,fat-admin-page-initialization.json DOM snapshot,Requires explicit selector/action implementation before phase 3; no broad selector clicking
355,Operation Management,Operation Management,Ad Tracking/Buried Point,/operations/advertisement-tracking,tab,Full-site Tracking,selected=,READ_NAVIGATION_TO_VERIFY,REGISTERED_NOT_EXECUTED,Use current page input/filter/list state; capture field names and origins at execution,None for read interaction,"{""role"": ""tab"", ""name"": ""Full-site Tracking"", ""exact"": true}",0,fat-admin-page-initialization.json DOM snapshot,Requires explicit selector/action implementation before phase 3; no broad selector clicking
356,Operation Management,Operation Management,Ad Tracking/Buried Point,/operations/advertisement-tracking,select,Page Size,VISIBLE,READ_FILTER_OR_FORM_INPUT,REGISTERED_NOT_EXECUTED,Use current page input/filter/list state; capture field names and origins at execution,None for read interaction,"{""locator"": "".ant-layout-content .ant-select"", ""visible_text"": ""Page Size""}",0,fat-admin-page-initialization.json DOM snapshot,Requires explicit selector/action implementation before phase 3; no broad selector clicking
357,Operation Management,Operation Management,Message Templates,/operations/message-templates,input,Please enter,INPUT,READ_FILTER_OR_FORM_INPUT,REGISTERED_NOT_EXECUTED,Use current page input/filter/list state; capture field names and origins at execution,None for read interaction,"{""locator"": ""input, textarea"", ""placeholder_or_name"": ""Please enter""}",0,fat-admin-page-initialization.json DOM snapshot,Requires explicit selector/action implementation before phase 3; no broad selector clicking
358,Operation Management,Operation Management,Message Templates,/operations/message-templates,input,Start Date,INPUT,READ_FILTER_OR_FORM_INPUT,REGISTERED_NOT_EXECUTED,Use current page input/filter/list state; capture field names and origins at execution,None for read interaction,"{""locator"": ""input, textarea"", ""placeholder_or_name"": ""Start Date""}",0,fat-admin-page-initialization.json DOM snapshot,Requires explicit selector/action implementation before phase 3; no broad selector clicking
359,Operation Management,Operation Management,Message Templates,/operations/message-templates,input,End Date,INPUT,READ_FILTER_OR_FORM_INPUT,REGISTERED_NOT_EXECUTED,Use current page input/filter/list state; capture field names and origins at execution,None for read interaction,"{""locator"": ""input, textarea"", ""placeholder_or_name"": ""End Date""}",0,fat-admin-page-initialization.json DOM snapshot,Requires explicit selector/action implementation before phase 3; no broad selector clicking
360,Operation Management,Operation Management,Message Templates,/operations/message-templates,input,Page Size,INPUT,READ_FILTER_OR_FORM_INPUT,REGISTERED_NOT_EXECUTED,Use current page input/filter/list state; capture field names and origins at execution,None for read interaction,"{""locator"": ""input, textarea"", ""placeholder_or_name"": ""Page Size""}",0,fat-admin-page-initialization.json DOM snapshot,Requires explicit selector/action implementation before phase 3; no broad selector clicking
361,Operation Management,Operation Management,Message Templates,/operations/message-templates,input,Page,INPUT,READ_FILTER_OR_FORM_INPUT,REGISTERED_NOT_EXECUTED,Use current page input/filter/list state; capture field names and origins at execution,None for read interaction,"{""locator"": ""input, textarea"", ""placeholder_or_name"": ""Page""}",0,fat-admin-page-initialization.json DOM snapshot,Requires explicit selector/action implementation before phase 3; no broad selector clicking
362,Operation Management,Operation Management,Message Templates,/operations/message-templates,button,Reset,ENABLED,READ_INTERACTION,REGISTERED_NOT_EXECUTED,Use current page input/filter/list state; capture field names and origins at execution,None for read interaction,"{""role"": ""button"", ""name"": ""Reset"", ""exact"": true}",0,fat-admin-page-initialization.json DOM snapshot,Requires explicit selector/action implementation before phase 3; no broad selector clicking
363,Operation Management,Operation Management,Message Templates,/operations/message-templates,button,Query,ENABLED,READ_INTERACTION,REGISTERED_NOT_EXECUTED,Use current page input/filter/list state; capture field names and origins at execution,None for read interaction,"{""role"": ""button"", ""name"": ""Query"", ""exact"": true}",0,fat-admin-page-initialization.json DOM snapshot,Requires explicit selector/action implementation before phase 3; no broad selector clicking
364,Operation Management,Operation Management,Message Templates,/operations/message-templates,button,Export,ENABLED,READ_INTERACTION,REGISTERED_NOT_EXECUTED,Use current page input/filter/list state; capture field names and origins at execution,None for read interaction,"{""role"": ""button"", ""name"": ""Export"", ""exact"": true}",0,fat-admin-page-initialization.json DOM snapshot,Requires explicit selector/action implementation before phase 3; no broad selector clicking
365,Operation Management,Operation Management,Message Templates,/operations/message-templates,button,Edit,ENABLED,WRITE_REQUIRES_CURRENT_RUN_DATA,REGISTERED_NOT_EXECUTED,Use current page input/filter/list state; capture field names and origins at execution,Current-run-created or explicitly designated record only,"{""role"": ""button"", ""name"": ""Edit"", ""exact"": true}",0,fat-admin-page-initialization.json DOM snapshot,Requires explicit selector/action implementation before phase 3; no broad selector clicking
366,Operation Management,Operation Management,Message Templates,/operations/message-templates,tab,System Message Template,selected=,READ_NAVIGATION_TO_VERIFY,REGISTERED_NOT_EXECUTED,Use current page input/filter/list state; capture field names and origins at execution,None for read interaction,"{""role"": ""tab"", ""name"": ""System Message Template"", ""exact"": true}",0,fat-admin-page-initialization.json DOM snapshot,Requires explicit selector/action implementation before phase 3; no broad selector clicking
367,Operation Management,Operation Management,Message Templates,/operations/message-templates,select,Operator,VISIBLE,READ_FILTER_OR_FORM_INPUT,REGISTERED_NOT_EXECUTED,Use current page input/filter/list state; capture field names and origins at execution,None for read interaction,"{""locator"": "".ant-layout-content .ant-select"", ""visible_text"": ""Operator""}",0,fat-admin-page-initialization.json DOM snapshot,Requires explicit selector/action implementation before phase 3; no broad selector clicking
368,Operation Management,Operation Management,Message Templates,/operations/message-templates,select,Page Size,VISIBLE,READ_FILTER_OR_FORM_INPUT,REGISTERED_NOT_EXECUTED,Use current page input/filter/list state; capture field names and origins at execution,None for read interaction,"{""locator"": "".ant-layout-content .ant-select"", ""visible_text"": ""Page Size""}",0,fat-admin-page-initialization.json DOM snapshot,Requires explicit selector/action implementation before phase 3; no broad selector clicking
369,Operation Management,Operation Management,Message Templates,/operations/message-templates,pagination,2,VISIBLE,READ_NAVIGATION_TO_VERIFY,REGISTERED_NOT_EXECUTED,Use current page input/filter/list state; capture field names and origins at execution,None for read interaction,"{""locator"": "".ant-pagination a, .ant-pagination button"", ""accessible_name"": ""2""}",0,fat-admin-page-initialization.json DOM snapshot,Requires explicit selector/action implementation before phase 3; no broad selector clicking
370,Operation Management,Operation Management,Member station message,/operations/in-site-message,input,"Supports batch query, 1–5000 characters, separated by commas",INPUT,READ_FILTER_OR_FORM_INPUT,REGISTERED_NOT_EXECUTED,Use current page input/filter/list state; capture field names and origins at execution,None for read interaction,"{""locator"": ""input, textarea"", ""placeholder_or_name"": ""Supports batch query, 1–5000 characters, separated by commas""}",0,fat-admin-page-initialization.json DOM snapshot,Requires explicit selector/action implementation before phase 3; no broad selector clicking
371,Operation Management,Operation Management,Member station message,/operations/in-site-message,input,Please Enter Trigger User,INPUT,READ_FILTER_OR_FORM_INPUT,REGISTERED_NOT_EXECUTED,Use current page input/filter/list state; capture field names and origins at execution,None for read interaction,"{""locator"": ""input, textarea"", ""placeholder_or_name"": ""Please Enter Trigger User""}",0,fat-admin-page-initialization.json DOM snapshot,Requires explicit selector/action implementation before phase 3; no broad selector clicking
372,Operation Management,Operation Management,Member station message,/operations/in-site-message,input,Start Date,INPUT,READ_FILTER_OR_FORM_INPUT,REGISTERED_NOT_EXECUTED,Use current page input/filter/list state; capture field names and origins at execution,None for read interaction,"{""locator"": ""input, textarea"", ""placeholder_or_name"": ""Start Date""}",0,fat-admin-page-initialization.json DOM snapshot,Requires explicit selector/action implementation before phase 3; no broad selector clicking
373,Operation Management,Operation Management,Member station message,/operations/in-site-message,input,End Date,INPUT,READ_FILTER_OR_FORM_INPUT,REGISTERED_NOT_EXECUTED,Use current page input/filter/list state; capture field names and origins at execution,None for read interaction,"{""locator"": ""input, textarea"", ""placeholder_or_name"": ""End Date""}",0,fat-admin-page-initialization.json DOM snapshot,Requires explicit selector/action implementation before phase 3; no broad selector clicking
374,Operation Management,Operation Management,Member station message,/operations/in-site-message,input,Page Size,INPUT,READ_FILTER_OR_FORM_INPUT,REGISTERED_NOT_EXECUTED,Use current page input/filter/list state; capture field names and origins at execution,None for read interaction,"{""locator"": ""input, textarea"", ""placeholder_or_name"": ""Page Size""}",0,fat-admin-page-initialization.json DOM snapshot,Requires explicit selector/action implementation before phase 3; no broad selector clicking
375,Operation Management,Operation Management,Member station message,/operations/in-site-message,input,Page,INPUT,READ_FILTER_OR_FORM_INPUT,REGISTERED_NOT_EXECUTED,Use current page input/filter/list state; capture field names and origins at execution,None for read interaction,"{""locator"": ""input, textarea"", ""placeholder_or_name"": ""Page""}",0,fat-admin-page-initialization.json DOM snapshot,Requires explicit selector/action implementation before phase 3; no broad selector clicking
376,Operation Management,Operation Management,Member station message,/operations/in-site-message,button,Reset,ENABLED,READ_INTERACTION,REGISTERED_NOT_EXECUTED,Use current page input/filter/list state; capture field names and origins at execution,None for read interaction,"{""role"": ""button"", ""name"": ""Reset"", ""exact"": true}",0,fat-admin-page-initialization.json DOM snapshot,Requires explicit selector/action implementation before phase 3; no broad selector clicking
377,Operation Management,Operation Management,Member station message,/operations/in-site-message,button,Query,ENABLED,READ_INTERACTION,REGISTERED_NOT_EXECUTED,Use current page input/filter/list state; capture field names and origins at execution,None for read interaction,"{""role"": ""button"", ""name"": ""Query"", ""exact"": true}",0,fat-admin-page-initialization.json DOM snapshot,Requires explicit selector/action implementation before phase 3; no broad selector clicking
378,Operation Management,Operation Management,Member station message,/operations/in-site-message,button,Batch Send,ENABLED,WRITE_REQUIRES_CURRENT_RUN_DATA,REGISTERED_NOT_EXECUTED,Use current page input/filter/list state; capture field names and origins at execution,Current-run-created or explicitly designated record only,"{""role"": ""button"", ""name"": ""Batch Send"", ""exact"": true}",0,fat-admin-page-initialization.json DOM snapshot,Requires explicit selector/action implementation before phase 3; no broad selector clicking
379,Operation Management,Operation Management,Member station message,/operations/in-site-message,button,Export,ENABLED,READ_INTERACTION,REGISTERED_NOT_EXECUTED,Use current page input/filter/list state; capture field names and origins at execution,None for read interaction,"{""role"": ""button"", ""name"": ""Export"", ""exact"": true}",0,fat-admin-page-initialization.json DOM snapshot,Requires explicit selector/action implementation before phase 3; no broad selector clicking
380,Operation Management,Operation Management,Member station message,/operations/in-site-message,button,Copy,ENABLED,READ_INTERACTION_REVIEWED,REGISTERED_NOT_EXECUTED,Use current page input/filter/list state; capture field names and origins at execution,None for read interaction,"{""role"": ""button"", ""name"": ""Copy"", ""exact"": true}",0,fat-admin-page-initialization.json DOM snapshot,Requires explicit selector/action implementation before phase 3; no broad selector clicking
381,Operation Management,Operation Management,Member station message,/operations/in-site-message,button,View,ENABLED,READ_INTERACTION,REGISTERED_NOT_EXECUTED,Use current page input/filter/list state; capture field names and origins at execution,None for read interaction,"{""role"": ""button"", ""name"": ""View"", ""exact"": true}",0,fat-admin-page-initialization.json DOM snapshot,Requires explicit selector/action implementation before phase 3; no broad selector clicking
382,Operation Management,Operation Management,Member station message,/operations/in-site-message,button,Cancel,ENABLED,WRITE_REQUIRES_CURRENT_RUN_DATA,REGISTERED_NOT_EXECUTED,Use current page input/filter/list state; capture field names and origins at execution,Current-run-created or explicitly designated record only,"{""role"": ""button"", ""name"": ""Cancel"", ""exact"": true}",0,fat-admin-page-initialization.json DOM snapshot,Requires explicit selector/action implementation before phase 3; no broad selector clicking
383,Operation Management,Operation Management,Member station message,/operations/in-site-message,tab,Batch Send Records,selected=,READ_NAVIGATION_TO_VERIFY,REGISTERED_NOT_EXECUTED,Use current page input/filter/list state; capture field names and origins at execution,None for read interaction,"{""role"": ""tab"", ""name"": ""Batch Send Records"", ""exact"": true}",0,fat-admin-page-initialization.json DOM snapshot,Requires explicit selector/action implementation before phase 3; no broad selector clicking
384,Operation Management,Operation Management,Member station message,/operations/in-site-message,tab,Single Send Record,selected=,READ_NAVIGATION_TO_VERIFY,REGISTERED_NOT_EXECUTED,Use current page input/filter/list state; capture field names and origins at execution,None for read interaction,"{""role"": ""tab"", ""name"": ""Single Send Record"", ""exact"": true}",0,fat-admin-page-initialization.json DOM snapshot,Requires explicit selector/action implementation before phase 3; no broad selector clicking
385,Operation Management,Operation Management,Member station message,/operations/in-site-message,select,Page Size,VISIBLE,READ_FILTER_OR_FORM_INPUT,REGISTERED_NOT_EXECUTED,Use current page input/filter/list state; capture field names and origins at execution,None for read interaction,"{""locator"": "".ant-layout-content .ant-select"", ""visible_text"": ""Page Size""}",0,fat-admin-page-initialization.json DOM snapshot,Requires explicit selector/action implementation before phase 3; no broad selector clicking
386,Operation Management,Operation Management,Member station message,/operations/in-site-message,pagination,2,VISIBLE,READ_NAVIGATION_TO_VERIFY,REGISTERED_NOT_EXECUTED,Use current page input/filter/list state; capture field names and origins at execution,None for read interaction,"{""locator"": "".ant-pagination a, .ant-pagination button"", ""accessible_name"": ""2""}",0,fat-admin-page-initialization.json DOM snapshot,Requires explicit selector/action implementation before phase 3; no broad selector clicking
387,Operation Management,Operation Management,Member station message,/operations/in-site-message,pagination,3,VISIBLE,READ_NAVIGATION_TO_VERIFY,REGISTERED_NOT_EXECUTED,Use current page input/filter/list state; capture field names and origins at execution,None for read interaction,"{""locator"": "".ant-pagination a, .ant-pagination button"", ""accessible_name"": ""3""}",0,fat-admin-page-initialization.json DOM snapshot,Requires explicit selector/action implementation before phase 3; no broad selector clicking
388,Operation Management,Operation Management,Member station message,/operations/in-site-message,pagination,4,VISIBLE,READ_NAVIGATION_TO_VERIFY,REGISTERED_NOT_EXECUTED,Use current page input/filter/list state; capture field names and origins at execution,None for read interaction,"{""locator"": "".ant-pagination a, .ant-pagination button"", ""accessible_name"": ""4""}",0,fat-admin-page-initialization.json DOM snapshot,Requires explicit selector/action implementation before phase 3; no broad selector clicking
389,Operation Management,Operation Management,Friend Invite,/operations/friend-invite,input,Please select,INPUT,READ_FILTER_OR_FORM_INPUT,REGISTERED_NOT_EXECUTED,Use current page input/filter/list state; capture field names and origins at execution,None for read interaction,"{""locator"": ""input, textarea"", ""placeholder_or_name"": ""Please select""}",0,fat-admin-page-initialization.json DOM snapshot,Requires explicit selector/action implementation before phase 3; no broad selector clicking
390,Operation Management,Operation Management,Friend Invite,/operations/friend-invite,input,Please enter,INPUT,READ_FILTER_OR_FORM_INPUT,REGISTERED_NOT_EXECUTED,Use current page input/filter/list state; capture field names and origins at execution,None for read interaction,"{""locator"": ""input, textarea"", ""placeholder_or_name"": ""Please enter""}",0,fat-admin-page-initialization.json DOM snapshot,Requires explicit selector/action implementation before phase 3; no broad selector clicking
391,Operation Management,Operation Management,Friend Invite,/operations/friend-invite,button,Diagrams,ENABLED,READ_INTERACTION_REVIEWED,REGISTERED_NOT_EXECUTED,Use current page input/filter/list state; capture field names and origins at execution,None for read interaction,"{""role"": ""button"", ""name"": ""Diagrams"", ""exact"": true}",0,fat-admin-page-initialization.json DOM snapshot,Requires explicit selector/action implementation before phase 3; no broad selector clicking
392,Operation Management,Operation Management,Friend Invite,/operations/friend-invite,button,Level Map,ENABLED,READ_INTERACTION_REVIEWED,REGISTERED_NOT_EXECUTED,Use current page input/filter/list state; capture field names and origins at execution,None for read interaction,"{""role"": ""button"", ""name"": ""Level Map"", ""exact"": true}",0,fat-admin-page-initialization.json DOM snapshot,Requires explicit selector/action implementation before phase 3; no broad selector clicking
393,Operation Management,Operation Management,Friend Invite,/operations/friend-invite,button,Settings,ENABLED,READ_INTERACTION_REVIEWED,REGISTERED_NOT_EXECUTED,Use current page input/filter/list state; capture field names and origins at execution,None for read interaction,"{""role"": ""button"", ""name"": ""Settings"", ""exact"": true}",0,fat-admin-page-initialization.json DOM snapshot,Requires explicit selector/action implementation before phase 3; no broad selector clicking
394,Operation Management,Operation Management,Friend Invite,/operations/friend-invite,button,Reset,ENABLED,READ_INTERACTION,REGISTERED_NOT_EXECUTED,Use current page input/filter/list state; capture field names and origins at execution,None for read interaction,"{""role"": ""button"", ""name"": ""Reset"", ""exact"": true}",0,fat-admin-page-initialization.json DOM snapshot,Requires explicit selector/action implementation before phase 3; no broad selector clicking
395,Operation Management,Operation Management,Friend Invite,/operations/friend-invite,button,Query,ENABLED,READ_INTERACTION,REGISTERED_NOT_EXECUTED,Use current page input/filter/list state; capture field names and origins at execution,None for read interaction,"{""role"": ""button"", ""name"": ""Query"", ""exact"": true}",0,fat-admin-page-initialization.json DOM snapshot,Requires explicit selector/action implementation before phase 3; no broad selector clicking
396,Operation Management,Operation Management,Friend Invite,/operations/friend-invite,button,Export,ENABLED,READ_INTERACTION,REGISTERED_NOT_EXECUTED,Use current page input/filter/list state; capture field names and origins at execution,None for read interaction,"{""role"": ""button"", ""name"": ""Export"", ""exact"": true}",0,fat-admin-page-initialization.json DOM snapshot,Requires explicit selector/action implementation before phase 3; no broad selector clicking
397,Operation Management,Operation Management,Friend Invite,/operations/friend-invite,tab,Basic Reward,selected=,READ_NAVIGATION_TO_VERIFY,REGISTERED_NOT_EXECUTED,Use current page input/filter/list state; capture field names and origins at execution,None for read interaction,"{""role"": ""tab"", ""name"": ""Basic Reward"", ""exact"": true}",0,fat-admin-page-initialization.json DOM snapshot,Requires explicit selector/action implementation before phase 3; no broad selector clicking
398,Operation Management,Operation Management,Friend Invite,/operations/friend-invite,tab,Milestone,selected=,READ_NAVIGATION_TO_VERIFY,REGISTERED_NOT_EXECUTED,Use current page input/filter/list state; capture field names and origins at execution,None for read interaction,"{""role"": ""tab"", ""name"": ""Milestone"", ""exact"": true}",0,fat-admin-page-initialization.json DOM snapshot,Requires explicit selector/action implementation before phase 3; no broad selector clicking
399,Operation Management,Operation Management,Friend Invite,/operations/friend-invite,tab,Commission,selected=,READ_NAVIGATION_TO_VERIFY,REGISTERED_NOT_EXECUTED,Use current page input/filter/list state; capture field names and origins at execution,None for read interaction,"{""role"": ""tab"", ""name"": ""Commission"", ""exact"": true}",0,fat-admin-page-initialization.json DOM snapshot,Requires explicit selector/action implementation before phase 3; no broad selector clicking
400,Operation Management,Operation Management,Jackpot Board,/operations/jackpot-board,input,Start Date,INPUT,READ_FILTER_OR_FORM_INPUT,REGISTERED_NOT_EXECUTED,Use current page input/filter/list state; capture field names and origins at execution,None for read interaction,"{""locator"": ""input, textarea"", ""placeholder_or_name"": ""Start Date""}",0,fat-admin-page-initialization.json DOM snapshot,Requires explicit selector/action implementation before phase 3; no broad selector clicking
401,Operation Management,Operation Management,Jackpot Board,/operations/jackpot-board,input,End Date,INPUT,READ_FILTER_OR_FORM_INPUT,REGISTERED_NOT_EXECUTED,Use current page input/filter/list state; capture field names and origins at execution,None for read interaction,"{""locator"": ""input, textarea"", ""placeholder_or_name"": ""End Date""}",0,fat-admin-page-initialization.json DOM snapshot,Requires explicit selector/action implementation before phase 3; no broad selector clicking
402,Operation Management,Operation Management,Jackpot Board,/operations/jackpot-board,input,Please enter,INPUT,READ_FILTER_OR_FORM_INPUT,REGISTERED_NOT_EXECUTED,Use current page input/filter/list state; capture field names and origins at execution,None for read interaction,"{""locator"": ""input, textarea"", ""placeholder_or_name"": ""Please enter""}",0,fat-admin-page-initialization.json DOM snapshot,Requires explicit selector/action implementation before phase 3; no broad selector clicking
403,Operation Management,Operation Management,Jackpot Board,/operations/jackpot-board,input,Min,INPUT,READ_FILTER_OR_FORM_INPUT,REGISTERED_NOT_EXECUTED,Use current page input/filter/list state; capture field names and origins at execution,None for read interaction,"{""locator"": ""input, textarea"", ""placeholder_or_name"": ""Min""}",0,fat-admin-page-initialization.json DOM snapshot,Requires explicit selector/action implementation before phase 3; no broad selector clicking
404,Operation Management,Operation Management,Jackpot Board,/operations/jackpot-board,input,Max,INPUT,READ_FILTER_OR_FORM_INPUT,REGISTERED_NOT_EXECUTED,Use current page input/filter/list state; capture field names and origins at execution,None for read interaction,"{""locator"": ""input, textarea"", ""placeholder_or_name"": ""Max""}",0,fat-admin-page-initialization.json DOM snapshot,Requires explicit selector/action implementation before phase 3; no broad selector clicking
405,Operation Management,Operation Management,Jackpot Board,/operations/jackpot-board,button,Reset,ENABLED,READ_INTERACTION,REGISTERED_NOT_EXECUTED,Use current page input/filter/list state; capture field names and origins at execution,None for read interaction,"{""role"": ""button"", ""name"": ""Reset"", ""exact"": true}",0,fat-admin-page-initialization.json DOM snapshot,Requires explicit selector/action implementation before phase 3; no broad selector clicking
406,Operation Management,Operation Management,Jackpot Board,/operations/jackpot-board,button,Query,ENABLED,READ_INTERACTION,REGISTERED_NOT_EXECUTED,Use current page input/filter/list state; capture field names and origins at execution,None for read interaction,"{""role"": ""button"", ""name"": ""Query"", ""exact"": true}",0,fat-admin-page-initialization.json DOM snapshot,Requires explicit selector/action implementation before phase 3; no broad selector clicking
407,Operation Management,Operation Management,Jackpot Board,/operations/jackpot-board,button,Settings,ENABLED,READ_INTERACTION_REVIEWED,REGISTERED_NOT_EXECUTED,Use current page input/filter/list state; capture field names and origins at execution,None for read interaction,"{""role"": ""button"", ""name"": ""Settings"", ""exact"": true}",0,fat-admin-page-initialization.json DOM snapshot,Requires explicit selector/action implementation before phase 3; no broad selector clicking
408,Operation Management,Operation Management,Jackpot Board,/operations/jackpot-board,button,Exclusion & Privacy List,ENABLED,READ_INTERACTION_REVIEWED,REGISTERED_NOT_EXECUTED,Use current page input/filter/list state; capture field names and origins at execution,None for read interaction,"{""role"": ""button"", ""name"": ""Exclusion & Privacy List"", ""exact"": true}",0,fat-admin-page-initialization.json DOM snapshot,Requires explicit selector/action implementation before phase 3; no broad selector clicking
409,Operation Management,Operation Management,Jackpot Board,/operations/jackpot-board,button,Export,ENABLED,READ_INTERACTION,REGISTERED_NOT_EXECUTED,Use current page input/filter/list state; capture field names and origins at execution,None for read interaction,"{""role"": ""button"", ""name"": ""Export"", ""exact"": true}",0,fat-admin-page-initialization.json DOM snapshot,Requires explicit selector/action implementation before phase 3; no broad selector clicking
410,Operation Management,Operation Management,Jackpot Board,/operations/jackpot-board,select,全部,VISIBLE,READ_FILTER_OR_FORM_INPUT,REGISTERED_NOT_EXECUTED,Use current page input/filter/list state; capture field names and origins at execution,None for read interaction,"{""locator"": "".ant-layout-content .ant-select"", ""visible_text"": ""全部""}",0,fat-admin-page-initialization.json DOM snapshot,Requires explicit selector/action implementation before phase 3; no broad selector clicking
411,Operation Management,Operation Management,Ops tools,/operations/ops-tools,input,Start date,INPUT,READ_FILTER_OR_FORM_INPUT,REGISTERED_NOT_EXECUTED,Use current page input/filter/list state; capture field names and origins at execution,None for read interaction,"{""locator"": ""input, textarea"", ""placeholder_or_name"": ""Start date""}",0,fat-admin-page-initialization.json DOM snapshot,Requires explicit selector/action implementation before phase 3; no broad selector clicking
412,Operation Management,Operation Management,Ops tools,/operations/ops-tools,input,End date,INPUT,READ_FILTER_OR_FORM_INPUT,REGISTERED_NOT_EXECUTED,Use current page input/filter/list state; capture field names and origins at execution,None for read interaction,"{""locator"": ""input, textarea"", ""placeholder_or_name"": ""End date""}",0,fat-admin-page-initialization.json DOM snapshot,Requires explicit selector/action implementation before phase 3; no broad selector clicking
413,Operation Management,Operation Management,Ops tools,/operations/ops-tools,input,Select date,INPUT,READ_FILTER_OR_FORM_INPUT,REGISTERED_NOT_EXECUTED,Use current page input/filter/list state; capture field names and origins at execution,None for read interaction,"{""locator"": ""input, textarea"", ""placeholder_or_name"": ""Select date""}",0,fat-admin-page-initialization.json DOM snapshot,Requires explicit selector/action implementation before phase 3; no broad selector clicking
414,Operation Management,Operation Management,Ops tools,/operations/ops-tools,button,Export,ENABLED,READ_INTERACTION,REGISTERED_NOT_EXECUTED,Use current page input/filter/list state; capture field names and origins at execution,None for read interaction,"{""role"": ""button"", ""name"": ""Export"", ""exact"": true}",0,fat-admin-page-initialization.json DOM snapshot,Requires explicit selector/action implementation before phase 3; no broad selector clicking
415,Operation Management,Operation Management,Marquee Management,/operations/marquee-management,input,Start Date,INPUT,READ_FILTER_OR_FORM_INPUT,REGISTERED_NOT_EXECUTED,Use current page input/filter/list state; capture field names and origins at execution,None for read interaction,"{""locator"": ""input, textarea"", ""placeholder_or_name"": ""Start Date""}",0,fat-admin-page-initialization.json DOM snapshot,Requires explicit selector/action implementation before phase 3; no broad selector clicking
416,Operation Management,Operation Management,Marquee Management,/operations/marquee-management,input,End Date,INPUT,READ_FILTER_OR_FORM_INPUT,REGISTERED_NOT_EXECUTED,Use current page input/filter/list state; capture field names and origins at execution,None for read interaction,"{""locator"": ""input, textarea"", ""placeholder_or_name"": ""End Date""}",0,fat-admin-page-initialization.json DOM snapshot,Requires explicit selector/action implementation before phase 3; no broad selector clicking
417,Operation Management,Operation Management,Marquee Management,/operations/marquee-management,button,Reset,ENABLED,READ_INTERACTION,REGISTERED_NOT_EXECUTED,Use current page input/filter/list state; capture field names and origins at execution,None for read interaction,"{""role"": ""button"", ""name"": ""Reset"", ""exact"": true}",0,fat-admin-page-initialization.json DOM snapshot,Requires explicit selector/action implementation before phase 3; no broad selector clicking
418,Operation Management,Operation Management,Marquee Management,/operations/marquee-management,button,Query,ENABLED,READ_INTERACTION,REGISTERED_NOT_EXECUTED,Use current page input/filter/list state; capture field names and origins at execution,None for read interaction,"{""role"": ""button"", ""name"": ""Query"", ""exact"": true}",0,fat-admin-page-initialization.json DOM snapshot,Requires explicit selector/action implementation before phase 3; no broad selector clicking
419,Operation Management,Operation Management,Marquee Management,/operations/marquee-management,button,Add Marquee,ENABLED,WRITE_REQUIRES_CURRENT_RUN_DATA,REGISTERED_NOT_EXECUTED,Use current page input/filter/list state; capture field names and origins at execution,Current-run-created or explicitly designated record only,"{""role"": ""button"", ""name"": ""Add Marquee"", ""exact"": true}",0,fat-admin-page-initialization.json DOM snapshot,Requires explicit selector/action implementation before phase 3; no broad selector clicking
420,Operation Management,Operation Management,Marquee Management,/operations/marquee-management,button,"Enabled
Disabled",ENABLED,WRITE_REQUIRES_CURRENT_RUN_DATA,REGISTERED_NOT_EXECUTED,Use current page input/filter/list state; capture field names and origins at execution,Current-run-created or explicitly designated record only,"{""role"": ""button"", ""name"": ""Enabled\nDisabled"", ""exact"": true}",0,fat-admin-page-initialization.json DOM snapshot,Requires explicit selector/action implementation before phase 3; no broad selector clicking
421,Operation Management,Operation Management,Marquee Management,/operations/marquee-management,button,Edit,ENABLED,WRITE_REQUIRES_CURRENT_RUN_DATA,REGISTERED_NOT_EXECUTED,Use current page input/filter/list state; capture field names and origins at execution,Current-run-created or explicitly designated record only,"{""role"": ""button"", ""name"": ""Edit"", ""exact"": true}",0,fat-admin-page-initialization.json DOM snapshot,Requires explicit selector/action implementation before phase 3; no broad selector clicking
422,Operation Management,Operation Management,Marquee Management,/operations/marquee-management,button,Delete,ENABLED,WRITE_REQUIRES_CURRENT_RUN_DATA,REGISTERED_NOT_EXECUTED,Use current page input/filter/list state; capture field names and origins at execution,Current-run-created or explicitly designated record only,"{""role"": ""button"", ""name"": ""Delete"", ""exact"": true}",0,fat-admin-page-initialization.json DOM snapshot,Requires explicit selector/action implementation before phase 3; no broad selector clicking
423,Operation Management,Operation Management,Marquee Management,/operations/marquee-management,select,Please select,VISIBLE,READ_FILTER_OR_FORM_INPUT,REGISTERED_NOT_EXECUTED,Use current page input/filter/list state; capture field names and origins at execution,None for read interaction,"{""locator"": "".ant-layout-content .ant-select"", ""visible_text"": ""Please select""}",0,fat-admin-page-initialization.json DOM snapshot,Requires explicit selector/action implementation before phase 3; no broad selector clicking
424,Operation Management,Operation Management,Home Sections Config,/operations/home-sections,button,Refresh,ENABLED,READ_INTERACTION,REGISTERED_NOT_EXECUTED,Use current page input/filter/list state; capture field names and origins at execution,None for read interaction,"{""role"": ""button"", ""name"": ""Refresh"", ""exact"": true}",0,fat-admin-page-initialization.json DOM snapshot,Requires explicit selector/action implementation before phase 3; no broad selector clicking
425,Operation Management,Operation Management,Home Sections Config,/operations/home-sections,button,Preview,ENABLED,READ_INTERACTION,REGISTERED_NOT_EXECUTED,Use current page input/filter/list state; capture field names and origins at execution,None for read interaction,"{""role"": ""button"", ""name"": ""Preview"", ""exact"": true}",0,fat-admin-page-initialization.json DOM snapshot,Requires explicit selector/action implementation before phase 3; no broad selector clicking
426,Operation Management,Operation Management,Home Sections Config,/operations/home-sections,button,Save draft,ENABLED,WRITE_REQUIRES_CURRENT_RUN_DATA,REGISTERED_NOT_EXECUTED,Use current page input/filter/list state; capture field names and origins at execution,Current-run-created or explicitly designated record only,"{""role"": ""button"", ""name"": ""Save draft"", ""exact"": true}",0,fat-admin-page-initialization.json DOM snapshot,Requires explicit selector/action implementation before phase 3; no broad selector clicking
427,Operation Management,Operation Management,Home Sections Config,/operations/home-sections,button,Publish,ENABLED,WRITE_REQUIRES_CURRENT_RUN_DATA,REGISTERED_NOT_EXECUTED,Use current page input/filter/list state; capture field names and origins at execution,Current-run-created or explicitly designated record only,"{""role"": ""button"", ""name"": ""Publish"", ""exact"": true}",0,fat-admin-page-initialization.json DOM snapshot,Requires explicit selector/action implementation before phase 3; no broad selector clicking
428,Operation Management,Operation Management,Home Sections Config,/operations/home-sections,button,"On
Off",ENABLED,WRITE_REQUIRES_CURRENT_RUN_DATA,REGISTERED_NOT_EXECUTED,Use current page input/filter/list state; capture field names and origins at execution,Current-run-created or explicitly designated record only,"{""role"": ""button"", ""name"": ""On\nOff"", ""exact"": true}",0,fat-admin-page-initialization.json DOM snapshot,Requires explicit selector/action implementation before phase 3; no broad selector clicking
429,Operation Management,Operation Management,Home Sections Config,/operations/home-sections,button,Edit,ENABLED,WRITE_REQUIRES_CURRENT_RUN_DATA,REGISTERED_NOT_EXECUTED,Use current page input/filter/list state; capture field names and origins at execution,Current-run-created or explicitly designated record only,"{""role"": ""button"", ""name"": ""Edit"", ""exact"": true}",0,fat-admin-page-initialization.json DOM snapshot,Requires explicit selector/action implementation before phase 3; no broad selector clicking
430,Operation Management,Operation Management,Home Sections Config,/operations/home-sections,button,Add custom section,ENABLED,WRITE_REQUIRES_CURRENT_RUN_DATA,REGISTERED_NOT_EXECUTED,Use current page input/filter/list state; capture field names and origins at execution,Current-run-created or explicitly designated record only,"{""role"": ""button"", ""name"": ""Add custom section"", ""exact"": true}",0,fat-admin-page-initialization.json DOM snapshot,Requires explicit selector/action implementation before phase 3; no broad selector clicking
431,Risk Management,Risk Management,Deposit/Withdrawal Approval,/risk-control/dw-audit,input,"Supports batch query, 1–5000 characters, separated by commas",INPUT,READ_FILTER_OR_FORM_INPUT,REGISTERED_NOT_EXECUTED,Use current page input/filter/list state; capture field names and origins at execution,None for read interaction,"{""locator"": ""input, textarea"", ""placeholder_or_name"": ""Supports batch query, 1–5000 characters, separated by commas""}",0,fat-admin-page-initialization.json DOM snapshot,Requires explicit selector/action implementation before phase 3; no broad selector clicking
432,Risk Management,Risk Management,Deposit/Withdrawal Approval,/risk-control/dw-audit,input,Please enter,INPUT,READ_FILTER_OR_FORM_INPUT,REGISTERED_NOT_EXECUTED,Use current page input/filter/list state; capture field names and origins at execution,None for read interaction,"{""locator"": ""input, textarea"", ""placeholder_or_name"": ""Please enter""}",0,fat-admin-page-initialization.json DOM snapshot,Requires explicit selector/action implementation before phase 3; no broad selector clicking
433,Risk Management,Risk Management,Deposit/Withdrawal Approval,/risk-control/dw-audit,input,Minimum Amount,INPUT,READ_FILTER_OR_FORM_INPUT,REGISTERED_NOT_EXECUTED,Use current page input/filter/list state; capture field names and origins at execution,None for read interaction,"{""locator"": ""input, textarea"", ""placeholder_or_name"": ""Minimum Amount""}",0,fat-admin-page-initialization.json DOM snapshot,Requires explicit selector/action implementation before phase 3; no broad selector clicking
434,Risk Management,Risk Management,Deposit/Withdrawal Approval,/risk-control/dw-audit,input,Maximum Amount,INPUT,READ_FILTER_OR_FORM_INPUT,REGISTERED_NOT_EXECUTED,Use current page input/filter/list state; capture field names and origins at execution,None for read interaction,"{""locator"": ""input, textarea"", ""placeholder_or_name"": ""Maximum Amount""}",0,fat-admin-page-initialization.json DOM snapshot,Requires explicit selector/action implementation before phase 3; no broad selector clicking
435,Risk Management,Risk Management,Deposit/Withdrawal Approval,/risk-control/dw-audit,input,Start Date,INPUT,READ_FILTER_OR_FORM_INPUT,REGISTERED_NOT_EXECUTED,Use current page input/filter/list state; capture field names and origins at execution,None for read interaction,"{""locator"": ""input, textarea"", ""placeholder_or_name"": ""Start Date""}",0,fat-admin-page-initialization.json DOM snapshot,Requires explicit selector/action implementation before phase 3; no broad selector clicking
436,Risk Management,Risk Management,Deposit/Withdrawal Approval,/risk-control/dw-audit,input,End Date,INPUT,READ_FILTER_OR_FORM_INPUT,REGISTERED_NOT_EXECUTED,Use current page input/filter/list state; capture field names and origins at execution,None for read interaction,"{""locator"": ""input, textarea"", ""placeholder_or_name"": ""End Date""}",0,fat-admin-page-initialization.json DOM snapshot,Requires explicit selector/action implementation before phase 3; no broad selector clicking
437,Risk Management,Risk Management,Deposit/Withdrawal Approval,/risk-control/dw-audit,input,Custom selection,INPUT,READ_FILTER_OR_FORM_INPUT,REGISTERED_NOT_EXECUTED,Use current page input/filter/list state; capture field names and origins at execution,None for read interaction,"{""locator"": ""input, textarea"", ""placeholder_or_name"": ""Custom selection""}",0,fat-admin-page-initialization.json DOM snapshot,Requires explicit selector/action implementation before phase 3; no broad selector clicking
438,Risk Management,Risk Management,Deposit/Withdrawal Approval,/risk-control/dw-audit,button,Reset,ENABLED,READ_INTERACTION,REGISTERED_NOT_EXECUTED,Use current page input/filter/list state; capture field names and origins at execution,None for read interaction,"{""role"": ""button"", ""name"": ""Reset"", ""exact"": true}",0,fat-admin-page-initialization.json DOM snapshot,Requires explicit selector/action implementation before phase 3; no broad selector clicking
439,Risk Management,Risk Management,Deposit/Withdrawal Approval,/risk-control/dw-audit,button,Query,ENABLED,READ_INTERACTION,REGISTERED_NOT_EXECUTED,Use current page input/filter/list state; capture field names and origins at execution,None for read interaction,"{""role"": ""button"", ""name"": ""Query"", ""exact"": true}",0,fat-admin-page-initialization.json DOM snapshot,Requires explicit selector/action implementation before phase 3; no broad selector clicking
440,Risk Management,Risk Management,Deposit/Withdrawal Approval,/risk-control/dw-audit,button,Manual Reissue,ENABLED,WRITE_REQUIRES_CURRENT_RUN_DATA,REGISTERED_NOT_EXECUTED,Use current page input/filter/list state; capture field names and origins at execution,Current-run-created or explicitly designated record only,"{""role"": ""button"", ""name"": ""Manual Reissue"", ""exact"": true}",0,fat-admin-page-initialization.json DOM snapshot,Requires explicit selector/action implementation before phase 3; no broad selector clicking
441,Risk Management,Risk Management,Deposit/Withdrawal Approval,/risk-control/dw-audit,button,Export to Excel,ENABLED,READ_INTERACTION,REGISTERED_NOT_EXECUTED,Use current page input/filter/list state; capture field names and origins at execution,None for read interaction,"{""role"": ""button"", ""name"": ""Export to Excel"", ""exact"": true}",0,fat-admin-page-initialization.json DOM snapshot,Requires explicit selector/action implementation before phase 3; no broad selector clicking
442,Risk Management,Risk Management,Deposit/Withdrawal Approval,/risk-control/dw-audit,tab,Withdrawal Order,selected=,READ_NAVIGATION_TO_VERIFY,REGISTERED_NOT_EXECUTED,Use current page input/filter/list state; capture field names and origins at execution,None for read interaction,"{""role"": ""tab"", ""name"": ""Withdrawal Order"", ""exact"": true}",0,fat-admin-page-initialization.json DOM snapshot,Requires explicit selector/action implementation before phase 3; no broad selector clicking
443,Risk Management,Risk Management,Deposit/Withdrawal Approval,/risk-control/dw-audit,tab,Deposit Order,selected=,READ_NAVIGATION_TO_VERIFY,REGISTERED_NOT_EXECUTED,Use current page input/filter/list state; capture field names and origins at execution,None for read interaction,"{""role"": ""tab"", ""name"": ""Deposit Order"", ""exact"": true}",0,fat-admin-page-initialization.json DOM snapshot,Requires explicit selector/action implementation before phase 3; no broad selector clicking
444,Risk Management,Risk Management,Deposit/Withdrawal Approval,/risk-control/dw-audit,select,Withdrawal Channel Name,VISIBLE,READ_FILTER_OR_FORM_INPUT,REGISTERED_NOT_EXECUTED,Use current page input/filter/list state; capture field names and origins at execution,None for read interaction,"{""locator"": "".ant-layout-content .ant-select"", ""visible_text"": ""Withdrawal Channel Name""}",0,fat-admin-page-initialization.json DOM snapshot,Requires explicit selector/action implementation before phase 3; no broad selector clicking
445,Risk Management,Risk Management,Fund Transfer Record,/risk-control/up-down-score,input,Please enter,INPUT,READ_FILTER_OR_FORM_INPUT,REGISTERED_NOT_EXECUTED,Use current page input/filter/list state; capture field names and origins at execution,None for read interaction,"{""locator"": ""input, textarea"", ""placeholder_or_name"": ""Please enter""}",0,fat-admin-page-initialization.json DOM snapshot,Requires explicit selector/action implementation before phase 3; no broad selector clicking
446,Risk Management,Risk Management,Fund Transfer Record,/risk-control/up-down-score,input,Minimum Amount,INPUT,READ_FILTER_OR_FORM_INPUT,REGISTERED_NOT_EXECUTED,Use current page input/filter/list state; capture field names and origins at execution,None for read interaction,"{""locator"": ""input, textarea"", ""placeholder_or_name"": ""Minimum Amount""}",0,fat-admin-page-initialization.json DOM snapshot,Requires explicit selector/action implementation before phase 3; no broad selector clicking
447,Risk Management,Risk Management,Fund Transfer Record,/risk-control/up-down-score,input,Maximum Amount,INPUT,READ_FILTER_OR_FORM_INPUT,REGISTERED_NOT_EXECUTED,Use current page input/filter/list state; capture field names and origins at execution,None for read interaction,"{""locator"": ""input, textarea"", ""placeholder_or_name"": ""Maximum Amount""}",0,fat-admin-page-initialization.json DOM snapshot,Requires explicit selector/action implementation before phase 3; no broad selector clicking
448,Risk Management,Risk Management,Fund Transfer Record,/risk-control/up-down-score,input,Start Date,INPUT,READ_FILTER_OR_FORM_INPUT,REGISTERED_NOT_EXECUTED,Use current page input/filter/list state; capture field names and origins at execution,None for read interaction,"{""locator"": ""input, textarea"", ""placeholder_or_name"": ""Start Date""}",0,fat-admin-page-initialization.json DOM snapshot,Requires explicit selector/action implementation before phase 3; no broad selector clicking
449,Risk Management,Risk Management,Fund Transfer Record,/risk-control/up-down-score,input,End Date,INPUT,READ_FILTER_OR_FORM_INPUT,REGISTERED_NOT_EXECUTED,Use current page input/filter/list state; capture field names and origins at execution,None for read interaction,"{""locator"": ""input, textarea"", ""placeholder_or_name"": ""End Date""}",0,fat-admin-page-initialization.json DOM snapshot,Requires explicit selector/action implementation before phase 3; no broad selector clicking
450,Risk Management,Risk Management,Fund Transfer Record,/risk-control/up-down-score,button,Reset,ENABLED,READ_INTERACTION,REGISTERED_NOT_EXECUTED,Use current page input/filter/list state; capture field names and origins at execution,None for read interaction,"{""role"": ""button"", ""name"": ""Reset"", ""exact"": true}",0,fat-admin-page-initialization.json DOM snapshot,Requires explicit selector/action implementation before phase 3; no broad selector clicking
451,Risk Management,Risk Management,Fund Transfer Record,/risk-control/up-down-score,button,Query,ENABLED,READ_INTERACTION,REGISTERED_NOT_EXECUTED,Use current page input/filter/list state; capture field names and origins at execution,None for read interaction,"{""role"": ""button"", ""name"": ""Query"", ""exact"": true}",0,fat-admin-page-initialization.json DOM snapshot,Requires explicit selector/action implementation before phase 3; no broad selector clicking
452,Risk Management,Risk Management,Fund Transfer Record,/risk-control/up-down-score,button,Batch Credit Top-up,ENABLED,WRITE_REQUIRES_CURRENT_RUN_DATA,REGISTERED_NOT_EXECUTED,Use current page input/filter/list state; capture field names and origins at execution,Current-run-created or explicitly designated record only,"{""role"": ""button"", ""name"": ""Batch Credit Top-up"", ""exact"": true}",0,fat-admin-page-initialization.json DOM snapshot,Requires explicit selector/action implementation before phase 3; no broad selector clicking
453,Risk Management,Risk Management,Fund Transfer Record,/risk-control/up-down-score,button,Export to Excel,ENABLED,READ_INTERACTION,REGISTERED_NOT_EXECUTED,Use current page input/filter/list state; capture field names and origins at execution,None for read interaction,"{""role"": ""button"", ""name"": ""Export to Excel"", ""exact"": true}",0,fat-admin-page-initialization.json DOM snapshot,Requires explicit selector/action implementation before phase 3; no broad selector clicking
454,Risk Management,Risk Management,Fund Transfer Record,/risk-control/up-down-score,tab,Credit Records,selected=,READ_NAVIGATION_TO_VERIFY,REGISTERED_NOT_EXECUTED,Use current page input/filter/list state; capture field names and origins at execution,None for read interaction,"{""role"": ""tab"", ""name"": ""Credit Records"", ""exact"": true}",0,fat-admin-page-initialization.json DOM snapshot,Requires explicit selector/action implementation before phase 3; no broad selector clicking
455,Risk Management,Risk Management,Fund Transfer Record,/risk-control/up-down-score,tab,Debit Records,selected=,READ_NAVIGATION_TO_VERIFY,REGISTERED_NOT_EXECUTED,Use current page input/filter/list state; capture field names and origins at execution,None for read interaction,"{""role"": ""tab"", ""name"": ""Debit Records"", ""exact"": true}",0,fat-admin-page-initialization.json DOM snapshot,Requires explicit selector/action implementation before phase 3; no broad selector clicking
456,Risk Management,Risk Management,Fund Transfer Record,/risk-control/up-down-score,select,Please select,VISIBLE,READ_FILTER_OR_FORM_INPUT,REGISTERED_NOT_EXECUTED,Use current page input/filter/list state; capture field names and origins at execution,None for read interaction,"{""locator"": "".ant-layout-content .ant-select"", ""visible_text"": ""Please select""}",0,fat-admin-page-initialization.json DOM snapshot,Requires explicit selector/action implementation before phase 3; no broad selector clicking
457,Risk Management,Risk Management,Temporary Restriction List,/risk-control/temporary-restriction-list,input,Enter keyword,INPUT,READ_FILTER_OR_FORM_INPUT,REGISTERED_NOT_EXECUTED,Use current page input/filter/list state; capture field names and origins at execution,None for read interaction,"{""locator"": ""input, textarea"", ""placeholder_or_name"": ""Enter keyword""}",0,fat-admin-page-initialization.json DOM snapshot,Requires explicit selector/action implementation before phase 3; no broad selector clicking
458,Risk Management,Risk Management,Temporary Restriction List,/risk-control/temporary-restriction-list,input,Start date,INPUT,READ_FILTER_OR_FORM_INPUT,REGISTERED_NOT_EXECUTED,Use current page input/filter/list state; capture field names and origins at execution,None for read interaction,"{""locator"": ""input, textarea"", ""placeholder_or_name"": ""Start date""}",0,fat-admin-page-initialization.json DOM snapshot,Requires explicit selector/action implementation before phase 3; no broad selector clicking
459,Risk Management,Risk Management,Temporary Restriction List,/risk-control/temporary-restriction-list,input,End date,INPUT,READ_FILTER_OR_FORM_INPUT,REGISTERED_NOT_EXECUTED,Use current page input/filter/list state; capture field names and origins at execution,None for read interaction,"{""locator"": ""input, textarea"", ""placeholder_or_name"": ""End date""}",0,fat-admin-page-initialization.json DOM snapshot,Requires explicit selector/action implementation before phase 3; no broad selector clicking
460,Risk Management,Risk Management,Temporary Restriction List,/risk-control/temporary-restriction-list,input,Page Size,INPUT,READ_FILTER_OR_FORM_INPUT,REGISTERED_NOT_EXECUTED,Use current page input/filter/list state; capture field names and origins at execution,None for read interaction,"{""locator"": ""input, textarea"", ""placeholder_or_name"": ""Page Size""}",0,fat-admin-page-initialization.json DOM snapshot,Requires explicit selector/action implementation before phase 3; no broad selector clicking
461,Risk Management,Risk Management,Temporary Restriction List,/risk-control/temporary-restriction-list,button,Search,ENABLED,READ_INTERACTION,REGISTERED_NOT_EXECUTED,Use current page input/filter/list state; capture field names and origins at execution,None for read interaction,"{""role"": ""button"", ""name"": ""Search"", ""exact"": true}",0,fat-admin-page-initialization.json DOM snapshot,Requires explicit selector/action implementation before phase 3; no broad selector clicking
462,Risk Management,Risk Management,Temporary Restriction List,/risk-control/temporary-restriction-list,button,Reset,ENABLED,READ_INTERACTION,REGISTERED_NOT_EXECUTED,Use current page input/filter/list state; capture field names and origins at execution,None for read interaction,"{""role"": ""button"", ""name"": ""Reset"", ""exact"": true}",0,fat-admin-page-initialization.json DOM snapshot,Requires explicit selector/action implementation before phase 3; no broad selector clicking
463,Risk Management,Risk Management,Temporary Restriction List,/risk-control/temporary-restriction-list,button,Temporary withdrawal limit,ENABLED,WRITE_REQUIRES_CURRENT_RUN_DATA,REGISTERED_NOT_EXECUTED,Use current page input/filter/list state; capture field names and origins at execution,Current-run-created or explicitly designated record only,"{""role"": ""button"", ""name"": ""Temporary withdrawal limit"", ""exact"": true}",0,fat-admin-page-initialization.json DOM snapshot,Requires explicit selector/action implementation before phase 3; no broad selector clicking
464,Risk Management,Risk Management,Temporary Restriction List,/risk-control/temporary-restriction-list,select,Mobile number,VISIBLE,READ_FILTER_OR_FORM_INPUT,REGISTERED_NOT_EXECUTED,Use current page input/filter/list state; capture field names and origins at execution,None for read interaction,"{""locator"": "".ant-layout-content .ant-select"", ""visible_text"": ""Mobile number""}",0,fat-admin-page-initialization.json DOM snapshot,Requires explicit selector/action implementation before phase 3; no broad selector clicking
465,Risk Management,Risk Management,Temporary Restriction List,/risk-control/temporary-restriction-list,select,Please select,VISIBLE,READ_FILTER_OR_FORM_INPUT,REGISTERED_NOT_EXECUTED,Use current page input/filter/list state; capture field names and origins at execution,None for read interaction,"{""locator"": "".ant-layout-content .ant-select"", ""visible_text"": ""Please select""}",0,fat-admin-page-initialization.json DOM snapshot,Requires explicit selector/action implementation before phase 3; no broad selector clicking
466,Risk Management,Risk Management,Temporary Restriction List,/risk-control/temporary-restriction-list,select,Page Size,VISIBLE,READ_FILTER_OR_FORM_INPUT,REGISTERED_NOT_EXECUTED,Use current page input/filter/list state; capture field names and origins at execution,None for read interaction,"{""locator"": "".ant-layout-content .ant-select"", ""visible_text"": ""Page Size""}",0,fat-admin-page-initialization.json DOM snapshot,Requires explicit selector/action implementation before phase 3; no broad selector clicking
467,Risk Management,Risk Management,Temporary Restriction List,/risk-control/temporary-restriction-list,pagination,2,VISIBLE,READ_NAVIGATION_TO_VERIFY,REGISTERED_NOT_EXECUTED,Use current page input/filter/list state; capture field names and origins at execution,None for read interaction,"{""locator"": "".ant-pagination a, .ant-pagination button"", ""accessible_name"": ""2""}",0,fat-admin-page-initialization.json DOM snapshot,Requires explicit selector/action implementation before phase 3; no broad selector clicking
468,Risk Management,Risk Management,Risk Logs,/risk-control/risk-logs,input,"Supports batch query, 1–5000 characters, separated by commas",INPUT,READ_FILTER_OR_FORM_INPUT,REGISTERED_NOT_EXECUTED,Use current page input/filter/list state; capture field names and origins at execution,None for read interaction,"{""locator"": ""input, textarea"", ""placeholder_or_name"": ""Supports batch query, 1–5000 characters, separated by commas""}",0,fat-admin-page-initialization.json DOM snapshot,Requires explicit selector/action implementation before phase 3; no broad selector clicking
469,Risk Management,Risk Management,Risk Logs,/risk-control/risk-logs,input,Start Date,INPUT,READ_FILTER_OR_FORM_INPUT,REGISTERED_NOT_EXECUTED,Use current page input/filter/list state; capture field names and origins at execution,None for read interaction,"{""locator"": ""input, textarea"", ""placeholder_or_name"": ""Start Date""}",0,fat-admin-page-initialization.json DOM snapshot,Requires explicit selector/action implementation before phase 3; no broad selector clicking
470,Risk Management,Risk Management,Risk Logs,/risk-control/risk-logs,input,End Date,INPUT,READ_FILTER_OR_FORM_INPUT,REGISTERED_NOT_EXECUTED,Use current page input/filter/list state; capture field names and origins at execution,None for read interaction,"{""locator"": ""input, textarea"", ""placeholder_or_name"": ""End Date""}",0,fat-admin-page-initialization.json DOM snapshot,Requires explicit selector/action implementation before phase 3; no broad selector clicking
471,Risk Management,Risk Management,Risk Logs,/risk-control/risk-logs,button,Reset,ENABLED,READ_INTERACTION,REGISTERED_NOT_EXECUTED,Use current page input/filter/list state; capture field names and origins at execution,None for read interaction,"{""role"": ""button"", ""name"": ""Reset"", ""exact"": true}",0,fat-admin-page-initialization.json DOM snapshot,Requires explicit selector/action implementation before phase 3; no broad selector clicking
472,Risk Management,Risk Management,Risk Logs,/risk-control/risk-logs,button,Query,ENABLED,READ_INTERACTION,REGISTERED_NOT_EXECUTED,Use current page input/filter/list state; capture field names and origins at execution,None for read interaction,"{""role"": ""button"", ""name"": ""Query"", ""exact"": true}",0,fat-admin-page-initialization.json DOM snapshot,Requires explicit selector/action implementation before phase 3; no broad selector clicking
473,Risk Management,Risk Management,Risk Logs,/risk-control/risk-logs,select,Please select,VISIBLE,READ_FILTER_OR_FORM_INPUT,REGISTERED_NOT_EXECUTED,Use current page input/filter/list state; capture field names and origins at execution,None for read interaction,"{""locator"": "".ant-layout-content .ant-select"", ""visible_text"": ""Please select""}",0,fat-admin-page-initialization.json DOM snapshot,Requires explicit selector/action implementation before phase 3; no broad selector clicking
474,Promo Marketing,Promo Marketing,Channel Management,/promo-marketing/channels,input,Please enter,INPUT,READ_FILTER_OR_FORM_INPUT,REGISTERED_NOT_EXECUTED,Use current page input/filter/list state; capture field names and origins at execution,None for read interaction,"{""locator"": ""input, textarea"", ""placeholder_or_name"": ""Please enter""}",0,fat-admin-page-initialization.json DOM snapshot,Requires explicit selector/action implementation before phase 3; no broad selector clicking
475,Promo Marketing,Promo Marketing,Channel Management,/promo-marketing/channels,input,checkbox,INPUT,READ_FILTER_OR_FORM_INPUT,REGISTERED_NOT_EXECUTED,Use current page input/filter/list state; capture field names and origins at execution,None for read interaction,"{""locator"": ""input, textarea"", ""placeholder_or_name"": ""checkbox""}",0,fat-admin-page-initialization.json DOM snapshot,Requires explicit selector/action implementation before phase 3; no broad selector clicking
476,Promo Marketing,Promo Marketing,Channel Management,/promo-marketing/channels,input,Start Time,INPUT,READ_FILTER_OR_FORM_INPUT,REGISTERED_NOT_EXECUTED,Use current page input/filter/list state; capture field names and origins at execution,None for read interaction,"{""locator"": ""input, textarea"", ""placeholder_or_name"": ""Start Time""}",0,fat-admin-page-initialization.json DOM snapshot,Requires explicit selector/action implementation before phase 3; no broad selector clicking
477,Promo Marketing,Promo Marketing,Channel Management,/promo-marketing/channels,input,End Time,INPUT,READ_FILTER_OR_FORM_INPUT,REGISTERED_NOT_EXECUTED,Use current page input/filter/list state; capture field names and origins at execution,None for read interaction,"{""locator"": ""input, textarea"", ""placeholder_or_name"": ""End Time""}",0,fat-admin-page-initialization.json DOM snapshot,Requires explicit selector/action implementation before phase 3; no broad selector clicking
478,Promo Marketing,Promo Marketing,Channel Management,/promo-marketing/channels,input,Select all,INPUT,READ_FILTER_OR_FORM_INPUT,REGISTERED_NOT_EXECUTED,Use current page input/filter/list state; capture field names and origins at execution,None for read interaction,"{""locator"": ""input, textarea"", ""placeholder_or_name"": ""Select all""}",0,fat-admin-page-initialization.json DOM snapshot,Requires explicit selector/action implementation before phase 3; no broad selector clicking
479,Promo Marketing,Promo Marketing,Channel Management,/promo-marketing/channels,input,Page Size,INPUT,READ_FILTER_OR_FORM_INPUT,REGISTERED_NOT_EXECUTED,Use current page input/filter/list state; capture field names and origins at execution,None for read interaction,"{""locator"": ""input, textarea"", ""placeholder_or_name"": ""Page Size""}",0,fat-admin-page-initialization.json DOM snapshot,Requires explicit selector/action implementation before phase 3; no broad selector clicking
480,Promo Marketing,Promo Marketing,Channel Management,/promo-marketing/channels,input,Page,INPUT,READ_FILTER_OR_FORM_INPUT,REGISTERED_NOT_EXECUTED,Use current page input/filter/list state; capture field names and origins at execution,None for read interaction,"{""locator"": ""input, textarea"", ""placeholder_or_name"": ""Page""}",0,fat-admin-page-initialization.json DOM snapshot,Requires explicit selector/action implementation before phase 3; no broad selector clicking
481,Promo Marketing,Promo Marketing,Channel Management,/promo-marketing/channels,button,Add,ENABLED,WRITE_REQUIRES_CURRENT_RUN_DATA,REGISTERED_NOT_EXECUTED,Use current page input/filter/list state; capture field names and origins at execution,Current-run-created or explicitly designated record only,"{""role"": ""button"", ""name"": ""Add"", ""exact"": true}",0,fat-admin-page-initialization.json DOM snapshot,Requires explicit selector/action implementation before phase 3; no broad selector clicking
482,Promo Marketing,Promo Marketing,Channel Management,/promo-marketing/channels,button,Edit,ENABLED,WRITE_REQUIRES_CURRENT_RUN_DATA,REGISTERED_NOT_EXECUTED,Use current page input/filter/list state; capture field names and origins at execution,Current-run-created or explicitly designated record only,"{""role"": ""button"", ""name"": ""Edit"", ""exact"": true}",0,fat-admin-page-initialization.json DOM snapshot,Requires explicit selector/action implementation before phase 3; no broad selector clicking
483,Promo Marketing,Promo Marketing,Channel Management,/promo-marketing/channels,button,Delete,ENABLED,WRITE_REQUIRES_CURRENT_RUN_DATA,REGISTERED_NOT_EXECUTED,Use current page input/filter/list state; capture field names and origins at execution,Current-run-created or explicitly designated record only,"{""role"": ""button"", ""name"": ""Delete"", ""exact"": true}",0,fat-admin-page-initialization.json DOM snapshot,Requires explicit selector/action implementation before phase 3; no broad selector clicking
484,Promo Marketing,Promo Marketing,Channel Management,/promo-marketing/channels,button,Reset,ENABLED,READ_INTERACTION,REGISTERED_NOT_EXECUTED,Use current page input/filter/list state; capture field names and origins at execution,None for read interaction,"{""role"": ""button"", ""name"": ""Reset"", ""exact"": true}",0,fat-admin-page-initialization.json DOM snapshot,Requires explicit selector/action implementation before phase 3; no broad selector clicking
485,Promo Marketing,Promo Marketing,Channel Management,/promo-marketing/channels,button,Query,ENABLED,READ_INTERACTION,REGISTERED_NOT_EXECUTED,Use current page input/filter/list state; capture field names and origins at execution,None for read interaction,"{""role"": ""button"", ""name"": ""Query"", ""exact"": true}",0,fat-admin-page-initialization.json DOM snapshot,Requires explicit selector/action implementation before phase 3; no broad selector clicking
486,Promo Marketing,Promo Marketing,Channel Management,/promo-marketing/channels,button,Export,ENABLED,READ_INTERACTION,REGISTERED_NOT_EXECUTED,Use current page input/filter/list state; capture field names and origins at execution,None for read interaction,"{""role"": ""button"", ""name"": ""Export"", ""exact"": true}",0,fat-admin-page-initialization.json DOM snapshot,Requires explicit selector/action implementation before phase 3; no broad selector clicking
487,Promo Marketing,Promo Marketing,Channel Management,/promo-marketing/channels,button,Add to Group,DISABLED,WRITE_REQUIRES_CURRENT_RUN_DATA,REGISTERED_NOT_EXECUTED,Use current page input/filter/list state; capture field names and origins at execution,Current-run-created or explicitly designated record only,"{""role"": ""button"", ""name"": ""Add to Group"", ""exact"": true}",0,fat-admin-page-initialization.json DOM snapshot,Requires explicit selector/action implementation before phase 3; no broad selector clicking
488,Promo Marketing,Promo Marketing,Channel Management,/promo-marketing/channels,button,Set Exchange Rate,ENABLED,WRITE_REQUIRES_CURRENT_RUN_DATA,REGISTERED_NOT_EXECUTED,Use current page input/filter/list state; capture field names and origins at execution,Current-run-created or explicitly designated record only,"{""role"": ""button"", ""name"": ""Set Exchange Rate"", ""exact"": true}",0,fat-admin-page-initialization.json DOM snapshot,Requires explicit selector/action implementation before phase 3; no broad selector clicking
489,Promo Marketing,Promo Marketing,Channel Management,/promo-marketing/channels,button,Copy,ENABLED,READ_INTERACTION_REVIEWED,REGISTERED_NOT_EXECUTED,Use current page input/filter/list state; capture field names and origins at execution,None for read interaction,"{""role"": ""button"", ""name"": ""Copy"", ""exact"": true}",0,fat-admin-page-initialization.json DOM snapshot,Requires explicit selector/action implementation before phase 3; no broad selector clicking
490,Promo Marketing,Promo Marketing,Channel Management,/promo-marketing/channels,select,Please select,VISIBLE,READ_FILTER_OR_FORM_INPUT,REGISTERED_NOT_EXECUTED,Use current page input/filter/list state; capture field names and origins at execution,None for read interaction,"{""locator"": "".ant-layout-content .ant-select"", ""visible_text"": ""Please select""}",0,fat-admin-page-initialization.json DOM snapshot,Requires explicit selector/action implementation before phase 3; no broad selector clicking
491,Promo Marketing,Promo Marketing,Channel Management,/promo-marketing/channels,select,Page Size,VISIBLE,READ_FILTER_OR_FORM_INPUT,REGISTERED_NOT_EXECUTED,Use current page input/filter/list state; capture field names and origins at execution,None for read interaction,"{""locator"": "".ant-layout-content .ant-select"", ""visible_text"": ""Page Size""}",0,fat-admin-page-initialization.json DOM snapshot,Requires explicit selector/action implementation before phase 3; no broad selector clicking
492,Promo Marketing,Promo Marketing,Channel Management,/promo-marketing/channels,pagination,2,VISIBLE,READ_NAVIGATION_TO_VERIFY,REGISTERED_NOT_EXECUTED,Use current page input/filter/list state; capture field names and origins at execution,None for read interaction,"{""locator"": "".ant-pagination a, .ant-pagination button"", ""accessible_name"": ""2""}",0,fat-admin-page-initialization.json DOM snapshot,Requires explicit selector/action implementation before phase 3; no broad selector clicking
493,Promo Marketing,Promo Marketing,Channel Management,/promo-marketing/channels,pagination,3,VISIBLE,READ_NAVIGATION_TO_VERIFY,REGISTERED_NOT_EXECUTED,Use current page input/filter/list state; capture field names and origins at execution,None for read interaction,"{""locator"": "".ant-pagination a, .ant-pagination button"", ""accessible_name"": ""3""}",0,fat-admin-page-initialization.json DOM snapshot,Requires explicit selector/action implementation before phase 3; no broad selector clicking
494,Promo Marketing,Promo Marketing,Promo Marketing Report,/promo-marketing/statistical-reports,input,Start Time,INPUT,READ_FILTER_OR_FORM_INPUT,REGISTERED_NOT_EXECUTED,Use current page input/filter/list state; capture field names and origins at execution,None for read interaction,"{""locator"": ""input, textarea"", ""placeholder_or_name"": ""Start Time""}",0,fat-admin-page-initialization.json DOM snapshot,Requires explicit selector/action implementation before phase 3; no broad selector clicking
495,Promo Marketing,Promo Marketing,Promo Marketing Report,/promo-marketing/statistical-reports,input,End Time,INPUT,READ_FILTER_OR_FORM_INPUT,REGISTERED_NOT_EXECUTED,Use current page input/filter/list state; capture field names and origins at execution,None for read interaction,"{""locator"": ""input, textarea"", ""placeholder_or_name"": ""End Time""}",0,fat-admin-page-initialization.json DOM snapshot,Requires explicit selector/action implementation before phase 3; no broad selector clicking
496,Promo Marketing,Promo Marketing,Promo Marketing Report,/promo-marketing/statistical-reports,button,Search,ENABLED,READ_INTERACTION,REGISTERED_NOT_EXECUTED,Use current page input/filter/list state; capture field names and origins at execution,None for read interaction,"{""role"": ""button"", ""name"": ""Search"", ""exact"": true}",0,fat-admin-page-initialization.json DOM snapshot,Requires explicit selector/action implementation before phase 3; no broad selector clicking
497,Promo Marketing,Promo Marketing,Promo Marketing Report,/promo-marketing/statistical-reports,button,Reset,ENABLED,READ_INTERACTION,REGISTERED_NOT_EXECUTED,Use current page input/filter/list state; capture field names and origins at execution,None for read interaction,"{""role"": ""button"", ""name"": ""Reset"", ""exact"": true}",0,fat-admin-page-initialization.json DOM snapshot,Requires explicit selector/action implementation before phase 3; no broad selector clicking
498,Promo Marketing,Promo Marketing,Promo Marketing Report,/promo-marketing/statistical-reports,select,"All
+ 0 ...",VISIBLE,READ_FILTER_OR_FORM_INPUT,REGISTERED_NOT_EXECUTED,Use current page input/filter/list state; capture field names and origins at execution,None for read interaction,"{""locator"": "".ant-layout-content .ant-select"", ""visible_text"": ""All\n+ 0 ...""}",0,fat-admin-page-initialization.json DOM snapshot,Requires explicit selector/action implementation before phase 3; no broad selector clicking
499,Promo Marketing,Promo Marketing,Promo Marketing Report,/promo-marketing/statistical-reports,select,Please Select,VISIBLE,READ_FILTER_OR_FORM_INPUT,REGISTERED_NOT_EXECUTED,Use current page input/filter/list state; capture field names and origins at execution,None for read interaction,"{""locator"": "".ant-layout-content .ant-select"", ""visible_text"": ""Please Select""}",0,fat-admin-page-initialization.json DOM snapshot,Requires explicit selector/action implementation before phase 3; no broad selector clicking
500,Promo Marketing,Promo Marketing,Promo Marketing Effect,/promo-marketing/effect-evaluation,input,开始时间,INPUT,READ_FILTER_OR_FORM_INPUT,REGISTERED_NOT_EXECUTED,Use current page input/filter/list state; capture field names and origins at execution,None for read interaction,"{""locator"": ""input, textarea"", ""placeholder_or_name"": ""开始时间""}",0,fat-admin-page-initialization.json DOM snapshot,Requires explicit selector/action implementation before phase 3; no broad selector clicking
501,Promo Marketing,Promo Marketing,Promo Marketing Effect,/promo-marketing/effect-evaluation,input,结束时间,INPUT,READ_FILTER_OR_FORM_INPUT,REGISTERED_NOT_EXECUTED,Use current page input/filter/list state; capture field names and origins at execution,None for read interaction,"{""locator"": ""input, textarea"", ""placeholder_or_name"": ""结束时间""}",0,fat-admin-page-initialization.json DOM snapshot,Requires explicit selector/action implementation before phase 3; no broad selector clicking
502,Promo Marketing,Promo Marketing,Promo Marketing Effect,/promo-marketing/effect-evaluation,button,搜索,ENABLED,READ_INTERACTION_REVIEWED,REGISTERED_NOT_EXECUTED,Use current page input/filter/list state; capture field names and origins at execution,None for read interaction,"{""role"": ""button"", ""name"": ""搜索"", ""exact"": true}",0,fat-admin-page-initialization.json DOM snapshot,Requires explicit selector/action implementation before phase 3; no broad selector clicking
503,Promo Marketing,Promo Marketing,Promo Marketing Effect,/promo-marketing/effect-evaluation,button,重 置,ENABLED,READ_INTERACTION_REVIEWED,REGISTERED_NOT_EXECUTED,Use current page input/filter/list state; capture field names and origins at execution,None for read interaction,"{""role"": ""button"", ""name"": ""重 置"", ""exact"": true}",0,fat-admin-page-initialization.json DOM snapshot,Requires explicit selector/action implementation before phase 3; no broad selector clicking
504,Promo Marketing,Promo Marketing,Promo Marketing Effect,/promo-marketing/effect-evaluation,select,全部,VISIBLE,READ_FILTER_OR_FORM_INPUT,REGISTERED_NOT_EXECUTED,Use current page input/filter/list state; capture field names and origins at execution,None for read interaction,"{""locator"": "".ant-layout-content .ant-select"", ""visible_text"": ""全部""}",0,fat-admin-page-initialization.json DOM snapshot,Requires explicit selector/action implementation before phase 3; no broad selector clicking
505,Promo Marketing,Promo Marketing,Promo Marketing Effect,/promo-marketing/effect-evaluation,select,请选择,VISIBLE,READ_FILTER_OR_FORM_INPUT,REGISTERED_NOT_EXECUTED,Use current page input/filter/list state; capture field names and origins at execution,None for read interaction,"{""locator"": "".ant-layout-content .ant-select"", ""visible_text"": ""请选择""}",0,fat-admin-page-initialization.json DOM snapshot,Requires explicit selector/action implementation before phase 3; no broad selector clicking
506,Promo Marketing,Promo Marketing,Register Daily Active,/promo-marketing/register-daily-active,input,开始时间,INPUT,READ_FILTER_OR_FORM_INPUT,REGISTERED_NOT_EXECUTED,Use current page input/filter/list state; capture field names and origins at execution,None for read interaction,"{""locator"": ""input, textarea"", ""placeholder_or_name"": ""开始时间""}",0,fat-admin-page-initialization.json DOM snapshot,Requires explicit selector/action implementation before phase 3; no broad selector clicking
507,Promo Marketing,Promo Marketing,Register Daily Active,/promo-marketing/register-daily-active,input,结束时间,INPUT,READ_FILTER_OR_FORM_INPUT,REGISTERED_NOT_EXECUTED,Use current page input/filter/list state; capture field names and origins at execution,None for read interaction,"{""locator"": ""input, textarea"", ""placeholder_or_name"": ""结束时间""}",0,fat-admin-page-initialization.json DOM snapshot,Requires explicit selector/action implementation before phase 3; no broad selector clicking
508,Promo Marketing,Promo Marketing,Register Daily Active,/promo-marketing/register-daily-active,button,搜索,ENABLED,READ_INTERACTION_REVIEWED,REGISTERED_NOT_EXECUTED,Use current page input/filter/list state; capture field names and origins at execution,None for read interaction,"{""role"": ""button"", ""name"": ""搜索"", ""exact"": true}",0,fat-admin-page-initialization.json DOM snapshot,Requires explicit selector/action implementation before phase 3; no broad selector clicking
509,Promo Marketing,Promo Marketing,Register Daily Active,/promo-marketing/register-daily-active,button,重 置,ENABLED,READ_INTERACTION_REVIEWED,REGISTERED_NOT_EXECUTED,Use current page input/filter/list state; capture field names and origins at execution,None for read interaction,"{""role"": ""button"", ""name"": ""重 置"", ""exact"": true}",0,fat-admin-page-initialization.json DOM snapshot,Requires explicit selector/action implementation before phase 3; no broad selector clicking
510,Promo Marketing,Promo Marketing,Register Daily Active,/promo-marketing/register-daily-active,select,全部,VISIBLE,READ_FILTER_OR_FORM_INPUT,REGISTERED_NOT_EXECUTED,Use current page input/filter/list state; capture field names and origins at execution,None for read interaction,"{""locator"": "".ant-layout-content .ant-select"", ""visible_text"": ""全部""}",0,fat-admin-page-initialization.json DOM snapshot,Requires explicit selector/action implementation before phase 3; no broad selector clicking
511,Promo Marketing,Promo Marketing,Register Daily Active,/promo-marketing/register-daily-active,select,请选择,VISIBLE,READ_FILTER_OR_FORM_INPUT,REGISTERED_NOT_EXECUTED,Use current page input/filter/list state; capture field names and origins at execution,None for read interaction,"{""locator"": "".ant-layout-content .ant-select"", ""visible_text"": ""请选择""}",0,fat-admin-page-initialization.json DOM snapshot,Requires explicit selector/action implementation before phase 3; no broad selector clicking
512,Promo Marketing,Promo Marketing,Register Daily Active,/promo-marketing/register-daily-active,select,充值,VISIBLE,READ_FILTER_OR_FORM_INPUT,REGISTERED_NOT_EXECUTED,Use current page input/filter/list state; capture field names and origins at execution,None for read interaction,"{""locator"": "".ant-layout-content .ant-select"", ""visible_text"": ""充值""}",0,fat-admin-page-initialization.json DOM snapshot,Requires explicit selector/action implementation before phase 3; no broad selector clicking
513,Promo Marketing,Promo Marketing,First Deposit Daily Active Analysis,/promo-marketing/first-deposit-daily-active,input,Start Time,INPUT,READ_FILTER_OR_FORM_INPUT,REGISTERED_NOT_EXECUTED,Use current page input/filter/list state; capture field names and origins at execution,None for read interaction,"{""locator"": ""input, textarea"", ""placeholder_or_name"": ""Start Time""}",0,fat-admin-page-initialization.json DOM snapshot,Requires explicit selector/action implementation before phase 3; no broad selector clicking
514,Promo Marketing,Promo Marketing,First Deposit Daily Active Analysis,/promo-marketing/first-deposit-daily-active,input,End Time,INPUT,READ_FILTER_OR_FORM_INPUT,REGISTERED_NOT_EXECUTED,Use current page input/filter/list state; capture field names and origins at execution,None for read interaction,"{""locator"": ""input, textarea"", ""placeholder_or_name"": ""End Time""}",0,fat-admin-page-initialization.json DOM snapshot,Requires explicit selector/action implementation before phase 3; no broad selector clicking
515,Promo Marketing,Promo Marketing,First Deposit Daily Active Analysis,/promo-marketing/first-deposit-daily-active,button,Search,ENABLED,READ_INTERACTION,REGISTERED_NOT_EXECUTED,Use current page input/filter/list state; capture field names and origins at execution,None for read interaction,"{""role"": ""button"", ""name"": ""Search"", ""exact"": true}",0,fat-admin-page-initialization.json DOM snapshot,Requires explicit selector/action implementation before phase 3; no broad selector clicking
516,Promo Marketing,Promo Marketing,First Deposit Daily Active Analysis,/promo-marketing/first-deposit-daily-active,button,Reset,ENABLED,READ_INTERACTION,REGISTERED_NOT_EXECUTED,Use current page input/filter/list state; capture field names and origins at execution,None for read interaction,"{""role"": ""button"", ""name"": ""Reset"", ""exact"": true}",0,fat-admin-page-initialization.json DOM snapshot,Requires explicit selector/action implementation before phase 3; no broad selector clicking
517,Promo Marketing,Promo Marketing,First Deposit Daily Active Analysis,/promo-marketing/first-deposit-daily-active,select,All,VISIBLE,READ_FILTER_OR_FORM_INPUT,REGISTERED_NOT_EXECUTED,Use current page input/filter/list state; capture field names and origins at execution,None for read interaction,"{""locator"": "".ant-layout-content .ant-select"", ""visible_text"": ""All""}",0,fat-admin-page-initialization.json DOM snapshot,Requires explicit selector/action implementation before phase 3; no broad selector clicking
518,Promo Marketing,Promo Marketing,First Deposit Daily Active Analysis,/promo-marketing/first-deposit-daily-active,select,Please Select,VISIBLE,READ_FILTER_OR_FORM_INPUT,REGISTERED_NOT_EXECUTED,Use current page input/filter/list state; capture field names and origins at execution,None for read interaction,"{""locator"": "".ant-layout-content .ant-select"", ""visible_text"": ""Please Select""}",0,fat-admin-page-initialization.json DOM snapshot,Requires explicit selector/action implementation before phase 3; no broad selector clicking
519,Promo Marketing,Promo Marketing,Promo Data,/promo-marketing/promotion-data,input,请选择日期,INPUT,READ_FILTER_OR_FORM_INPUT,REGISTERED_NOT_EXECUTED,Use current page input/filter/list state; capture field names and origins at execution,None for read interaction,"{""locator"": ""input, textarea"", ""placeholder_or_name"": ""请选择日期""}",0,fat-admin-page-initialization.json DOM snapshot,Requires explicit selector/action implementation before phase 3; no broad selector clicking
520,Promo Marketing,Promo Marketing,Promo Data,/promo-marketing/promotion-data,input,Page Size,INPUT,READ_FILTER_OR_FORM_INPUT,REGISTERED_NOT_EXECUTED,Use current page input/filter/list state; capture field names and origins at execution,None for read interaction,"{""locator"": ""input, textarea"", ""placeholder_or_name"": ""Page Size""}",0,fat-admin-page-initialization.json DOM snapshot,Requires explicit selector/action implementation before phase 3; no broad selector clicking
521,Promo Marketing,Promo Marketing,Promo Data,/promo-marketing/promotion-data,input,Page,INPUT,READ_FILTER_OR_FORM_INPUT,REGISTERED_NOT_EXECUTED,Use current page input/filter/list state; capture field names and origins at execution,None for read interaction,"{""locator"": ""input, textarea"", ""placeholder_or_name"": ""Page""}",0,fat-admin-page-initialization.json DOM snapshot,Requires explicit selector/action implementation before phase 3; no broad selector clicking
522,Promo Marketing,Promo Marketing,Promo Data,/promo-marketing/promotion-data,button,Search,ENABLED,READ_INTERACTION,REGISTERED_NOT_EXECUTED,Use current page input/filter/list state; capture field names and origins at execution,None for read interaction,"{""role"": ""button"", ""name"": ""Search"", ""exact"": true}",0,fat-admin-page-initialization.json DOM snapshot,Requires explicit selector/action implementation before phase 3; no broad selector clicking
523,Promo Marketing,Promo Marketing,Promo Data,/promo-marketing/promotion-data,button,Reset,ENABLED,READ_INTERACTION,REGISTERED_NOT_EXECUTED,Use current page input/filter/list state; capture field names and origins at execution,None for read interaction,"{""role"": ""button"", ""name"": ""Reset"", ""exact"": true}",0,fat-admin-page-initialization.json DOM snapshot,Requires explicit selector/action implementation before phase 3; no broad selector clicking
524,Promo Marketing,Promo Marketing,Promo Data,/promo-marketing/promotion-data,button,修改,ENABLED,READ_INTERACTION_REVIEWED,REGISTERED_NOT_EXECUTED,Use current page input/filter/list state; capture field names and origins at execution,None for read interaction,"{""role"": ""button"", ""name"": ""修改"", ""exact"": true}",0,fat-admin-page-initialization.json DOM snapshot,Requires explicit selector/action implementation before phase 3; no broad selector clicking
525,Promo Marketing,Promo Marketing,Promo Data,/promo-marketing/promotion-data,button,查看,ENABLED,READ_INTERACTION_REVIEWED,REGISTERED_NOT_EXECUTED,Use current page input/filter/list state; capture field names and origins at execution,None for read interaction,"{""role"": ""button"", ""name"": ""查看"", ""exact"": true}",0,fat-admin-page-initialization.json DOM snapshot,Requires explicit selector/action implementation before phase 3; no broad selector clicking
526,Promo Marketing,Promo Marketing,Promo Data,/promo-marketing/promotion-data,select,unnamed select,VISIBLE,READ_FILTER_OR_FORM_INPUT,REGISTERED_NOT_EXECUTED,Use current page input/filter/list state; capture field names and origins at execution,None for read interaction,"{""locator"": "".ant-layout-content .ant-select"", ""visible_text"": ""unnamed select""}",0,fat-admin-page-initialization.json DOM snapshot,Requires explicit selector/action implementation before phase 3; no broad selector clicking
527,Promo Marketing,Promo Marketing,Promo Data,/promo-marketing/promotion-data,select,Please Select,VISIBLE,READ_FILTER_OR_FORM_INPUT,REGISTERED_NOT_EXECUTED,Use current page input/filter/list state; capture field names and origins at execution,None for read interaction,"{""locator"": "".ant-layout-content .ant-select"", ""visible_text"": ""Please Select""}",0,fat-admin-page-initialization.json DOM snapshot,Requires explicit selector/action implementation before phase 3; no broad selector clicking
528,Promo Marketing,Promo Marketing,Promo Data,/promo-marketing/promotion-data,select,Page Size,VISIBLE,READ_FILTER_OR_FORM_INPUT,REGISTERED_NOT_EXECUTED,Use current page input/filter/list state; capture field names and origins at execution,None for read interaction,"{""locator"": "".ant-layout-content .ant-select"", ""visible_text"": ""Page Size""}",0,fat-admin-page-initialization.json DOM snapshot,Requires explicit selector/action implementation before phase 3; no broad selector clicking
529,Promo Marketing,Promo Marketing,Promo Data,/promo-marketing/promotion-data,pagination,2,VISIBLE,READ_NAVIGATION_TO_VERIFY,REGISTERED_NOT_EXECUTED,Use current page input/filter/list state; capture field names and origins at execution,None for read interaction,"{""locator"": "".ant-pagination a, .ant-pagination button"", ""accessible_name"": ""2""}",0,fat-admin-page-initialization.json DOM snapshot,Requires explicit selector/action implementation before phase 3; no broad selector clicking
530,Promo Marketing,Promo Marketing,Promo Data,/promo-marketing/promotion-data,pagination,3,VISIBLE,READ_NAVIGATION_TO_VERIFY,REGISTERED_NOT_EXECUTED,Use current page input/filter/list state; capture field names and origins at execution,None for read interaction,"{""locator"": "".ant-pagination a, .ant-pagination button"", ""accessible_name"": ""3""}",0,fat-admin-page-initialization.json DOM snapshot,Requires explicit selector/action implementation before phase 3; no broad selector clicking
531,Site Management,Site Management,Domain Management,/site-management/domain-management,input,Please enter,INPUT,READ_FILTER_OR_FORM_INPUT,REGISTERED_NOT_EXECUTED,Use current page input/filter/list state; capture field names and origins at execution,None for read interaction,"{""locator"": ""input, textarea"", ""placeholder_or_name"": ""Please enter""}",0,fat-admin-page-initialization.json DOM snapshot,Requires explicit selector/action implementation before phase 3; no broad selector clicking
532,Site Management,Site Management,Domain Management,/site-management/domain-management,input,Page Size,INPUT,READ_FILTER_OR_FORM_INPUT,REGISTERED_NOT_EXECUTED,Use current page input/filter/list state; capture field names and origins at execution,None for read interaction,"{""locator"": ""input, textarea"", ""placeholder_or_name"": ""Page Size""}",0,fat-admin-page-initialization.json DOM snapshot,Requires explicit selector/action implementation before phase 3; no broad selector clicking
533,Site Management,Site Management,Domain Management,/site-management/domain-management,button,Search,ENABLED,READ_INTERACTION,REGISTERED_NOT_EXECUTED,Use current page input/filter/list state; capture field names and origins at execution,None for read interaction,"{""role"": ""button"", ""name"": ""Search"", ""exact"": true}",0,fat-admin-page-initialization.json DOM snapshot,Requires explicit selector/action implementation before phase 3; no broad selector clicking
534,Site Management,Site Management,Domain Management,/site-management/domain-management,button,Reset,ENABLED,READ_INTERACTION,REGISTERED_NOT_EXECUTED,Use current page input/filter/list state; capture field names and origins at execution,None for read interaction,"{""role"": ""button"", ""name"": ""Reset"", ""exact"": true}",0,fat-admin-page-initialization.json DOM snapshot,Requires explicit selector/action implementation before phase 3; no broad selector clicking
535,Site Management,Site Management,Domain Management,/site-management/domain-management,button,Add Domain,ENABLED,WRITE_REQUIRES_CURRENT_RUN_DATA,REGISTERED_NOT_EXECUTED,Use current page input/filter/list state; capture field names and origins at execution,Current-run-created or explicitly designated record only,"{""role"": ""button"", ""name"": ""Add Domain"", ""exact"": true}",0,fat-admin-page-initialization.json DOM snapshot,Requires explicit selector/action implementation before phase 3; no broad selector clicking
536,Site Management,Site Management,Domain Management,/site-management/domain-management,button,Set Share Domain,ENABLED,READ_INTERACTION_REVIEWED,REGISTERED_NOT_EXECUTED,Use current page input/filter/list state; capture field names and origins at execution,None for read interaction,"{""role"": ""button"", ""name"": ""Set Share Domain"", ""exact"": true}",0,fat-admin-page-initialization.json DOM snapshot,Requires explicit selector/action implementation before phase 3; no broad selector clicking
537,Site Management,Site Management,Domain Management,/site-management/domain-management,select,Please select,VISIBLE,READ_FILTER_OR_FORM_INPUT,REGISTERED_NOT_EXECUTED,Use current page input/filter/list state; capture field names and origins at execution,None for read interaction,"{""locator"": "".ant-layout-content .ant-select"", ""visible_text"": ""Please select""}",0,fat-admin-page-initialization.json DOM snapshot,Requires explicit selector/action implementation before phase 3; no broad selector clicking
538,Site Management,Site Management,Domain Management,/site-management/domain-management,select,Page Size,VISIBLE,READ_FILTER_OR_FORM_INPUT,REGISTERED_NOT_EXECUTED,Use current page input/filter/list state; capture field names and origins at execution,None for read interaction,"{""locator"": "".ant-layout-content .ant-select"", ""visible_text"": ""Page Size""}",0,fat-admin-page-initialization.json DOM snapshot,Requires explicit selector/action implementation before phase 3; no broad selector clicking
539,Game,Game,Betting Record,/game/bet-orders,input,Please enter,INPUT,READ_FILTER_OR_FORM_INPUT,REGISTERED_NOT_EXECUTED,Use current page input/filter/list state; capture field names and origins at execution,None for read interaction,"{""locator"": ""input, textarea"", ""placeholder_or_name"": ""Please enter""}",0,fat-admin-page-initialization.json DOM snapshot,Requires explicit selector/action implementation before phase 3; no broad selector clicking
540,Game,Game,Betting Record,/game/bet-orders,input,Start Date,INPUT,READ_FILTER_OR_FORM_INPUT,REGISTERED_NOT_EXECUTED,Use current page input/filter/list state; capture field names and origins at execution,None for read interaction,"{""locator"": ""input, textarea"", ""placeholder_or_name"": ""Start Date""}",0,fat-admin-page-initialization.json DOM snapshot,Requires explicit selector/action implementation before phase 3; no broad selector clicking
541,Game,Game,Betting Record,/game/bet-orders,input,End Date,INPUT,READ_FILTER_OR_FORM_INPUT,REGISTERED_NOT_EXECUTED,Use current page input/filter/list state; capture field names and origins at execution,None for read interaction,"{""locator"": ""input, textarea"", ""placeholder_or_name"": ""End Date""}",0,fat-admin-page-initialization.json DOM snapshot,Requires explicit selector/action implementation before phase 3; no broad selector clicking
542,Game,Game,Betting Record,/game/bet-orders,button,Reset,ENABLED,READ_INTERACTION,REGISTERED_NOT_EXECUTED,Use current page input/filter/list state; capture field names and origins at execution,None for read interaction,"{""role"": ""button"", ""name"": ""Reset"", ""exact"": true}",0,fat-admin-page-initialization.json DOM snapshot,Requires explicit selector/action implementation before phase 3; no broad selector clicking
543,Game,Game,Betting Record,/game/bet-orders,button,Query,ENABLED,READ_INTERACTION,REGISTERED_NOT_EXECUTED,Use current page input/filter/list state; capture field names and origins at execution,None for read interaction,"{""role"": ""button"", ""name"": ""Query"", ""exact"": true}",0,fat-admin-page-initialization.json DOM snapshot,Requires explicit selector/action implementation before phase 3; no broad selector clicking
544,Game,Game,Betting Record,/game/bet-orders,select,Please select,VISIBLE,READ_FILTER_OR_FORM_INPUT,REGISTERED_NOT_EXECUTED,Use current page input/filter/list state; capture field names and origins at execution,None for read interaction,"{""locator"": "".ant-layout-content .ant-select"", ""visible_text"": ""Please select""}",0,fat-admin-page-initialization.json DOM snapshot,Requires explicit selector/action implementation before phase 3; no broad selector clicking
545,Game,Game,Betting Record,/game/bet-orders,select,Select,VISIBLE,READ_FILTER_OR_FORM_INPUT,REGISTERED_NOT_EXECUTED,Use current page input/filter/list state; capture field names and origins at execution,None for read interaction,"{""locator"": "".ant-layout-content .ant-select"", ""visible_text"": ""Select""}",0,fat-admin-page-initialization.json DOM snapshot,Requires explicit selector/action implementation before phase 3; no broad selector clicking
546,Game,Game,Venue Management,/gamev2/venue-settings,input,Name supports fuzzy search (within 100 characters),INPUT,READ_FILTER_OR_FORM_INPUT,REGISTERED_NOT_EXECUTED,Use current page input/filter/list state; capture field names and origins at execution,None for read interaction,"{""locator"": ""input, textarea"", ""placeholder_or_name"": ""Name supports fuzzy search (within 100 characters)""}",0,fat-admin-page-initialization.json DOM snapshot,Requires explicit selector/action implementation before phase 3; no broad selector clicking
547,Game,Game,Venue Management,/gamev2/venue-settings,input,Start Date,INPUT,READ_FILTER_OR_FORM_INPUT,REGISTERED_NOT_EXECUTED,Use current page input/filter/list state; capture field names and origins at execution,None for read interaction,"{""locator"": ""input, textarea"", ""placeholder_or_name"": ""Start Date""}",0,fat-admin-page-initialization.json DOM snapshot,Requires explicit selector/action implementation before phase 3; no broad selector clicking
548,Game,Game,Venue Management,/gamev2/venue-settings,input,End Date,INPUT,READ_FILTER_OR_FORM_INPUT,REGISTERED_NOT_EXECUTED,Use current page input/filter/list state; capture field names and origins at execution,None for read interaction,"{""locator"": ""input, textarea"", ""placeholder_or_name"": ""End Date""}",0,fat-admin-page-initialization.json DOM snapshot,Requires explicit selector/action implementation before phase 3; no broad selector clicking
549,Game,Game,Venue Management,/gamev2/venue-settings,input,Page Size,INPUT,READ_FILTER_OR_FORM_INPUT,REGISTERED_NOT_EXECUTED,Use current page input/filter/list state; capture field names and origins at execution,None for read interaction,"{""locator"": ""input, textarea"", ""placeholder_or_name"": ""Page Size""}",0,fat-admin-page-initialization.json DOM snapshot,Requires explicit selector/action implementation before phase 3; no broad selector clicking
550,Game,Game,Venue Management,/gamev2/venue-settings,button,Reset,ENABLED,READ_INTERACTION,REGISTERED_NOT_EXECUTED,Use current page input/filter/list state; capture field names and origins at execution,None for read interaction,"{""role"": ""button"", ""name"": ""Reset"", ""exact"": true}",0,fat-admin-page-initialization.json DOM snapshot,Requires explicit selector/action implementation before phase 3; no broad selector clicking
551,Game,Game,Venue Management,/gamev2/venue-settings,button,Query,ENABLED,READ_INTERACTION,REGISTERED_NOT_EXECUTED,Use current page input/filter/list state; capture field names and origins at execution,None for read interaction,"{""role"": ""button"", ""name"": ""Query"", ""exact"": true}",0,fat-admin-page-initialization.json DOM snapshot,Requires explicit selector/action implementation before phase 3; no broad selector clicking
552,Game,Game,Venue Management,/gamev2/venue-settings,button,Add Venue,ENABLED,WRITE_REQUIRES_CURRENT_RUN_DATA,REGISTERED_NOT_EXECUTED,Use current page input/filter/list state; capture field names and origins at execution,Current-run-created or explicitly designated record only,"{""role"": ""button"", ""name"": ""Add Venue"", ""exact"": true}",0,fat-admin-page-initialization.json DOM snapshot,Requires explicit selector/action implementation before phase 3; no broad selector clicking
553,Game,Game,Venue Management,/gamev2/venue-settings,button,Copy,ENABLED,READ_INTERACTION_REVIEWED,REGISTERED_NOT_EXECUTED,Use current page input/filter/list state; capture field names and origins at execution,None for read interaction,"{""role"": ""button"", ""name"": ""Copy"", ""exact"": true}",0,fat-admin-page-initialization.json DOM snapshot,Requires explicit selector/action implementation before phase 3; no broad selector clicking
554,Game,Game,Venue Management,/gamev2/venue-settings,button,Edit,ENABLED,WRITE_REQUIRES_CURRENT_RUN_DATA,REGISTERED_NOT_EXECUTED,Use current page input/filter/list state; capture field names and origins at execution,Current-run-created or explicitly designated record only,"{""role"": ""button"", ""name"": ""Edit"", ""exact"": true}",0,fat-admin-page-initialization.json DOM snapshot,Requires explicit selector/action implementation before phase 3; no broad selector clicking
555,Game,Game,Venue Management,/gamev2/venue-settings,select,Page Size,VISIBLE,READ_FILTER_OR_FORM_INPUT,REGISTERED_NOT_EXECUTED,Use current page input/filter/list state; capture field names and origins at execution,None for read interaction,"{""locator"": "".ant-layout-content .ant-select"", ""visible_text"": ""Page Size""}",0,fat-admin-page-initialization.json DOM snapshot,Requires explicit selector/action implementation before phase 3; no broad selector clicking
556,Game,Game,Provider Management,/gamev2/manufacturer-management,input,Name supports fuzzy search (within 100 characters),INPUT,READ_FILTER_OR_FORM_INPUT,REGISTERED_NOT_EXECUTED,Use current page input/filter/list state; capture field names and origins at execution,None for read interaction,"{""locator"": ""input, textarea"", ""placeholder_or_name"": ""Name supports fuzzy search (within 100 characters)""}",0,fat-admin-page-initialization.json DOM snapshot,Requires explicit selector/action implementation before phase 3; no broad selector clicking
557,Game,Game,Provider Management,/gamev2/manufacturer-management,input,Start Date,INPUT,READ_FILTER_OR_FORM_INPUT,REGISTERED_NOT_EXECUTED,Use current page input/filter/list state; capture field names and origins at execution,None for read interaction,"{""locator"": ""input, textarea"", ""placeholder_or_name"": ""Start Date""}",0,fat-admin-page-initialization.json DOM snapshot,Requires explicit selector/action implementation before phase 3; no broad selector clicking
558,Game,Game,Provider Management,/gamev2/manufacturer-management,input,End Date,INPUT,READ_FILTER_OR_FORM_INPUT,REGISTERED_NOT_EXECUTED,Use current page input/filter/list state; capture field names and origins at execution,None for read interaction,"{""locator"": ""input, textarea"", ""placeholder_or_name"": ""End Date""}",0,fat-admin-page-initialization.json DOM snapshot,Requires explicit selector/action implementation before phase 3; no broad selector clicking
559,Game,Game,Provider Management,/gamev2/manufacturer-management,input,Page Size,INPUT,READ_FILTER_OR_FORM_INPUT,REGISTERED_NOT_EXECUTED,Use current page input/filter/list state; capture field names and origins at execution,None for read interaction,"{""locator"": ""input, textarea"", ""placeholder_or_name"": ""Page Size""}",0,fat-admin-page-initialization.json DOM snapshot,Requires explicit selector/action implementation before phase 3; no broad selector clicking
560,Game,Game,Provider Management,/gamev2/manufacturer-management,input,Page,INPUT,READ_FILTER_OR_FORM_INPUT,REGISTERED_NOT_EXECUTED,Use current page input/filter/list state; capture field names and origins at execution,None for read interaction,"{""locator"": ""input, textarea"", ""placeholder_or_name"": ""Page""}",0,fat-admin-page-initialization.json DOM snapshot,Requires explicit selector/action implementation before phase 3; no broad selector clicking
561,Game,Game,Provider Management,/gamev2/manufacturer-management,button,Reset,ENABLED,READ_INTERACTION,REGISTERED_NOT_EXECUTED,Use current page input/filter/list state; capture field names and origins at execution,None for read interaction,"{""role"": ""button"", ""name"": ""Reset"", ""exact"": true}",0,fat-admin-page-initialization.json DOM snapshot,Requires explicit selector/action implementation before phase 3; no broad selector clicking
562,Game,Game,Provider Management,/gamev2/manufacturer-management,button,Query,ENABLED,READ_INTERACTION,REGISTERED_NOT_EXECUTED,Use current page input/filter/list state; capture field names and origins at execution,None for read interaction,"{""role"": ""button"", ""name"": ""Query"", ""exact"": true}",0,fat-admin-page-initialization.json DOM snapshot,Requires explicit selector/action implementation before phase 3; no broad selector clicking
563,Game,Game,Provider Management,/gamev2/manufacturer-management,button,Add New Provider,ENABLED,WRITE_REQUIRES_CURRENT_RUN_DATA,REGISTERED_NOT_EXECUTED,Use current page input/filter/list state; capture field names and origins at execution,Current-run-created or explicitly designated record only,"{""role"": ""button"", ""name"": ""Add New Provider"", ""exact"": true}",0,fat-admin-page-initialization.json DOM snapshot,Requires explicit selector/action implementation before phase 3; no broad selector clicking
564,Game,Game,Provider Management,/gamev2/manufacturer-management,button,Type Directory / Category Director,ENABLED,READ_INTERACTION_REVIEWED,REGISTERED_NOT_EXECUTED,Use current page input/filter/list state; capture field names and origins at execution,None for read interaction,"{""role"": ""button"", ""name"": ""Type Directory / Category Director"", ""exact"": true}",0,fat-admin-page-initialization.json DOM snapshot,Requires explicit selector/action implementation before phase 3; no broad selector clicking
565,Game,Game,Provider Management,/gamev2/manufacturer-management,button,Copy,ENABLED,READ_INTERACTION_REVIEWED,REGISTERED_NOT_EXECUTED,Use current page input/filter/list state; capture field names and origins at execution,None for read interaction,"{""role"": ""button"", ""name"": ""Copy"", ""exact"": true}",0,fat-admin-page-initialization.json DOM snapshot,Requires explicit selector/action implementation before phase 3; no broad selector clicking
566,Game,Game,Provider Management,/gamev2/manufacturer-management,button,Edit,ENABLED,WRITE_REQUIRES_CURRENT_RUN_DATA,REGISTERED_NOT_EXECUTED,Use current page input/filter/list state; capture field names and origins at execution,Current-run-created or explicitly designated record only,"{""role"": ""button"", ""name"": ""Edit"", ""exact"": true}",0,fat-admin-page-initialization.json DOM snapshot,Requires explicit selector/action implementation before phase 3; no broad selector clicking
567,Game,Game,Provider Management,/gamev2/manufacturer-management,select,Please select,VISIBLE,READ_FILTER_OR_FORM_INPUT,REGISTERED_NOT_EXECUTED,Use current page input/filter/list state; capture field names and origins at execution,None for read interaction,"{""locator"": "".ant-layout-content .ant-select"", ""visible_text"": ""Please select""}",0,fat-admin-page-initialization.json DOM snapshot,Requires explicit selector/action implementation before phase 3; no broad selector clicking
568,Game,Game,Provider Management,/gamev2/manufacturer-management,select,Page Size,VISIBLE,READ_FILTER_OR_FORM_INPUT,REGISTERED_NOT_EXECUTED,Use current page input/filter/list state; capture field names and origins at execution,None for read interaction,"{""locator"": "".ant-layout-content .ant-select"", ""visible_text"": ""Page Size""}",0,fat-admin-page-initialization.json DOM snapshot,Requires explicit selector/action implementation before phase 3; no broad selector clicking
569,Game,Game,Provider Management,/gamev2/manufacturer-management,pagination,2,VISIBLE,READ_NAVIGATION_TO_VERIFY,REGISTERED_NOT_EXECUTED,Use current page input/filter/list state; capture field names and origins at execution,None for read interaction,"{""locator"": "".ant-pagination a, .ant-pagination button"", ""accessible_name"": ""2""}",0,fat-admin-page-initialization.json DOM snapshot,Requires explicit selector/action implementation before phase 3; no broad selector clicking
570,Game,Game,Game List Management,/gamev2/game-management,input,"""ID can only be searched exactly, supports batch query, separated by commas, 1–5000 characters in length""",INPUT,READ_FILTER_OR_FORM_INPUT,REGISTERED_NOT_EXECUTED,Use current page input/filter/list state; capture field names and origins at execution,None for read interaction,"{""locator"": ""input, textarea"", ""placeholder_or_name"": ""\""ID can only be searched exactly, supports batch query, separated by commas, 1–5000 characters in length\""""}",0,fat-admin-page-initialization.json DOM snapshot,Requires explicit selector/action implementation before phase 3; no broad selector clicking
571,Game,Game,Game List Management,/gamev2/game-management,input,"""Name supports fuzzy search (within 100 characters)""",INPUT,READ_FILTER_OR_FORM_INPUT,REGISTERED_NOT_EXECUTED,Use current page input/filter/list state; capture field names and origins at execution,None for read interaction,"{""locator"": ""input, textarea"", ""placeholder_or_name"": ""\""Name supports fuzzy search (within 100 characters)\""""}",0,fat-admin-page-initialization.json DOM snapshot,Requires explicit selector/action implementation before phase 3; no broad selector clicking
572,Game,Game,Game List Management,/gamev2/game-management,input,Start Date,INPUT,READ_FILTER_OR_FORM_INPUT,REGISTERED_NOT_EXECUTED,Use current page input/filter/list state; capture field names and origins at execution,None for read interaction,"{""locator"": ""input, textarea"", ""placeholder_or_name"": ""Start Date""}",0,fat-admin-page-initialization.json DOM snapshot,Requires explicit selector/action implementation before phase 3; no broad selector clicking
573,Game,Game,Game List Management,/gamev2/game-management,input,End Date,INPUT,READ_FILTER_OR_FORM_INPUT,REGISTERED_NOT_EXECUTED,Use current page input/filter/list state; capture field names and origins at execution,None for read interaction,"{""locator"": ""input, textarea"", ""placeholder_or_name"": ""End Date""}",0,fat-admin-page-initialization.json DOM snapshot,Requires explicit selector/action implementation before phase 3; no broad selector clicking
574,Game,Game,Game List Management,/gamev2/game-management,input,Select all,INPUT,READ_FILTER_OR_FORM_INPUT,REGISTERED_NOT_EXECUTED,Use current page input/filter/list state; capture field names and origins at execution,None for read interaction,"{""locator"": ""input, textarea"", ""placeholder_or_name"": ""Select all""}",0,fat-admin-page-initialization.json DOM snapshot,Requires explicit selector/action implementation before phase 3; no broad selector clicking
575,Game,Game,Game List Management,/gamev2/game-management,input,checkbox,INPUT,READ_FILTER_OR_FORM_INPUT,REGISTERED_NOT_EXECUTED,Use current page input/filter/list state; capture field names and origins at execution,None for read interaction,"{""locator"": ""input, textarea"", ""placeholder_or_name"": ""checkbox""}",0,fat-admin-page-initialization.json DOM snapshot,Requires explicit selector/action implementation before phase 3; no broad selector clicking
576,Game,Game,Game List Management,/gamev2/game-management,input,Page Size,INPUT,READ_FILTER_OR_FORM_INPUT,REGISTERED_NOT_EXECUTED,Use current page input/filter/list state; capture field names and origins at execution,None for read interaction,"{""locator"": ""input, textarea"", ""placeholder_or_name"": ""Page Size""}",0,fat-admin-page-initialization.json DOM snapshot,Requires explicit selector/action implementation before phase 3; no broad selector clicking
577,Game,Game,Game List Management,/gamev2/game-management,input,Page,INPUT,READ_FILTER_OR_FORM_INPUT,REGISTERED_NOT_EXECUTED,Use current page input/filter/list state; capture field names and origins at execution,None for read interaction,"{""locator"": ""input, textarea"", ""placeholder_or_name"": ""Page""}",0,fat-admin-page-initialization.json DOM snapshot,Requires explicit selector/action implementation before phase 3; no broad selector clicking
578,Game,Game,Game List Management,/gamev2/game-management,button,Reset,ENABLED,READ_INTERACTION,REGISTERED_NOT_EXECUTED,Use current page input/filter/list state; capture field names and origins at execution,None for read interaction,"{""role"": ""button"", ""name"": ""Reset"", ""exact"": true}",0,fat-admin-page-initialization.json DOM snapshot,Requires explicit selector/action implementation before phase 3; no broad selector clicking
579,Game,Game,Game List Management,/gamev2/game-management,button,Query,ENABLED,READ_INTERACTION,REGISTERED_NOT_EXECUTED,Use current page input/filter/list state; capture field names and origins at execution,None for read interaction,"{""role"": ""button"", ""name"": ""Query"", ""exact"": true}",0,fat-admin-page-initialization.json DOM snapshot,Requires explicit selector/action implementation before phase 3; no broad selector clicking
580,Game,Game,Game List Management,/gamev2/game-management,button,Batch Set Game Statu,ENABLED,WRITE_REQUIRES_CURRENT_RUN_DATA,REGISTERED_NOT_EXECUTED,Use current page input/filter/list state; capture field names and origins at execution,Current-run-created or explicitly designated record only,"{""role"": ""button"", ""name"": ""Batch Set Game Statu"", ""exact"": true}",0,fat-admin-page-initialization.json DOM snapshot,Requires explicit selector/action implementation before phase 3; no broad selector clicking
581,Game,Game,Game List Management,/gamev2/game-management,button,Batch Set Sorting Tags,ENABLED,WRITE_REQUIRES_CURRENT_RUN_DATA,REGISTERED_NOT_EXECUTED,Use current page input/filter/list state; capture field names and origins at execution,Current-run-created or explicitly designated record only,"{""role"": ""button"", ""name"": ""Batch Set Sorting Tags"", ""exact"": true}",0,fat-admin-page-initialization.json DOM snapshot,Requires explicit selector/action implementation before phase 3; no broad selector clicking
582,Game,Game,Game List Management,/gamev2/game-management,button,Type Directory / Category Director,ENABLED,READ_INTERACTION_REVIEWED,REGISTERED_NOT_EXECUTED,Use current page input/filter/list state; capture field names and origins at execution,None for read interaction,"{""role"": ""button"", ""name"": ""Type Directory / Category Director"", ""exact"": true}",0,fat-admin-page-initialization.json DOM snapshot,Requires explicit selector/action implementation before phase 3; no broad selector clicking
583,Game,Game,Game List Management,/gamev2/game-management,button,Weighted Tag / Directory Maintenance,ENABLED,READ_INTERACTION_REVIEWED,REGISTERED_NOT_EXECUTED,Use current page input/filter/list state; capture field names and origins at execution,None for read interaction,"{""role"": ""button"", ""name"": ""Weighted Tag / Directory Maintenance"", ""exact"": true}",0,fat-admin-page-initialization.json DOM snapshot,Requires explicit selector/action implementation before phase 3; no broad selector clicking
584,Game,Game,Game List Management,/gamev2/game-management,button,Single new addition,ENABLED,WRITE_REQUIRES_CURRENT_RUN_DATA,REGISTERED_NOT_EXECUTED,Use current page input/filter/list state; capture field names and origins at execution,Current-run-created or explicitly designated record only,"{""role"": ""button"", ""name"": ""Single new addition"", ""exact"": true}",0,fat-admin-page-initialization.json DOM snapshot,Requires explicit selector/action implementation before phase 3; no broad selector clicking
585,Game,Game,Game List Management,/gamev2/game-management,button,Batch addition,ENABLED,WRITE_REQUIRES_CURRENT_RUN_DATA,REGISTERED_NOT_EXECUTED,Use current page input/filter/list state; capture field names and origins at execution,Current-run-created or explicitly designated record only,"{""role"": ""button"", ""name"": ""Batch addition"", ""exact"": true}",0,fat-admin-page-initialization.json DOM snapshot,Requires explicit selector/action implementation before phase 3; no broad selector clicking
586,Game,Game,Game List Management,/gamev2/game-management,button,Export,ENABLED,READ_INTERACTION,REGISTERED_NOT_EXECUTED,Use current page input/filter/list state; capture field names and origins at execution,None for read interaction,"{""role"": ""button"", ""name"": ""Export"", ""exact"": true}",0,fat-admin-page-initialization.json DOM snapshot,Requires explicit selector/action implementation before phase 3; no broad selector clicking
587,Game,Game,Game List Management,/gamev2/game-management,button,Copy,ENABLED,READ_INTERACTION_REVIEWED,REGISTERED_NOT_EXECUTED,Use current page input/filter/list state; capture field names and origins at execution,None for read interaction,"{""role"": ""button"", ""name"": ""Copy"", ""exact"": true}",0,fat-admin-page-initialization.json DOM snapshot,Requires explicit selector/action implementation before phase 3; no broad selector clicking
588,Game,Game,Game List Management,/gamev2/game-management,button,"Enable
Closed",ENABLED,WRITE_REQUIRES_CURRENT_RUN_DATA,REGISTERED_NOT_EXECUTED,Use current page input/filter/list state; capture field names and origins at execution,Current-run-created or explicitly designated record only,"{""role"": ""button"", ""name"": ""Enable\nClosed"", ""exact"": true}",0,fat-admin-page-initialization.json DOM snapshot,Requires explicit selector/action implementation before phase 3; no broad selector clicking
589,Game,Game,Game List Management,/gamev2/game-management,button,Edit,ENABLED,WRITE_REQUIRES_CURRENT_RUN_DATA,REGISTERED_NOT_EXECUTED,Use current page input/filter/list state; capture field names and origins at execution,Current-run-created or explicitly designated record only,"{""role"": ""button"", ""name"": ""Edit"", ""exact"": true}",0,fat-admin-page-initialization.json DOM snapshot,Requires explicit selector/action implementation before phase 3; no broad selector clicking
590,Game,Game,Game List Management,/gamev2/game-management,select,Please select,VISIBLE,READ_FILTER_OR_FORM_INPUT,REGISTERED_NOT_EXECUTED,Use current page input/filter/list state; capture field names and origins at execution,None for read interaction,"{""locator"": "".ant-layout-content .ant-select"", ""visible_text"": ""Please select""}",0,fat-admin-page-initialization.json DOM snapshot,Requires explicit selector/action implementation before phase 3; no broad selector clicking
591,Game,Game,Game List Management,/gamev2/game-management,select,Page Size,VISIBLE,READ_FILTER_OR_FORM_INPUT,REGISTERED_NOT_EXECUTED,Use current page input/filter/list state; capture field names and origins at execution,None for read interaction,"{""locator"": "".ant-layout-content .ant-select"", ""visible_text"": ""Page Size""}",0,fat-admin-page-initialization.json DOM snapshot,Requires explicit selector/action implementation before phase 3; no broad selector clicking
592,Game,Game,Game List Management,/gamev2/game-management,pagination,2,VISIBLE,READ_NAVIGATION_TO_VERIFY,REGISTERED_NOT_EXECUTED,Use current page input/filter/list state; capture field names and origins at execution,None for read interaction,"{""locator"": "".ant-pagination a, .ant-pagination button"", ""accessible_name"": ""2""}",0,fat-admin-page-initialization.json DOM snapshot,Requires explicit selector/action implementation before phase 3; no broad selector clicking
593,Game,Game,Game List Management,/gamev2/game-management,pagination,3,VISIBLE,READ_NAVIGATION_TO_VERIFY,REGISTERED_NOT_EXECUTED,Use current page input/filter/list state; capture field names and origins at execution,None for read interaction,"{""locator"": "".ant-pagination a, .ant-pagination button"", ""accessible_name"": ""3""}",0,fat-admin-page-initialization.json DOM snapshot,Requires explicit selector/action implementation before phase 3; no broad selector clicking
594,Game,Game,Game List Management,/gamev2/game-management,pagination,4,VISIBLE,READ_NAVIGATION_TO_VERIFY,REGISTERED_NOT_EXECUTED,Use current page input/filter/list state; capture field names and origins at execution,None for read interaction,"{""locator"": "".ant-pagination a, .ant-pagination button"", ""accessible_name"": ""4""}",0,fat-admin-page-initialization.json DOM snapshot,Requires explicit selector/action implementation before phase 3; no broad selector clicking
595,Game,Game,Game List Management,/gamev2/game-management,pagination,5,VISIBLE,READ_NAVIGATION_TO_VERIFY,REGISTERED_NOT_EXECUTED,Use current page input/filter/list state; capture field names and origins at execution,None for read interaction,"{""locator"": "".ant-pagination a, .ant-pagination button"", ""accessible_name"": ""5""}",0,fat-admin-page-initialization.json DOM snapshot,Requires explicit selector/action implementation before phase 3; no broad selector clicking
596,Game,Game,Game List Management,/gamev2/game-management,pagination,•••,VISIBLE,READ_NAVIGATION_TO_VERIFY,REGISTERED_NOT_EXECUTED,Use current page input/filter/list state; capture field names and origins at execution,None for read interaction,"{""locator"": "".ant-pagination a, .ant-pagination button"", ""accessible_name"": ""•••""}",0,fat-admin-page-initialization.json DOM snapshot,Requires explicit selector/action implementation before phase 3; no broad selector clicking
597,Game,Game,Game List Management,/gamev2/game-management,pagination,287,VISIBLE,READ_NAVIGATION_TO_VERIFY,REGISTERED_NOT_EXECUTED,Use current page input/filter/list state; capture field names and origins at execution,None for read interaction,"{""locator"": "".ant-pagination a, .ant-pagination button"", ""accessible_name"": ""287""}",0,fat-admin-page-initialization.json DOM snapshot,Requires explicit selector/action implementation before phase 3; no broad selector clicking
598,Game,Game,FS 派发管理,/gamev2/freespin-grants,input,Enter username,INPUT,READ_FILTER_OR_FORM_INPUT,REGISTERED_NOT_EXECUTED,Use current page input/filter/list state; capture field names and origins at execution,None for read interaction,"{""locator"": ""input, textarea"", ""placeholder_or_name"": ""Enter username""}",0,fat-admin-page-initialization.json DOM snapshot,Requires explicit selector/action implementation before phase 3; no broad selector clicking
599,Game,Game,FS 派发管理,/gamev2/freespin-grants,input,Enter phone number,INPUT,READ_FILTER_OR_FORM_INPUT,REGISTERED_NOT_EXECUTED,Use current page input/filter/list state; capture field names and origins at execution,None for read interaction,"{""locator"": ""input, textarea"", ""placeholder_or_name"": ""Enter phone number""}",0,fat-admin-page-initialization.json DOM snapshot,Requires explicit selector/action implementation before phase 3; no broad selector clicking
600,Game,Game,FS 派发管理,/gamev2/freespin-grants,input,VE...,INPUT,READ_FILTER_OR_FORM_INPUT,REGISTERED_NOT_EXECUTED,Use current page input/filter/list state; capture field names and origins at execution,None for read interaction,"{""locator"": ""input, textarea"", ""placeholder_or_name"": ""VE...""}",0,fat-admin-page-initialization.json DOM snapshot,Requires explicit selector/action implementation before phase 3; no broad selector clicking
601,Game,Game,FS 派发管理,/gamev2/freespin-grants,input,Enter batch ID,INPUT,READ_FILTER_OR_FORM_INPUT,REGISTERED_NOT_EXECUTED,Use current page input/filter/list state; capture field names and origins at execution,None for read interaction,"{""locator"": ""input, textarea"", ""placeholder_or_name"": ""Enter batch ID""}",0,fat-admin-page-initialization.json DOM snapshot,Requires explicit selector/action implementation before phase 3; no broad selector clicking
602,Game,Game,FS 派发管理,/gamev2/freespin-grants,input,Start Time,INPUT,READ_FILTER_OR_FORM_INPUT,REGISTERED_NOT_EXECUTED,Use current page input/filter/list state; capture field names and origins at execution,None for read interaction,"{""locator"": ""input, textarea"", ""placeholder_or_name"": ""Start Time""}",0,fat-admin-page-initialization.json DOM snapshot,Requires explicit selector/action implementation before phase 3; no broad selector clicking
603,Game,Game,FS 派发管理,/gamev2/freespin-grants,input,End Time,INPUT,READ_FILTER_OR_FORM_INPUT,REGISTERED_NOT_EXECUTED,Use current page input/filter/list state; capture field names and origins at execution,None for read interaction,"{""locator"": ""input, textarea"", ""placeholder_or_name"": ""End Time""}",0,fat-admin-page-initialization.json DOM snapshot,Requires explicit selector/action implementation before phase 3; no broad selector clicking
604,Game,Game,FS 派发管理,/gamev2/freespin-grants,input,Page Size,INPUT,READ_FILTER_OR_FORM_INPUT,REGISTERED_NOT_EXECUTED,Use current page input/filter/list state; capture field names and origins at execution,None for read interaction,"{""locator"": ""input, textarea"", ""placeholder_or_name"": ""Page Size""}",0,fat-admin-page-initialization.json DOM snapshot,Requires explicit selector/action implementation before phase 3; no broad selector clicking
605,Game,Game,FS 派发管理,/gamev2/freespin-grants,button,Search,ENABLED,READ_INTERACTION,REGISTERED_NOT_EXECUTED,Use current page input/filter/list state; capture field names and origins at execution,None for read interaction,"{""role"": ""button"", ""name"": ""Search"", ""exact"": true}",0,fat-admin-page-initialization.json DOM snapshot,Requires explicit selector/action implementation before phase 3; no broad selector clicking
606,Game,Game,FS 派发管理,/gamev2/freespin-grants,button,Reset,ENABLED,READ_INTERACTION,REGISTERED_NOT_EXECUTED,Use current page input/filter/list state; capture field names and origins at execution,None for read interaction,"{""role"": ""button"", ""name"": ""Reset"", ""exact"": true}",0,fat-admin-page-initialization.json DOM snapshot,Requires explicit selector/action implementation before phase 3; no broad selector clicking
607,Game,Game,FS 派发管理,/gamev2/freespin-grants,button,Manual Grant,ENABLED,WRITE_REQUIRES_CURRENT_RUN_DATA,REGISTERED_NOT_EXECUTED,Use current page input/filter/list state; capture field names and origins at execution,Current-run-created or explicitly designated record only,"{""role"": ""button"", ""name"": ""Manual Grant"", ""exact"": true}",0,fat-admin-page-initialization.json DOM snapshot,Requires explicit selector/action implementation before phase 3; no broad selector clicking
608,Game,Game,FS 派发管理,/gamev2/freespin-grants,button,Batch Grant,ENABLED,WRITE_REQUIRES_CURRENT_RUN_DATA,REGISTERED_NOT_EXECUTED,Use current page input/filter/list state; capture field names and origins at execution,Current-run-created or explicitly designated record only,"{""role"": ""button"", ""name"": ""Batch Grant"", ""exact"": true}",0,fat-admin-page-initialization.json DOM snapshot,Requires explicit selector/action implementation before phase 3; no broad selector clicking
609,Game,Game,FS 派发管理,/gamev2/freespin-grants,button,Export CSV,ENABLED,READ_INTERACTION,REGISTERED_NOT_EXECUTED,Use current page input/filter/list state; capture field names and origins at execution,None for read interaction,"{""role"": ""button"", ""name"": ""Export CSV"", ""exact"": true}",0,fat-admin-page-initialization.json DOM snapshot,Requires explicit selector/action implementation before phase 3; no broad selector clicking
610,Game,Game,FS 派发管理,/gamev2/freespin-grants,button,Copy,ENABLED,READ_INTERACTION_REVIEWED,REGISTERED_NOT_EXECUTED,Use current page input/filter/list state; capture field names and origins at execution,None for read interaction,"{""role"": ""button"", ""name"": ""Copy"", ""exact"": true}",0,fat-admin-page-initialization.json DOM snapshot,Requires explicit selector/action implementation before phase 3; no broad selector clicking
611,Game,Game,FS 派发管理,/gamev2/freespin-grants,tab,FS Grants,selected=,READ_NAVIGATION_TO_VERIFY,REGISTERED_NOT_EXECUTED,Use current page input/filter/list state; capture field names and origins at execution,None for read interaction,"{""role"": ""tab"", ""name"": ""FS Grants"", ""exact"": true}",0,fat-admin-page-initialization.json DOM snapshot,Requires explicit selector/action implementation before phase 3; no broad selector clicking
612,Game,Game,FS 派发管理,/gamev2/freespin-grants,select,All,VISIBLE,READ_FILTER_OR_FORM_INPUT,REGISTERED_NOT_EXECUTED,Use current page input/filter/list state; capture field names and origins at execution,None for read interaction,"{""locator"": "".ant-layout-content .ant-select"", ""visible_text"": ""All""}",0,fat-admin-page-initialization.json DOM snapshot,Requires explicit selector/action implementation before phase 3; no broad selector clicking
613,Game,Game,FS 派发管理,/gamev2/freespin-grants,select,Enter or select activity,VISIBLE,READ_FILTER_OR_FORM_INPUT,REGISTERED_NOT_EXECUTED,Use current page input/filter/list state; capture field names and origins at execution,None for read interaction,"{""locator"": "".ant-layout-content .ant-select"", ""visible_text"": ""Enter or select activity""}",0,fat-admin-page-initialization.json DOM snapshot,Requires explicit selector/action implementation before phase 3; no broad selector clicking
614,Game,Game,FS 派发管理,/gamev2/freespin-grants,select,Enter or select vendor,VISIBLE,READ_FILTER_OR_FORM_INPUT,REGISTERED_NOT_EXECUTED,Use current page input/filter/list state; capture field names and origins at execution,None for read interaction,"{""locator"": "".ant-layout-content .ant-select"", ""visible_text"": ""Enter or select vendor""}",0,fat-admin-page-initialization.json DOM snapshot,Requires explicit selector/action implementation before phase 3; no broad selector clicking
615,Game,Game,FS 派发管理,/gamev2/freespin-grants,select,Page Size,VISIBLE,READ_FILTER_OR_FORM_INPUT,REGISTERED_NOT_EXECUTED,Use current page input/filter/list state; capture field names and origins at execution,None for read interaction,"{""locator"": "".ant-layout-content .ant-select"", ""visible_text"": ""Page Size""}",0,fat-admin-page-initialization.json DOM snapshot,Requires explicit selector/action implementation before phase 3; no broad selector clicking
616,Game,Game,FS 批量派发纪录,/gamev2/freespin-import-logs,input,Start Time,INPUT,READ_FILTER_OR_FORM_INPUT,REGISTERED_NOT_EXECUTED,Use current page input/filter/list state; capture field names and origins at execution,None for read interaction,"{""locator"": ""input, textarea"", ""placeholder_or_name"": ""Start Time""}",0,fat-admin-page-initialization.json DOM snapshot,Requires explicit selector/action implementation before phase 3; no broad selector clicking
617,Game,Game,FS 批量派发纪录,/gamev2/freespin-import-logs,input,End Time,INPUT,READ_FILTER_OR_FORM_INPUT,REGISTERED_NOT_EXECUTED,Use current page input/filter/list state; capture field names and origins at execution,None for read interaction,"{""locator"": ""input, textarea"", ""placeholder_or_name"": ""End Time""}",0,fat-admin-page-initialization.json DOM snapshot,Requires explicit selector/action implementation before phase 3; no broad selector clicking
618,Game,Game,FS 批量派发纪录,/gamev2/freespin-import-logs,input,Enter distributor,INPUT,READ_FILTER_OR_FORM_INPUT,REGISTERED_NOT_EXECUTED,Use current page input/filter/list state; capture field names and origins at execution,None for read interaction,"{""locator"": ""input, textarea"", ""placeholder_or_name"": ""Enter distributor""}",0,fat-admin-page-initialization.json DOM snapshot,Requires explicit selector/action implementation before phase 3; no broad selector clicking
619,Game,Game,FS 批量派发纪录,/gamev2/freespin-import-logs,button,Search,ENABLED,READ_INTERACTION,REGISTERED_NOT_EXECUTED,Use current page input/filter/list state; capture field names and origins at execution,None for read interaction,"{""role"": ""button"", ""name"": ""Search"", ""exact"": true}",0,fat-admin-page-initialization.json DOM snapshot,Requires explicit selector/action implementation before phase 3; no broad selector clicking
620,Game,Game,FS 批量派发纪录,/gamev2/freespin-import-logs,button,Reset,ENABLED,READ_INTERACTION,REGISTERED_NOT_EXECUTED,Use current page input/filter/list state; capture field names and origins at execution,None for read interaction,"{""role"": ""button"", ""name"": ""Reset"", ""exact"": true}",0,fat-admin-page-initialization.json DOM snapshot,Requires explicit selector/action implementation before phase 3; no broad selector clicking
621,Game,Game,FS 批量派发纪录,/gamev2/freespin-import-logs,tab,FS Batch Distribution Records,selected=,READ_NAVIGATION_TO_VERIFY,REGISTERED_NOT_EXECUTED,Use current page input/filter/list state; capture field names and origins at execution,None for read interaction,"{""role"": ""tab"", ""name"": ""FS Batch Distribution Records"", ""exact"": true}",0,fat-admin-page-initialization.json DOM snapshot,Requires explicit selector/action implementation before phase 3; no broad selector clicking
622,System,System,Role Configuration,/system/role,input,Page Size,INPUT,READ_FILTER_OR_FORM_INPUT,REGISTERED_NOT_EXECUTED,Use current page input/filter/list state; capture field names and origins at execution,None for read interaction,"{""locator"": ""input, textarea"", ""placeholder_or_name"": ""Page Size""}",0,fat-admin-page-initialization.json DOM snapshot,Requires explicit selector/action implementation before phase 3; no broad selector clicking
623,System,System,Role Configuration,/system/role,button,Add New,ENABLED,WRITE_REQUIRES_CURRENT_RUN_DATA,REGISTERED_NOT_EXECUTED,Use current page input/filter/list state; capture field names and origins at execution,Current-run-created or explicitly designated record only,"{""role"": ""button"", ""name"": ""Add New"", ""exact"": true}",0,fat-admin-page-initialization.json DOM snapshot,Requires explicit selector/action implementation before phase 3; no broad selector clicking
624,System,System,Role Configuration,/system/role,button,Edit,ENABLED,WRITE_REQUIRES_CURRENT_RUN_DATA,REGISTERED_NOT_EXECUTED,Use current page input/filter/list state; capture field names and origins at execution,Current-run-created or explicitly designated record only,"{""role"": ""button"", ""name"": ""Edit"", ""exact"": true}",0,fat-admin-page-initialization.json DOM snapshot,Requires explicit selector/action implementation before phase 3; no broad selector clicking
625,System,System,Role Configuration,/system/role,button,Permissions,ENABLED,READ_INTERACTION_REVIEWED,REGISTERED_NOT_EXECUTED,Use current page input/filter/list state; capture field names and origins at execution,None for read interaction,"{""role"": ""button"", ""name"": ""Permissions"", ""exact"": true}",0,fat-admin-page-initialization.json DOM snapshot,Requires explicit selector/action implementation before phase 3; no broad selector clicking
626,System,System,Role Configuration,/system/role,select,Page Size,VISIBLE,READ_FILTER_OR_FORM_INPUT,REGISTERED_NOT_EXECUTED,Use current page input/filter/list state; capture field names and origins at execution,None for read interaction,"{""locator"": "".ant-layout-content .ant-select"", ""visible_text"": ""Page Size""}",0,fat-admin-page-initialization.json DOM snapshot,Requires explicit selector/action implementation before phase 3; no broad selector clicking
627,System,System,Staff Configuration,/system/staff,input,Please Enter Username,INPUT,READ_FILTER_OR_FORM_INPUT,REGISTERED_NOT_EXECUTED,Use current page input/filter/list state; capture field names and origins at execution,None for read interaction,"{""locator"": ""input, textarea"", ""placeholder_or_name"": ""Please Enter Username""}",0,fat-admin-page-initialization.json DOM snapshot,Requires explicit selector/action implementation before phase 3; no broad selector clicking
628,System,System,Staff Configuration,/system/staff,input,Page Size,INPUT,READ_FILTER_OR_FORM_INPUT,REGISTERED_NOT_EXECUTED,Use current page input/filter/list state; capture field names and origins at execution,None for read interaction,"{""locator"": ""input, textarea"", ""placeholder_or_name"": ""Page Size""}",0,fat-admin-page-initialization.json DOM snapshot,Requires explicit selector/action implementation before phase 3; no broad selector clicking
629,System,System,Staff Configuration,/system/staff,input,Page,INPUT,READ_FILTER_OR_FORM_INPUT,REGISTERED_NOT_EXECUTED,Use current page input/filter/list state; capture field names and origins at execution,None for read interaction,"{""locator"": ""input, textarea"", ""placeholder_or_name"": ""Page""}",0,fat-admin-page-initialization.json DOM snapshot,Requires explicit selector/action implementation before phase 3; no broad selector clicking
630,System,System,Staff Configuration,/system/staff,button,Reset,ENABLED,READ_INTERACTION,REGISTERED_NOT_EXECUTED,Use current page input/filter/list state; capture field names and origins at execution,None for read interaction,"{""role"": ""button"", ""name"": ""Reset"", ""exact"": true}",0,fat-admin-page-initialization.json DOM snapshot,Requires explicit selector/action implementation before phase 3; no broad selector clicking
631,System,System,Staff Configuration,/system/staff,button,Query,ENABLED,READ_INTERACTION,REGISTERED_NOT_EXECUTED,Use current page input/filter/list state; capture field names and origins at execution,None for read interaction,"{""role"": ""button"", ""name"": ""Query"", ""exact"": true}",0,fat-admin-page-initialization.json DOM snapshot,Requires explicit selector/action implementation before phase 3; no broad selector clicking
632,System,System,Staff Configuration,/system/staff,button,Add Staff,ENABLED,WRITE_REQUIRES_CURRENT_RUN_DATA,REGISTERED_NOT_EXECUTED,Use current page input/filter/list state; capture field names and origins at execution,Current-run-created or explicitly designated record only,"{""role"": ""button"", ""name"": ""Add Staff"", ""exact"": true}",0,fat-admin-page-initialization.json DOM snapshot,Requires explicit selector/action implementation before phase 3; no broad selector clicking
633,System,System,Staff Configuration,/system/staff,button,Edit,ENABLED,WRITE_REQUIRES_CURRENT_RUN_DATA,REGISTERED_NOT_EXECUTED,Use current page input/filter/list state; capture field names and origins at execution,Current-run-created or explicitly designated record only,"{""role"": ""button"", ""name"": ""Edit"", ""exact"": true}",0,fat-admin-page-initialization.json DOM snapshot,Requires explicit selector/action implementation before phase 3; no broad selector clicking
634,System,System,Staff Configuration,/system/staff,button,Disable,ENABLED,WRITE_REQUIRES_CURRENT_RUN_DATA,REGISTERED_NOT_EXECUTED,Use current page input/filter/list state; capture field names and origins at execution,Current-run-created or explicitly designated record only,"{""role"": ""button"", ""name"": ""Disable"", ""exact"": true}",0,fat-admin-page-initialization.json DOM snapshot,Requires explicit selector/action implementation before phase 3; no broad selector clicking
635,System,System,Staff Configuration,/system/staff,button,Reset Password,ENABLED,WRITE_REQUIRES_CURRENT_RUN_DATA,REGISTERED_NOT_EXECUTED,Use current page input/filter/list state; capture field names and origins at execution,Current-run-created or explicitly designated record only,"{""role"": ""button"", ""name"": ""Reset Password"", ""exact"": true}",0,fat-admin-page-initialization.json DOM snapshot,Requires explicit selector/action implementation before phase 3; no broad selector clicking
636,System,System,Staff Configuration,/system/staff,button,Reset Google Verification Code,ENABLED,WRITE_REQUIRES_CURRENT_RUN_DATA,REGISTERED_NOT_EXECUTED,Use current page input/filter/list state; capture field names and origins at execution,Current-run-created or explicitly designated record only,"{""role"": ""button"", ""name"": ""Reset Google Verification Code"", ""exact"": true}",0,fat-admin-page-initialization.json DOM snapshot,Requires explicit selector/action implementation before phase 3; no broad selector clicking
637,System,System,Staff Configuration,/system/staff,select,Please select,VISIBLE,READ_FILTER_OR_FORM_INPUT,REGISTERED_NOT_EXECUTED,Use current page input/filter/list state; capture field names and origins at execution,None for read interaction,"{""locator"": "".ant-layout-content .ant-select"", ""visible_text"": ""Please select""}",0,fat-admin-page-initialization.json DOM snapshot,Requires explicit selector/action implementation before phase 3; no broad selector clicking
638,System,System,Staff Configuration,/system/staff,select,Page Size,VISIBLE,READ_FILTER_OR_FORM_INPUT,REGISTERED_NOT_EXECUTED,Use current page input/filter/list state; capture field names and origins at execution,None for read interaction,"{""locator"": "".ant-layout-content .ant-select"", ""visible_text"": ""Page Size""}",0,fat-admin-page-initialization.json DOM snapshot,Requires explicit selector/action implementation before phase 3; no broad selector clicking
639,System,System,Staff Configuration,/system/staff,pagination,2,VISIBLE,READ_NAVIGATION_TO_VERIFY,REGISTERED_NOT_EXECUTED,Use current page input/filter/list state; capture field names and origins at execution,None for read interaction,"{""locator"": "".ant-pagination a, .ant-pagination button"", ""accessible_name"": ""2""}",0,fat-admin-page-initialization.json DOM snapshot,Requires explicit selector/action implementation before phase 3; no broad selector clicking
640,System,System,Staff Configuration,/system/staff,pagination,3,VISIBLE,READ_NAVIGATION_TO_VERIFY,REGISTERED_NOT_EXECUTED,Use current page input/filter/list state; capture field names and origins at execution,None for read interaction,"{""locator"": "".ant-pagination a, .ant-pagination button"", ""accessible_name"": ""3""}",0,fat-admin-page-initialization.json DOM snapshot,Requires explicit selector/action implementation before phase 3; no broad selector clicking
641,System,System,Staff Configuration,/system/staff,pagination,4,VISIBLE,READ_NAVIGATION_TO_VERIFY,REGISTERED_NOT_EXECUTED,Use current page input/filter/list state; capture field names and origins at execution,None for read interaction,"{""locator"": "".ant-pagination a, .ant-pagination button"", ""accessible_name"": ""4""}",0,fat-admin-page-initialization.json DOM snapshot,Requires explicit selector/action implementation before phase 3; no broad selector clicking
642,System,System,Staff Configuration,/system/staff,pagination,5,VISIBLE,READ_NAVIGATION_TO_VERIFY,REGISTERED_NOT_EXECUTED,Use current page input/filter/list state; capture field names and origins at execution,None for read interaction,"{""locator"": "".ant-pagination a, .ant-pagination button"", ""accessible_name"": ""5""}",0,fat-admin-page-initialization.json DOM snapshot,Requires explicit selector/action implementation before phase 3; no broad selector clicking
643,System,System,Staff Configuration,/system/staff,pagination,6,VISIBLE,READ_NAVIGATION_TO_VERIFY,REGISTERED_NOT_EXECUTED,Use current page input/filter/list state; capture field names and origins at execution,None for read interaction,"{""locator"": "".ant-pagination a, .ant-pagination button"", ""accessible_name"": ""6""}",0,fat-admin-page-initialization.json DOM snapshot,Requires explicit selector/action implementation before phase 3; no broad selector clicking
644,System,System,SMS Verification Code,/system/sms-otp,input,Please enter,INPUT,READ_FILTER_OR_FORM_INPUT,REGISTERED_NOT_EXECUTED,Use current page input/filter/list state; capture field names and origins at execution,None for read interaction,"{""locator"": ""input, textarea"", ""placeholder_or_name"": ""Please enter""}",0,fat-admin-page-initialization.json DOM snapshot,Requires explicit selector/action implementation before phase 3; no broad selector clicking
645,System,System,SMS Verification Code,/system/sms-otp,input,Start Date,INPUT,READ_FILTER_OR_FORM_INPUT,REGISTERED_NOT_EXECUTED,Use current page input/filter/list state; capture field names and origins at execution,None for read interaction,"{""locator"": ""input, textarea"", ""placeholder_or_name"": ""Start Date""}",0,fat-admin-page-initialization.json DOM snapshot,Requires explicit selector/action implementation before phase 3; no broad selector clicking
646,System,System,SMS Verification Code,/system/sms-otp,input,End Date,INPUT,READ_FILTER_OR_FORM_INPUT,REGISTERED_NOT_EXECUTED,Use current page input/filter/list state; capture field names and origins at execution,None for read interaction,"{""locator"": ""input, textarea"", ""placeholder_or_name"": ""End Date""}",0,fat-admin-page-initialization.json DOM snapshot,Requires explicit selector/action implementation before phase 3; no broad selector clicking
647,System,System,SMS Verification Code,/system/sms-otp,input,Page Size,INPUT,READ_FILTER_OR_FORM_INPUT,REGISTERED_NOT_EXECUTED,Use current page input/filter/list state; capture field names and origins at execution,None for read interaction,"{""locator"": ""input, textarea"", ""placeholder_or_name"": ""Page Size""}",0,fat-admin-page-initialization.json DOM snapshot,Requires explicit selector/action implementation before phase 3; no broad selector clicking
648,System,System,SMS Verification Code,/system/sms-otp,button,Reset,ENABLED,READ_INTERACTION,REGISTERED_NOT_EXECUTED,Use current page input/filter/list state; capture field names and origins at execution,None for read interaction,"{""role"": ""button"", ""name"": ""Reset"", ""exact"": true}",0,fat-admin-page-initialization.json DOM snapshot,Requires explicit selector/action implementation before phase 3; no broad selector clicking
649,System,System,SMS Verification Code,/system/sms-otp,button,Query,ENABLED,READ_INTERACTION,REGISTERED_NOT_EXECUTED,Use current page input/filter/list state; capture field names and origins at execution,None for read interaction,"{""role"": ""button"", ""name"": ""Query"", ""exact"": true}",0,fat-admin-page-initialization.json DOM snapshot,Requires explicit selector/action implementation before phase 3; no broad selector clicking
650,System,System,SMS Verification Code,/system/sms-otp,button,SMS Provider Configuration,ENABLED,READ_INTERACTION_REVIEWED,REGISTERED_NOT_EXECUTED,Use current page input/filter/list state; capture field names and origins at execution,None for read interaction,"{""role"": ""button"", ""name"": ""SMS Provider Configuration"", ""exact"": true}",0,fat-admin-page-initialization.json DOM snapshot,Requires explicit selector/action implementation before phase 3; no broad selector clicking
651,System,System,SMS Verification Code,/system/sms-otp,select,全部,VISIBLE,READ_FILTER_OR_FORM_INPUT,REGISTERED_NOT_EXECUTED,Use current page input/filter/list state; capture field names and origins at execution,None for read interaction,"{""locator"": "".ant-layout-content .ant-select"", ""visible_text"": ""全部""}",0,fat-admin-page-initialization.json DOM snapshot,Requires explicit selector/action implementation before phase 3; no broad selector clicking
652,System,System,SMS Verification Code,/system/sms-otp,select,Please select,VISIBLE,READ_FILTER_OR_FORM_INPUT,REGISTERED_NOT_EXECUTED,Use current page input/filter/list state; capture field names and origins at execution,None for read interaction,"{""locator"": "".ant-layout-content .ant-select"", ""visible_text"": ""Please select""}",0,fat-admin-page-initialization.json DOM snapshot,Requires explicit selector/action implementation before phase 3; no broad selector clicking
653,System,System,SMS Verification Code,/system/sms-otp,select,Page Size,VISIBLE,READ_FILTER_OR_FORM_INPUT,REGISTERED_NOT_EXECUTED,Use current page input/filter/list state; capture field names and origins at execution,None for read interaction,"{""locator"": "".ant-layout-content .ant-select"", ""visible_text"": ""Page Size""}",0,fat-admin-page-initialization.json DOM snapshot,Requires explicit selector/action implementation before phase 3; no broad selector clicking
654,System,System,SMS Verification Code,/system/sms-otp,pagination,2,VISIBLE,READ_NAVIGATION_TO_VERIFY,REGISTERED_NOT_EXECUTED,Use current page input/filter/list state; capture field names and origins at execution,None for read interaction,"{""locator"": "".ant-pagination a, .ant-pagination button"", ""accessible_name"": ""2""}",0,fat-admin-page-initialization.json DOM snapshot,Requires explicit selector/action implementation before phase 3; no broad selector clicking
655,System,System,SMS Verification Code,/system/sms-otp,pagination,3,VISIBLE,READ_NAVIGATION_TO_VERIFY,REGISTERED_NOT_EXECUTED,Use current page input/filter/list state; capture field names and origins at execution,None for read interaction,"{""locator"": "".ant-pagination a, .ant-pagination button"", ""accessible_name"": ""3""}",0,fat-admin-page-initialization.json DOM snapshot,Requires explicit selector/action implementation before phase 3; no broad selector clicking
656,System,System,SMS Verification Code,/system/sms-otp,pagination,4,VISIBLE,READ_NAVIGATION_TO_VERIFY,REGISTERED_NOT_EXECUTED,Use current page input/filter/list state; capture field names and origins at execution,None for read interaction,"{""locator"": "".ant-pagination a, .ant-pagination button"", ""accessible_name"": ""4""}",0,fat-admin-page-initialization.json DOM snapshot,Requires explicit selector/action implementation before phase 3; no broad selector clicking
657,System,System,SMS Verification Code,/system/sms-otp,pagination,5,VISIBLE,READ_NAVIGATION_TO_VERIFY,REGISTERED_NOT_EXECUTED,Use current page input/filter/list state; capture field names and origins at execution,None for read interaction,"{""locator"": "".ant-pagination a, .ant-pagination button"", ""accessible_name"": ""5""}",0,fat-admin-page-initialization.json DOM snapshot,Requires explicit selector/action implementation before phase 3; no broad selector clicking
658,System,System,SMS Verification Code,/system/sms-otp,pagination,•••,VISIBLE,READ_NAVIGATION_TO_VERIFY,REGISTERED_NOT_EXECUTED,Use current page input/filter/list state; capture field names and origins at execution,None for read interaction,"{""locator"": "".ant-pagination a, .ant-pagination button"", ""accessible_name"": ""•••""}",0,fat-admin-page-initialization.json DOM snapshot,Requires explicit selector/action implementation before phase 3; no broad selector clicking
659,System,System,SMS Verification Code,/system/sms-otp,pagination,15,VISIBLE,READ_NAVIGATION_TO_VERIFY,REGISTERED_NOT_EXECUTED,Use current page input/filter/list state; capture field names and origins at execution,None for read interaction,"{""locator"": "".ant-pagination a, .ant-pagination button"", ""accessible_name"": ""15""}",0,fat-admin-page-initialization.json DOM snapshot,Requires explicit selector/action implementation before phase 3; no broad selector clicking
660,System,System,Bet Order Monitoring,/system/order-monitor,input,Start Date,INPUT,READ_FILTER_OR_FORM_INPUT,REGISTERED_NOT_EXECUTED,Use current page input/filter/list state; capture field names and origins at execution,None for read interaction,"{""locator"": ""input, textarea"", ""placeholder_or_name"": ""Start Date""}",0,fat-admin-page-initialization.json DOM snapshot,Requires explicit selector/action implementation before phase 3; no broad selector clicking
661,System,System,Bet Order Monitoring,/system/order-monitor,input,End Date,INPUT,READ_FILTER_OR_FORM_INPUT,REGISTERED_NOT_EXECUTED,Use current page input/filter/list state; capture field names and origins at execution,None for read interaction,"{""locator"": ""input, textarea"", ""placeholder_or_name"": ""End Date""}",0,fat-admin-page-initialization.json DOM snapshot,Requires explicit selector/action implementation before phase 3; no broad selector clicking
662,System,System,Bet Order Monitoring,/system/order-monitor,input,Page Size,INPUT,READ_FILTER_OR_FORM_INPUT,REGISTERED_NOT_EXECUTED,Use current page input/filter/list state; capture field names and origins at execution,None for read interaction,"{""locator"": ""input, textarea"", ""placeholder_or_name"": ""Page Size""}",0,fat-admin-page-initialization.json DOM snapshot,Requires explicit selector/action implementation before phase 3; no broad selector clicking
663,System,System,Bet Order Monitoring,/system/order-monitor,input,Page,INPUT,READ_FILTER_OR_FORM_INPUT,REGISTERED_NOT_EXECUTED,Use current page input/filter/list state; capture field names and origins at execution,None for read interaction,"{""locator"": ""input, textarea"", ""placeholder_or_name"": ""Page""}",0,fat-admin-page-initialization.json DOM snapshot,Requires explicit selector/action implementation before phase 3; no broad selector clicking
664,System,System,Bet Order Monitoring,/system/order-monitor,button,Reset,ENABLED,READ_INTERACTION,REGISTERED_NOT_EXECUTED,Use current page input/filter/list state; capture field names and origins at execution,None for read interaction,"{""role"": ""button"", ""name"": ""Reset"", ""exact"": true}",0,fat-admin-page-initialization.json DOM snapshot,Requires explicit selector/action implementation before phase 3; no broad selector clicking
665,System,System,Bet Order Monitoring,/system/order-monitor,button,Query,ENABLED,READ_INTERACTION,REGISTERED_NOT_EXECUTED,Use current page input/filter/list state; capture field names and origins at execution,None for read interaction,"{""role"": ""button"", ""name"": ""Query"", ""exact"": true}",0,fat-admin-page-initialization.json DOM snapshot,Requires explicit selector/action implementation before phase 3; no broad selector clicking
666,System,System,Bet Order Monitoring,/system/order-monitor,select,All,VISIBLE,READ_FILTER_OR_FORM_INPUT,REGISTERED_NOT_EXECUTED,Use current page input/filter/list state; capture field names and origins at execution,None for read interaction,"{""locator"": "".ant-layout-content .ant-select"", ""visible_text"": ""All""}",0,fat-admin-page-initialization.json DOM snapshot,Requires explicit selector/action implementation before phase 3; no broad selector clicking
667,System,System,Bet Order Monitoring,/system/order-monitor,select,Page Size,VISIBLE,READ_FILTER_OR_FORM_INPUT,REGISTERED_NOT_EXECUTED,Use current page input/filter/list state; capture field names and origins at execution,None for read interaction,"{""locator"": "".ant-layout-content .ant-select"", ""visible_text"": ""Page Size""}",0,fat-admin-page-initialization.json DOM snapshot,Requires explicit selector/action implementation before phase 3; no broad selector clicking
668,System,System,Bet Order Monitoring,/system/order-monitor,pagination,2,VISIBLE,READ_NAVIGATION_TO_VERIFY,REGISTERED_NOT_EXECUTED,Use current page input/filter/list state; capture field names and origins at execution,None for read interaction,"{""locator"": "".ant-pagination a, .ant-pagination button"", ""accessible_name"": ""2""}",0,fat-admin-page-initialization.json DOM snapshot,Requires explicit selector/action implementation before phase 3; no broad selector clicking
669,System,System,Bet Order Monitoring,/system/order-monitor,pagination,3,VISIBLE,READ_NAVIGATION_TO_VERIFY,REGISTERED_NOT_EXECUTED,Use current page input/filter/list state; capture field names and origins at execution,None for read interaction,"{""locator"": "".ant-pagination a, .ant-pagination button"", ""accessible_name"": ""3""}",0,fat-admin-page-initialization.json DOM snapshot,Requires explicit selector/action implementation before phase 3; no broad selector clicking
670,System,System,Bet Order Monitoring,/system/order-monitor,pagination,4,VISIBLE,READ_NAVIGATION_TO_VERIFY,REGISTERED_NOT_EXECUTED,Use current page input/filter/list state; capture field names and origins at execution,None for read interaction,"{""locator"": "".ant-pagination a, .ant-pagination button"", ""accessible_name"": ""4""}",0,fat-admin-page-initialization.json DOM snapshot,Requires explicit selector/action implementation before phase 3; no broad selector clicking
671,System,System,Whitelist,/whitelist/list,input,Please enter,INPUT,READ_FILTER_OR_FORM_INPUT,REGISTERED_NOT_EXECUTED,Use current page input/filter/list state; capture field names and origins at execution,None for read interaction,"{""locator"": ""input, textarea"", ""placeholder_or_name"": ""Please enter""}",0,fat-admin-page-initialization.json DOM snapshot,Requires explicit selector/action implementation before phase 3; no broad selector clicking
672,System,System,Whitelist,/whitelist/list,input,Please enter Maintained By,INPUT,READ_FILTER_OR_FORM_INPUT,REGISTERED_NOT_EXECUTED,Use current page input/filter/list state; capture field names and origins at execution,None for read interaction,"{""locator"": ""input, textarea"", ""placeholder_or_name"": ""Please enter Maintained By""}",0,fat-admin-page-initialization.json DOM snapshot,Requires explicit selector/action implementation before phase 3; no broad selector clicking
673,System,System,Whitelist,/whitelist/list,input,Please enter notes,INPUT,READ_FILTER_OR_FORM_INPUT,REGISTERED_NOT_EXECUTED,Use current page input/filter/list state; capture field names and origins at execution,None for read interaction,"{""locator"": ""input, textarea"", ""placeholder_or_name"": ""Please enter notes""}",0,fat-admin-page-initialization.json DOM snapshot,Requires explicit selector/action implementation before phase 3; no broad selector clicking
674,System,System,Whitelist,/whitelist/list,input,Start Date,INPUT,READ_FILTER_OR_FORM_INPUT,REGISTERED_NOT_EXECUTED,Use current page input/filter/list state; capture field names and origins at execution,None for read interaction,"{""locator"": ""input, textarea"", ""placeholder_or_name"": ""Start Date""}",0,fat-admin-page-initialization.json DOM snapshot,Requires explicit selector/action implementation before phase 3; no broad selector clicking
675,System,System,Whitelist,/whitelist/list,input,End Date,INPUT,READ_FILTER_OR_FORM_INPUT,REGISTERED_NOT_EXECUTED,Use current page input/filter/list state; capture field names and origins at execution,None for read interaction,"{""locator"": ""input, textarea"", ""placeholder_or_name"": ""End Date""}",0,fat-admin-page-initialization.json DOM snapshot,Requires explicit selector/action implementation before phase 3; no broad selector clicking
676,System,System,Whitelist,/whitelist/list,button,Reset,ENABLED,READ_INTERACTION,REGISTERED_NOT_EXECUTED,Use current page input/filter/list state; capture field names and origins at execution,None for read interaction,"{""role"": ""button"", ""name"": ""Reset"", ""exact"": true}",0,fat-admin-page-initialization.json DOM snapshot,Requires explicit selector/action implementation before phase 3; no broad selector clicking
677,System,System,Whitelist,/whitelist/list,button,Query,ENABLED,READ_INTERACTION,REGISTERED_NOT_EXECUTED,Use current page input/filter/list state; capture field names and origins at execution,None for read interaction,"{""role"": ""button"", ""name"": ""Query"", ""exact"": true}",0,fat-admin-page-initialization.json DOM snapshot,Requires explicit selector/action implementation before phase 3; no broad selector clicking
678,System,System,Whitelist,/whitelist/list,button,Add IP Pool,ENABLED,WRITE_REQUIRES_CURRENT_RUN_DATA,REGISTERED_NOT_EXECUTED,Use current page input/filter/list state; capture field names and origins at execution,Current-run-created or explicitly designated record only,"{""role"": ""button"", ""name"": ""Add IP Pool"", ""exact"": true}",0,fat-admin-page-initialization.json DOM snapshot,Requires explicit selector/action implementation before phase 3; no broad selector clicking
679,System,System,Whitelist,/whitelist/list,select,Please select Status,VISIBLE,READ_FILTER_OR_FORM_INPUT,REGISTERED_NOT_EXECUTED,Use current page input/filter/list state; capture field names and origins at execution,None for read interaction,"{""locator"": "".ant-layout-content .ant-select"", ""visible_text"": ""Please select Status""}",0,fat-admin-page-initialization.json DOM snapshot,Requires explicit selector/action implementation before phase 3; no broad selector clicking
