surface,top_menu,page_name,page_route,control_type,action_name,method,normalized_path,query_fields,path_fields,body_fields,header_fields,parameter_source,http_status,business_status,response_structure,auth_role,side_effect,before_state,after_state,original_category,original_name,original_source_file,classification,currently_used_by_ui,evidence,anomaly,blocked_scope
admin,Agent Management,Agency statistical report,/agency-management/agency-statistical,button,Export,,,,,,,No request captured,,,unverified,FAT admin authenticated browser session; exact role/permission mapping pending,No mutation observed,Page loaded,No request captured,,,,DOCUMENTED_UNVERIFIED,CONTROL_PRESENT_NO_REQUEST,"fat-admin-explicit-read-actions.json execution status=SKIPPED_NOT_ACTIONABLE; exact selector {""role"": ""button"", ""name"": ""Export"", ""exact"": true}",,Control was not actionable in the fresh page state
admin,Agent Management,Agency statistical report,/agency-management/agency-statistical,button,Query,GET,/admin/reports/agency,"end_time,field,page,page_size,sort,start_time",,,"accept,accept-language,client-id,client-version,d,lang,referer,sec-ch-ua,sec-ch-ua-mobile,sec-ch-ua-platform,t,user-agent,x-device-id",Query: current page filter/pagination; Header: authenticated browser session/runtime,200,True,"object; keys=a,d,t",FAT admin authenticated browser session; exact role/permission mapping pending,No mutation observed; registered low-risk interaction,Page reloaded and Network reached quiet state before action,Action response captured; no business mutation observed,admin/report,代理统计报表,后台/代理管理/代理统计报表.bru,ACTIVE,YES,"fat-admin-explicit-read-actions.json Network events 448; exact selector {""role"": ""button"", ""name"": ""Query"", ""exact"": true}",,
admin,Agent Management,Agency statistical report,/agency-management/agency-statistical,button,Reset,GET,/admin/reports/agency,"end_time,field,page,page_size,sort,start_time",,,"accept,accept-language,client-id,client-version,d,lang,referer,sec-ch-ua,sec-ch-ua-mobile,sec-ch-ua-platform,t,user-agent,x-device-id",Query: current page filter/pagination; Header: authenticated browser session/runtime,200,True,"object; keys=a,d,t",FAT admin authenticated browser session; exact role/permission mapping pending,No mutation observed; registered low-risk interaction,Page reloaded and Network reached quiet state before action,Action response captured; no business mutation observed,admin/report,代理统计报表,后台/代理管理/代理统计报表.bru,ACTIVE,YES,"fat-admin-explicit-read-actions.json Network events 430; exact selector {""role"": ""button"", ""name"": ""Reset"", ""exact"": true}",,
admin,Game,Betting Record,/game/bet-orders,button,Query,POST,/admin/record/game,,,,"accept,accept-language,client-id,client-version,content-type,d,lang,referer,sec-ch-ua,sec-ch-ua-mobile,sec-ch-ua-platform,t,user-agent,x-device-id",Header: authenticated browser session/runtime,200,True,null,FAT admin authenticated browser session; exact role/permission mapping pending,No mutation observed; registered low-risk interaction,Page reloaded and Network reached quiet state before action,Action response captured; no business mutation observed,,,,UNDOCUMENTED_ACTIVE,YES,"fat-admin-explicit-read-actions.json Network events 2143; exact selector {""role"": ""button"", ""name"": ""Query"", ""exact"": true}",,
admin,Game,Betting Record,/game/bet-orders,button,Reset,POST,/admin/record/game,,,,"accept,accept-language,client-id,client-version,content-type,d,lang,referer,sec-ch-ua,sec-ch-ua-mobile,sec-ch-ua-platform,t,user-agent,x-device-id",Header: authenticated browser session/runtime,200,True,null,FAT admin authenticated browser session; exact role/permission mapping pending,No mutation observed; registered low-risk interaction,Page reloaded and Network reached quiet state before action,Action response captured; no business mutation observed,,,,UNDOCUMENTED_ACTIVE,YES,"fat-admin-explicit-read-actions.json Network events 2126; exact selector {""role"": ""button"", ""name"": ""Reset"", ""exact"": true}",,
admin,Game,FS 派发管理,/gamev2/freespin-grants,button,Export CSV,,,,,,,No request captured,,,unverified,FAT admin authenticated browser session; exact role/permission mapping pending,No mutation observed,Page loaded,No request captured,,,,DOCUMENTED_UNVERIFIED,CONTROL_PRESENT_NO_REQUEST,"fat-admin-explicit-read-actions.json execution status=SKIPPED_NOT_ACTIONABLE; exact selector {""role"": ""button"", ""name"": ""Export CSV"", ""exact"": true}",,Control was not actionable in the fresh page state
admin,Game,FS 派发管理,/gamev2/freespin-grants,button,Reset,,,,,,,No request captured,,,unverified,FAT admin authenticated browser session; exact role/permission mapping pending,No mutation observed,Page loaded,No request captured,,,,DOCUMENTED_UNVERIFIED,CONTROL_PRESENT_NO_REQUEST,"fat-admin-explicit-read-actions.json execution status=SKIPPED_NOT_ACTIONABLE; exact selector {""role"": ""button"", ""name"": ""Reset"", ""exact"": true}",,Control was not actionable in the fresh page state
admin,Game,FS 派发管理,/gamev2/freespin-grants,button,Search,,,,,,,No request captured,,,unverified,FAT admin authenticated browser session; exact role/permission mapping pending,No mutation observed,Page loaded,No request captured,,,,DOCUMENTED_UNVERIFIED,CONTROL_PRESENT_NO_REQUEST,"fat-admin-explicit-read-actions.json execution status=SKIPPED_NOT_ACTIONABLE; exact selector {""role"": ""button"", ""name"": ""Search"", ""exact"": true}",,Control was not actionable in the fresh page state
admin,Game,FS 批量派发纪录,/gamev2/freespin-import-logs,button,Reset,,,,,,,No request captured,,,unverified,FAT admin authenticated browser session; exact role/permission mapping pending,No mutation observed,Page loaded,No request captured,,,,DOCUMENTED_UNVERIFIED,CONTROL_PRESENT_NO_REQUEST,"fat-admin-explicit-read-actions.json execution status=SKIPPED_NOT_ACTIONABLE; exact selector {""role"": ""button"", ""name"": ""Reset"", ""exact"": true}",,Control was not actionable in the fresh page state
admin,Game,FS 批量派发纪录,/gamev2/freespin-import-logs,button,Search,,,,,,,No request captured,,,unverified,FAT admin authenticated browser session; exact role/permission mapping pending,No mutation observed,Page loaded,No request captured,,,,DOCUMENTED_UNVERIFIED,CONTROL_PRESENT_NO_REQUEST,"fat-admin-explicit-read-actions.json execution status=SKIPPED_NOT_ACTIONABLE; exact selector {""role"": ""button"", ""name"": ""Search"", ""exact"": true}",,Control was not actionable in the fresh page state
admin,Game,Game List Management,/gamev2/game-management,button,Export,,,,,,,No request captured,,,unverified,FAT admin authenticated browser session; exact role/permission mapping pending,No mutation observed,Page loaded,No request captured,,,,DOCUMENTED_UNVERIFIED,CONTROL_PRESENT_NO_REQUEST,"fat-admin-explicit-read-actions.json execution status=SKIPPED_NOT_ACTIONABLE; exact selector {""role"": ""button"", ""name"": ""Export"", ""exact"": true}",,Control was not actionable in the fresh page state
admin,Game,Game List Management,/gamev2/game-management,button,Query,POST,/admin/game/search,,,,"accept,accept-language,client-id,client-version,content-type,d,lang,referer,sec-ch-ua,sec-ch-ua-mobile,sec-ch-ua-platform,t,user-agent,x-device-id",Header: authenticated browser session/runtime,200,True,"object; keys=ids,list,page,page_size,s,t",FAT admin authenticated browser session; exact role/permission mapping pending,No mutation observed; registered low-risk interaction,Page reloaded and Network reached quiet state before action,Action response captured; no business mutation observed,admin/game,+游戏列表查询-owen-aliang,后台/game管理/游戏管理/+游戏列表查询-owen-aliang.bru,ACTIVE,YES,"fat-admin-explicit-read-actions.json Network events 2266; exact selector {""role"": ""button"", ""name"": ""Query"", ""exact"": true}",,
admin,Game,Game List Management,/gamev2/game-management,button,Reset,POST,/admin/game/dicttypetag/list,,,,"accept,accept-language,client-id,client-version,content-type,d,lang,referer,sec-ch-ua,sec-ch-ua-mobile,sec-ch-ua-platform,t,user-agent,x-device-id",Header: authenticated browser session/runtime,200,True,"object; keys=list,page,page_size,s,t",FAT admin authenticated browser session; exact role/permission mapping pending,No mutation observed; registered low-risk interaction,Page reloaded and Network reached quiet state before action,Action response captured; no business mutation observed,admin/game,+获取 <类型标签> 列表-owen,后台/game管理/游戏管理/+获取 -类型标签- 列表-owen.bru,ACTIVE,YES,"fat-admin-explicit-read-actions.json Network events 2241; exact selector {""role"": ""button"", ""name"": ""Reset"", ""exact"": true}",,
admin,Game,Game List Management,/gamev2/game-management,button,Reset,POST,/admin/game/dictweighttag/list,,,,"accept,accept-language,client-id,client-version,content-type,d,lang,referer,sec-ch-ua,sec-ch-ua-mobile,sec-ch-ua-platform,t,user-agent,x-device-id",Header: authenticated browser session/runtime,200,True,"object; keys=list,page,page_size,s,t",FAT admin authenticated browser session; exact role/permission mapping pending,No mutation observed; registered low-risk interaction,Page reloaded and Network reached quiet state before action,Action response captured; no business mutation observed,admin/game,+获取 <权重标签> 列表-owen,后台/game管理/游戏管理/+获取 -权重标签- 列表-owen.bru,ACTIVE,YES,"fat-admin-explicit-read-actions.json Network events 2240; exact selector {""role"": ""button"", ""name"": ""Reset"", ""exact"": true}",,
admin,Game,Game List Management,/gamev2/game-management,button,Reset,POST,/admin/game/search,,,,"accept,accept-language,client-id,client-version,content-type,d,lang,referer,sec-ch-ua,sec-ch-ua-mobile,sec-ch-ua-platform,t,user-agent,x-device-id",Header: authenticated browser session/runtime,200,True,"object; keys=ids,list,page,page_size,s,t",FAT admin authenticated browser session; exact role/permission mapping pending,No mutation observed; registered low-risk interaction,Page reloaded and Network reached quiet state before action,Action response captured; no business mutation observed,admin/game,+游戏列表查询-owen-aliang,后台/game管理/游戏管理/+游戏列表查询-owen-aliang.bru,ACTIVE,YES,"fat-admin-explicit-read-actions.json Network events 2244; exact selector {""role"": ""button"", ""name"": ""Reset"", ""exact"": true}",,
admin,Game,Game List Management,/gamev2/game-management,button,Reset,POST,/admin/gameclass/list,,,,"accept,accept-language,client-id,client-version,content-type,d,lang,referer,sec-ch-ua,sec-ch-ua-mobile,sec-ch-ua-platform,t,user-agent,x-device-id",Header: authenticated browser session/runtime,200,True,"object; keys=list,page,page_size,s,t",FAT admin authenticated browser session; exact role/permission mapping pending,No mutation observed; registered low-risk interaction,Page reloaded and Network reached quiet state before action,Action response captured; no business mutation observed,admin/game,+查询场馆列表-owen,后台/game管理/场馆管理/+查询场馆列表-owen.bru,ACTIVE,YES,"fat-admin-explicit-read-actions.json Network events 2242; exact selector {""role"": ""button"", ""name"": ""Reset"", ""exact"": true}",,
admin,Game,Game List Management,/gamev2/game-management,button,Reset,POST,/admin/platform/search,,,,"accept,accept-language,client-id,client-version,content-type,d,lang,referer,sec-ch-ua,sec-ch-ua-mobile,sec-ch-ua-platform,t,user-agent,x-device-id",Header: authenticated browser session/runtime,200,True,"object; keys=list,page,page_size,s,t",FAT admin authenticated browser session; exact role/permission mapping pending,No mutation observed; registered low-risk interaction,Page reloaded and Network reached quiet state before action,Action response captured; no business mutation observed,admin/game,+查询厂商列表-owen,后台/game管理/厂商管理/+查询厂商列表-owen.bru,ACTIVE,YES,"fat-admin-explicit-read-actions.json Network events 2243; exact selector {""role"": ""button"", ""name"": ""Reset"", ""exact"": true}",,
admin,Game,Provider Management,/gamev2/manufacturer-management,button,Query,POST,/admin/platform/search,,,,"accept,accept-language,client-id,client-version,content-type,d,lang,referer,sec-ch-ua,sec-ch-ua-mobile,sec-ch-ua-platform,t,user-agent,x-device-id",Header: authenticated browser session/runtime,200,True,"object; keys=list,page,page_size,s,t",FAT admin authenticated browser session; exact role/permission mapping pending,No mutation observed; registered low-risk interaction,Page reloaded and Network reached quiet state before action,Action response captured; no business mutation observed,admin/game,+查询厂商列表-owen,后台/game管理/厂商管理/+查询厂商列表-owen.bru,ACTIVE,YES,"fat-admin-explicit-read-actions.json Network events 2218; exact selector {""role"": ""button"", ""name"": ""Query"", ""exact"": true}",,
admin,Game,Provider Management,/gamev2/manufacturer-management,button,Reset,POST,/admin/game/dicttypetag/list,,,,"accept,accept-language,client-id,client-version,content-type,d,lang,referer,sec-ch-ua,sec-ch-ua-mobile,sec-ch-ua-platform,t,user-agent,x-device-id",Header: authenticated browser session/runtime,200,True,"object; keys=list,page,page_size,s,t",FAT admin authenticated browser session; exact role/permission mapping pending,No mutation observed; registered low-risk interaction,Page reloaded and Network reached quiet state before action,Action response captured; no business mutation observed,admin/game,+获取 <类型标签> 列表-owen,后台/game管理/游戏管理/+获取 -类型标签- 列表-owen.bru,ACTIVE,YES,"fat-admin-explicit-read-actions.json Network events 2198; exact selector {""role"": ""button"", ""name"": ""Reset"", ""exact"": true}",,
admin,Game,Provider Management,/gamev2/manufacturer-management,button,Reset,POST,/admin/platform/search,,,,"accept,accept-language,client-id,client-version,content-type,d,lang,referer,sec-ch-ua,sec-ch-ua-mobile,sec-ch-ua-platform,t,user-agent,x-device-id",Header: authenticated browser session/runtime,200,True,"object; keys=list,page,page_size,s,t",FAT admin authenticated browser session; exact role/permission mapping pending,No mutation observed; registered low-risk interaction,Page reloaded and Network reached quiet state before action,Action response captured; no business mutation observed,admin/game,+查询厂商列表-owen,后台/game管理/厂商管理/+查询厂商列表-owen.bru,ACTIVE,YES,"fat-admin-explicit-read-actions.json Network events 2199; exact selector {""role"": ""button"", ""name"": ""Reset"", ""exact"": true}",,
admin,Game,Venue Management,/gamev2/venue-settings,button,Query,POST,/admin/gameclass/list,,,,"accept,accept-language,client-id,client-version,content-type,d,lang,referer,sec-ch-ua,sec-ch-ua-mobile,sec-ch-ua-platform,t,user-agent,x-device-id",Header: authenticated browser session/runtime,200,True,"object; keys=list,page,page_size,s,t",FAT admin authenticated browser session; exact role/permission mapping pending,No mutation observed; registered low-risk interaction,Page reloaded and Network reached quiet state before action,Action response captured; no business mutation observed,admin/game,+查询场馆列表-owen,后台/game管理/场馆管理/+查询场馆列表-owen.bru,ACTIVE,YES,"fat-admin-explicit-read-actions.json Network events 2179; exact selector {""role"": ""button"", ""name"": ""Query"", ""exact"": true}",,
admin,Game,Venue Management,/gamev2/venue-settings,button,Reset,POST,/admin/gameclass/list,,,,"accept,accept-language,client-id,client-version,content-type,d,lang,referer,sec-ch-ua,sec-ch-ua-mobile,sec-ch-ua-platform,t,user-agent,x-device-id",Header: authenticated browser session/runtime,200,True,"object; keys=list,page,page_size,s,t",FAT admin authenticated browser session; exact role/permission mapping pending,No mutation observed; registered low-risk interaction,Page reloaded and Network reached quiet state before action,Action response captured; no business mutation observed,admin/game,+查询场馆列表-owen,后台/game管理/场馆管理/+查询场馆列表-owen.bru,ACTIVE,YES,"fat-admin-explicit-read-actions.json Network events 2161; exact selector {""role"": ""button"", ""name"": ""Reset"", ""exact"": true}",,
admin,Home,Home,/home,button,Reset,GET,/admin/reports/bi/basic,report_type,,,"accept,accept-language,client-id,client-version,d,lang,referer,sec-ch-ua,sec-ch-ua-mobile,sec-ch-ua-platform,t,user-agent,x-device-id",Query: current page filter/pagination; Header: authenticated browser session/runtime,200,True,"object; keys=arppu,arpu,balance,bets_deposit,bets_people,deposit_amount,deposit_people,dw_diff,ebingo_ggr,first_deposit,first_deposit_amount,game_ggr,ggr,injection_rate,login_count,new_deposit,new_deposit_amount,refill_deposit,refill_deposit_amount,reg_count,report_type,sports_ggr,valid_bet_amount,withdraw_amount,withdraw_people,ws_ggr",FAT admin authenticated browser session; exact role/permission mapping pending,No mutation observed; registered low-risk interaction,Page reloaded and Network reached quiet state before action,Action response captured; no business mutation observed,admin/report,首页BI,后台/报表/首页BI.bru,ACTIVE,YES,"fat-admin-explicit-read-actions.json Network events 31; exact selector {""role"": ""button"", ""name"": ""Reset"", ""exact"": true}",,
admin,Home,Home,/home,button,Search,GET,/admin/reports/bi/basic,report_type,,,"accept,accept-language,client-id,client-version,d,lang,referer,sec-ch-ua,sec-ch-ua-mobile,sec-ch-ua-platform,t,user-agent,x-device-id",Query: current page filter/pagination; Header: authenticated browser session/runtime,200,True,"object; keys=arppu,arpu,balance,bets_deposit,bets_people,deposit_amount,deposit_people,dw_diff,ebingo_ggr,first_deposit,first_deposit_amount,game_ggr,ggr,injection_rate,login_count,new_deposit,new_deposit_amount,refill_deposit,refill_deposit_amount,reg_count,report_type,sports_ggr,valid_bet_amount,withdraw_amount,withdraw_people,ws_ggr",FAT admin authenticated browser session; exact role/permission mapping pending,No mutation observed; registered low-risk interaction,Page reloaded and Network reached quiet state before action,Action response captured; no business mutation observed,admin/report,首页BI,后台/报表/首页BI.bru,ACTIVE,YES,"fat-admin-explicit-read-actions.json Network events 50; exact selector {""role"": ""button"", ""name"": ""Search"", ""exact"": true}",,
admin,KYC,KYC,/kyc,button,Query,POST,/admin/kyc/list,,,,"accept,accept-language,client-id,client-version,content-type,d,lang,referer,sec-ch-ua,sec-ch-ua-mobile,sec-ch-ua-platform,t,user-agent,x-device-id",Header: authenticated browser session/runtime,200,True,"object; keys=d,s,t",FAT admin authenticated browser session; exact role/permission mapping pending,No mutation observed; registered low-risk interaction,Page reloaded and Network reached quiet state before action,Action response captured; no business mutation observed,admin/kyc,获取 kyc 列表 - double/owen,后台/kyc/获取 kyc 列表 - double-owen.bru,ACTIVE,YES,"fat-admin-explicit-read-actions.json Network events 88; exact selector {""role"": ""button"", ""name"": ""Query"", ""exact"": true}",,
admin,KYC,KYC,/kyc,button,Reset,POST,/admin/kyc/list,,,,"accept,accept-language,client-id,client-version,content-type,d,lang,referer,sec-ch-ua,sec-ch-ua-mobile,sec-ch-ua-platform,t,user-agent,x-device-id",Header: authenticated browser session/runtime,200,True,"object; keys=d,s,t",FAT admin authenticated browser session; exact role/permission mapping pending,No mutation observed; registered low-risk interaction,Page reloaded and Network reached quiet state before action,Action response captured; no business mutation observed,admin/kyc,获取 kyc 列表 - double/owen,后台/kyc/获取 kyc 列表 - double-owen.bru,ACTIVE,YES,"fat-admin-explicit-read-actions.json Network events 69; exact selector {""role"": ""button"", ""name"": ""Reset"", ""exact"": true}",,
admin,Logs,Logs,/logs/list,button,Export,,,,,,,No request captured,,,unverified,FAT admin authenticated browser session; exact role/permission mapping pending,No mutation observed,Page loaded,No request captured,,,,DOCUMENTED_UNVERIFIED,CONTROL_PRESENT_NO_REQUEST,"fat-admin-explicit-read-actions.json execution status=SKIPPED_NOT_ACTIONABLE; exact selector {""role"": ""button"", ""name"": ""Export"", ""exact"": true}",,Control was not actionable in the fresh page state
admin,Logs,Logs,/logs/list,button,Query,GET,/admin/log/list,"end_time,page,page_size,start_time",,,"accept,accept-language,client-id,client-version,d,lang,referer,sec-ch-ua,sec-ch-ua-mobile,sec-ch-ua-platform,t,user-agent,x-device-id",Query: current page filter/pagination; Header: authenticated browser session/runtime,200,True,"object; keys=d,s,t",FAT admin authenticated browser session; exact role/permission mapping pending,No mutation observed; registered low-risk interaction,Page reloaded and Network reached quiet state before action,Action response captured; no business mutation observed,admin/other,操作日志,代理管理后台/系统/操作日志.bru,ACTIVE,YES,"fat-admin-explicit-read-actions.json Network events 124; exact selector {""role"": ""button"", ""name"": ""Query"", ""exact"": true}",,
admin,Logs,Logs,/logs/list,button,Reset,GET,/admin/log/list,"end_time,page,page_size,start_time",,,"accept,accept-language,client-id,client-version,d,lang,referer,sec-ch-ua,sec-ch-ua-mobile,sec-ch-ua-platform,t,user-agent,x-device-id",Query: current page filter/pagination; Header: authenticated browser session/runtime,200,True,"object; keys=d,s,t",FAT admin authenticated browser session; exact role/permission mapping pending,No mutation observed; registered low-risk interaction,Page reloaded and Network reached quiet state before action,Action response captured; no business mutation observed,admin/other,操作日志,代理管理后台/系统/操作日志.bru,ACTIVE,YES,"fat-admin-explicit-read-actions.json Network events 106; exact selector {""role"": ""button"", ""name"": ""Reset"", ""exact"": true}",,
admin,Member Management,Member,/member-center/list,button,Batch query,,,,,,,No request captured,,,unverified,FAT admin authenticated browser session; exact role/permission mapping pending,No mutation observed,Page loaded,No request captured,,,,DOCUMENTED_UNVERIFIED,CONTROL_PRESENT_NO_REQUEST,"fat-admin-explicit-read-actions.json execution status=SKIPPED_NOT_ACTIONABLE; exact selector {""role"": ""button"", ""name"": ""Batch query"", ""exact"": true}",,Control was not actionable in the fresh page state
admin,Member Management,Member,/member-center/list,button,Export,,,,,,,No request captured,,,unverified,FAT admin authenticated browser session; exact role/permission mapping pending,No mutation observed,Page loaded,No request captured,,,,DOCUMENTED_UNVERIFIED,CONTROL_PRESENT_NO_REQUEST,"fat-admin-explicit-read-actions.json execution status=SKIPPED_NOT_ACTIONABLE; exact selector {""role"": ""button"", ""name"": ""Export"", ""exact"": true}",,Control was not actionable in the fresh page state
admin,Member Management,Member,/member-center/list,button,Query,POST,/admin/member/list,,,"end_time,page,page_size,start_time","accept,accept-language,client-id,client-version,content-type,d,lang,referer,sec-ch-ua,sec-ch-ua-mobile,sec-ch-ua-platform,t,user-agent,x-device-id",Body: current page form/filter and UI defaults; Header: authenticated browser session/runtime,200,True,"object; keys=d,page,page_size,summary,t",FAT admin authenticated browser session; exact role/permission mapping pending,No mutation observed; registered low-risk interaction,Page reloaded and Network reached quiet state before action,Action response captured; no business mutation observed,,,,UNDOCUMENTED_ACTIVE,YES,"fat-admin-explicit-read-actions.json Network events 198; exact selector {""role"": ""button"", ""name"": ""Query"", ""exact"": true}",,
admin,Member Management,Member,/member-center/list,button,Reset,GET,/admin/channel/manage/dict,,,,"accept,accept-language,client-id,client-version,d,lang,referer,sec-ch-ua,sec-ch-ua-mobile,sec-ch-ua-platform,t,user-agent,x-device-id",Header: authenticated browser session/runtime,200,True,list,FAT admin authenticated browser session; exact role/permission mapping pending,No mutation observed; registered low-risk interaction,Page reloaded and Network reached quiet state before action,Action response captured; no business mutation observed,admin/other,渠道管理字典-todo,后台/运营管理/推广管理/渠道管理/渠道管理字典-todo.bru,ACTIVE,YES,"fat-admin-explicit-read-actions.json Network events 178; exact selector {""role"": ""button"", ""name"": ""Reset"", ""exact"": true}",,
admin,Member Management,Member,/member-center/list,button,Reset,POST,/admin/member/list,,,"end_time,page,page_size,start_time","accept,accept-language,client-id,client-version,content-type,d,lang,referer,sec-ch-ua,sec-ch-ua-mobile,sec-ch-ua-platform,t,user-agent,x-device-id",Body: current page form/filter and UI defaults; Header: authenticated browser session/runtime,200,True,"object; keys=d,page,page_size,summary,t",FAT admin authenticated browser session; exact role/permission mapping pending,No mutation observed; registered low-risk interaction,Page reloaded and Network reached quiet state before action,Action response captured; no business mutation observed,,,,UNDOCUMENTED_ACTIVE,YES,"fat-admin-explicit-read-actions.json Network events 179; exact selector {""role"": ""button"", ""name"": ""Reset"", ""exact"": true}",,
admin,Member Management,Member,/member-center/list,button,View Details,GET,/admin/finance/member/wallet,uid,,,"accept,accept-language,client-id,client-version,d,lang,referer,sec-ch-ua,sec-ch-ua-mobile,sec-ch-ua-platform,t,user-agent,x-device-id",Query: current page filter/pagination; Header: authenticated browser session/runtime,200,True,"object; keys=balance,locked,uid,withdrawable",FAT admin authenticated browser session; exact role/permission mapping pending,No mutation observed; registered low-risk interaction,Page reloaded and Network reached quiet state before action,Action response captured; no business mutation observed,admin/finance,会员钱包 - wesley,后台/会员列表/会员钱包 - wesley.bru,ACTIVE,YES,"fat-admin-explicit-read-actions.json Network events 237; exact selector {""role"": ""button"", ""name"": ""View Details"", ""exact"": true}",,
admin,Member Management,Member,/member-center/list,button,View Details,GET,/admin/kyc/detail,uid,,,"accept,accept-language,client-id,client-version,d,lang,referer,sec-ch-ua,sec-ch-ua-mobile,sec-ch-ua-platform,t,user-agent,x-device-id",Query: current page filter/pagination; Header: authenticated browser session/runtime,200,True,"object; keys=attachments,birthday,blacklist_status,comment,country_code,created_at,current_address,external_information,extra_details,first_name,gender,id_number,id_type,issue,issue_fields,issue_msg,kyc_status,last_name,member,middle_name,nationality,nature_of_work,nearest_branch,occupation,ocr,ocr_result,ocr_status,permanent_address,phone,place_of_birth,review_times,reviewer,same_uids,same_uids_count,sid,signature_id,source_of_income,status,tokens,uid,updated_at,user_message,version",FAT admin authenticated browser session; exact role/permission mapping pending,No mutation observed; registered low-risk interaction,Page reloaded and Network reached quiet state before action,Action response captured; no business mutation observed,admin/kyc,获取 kyc 详情 - double,后台/kyc/获取 kyc 详情 - double.bru,ACTIVE,YES,"fat-admin-explicit-read-actions.json Network events 235; exact selector {""role"": ""button"", ""name"": ""View Details"", ""exact"": true}",,
admin,Member Management,Member,/member-center/list,button,View Details,GET,/admin/member/detail,uid,,,"accept,accept-language,client-id,client-version,d,lang,referer,sec-ch-ua,sec-ch-ua-mobile,sec-ch-ua-platform,t,user-agent,x-device-id",Query: current page filter/pagination; Header: authenticated browser session/runtime,200,True,"object; keys=activity_gift,agent_opened_at,agent_settle_type,associated_parties,available_balance,available_coin,avatar,balance,banned_state,bet_amount,bet_count,betting_turnover,block_state,buy_feature_finished,change_count,channel_name,created_at,created_note,currency_type,customer_channels,deposit_amount,deposit_count,deposit_multiple,deposit_multiple_type,difference,direct_referral_count,email,gender,ggr,has_login_password,indirect_referral_count,is_agent,last_changed_at,last_login_at,last_login_device,left_turnover,left_turnover_count,locked,nickname,note,parent_uid,phone,platform_deposit_multiple,referral_code,risk_level,risk_tag,sid,source,status,store_name,tags,tester,third_party_name,third_party_ty,tokens_balance,total_up,uid,unavailable_balance,updated_at,upline_count,username,version,vip_category,vip_level,vip_manual_level,vip_score,visit_count,wallet,win_amount,withdraw_method,withdrawable_balance,withdrawal_amount,withdrawal_count,xp",FAT admin authenticated browser session; exact role/permission mapping pending,No mutation observed; registered low-risk interaction,Page reloaded and Network reached quiet state before action,Action response captured; no business mutation observed,admin/member,会员详情 - seven/double,后台/会员列表/会员详情 - seven-double.bru,ACTIVE,YES,"fat-admin-explicit-read-actions.json Network events 238; exact selector {""role"": ""button"", ""name"": ""View Details"", ""exact"": true}",,
admin,Member Management,Member,/member-center/list,button,View Details,GET,/admin/priv/check,path,,,"accept,accept-language,client-id,client-version,d,lang,referer,sec-ch-ua,sec-ch-ua-mobile,sec-ch-ua-platform,t,user-agent,x-device-id",Query: current page filter/pagination; Header: authenticated browser session/runtime,200,True,object; keys=rights,FAT admin authenticated browser session; exact role/permission mapping pending,No mutation observed; registered low-risk interaction,Page reloaded and Network reached quiet state before action,Action response captured; no business mutation observed,admin/permission,权限检查,后台/系统管理/权限管理/权限检查.bru,ACTIVE,YES,"fat-admin-explicit-read-actions.json Network events 236; exact selector {""role"": ""button"", ""name"": ""View Details"", ""exact"": true}",,
admin,Member Management,Inviter Transfer Records,/member-management/inviter-transfer-records,button,Export,,,,,,,No request captured,,,unverified,FAT admin authenticated browser session; exact role/permission mapping pending,No mutation observed,Page loaded,No request captured,,,,DOCUMENTED_UNVERIFIED,CONTROL_PRESENT_NO_REQUEST,"fat-admin-explicit-read-actions.json execution status=SKIPPED_NOT_ACTIONABLE; exact selector {""role"": ""button"", ""name"": ""Export"", ""exact"": true}",,Control was not actionable in the fresh page state
admin,Member Management,Inviter Transfer Records,/member-management/inviter-transfer-records,button,Query,GET,/admin/promo/invite/friends/transfer/list,"page,page_size",,,"accept,accept-language,client-id,client-version,d,lang,referer,sec-ch-ua,sec-ch-ua-mobile,sec-ch-ua-platform,t,user-agent,x-device-id",Query: current page filter/pagination; Header: authenticated browser session/runtime,200,True,"object; keys=d,t",FAT admin authenticated browser session; exact role/permission mapping pending,No mutation observed; registered low-risk interaction,Page reloaded and Network reached quiet state before action,Action response captured; no business mutation observed,admin/promo,好友转线列表,后台/运营管理/邀请好友/好友转线列表.bru,ACTIVE,YES,"fat-admin-explicit-read-actions.json Network events 395; exact selector {""role"": ""button"", ""name"": ""Query"", ""exact"": true}",,
admin,Member Management,Inviter Transfer Records,/member-management/inviter-transfer-records,button,Reset,GET,/admin/promo/invite/friends/transfer/list,"page,page_size",,,"accept,accept-language,client-id,client-version,d,lang,referer,sec-ch-ua,sec-ch-ua-mobile,sec-ch-ua-platform,t,user-agent,x-device-id",Query: current page filter/pagination; Header: authenticated browser session/runtime,200,True,"object; keys=d,t",FAT admin authenticated browser session; exact role/permission mapping pending,No mutation observed; registered low-risk interaction,Page reloaded and Network reached quiet state before action,Action response captured; no business mutation observed,admin/promo,好友转线列表,后台/运营管理/邀请好友/好友转线列表.bru,ACTIVE,YES,"fat-admin-explicit-read-actions.json Network events 377; exact selector {""role"": ""button"", ""name"": ""Reset"", ""exact"": true}",,
admin,Member Management,VIP Check-in Log,/member-management/vip-checkin-log,button,Export,,,,,,,No request captured,,,unverified,FAT admin authenticated browser session; exact role/permission mapping pending,No mutation observed,Page loaded,No request captured,,,,DOCUMENTED_UNVERIFIED,CONTROL_PRESENT_NO_REQUEST,"fat-admin-explicit-read-actions.json execution status=SKIPPED_NOT_ACTIONABLE; exact selector {""role"": ""button"", ""name"": ""Export"", ""exact"": true}",,Control was not actionable in the fresh page state
admin,Member Management,VIP Check-in Log,/member-management/vip-checkin-log,button,Query,GET,/admin/promo/vip/sign/in/list,"end_time,page,page_size,start_time",,,"accept,accept-language,client-id,client-version,d,lang,referer,sec-ch-ua,sec-ch-ua-mobile,sec-ch-ua-platform,t,user-agent,x-device-id",Query: current page filter/pagination; Header: authenticated browser session/runtime,200,True,"object; keys=a,d,t",FAT admin authenticated browser session; exact role/permission mapping pending,No mutation observed; registered low-risk interaction,Page reloaded and Network reached quiet state before action,Action response captured; no business mutation observed,admin/promo,每日签到列表,后台/Vipv2/每日签到列表.bru,ACTIVE,YES,"fat-admin-explicit-read-actions.json Network events 342; exact selector {""role"": ""button"", ""name"": ""Query"", ""exact"": true}",,
admin,Member Management,VIP Check-in Log,/member-management/vip-checkin-log,button,Reset,GET,/admin/promo/vip/sign/in/list,"end_time,page,page_size,start_time",,,"accept,accept-language,client-id,client-version,d,lang,referer,sec-ch-ua,sec-ch-ua-mobile,sec-ch-ua-platform,t,user-agent,x-device-id",Query: current page filter/pagination; Header: authenticated browser session/runtime,200,True,"object; keys=a,d,t",FAT admin authenticated browser session; exact role/permission mapping pending,No mutation observed; registered low-risk interaction,Page reloaded and Network reached quiet state before action,Action response captured; no business mutation observed,admin/promo,每日签到列表,后台/Vipv2/每日签到列表.bru,ACTIVE,YES,"fat-admin-explicit-read-actions.json Network events 324; exact selector {""role"": ""button"", ""name"": ""Reset"", ""exact"": true}",,
admin,Member Management,VIP Config,/member-management/vip-config,button,System Overview,,,,,,,No request captured,,,unverified,FAT admin authenticated browser session; exact role/permission mapping pending,No mutation observed,Page loaded,No request captured,,,,DOCUMENTED_UNVERIFIED,CONTROL_PRESENT_NO_REQUEST,"fat-admin-explicit-read-actions.json execution status=SKIPPED_NOT_ACTIONABLE; exact selector {""role"": ""button"", ""name"": ""System Overview"", ""exact"": true}",,Control was not actionable in the fresh page state
admin,Member Management,VIP Rewards,/member-management/vip-rewards,button,Export Excel,,,,,,,No request captured,,,unverified,FAT admin authenticated browser session; exact role/permission mapping pending,No mutation observed,Page loaded,No request captured,,,,DOCUMENTED_UNVERIFIED,CONTROL_PRESENT_NO_REQUEST,"fat-admin-explicit-read-actions.json execution status=SKIPPED_NOT_ACTIONABLE; exact selector {""role"": ""button"", ""name"": ""Export Excel"", ""exact"": true}",,Control was not actionable in the fresh page state
admin,Member Management,VIP Rewards,/member-management/vip-rewards,button,Reset,,,,,,,No request captured,,,unverified,FAT admin authenticated browser session; exact role/permission mapping pending,No mutation observed,Page loaded,No request captured,,,,DOCUMENTED_UNVERIFIED,CONTROL_PRESENT_NO_REQUEST,"fat-admin-explicit-read-actions.json execution status=SKIPPED_NOT_ACTIONABLE; exact selector {""role"": ""button"", ""name"": ""Reset"", ""exact"": true}",,Control was not actionable in the fresh page state
admin,Member Management,VIP Rewards,/member-management/vip-rewards,button,Search,,,,,,,No request captured,,,unverified,FAT admin authenticated browser session; exact role/permission mapping pending,No mutation observed,Page loaded,No request captured,,,,DOCUMENTED_UNVERIFIED,CONTROL_PRESENT_NO_REQUEST,"fat-admin-explicit-read-actions.json execution status=SKIPPED_NOT_ACTIONABLE; exact selector {""role"": ""button"", ""name"": ""Search"", ""exact"": true}",,Control was not actionable in the fresh page state
admin,Operation Management,Promotion Spend Audit,/operations/activity-expenditure-audit,button,Export,,,,,,,No request captured,,,unverified,FAT admin authenticated browser session; exact role/permission mapping pending,No mutation observed,Page loaded,No request captured,,,,DOCUMENTED_UNVERIFIED,CONTROL_PRESENT_NO_REQUEST,"fat-admin-explicit-read-actions.json execution status=SKIPPED_NOT_ACTIONABLE; exact selector {""role"": ""button"", ""name"": ""Export"", ""exact"": true}",,Control was not actionable in the fresh page state
admin,Operation Management,Promotion Spend Audit,/operations/activity-expenditure-audit,button,Query,GET,/admin/bonus/review/list,"created_end_at,created_start_at,page,page_size",,,"accept,accept-language,client-id,client-version,d,lang,referer,sec-ch-ua,sec-ch-ua-mobile,sec-ch-ua-platform,t,user-agent,x-device-id",Query: current page filter/pagination; Header: authenticated browser session/runtime,200,True,"object; keys=d,t",FAT admin authenticated browser session; exact role/permission mapping pending,No mutation observed; registered low-risk interaction,Page reloaded and Network reached quiet state before action,Action response captured; no business mutation observed,admin/other,待审订单列表 - felix.bru,后台/礼金/待审订单列表 - felix.bru,ACTIVE,YES,"fat-admin-explicit-read-actions.json Network events 1346; exact selector {""role"": ""button"", ""name"": ""Query"", ""exact"": true}",,
admin,Operation Management,Promotion Spend Audit,/operations/activity-expenditure-audit,button,Query,GET,/admin/notify/audit/alarm,t,,,"accept,accept-language,client-id,client-version,d,lang,referer,sec-ch-ua,sec-ch-ua-mobile,sec-ch-ua-platform,t,user-agent,x-device-id",Query: current page filter/pagination; Header: authenticated browser session/runtime,200,True,"object; keys=bonus_review_pending,feedback_pending,kyc_pending,mall_order_pending,withdraw_pending",FAT admin authenticated browser session; exact role/permission mapping pending,No mutation observed; registered low-risk interaction,Page reloaded and Network reached quiet state before action,Action response captured; no business mutation observed,admin/other,获取系统通知数量-wesley/owen,后台/系统管理/通知中心/获取系统通知数量-wesley-owen.bru,ACTIVE,YES,"fat-admin-explicit-read-actions.json Network events 1345; exact selector {""role"": ""button"", ""name"": ""Query"", ""exact"": true}",,
admin,Operation Management,Promotion Spend Audit,/operations/activity-expenditure-audit,button,Reset,GET,/admin/bonus/review/list,"created_end_at,created_start_at,page,page_size",,,"accept,accept-language,client-id,client-version,d,lang,referer,sec-ch-ua,sec-ch-ua-mobile,sec-ch-ua-platform,t,user-agent,x-device-id",Query: current page filter/pagination; Header: authenticated browser session/runtime,200,True,"object; keys=d,t",FAT admin authenticated browser session; exact role/permission mapping pending,No mutation observed; registered low-risk interaction,Page reloaded and Network reached quiet state before action,Action response captured; no business mutation observed,admin/other,待审订单列表 - felix.bru,后台/礼金/待审订单列表 - felix.bru,ACTIVE,YES,"fat-admin-explicit-read-actions.json Network events 1327; exact selector {""role"": ""button"", ""name"": ""Reset"", ""exact"": true}",,
admin,Operation Management,Promotion List,/operations/activity-list,button,Export,,,,,,,No request captured,,,unverified,FAT admin authenticated browser session; exact role/permission mapping pending,No mutation observed,Page loaded,No request captured,,,,DOCUMENTED_UNVERIFIED,CONTROL_PRESENT_NO_REQUEST,"fat-admin-explicit-read-actions.json execution status=SKIPPED_NOT_ACTIONABLE; exact selector {""role"": ""button"", ""name"": ""Export"", ""exact"": true}",,Control was not actionable in the fresh page state
admin,Operation Management,Promotion List,/operations/activity-list,button,Query,GET,/admin/promo/list,"page,page_size",,,"accept,accept-language,client-id,client-version,d,lang,referer,sec-ch-ua,sec-ch-ua-mobile,sec-ch-ua-platform,t,user-agent,x-device-id",Query: current page filter/pagination; Header: authenticated browser session/runtime,200,True,"object; keys=d,s,t,update_users",FAT admin authenticated browser session; exact role/permission mapping pending,No mutation observed; registered low-risk interaction,Page reloaded and Network reached quiet state before action,Action response captured; no business mutation observed,admin/promo,活动列表 - felix,后台/活动/活动列表 - felix.bru,ACTIVE,YES,"fat-admin-explicit-read-actions.json Network events 1232; exact selector {""role"": ""button"", ""name"": ""Query"", ""exact"": true}",,
admin,Operation Management,Promotion List,/operations/activity-list,button,Reset,GET,/admin/promo/list,"page,page_size",,,"accept,accept-language,client-id,client-version,d,lang,referer,sec-ch-ua,sec-ch-ua-mobile,sec-ch-ua-platform,t,user-agent,x-device-id",Query: current page filter/pagination; Header: authenticated browser session/runtime,200,True,"object; keys=d,s,t,update_users",FAT admin authenticated browser session; exact role/permission mapping pending,No mutation observed; registered low-risk interaction,Page reloaded and Network reached quiet state before action,Action response captured; no business mutation observed,admin/promo,活动列表 - felix,后台/活动/活动列表 - felix.bru,ACTIVE,YES,"fat-admin-explicit-read-actions.json Network events 1213; exact selector {""role"": ""button"", ""name"": ""Reset"", ""exact"": true}",,
admin,Operation Management,Promotion List,/operations/activity-list,button,Reset,POST,/admin/user/list,,,"page,page_size","accept,accept-language,client-id,client-version,content-type,d,lang,referer,sec-ch-ua,sec-ch-ua-mobile,sec-ch-ua-platform,t,user-agent,x-device-id",Body: current page form/filter and UI defaults; Header: authenticated browser session/runtime,200,True,"object; keys=d,t",FAT admin authenticated browser session; exact role/permission mapping pending,No mutation observed; registered low-risk interaction,Page reloaded and Network reached quiet state before action,Action response captured; no business mutation observed,,,,UNDOCUMENTED_ACTIVE,YES,"fat-admin-explicit-read-actions.json Network events 1212; exact selector {""role"": ""button"", ""name"": ""Reset"", ""exact"": true}",,
admin,Operation Management,Promotion List,/operations/activity-list,button,View Give Record,GET,/admin/promo/turntable/reward/give/list,"activity_id,page,page_size",,,"accept,accept-language,client-id,client-version,d,lang,referer,sec-ch-ua,sec-ch-ua-mobile,sec-ch-ua-platform,t,user-agent,x-device-id",Query: current page filter/pagination; Header: authenticated browser session/runtime,200,True,"object; keys=items,summary,t",FAT admin authenticated browser session; exact role/permission mapping pending,No mutation observed; registered low-risk interaction,Page reloaded and Network reached quiet state before action,Action response captured; no business mutation observed,unknown/report,发放报表,活动/后台-活动管理/大转盘/发放报表.bru,ACTIVE,YES,"fat-admin-explicit-read-actions.json Network events 1289; exact selector {""role"": ""button"", ""name"": ""View Give Record"", ""exact"": true}",,
admin,Operation Management,Promotion List,/operations/activity-list,button,View Report,GET,/admin/promo/flip/card/report,"activity_id,page,page_size,state,ymd",,,"accept,accept-language,client-id,client-version,d,lang,referer,sec-ch-ua,sec-ch-ua-mobile,sec-ch-ua-platform,t,user-agent,x-device-id",Query: current page filter/pagination; Header: authenticated browser session/runtime,200,True,"object; keys=d,day_list,page_total,t,total",FAT admin authenticated browser session; exact role/permission mapping pending,No mutation observed; registered low-risk interaction,Page reloaded and Network reached quiet state before action,Action response captured; no business mutation observed,,,,UNDOCUMENTED_ACTIVE,YES,"fat-admin-explicit-read-actions.json Network events 1269,1270; exact selector {""role"": ""button"", ""name"": ""View Report"", ""exact"": true}",,
admin,Operation Management,Promotion List,/operations/activity-list,button,View Rotation Record,GET,/admin/promo/turntable/reward/goods/list,pid,,,"accept,accept-language,client-id,client-version,d,lang,referer,sec-ch-ua,sec-ch-ua-mobile,sec-ch-ua-platform,t,user-agent,x-device-id",Query: current page filter/pagination; Header: authenticated browser session/runtime,200,True,object; keys=d,FAT admin authenticated browser session; exact role/permission mapping pending,No mutation observed; registered low-risk interaction,Page reloaded and Network reached quiet state before action,Action response captured; no business mutation observed,unknown/promo,大转盘-奖励商品列表,活动/后台-活动管理/大转盘/大转盘-奖励商品列表.bru,ACTIVE,YES,"fat-admin-explicit-read-actions.json Network events 1308; exact selector {""role"": ""button"", ""name"": ""View Rotation Record"", ""exact"": true}",,
admin,Operation Management,Promotion List,/operations/activity-list,button,View Rotation Record,GET,/admin/promo/turntable/reward/lottery/list,"activity_id,page,page_size",,,"accept,accept-language,client-id,client-version,d,lang,referer,sec-ch-ua,sec-ch-ua-mobile,sec-ch-ua-platform,t,user-agent,x-device-id",Query: current page filter/pagination; Header: authenticated browser session/runtime,200,True,"object; keys=bonus_items,day_list,summary,t",FAT admin authenticated browser session; exact role/permission mapping pending,No mutation observed; registered low-risk interaction,Page reloaded and Network reached quiet state before action,Action response captured; no business mutation observed,,,,UNDOCUMENTED_ACTIVE,YES,"fat-admin-explicit-read-actions.json Network events 1309; exact selector {""role"": ""button"", ""name"": ""View Rotation Record"", ""exact"": true}",,
admin,Operation Management,Client Configuration,/operations/client-config,button,Query,POST,/admin/banner/list,,,,"accept,accept-language,client-id,client-version,content-type,d,lang,referer,sec-ch-ua,sec-ch-ua-mobile,sec-ch-ua-platform,t,user-agent,x-device-id",Header: authenticated browser session/runtime,200,True,"object; keys=d,s,t",FAT admin authenticated browser session; exact role/permission mapping pending,No mutation observed; registered low-risk interaction,Page reloaded and Network reached quiet state before action,Action response captured; no business mutation observed,admin/other,轮播图列表,后台/轮播图-首页弹窗/轮播图列表.bru,ACTIVE,YES,"fat-admin-explicit-read-actions.json Network events 1061; exact selector {""role"": ""button"", ""name"": ""Query"", ""exact"": true}",,
admin,Operation Management,Client Configuration,/operations/client-config,button,Reset,POST,/admin/banner/list,,,,"accept,accept-language,client-id,client-version,content-type,d,lang,referer,sec-ch-ua,sec-ch-ua-mobile,sec-ch-ua-platform,t,user-agent,x-device-id",Header: authenticated browser session/runtime,200,True,"object; keys=d,s,t",FAT admin authenticated browser session; exact role/permission mapping pending,No mutation observed; registered low-risk interaction,Page reloaded and Network reached quiet state before action,Action response captured; no business mutation observed,admin/other,轮播图列表,后台/轮播图-首页弹窗/轮播图列表.bru,ACTIVE,YES,"fat-admin-explicit-read-actions.json Network events 1041; exact selector {""role"": ""button"", ""name"": ""Reset"", ""exact"": true}",,
admin,Operation Management,Daily Report,/operations/daily-reports,button,Export,,,,,,,No request captured,,,unverified,FAT admin authenticated browser session; exact role/permission mapping pending,No mutation observed,Page loaded,No request captured,,,,DOCUMENTED_UNVERIFIED,CONTROL_PRESENT_NO_REQUEST,"fat-admin-explicit-read-actions.json execution status=SKIPPED_NOT_ACTIONABLE; exact selector {""role"": ""button"", ""name"": ""Export"", ""exact"": true}",,Control was not actionable in the fresh page state
admin,Operation Management,Daily Report,/operations/daily-reports,button,Query,GET,/admin/reports/channel,"end_time,page,page_size,start_time",,,"accept,accept-language,client-id,client-version,d,lang,referer,sec-ch-ua,sec-ch-ua-mobile,sec-ch-ua-platform,t,user-agent,x-device-id",Query: current page filter/pagination; Header: authenticated browser session/runtime,200,True,"object; keys=d,t",FAT admin authenticated browser session; exact role/permission mapping pending,No mutation observed; registered low-risk interaction,Page reloaded and Network reached quiet state before action,Action response captured; no business mutation observed,admin/report,渠道日报表-sandy,后台/报表/渠道报表/渠道日报表-sandy.bru,ACTIVE,YES,"fat-admin-explicit-read-actions.json Network events 1003; exact selector {""role"": ""button"", ""name"": ""Query"", ""exact"": true}",,
admin,Operation Management,Daily Report,/operations/daily-reports,button,Reset,GET,/admin/channel/dict,ty,,,"accept,accept-language,client-id,client-version,d,lang,referer,sec-ch-ua,sec-ch-ua-mobile,sec-ch-ua-platform,t,user-agent,x-device-id",Query: current page filter/pagination; Header: authenticated browser session/runtime,200,True,list,FAT admin authenticated browser session; exact role/permission mapping pending,No mutation observed; registered low-risk interaction,Page reloaded and Network reached quiet state before action,Action response captured; no business mutation observed,admin/report,渠道字典,后台/报表/渠道字典.bru,ACTIVE,YES,"fat-admin-explicit-read-actions.json Network events 983; exact selector {""role"": ""button"", ""name"": ""Reset"", ""exact"": true}",,
admin,Operation Management,Daily Report,/operations/daily-reports,button,Reset,GET,/admin/reports/channel,"end_time,page,page_size,start_time",,,"accept,accept-language,client-id,client-version,d,lang,referer,sec-ch-ua,sec-ch-ua-mobile,sec-ch-ua-platform,t,user-agent,x-device-id",Query: current page filter/pagination; Header: authenticated browser session/runtime,200,True,"object; keys=d,t",FAT admin authenticated browser session; exact role/permission mapping pending,No mutation observed; registered low-risk interaction,Page reloaded and Network reached quiet state before action,Action response captured; no business mutation observed,admin/report,渠道日报表-sandy,后台/报表/渠道报表/渠道日报表-sandy.bru,ACTIVE,YES,"fat-admin-explicit-read-actions.json Network events 984; exact selector {""role"": ""button"", ""name"": ""Reset"", ""exact"": true}",,
admin,Operation Management,Friend Invite,/operations/friend-invite,button,Export,,,,,,,No request captured,,,unverified,FAT admin authenticated browser session; exact role/permission mapping pending,No mutation observed,Page loaded,No request captured,,,,DOCUMENTED_UNVERIFIED,CONTROL_PRESENT_NO_REQUEST,"fat-admin-explicit-read-actions.json execution status=SKIPPED_NOT_ACTIONABLE; exact selector {""role"": ""button"", ""name"": ""Export"", ""exact"": true}",,Control was not actionable in the fresh page state
admin,Operation Management,Friend Invite,/operations/friend-invite,button,Query,GET,/admin/promo/invite/base/list,"created_end_at,created_start_at,page,page_size",,,"accept,accept-language,client-id,client-version,d,lang,referer,sec-ch-ua,sec-ch-ua-mobile,sec-ch-ua-platform,t,user-agent,x-device-id",Query: current page filter/pagination; Header: authenticated browser session/runtime,200,True,"object; keys=d,sub_total,t,total",FAT admin authenticated browser session; exact role/permission mapping pending,No mutation observed; registered low-risk interaction,Page reloaded and Network reached quiet state before action,Action response captured; no business mutation observed,admin/promo,邀请基础奖励列表,后台/运营管理/邀请好友/邀请基础奖励列表.bru,ACTIVE,YES,"fat-admin-explicit-read-actions.json Network events 1523; exact selector {""role"": ""button"", ""name"": ""Query"", ""exact"": true}",,
admin,Operation Management,Friend Invite,/operations/friend-invite,button,Reset,GET,/admin/promo/invite/base/list,"created_end_at,created_start_at,page,page_size",,,"accept,accept-language,client-id,client-version,d,lang,referer,sec-ch-ua,sec-ch-ua-mobile,sec-ch-ua-platform,t,user-agent,x-device-id",Query: current page filter/pagination; Header: authenticated browser session/runtime,200,True,"object; keys=d,sub_total,t,total",FAT admin authenticated browser session; exact role/permission mapping pending,No mutation observed; registered low-risk interaction,Page reloaded and Network reached quiet state before action,Action response captured; no business mutation observed,admin/promo,邀请基础奖励列表,后台/运营管理/邀请好友/邀请基础奖励列表.bru,ACTIVE,YES,"fat-admin-explicit-read-actions.json Network events 1505; exact selector {""role"": ""button"", ""name"": ""Reset"", ""exact"": true}",,
admin,Operation Management,Home Sections Config,/operations/home-sections,button,Preview,,,,,,,No request captured,,,unverified,FAT admin authenticated browser session; exact role/permission mapping pending,No mutation observed,Page loaded,No request captured,,,,DOCUMENTED_UNVERIFIED,CONTROL_PRESENT_NO_REQUEST,"fat-admin-explicit-read-actions.json execution status=SKIPPED_NOT_ACTIONABLE; exact selector {""role"": ""button"", ""name"": ""Preview"", ""exact"": true}",,Control was not actionable in the fresh page state
admin,Operation Management,Home Sections Config,/operations/home-sections,button,Refresh,,,,,,,No request captured,,,unverified,FAT admin authenticated browser session; exact role/permission mapping pending,No mutation observed,Page loaded,No request captured,,,,DOCUMENTED_UNVERIFIED,CONTROL_PRESENT_NO_REQUEST,"fat-admin-explicit-read-actions.json execution status=SKIPPED_NOT_ACTIONABLE; exact selector {""role"": ""button"", ""name"": ""Refresh"", ""exact"": true}",,Control was not actionable in the fresh page state
admin,Operation Management,Member station message,/operations/in-site-message,button,Export,,,,,,,No request captured,,,unverified,FAT admin authenticated browser session; exact role/permission mapping pending,No mutation observed,Page loaded,No request captured,,,,DOCUMENTED_UNVERIFIED,CONTROL_PRESENT_NO_REQUEST,"fat-admin-explicit-read-actions.json execution status=SKIPPED_NOT_ACTIONABLE; exact selector {""role"": ""button"", ""name"": ""Export"", ""exact"": true}",,Control was not actionable in the fresh page state
admin,Operation Management,Member station message,/operations/in-site-message,button,Query,GET,/admin/message/list,"is_batch,page,page_size",,,"accept,accept-language,client-id,client-version,d,lang,referer,sec-ch-ua,sec-ch-ua-mobile,sec-ch-ua-platform,t,user-agent,x-device-id",Query: current page filter/pagination; Header: authenticated browser session/runtime,200,True,"object; keys=d,page,page_size,t",FAT admin authenticated browser session; exact role/permission mapping pending,No mutation observed; registered low-risk interaction,Page reloaded and Network reached quiet state before action,Action response captured; no business mutation observed,admin/other,已阅读名单-todo,后台/运营管理/站内信管理/已阅读名单-todo.bru,ACTIVE,YES,"fat-admin-explicit-read-actions.json Network events 1452; exact selector {""role"": ""button"", ""name"": ""Query"", ""exact"": true}",,
admin,Operation Management,Member station message,/operations/in-site-message,button,Reset,GET,/admin/message/list,"is_batch,page,page_size",,,"accept,accept-language,client-id,client-version,d,lang,referer,sec-ch-ua,sec-ch-ua-mobile,sec-ch-ua-platform,t,user-agent,x-device-id",Query: current page filter/pagination; Header: authenticated browser session/runtime,200,True,"object; keys=d,page,page_size,t",FAT admin authenticated browser session; exact role/permission mapping pending,No mutation observed; registered low-risk interaction,Page reloaded and Network reached quiet state before action,Action response captured; no business mutation observed,admin/other,已阅读名单-todo,后台/运营管理/站内信管理/已阅读名单-todo.bru,ACTIVE,YES,"fat-admin-explicit-read-actions.json Network events 1434; exact selector {""role"": ""button"", ""name"": ""Reset"", ""exact"": true}",,
admin,Operation Management,Member station message,/operations/in-site-message,button,View,GET,/admin/message/reads,"message_id,page,page_size",,,"accept,accept-language,client-id,client-version,d,lang,referer,sec-ch-ua,sec-ch-ua-mobile,sec-ch-ua-platform,t,user-agent,x-device-id",Query: current page filter/pagination; Header: authenticated browser session/runtime,200,True,"object; keys=d,page,page_size,t",FAT admin authenticated browser session; exact role/permission mapping pending,No mutation observed; registered low-risk interaction,Page reloaded and Network reached quiet state before action,Action response captured; no business mutation observed,,,,UNDOCUMENTED_ACTIVE,YES,"fat-admin-explicit-read-actions.json Network events 1487; exact selector {""role"": ""button"", ""name"": ""View"", ""exact"": true}",,
admin,Operation Management,Jackpot Board,/operations/jackpot-board,button,Export,,,,,,,No request captured,,,unverified,FAT admin authenticated browser session; exact role/permission mapping pending,No mutation observed,Page loaded,No request captured,,,,DOCUMENTED_UNVERIFIED,CONTROL_PRESENT_NO_REQUEST,"fat-admin-explicit-read-actions.json execution status=SKIPPED_NOT_ACTIONABLE; exact selector {""role"": ""button"", ""name"": ""Export"", ""exact"": true}",,Control was not actionable in the fresh page state
admin,Operation Management,Jackpot Board,/operations/jackpot-board,button,Query,GET,/admin/hotBetNotice/list,"end_time,page,page_size,sort,sort_field,start_time",,,"accept,accept-language,client-id,client-version,d,lang,referer,sec-ch-ua,sec-ch-ua-mobile,sec-ch-ua-platform,t,user-agent,x-device-id",Query: current page filter/pagination; Header: authenticated browser session/runtime,200,True,"object; keys=d,page,page_size,t",FAT admin authenticated browser session; exact role/permission mapping pending,No mutation observed; registered low-risk interaction,Page reloaded and Network reached quiet state before action,Action response captured; no business mutation observed,admin/other,爆彩列表查询,后台/爆彩/爆彩列表查询.bru,ACTIVE,YES,"fat-admin-explicit-read-actions.json Network events 1582; exact selector {""role"": ""button"", ""name"": ""Query"", ""exact"": true}",,
admin,Operation Management,Jackpot Board,/operations/jackpot-board,button,Reset,GET,/admin/hotBetNotice/list,"end_time,page,page_size,sort,sort_field,start_time",,,"accept,accept-language,client-id,client-version,d,lang,referer,sec-ch-ua,sec-ch-ua-mobile,sec-ch-ua-platform,t,user-agent,x-device-id",Query: current page filter/pagination; Header: authenticated browser session/runtime,200,True,"object; keys=d,page,page_size,t",FAT admin authenticated browser session; exact role/permission mapping pending,No mutation observed; registered low-risk interaction,Page reloaded and Network reached quiet state before action,Action response captured; no business mutation observed,admin/other,爆彩列表查询,后台/爆彩/爆彩列表查询.bru,ACTIVE,YES,"fat-admin-explicit-read-actions.json Network events 1561; exact selector {""role"": ""button"", ""name"": ""Reset"", ""exact"": true}",,
admin,Operation Management,Market Management,/operations/mall-management,button,Export,,,,,,,No request captured,,,unverified,FAT admin authenticated browser session; exact role/permission mapping pending,No mutation observed,Page loaded,No request captured,,,,DOCUMENTED_UNVERIFIED,CONTROL_PRESENT_NO_REQUEST,"fat-admin-explicit-read-actions.json execution status=SKIPPED_NOT_ACTIONABLE; exact selector {""role"": ""button"", ""name"": ""Export"", ""exact"": true}",,Control was not actionable in the fresh page state
admin,Operation Management,Market Management,/operations/mall-management,button,Query,GET,/admin/mall/goods/list,"page,page_size",,,"accept,accept-language,client-id,client-version,d,lang,referer,sec-ch-ua,sec-ch-ua-mobile,sec-ch-ua-platform,t,user-agent,x-device-id",Query: current page filter/pagination; Header: authenticated browser session/runtime,200,True,"object; keys=d,s,t",FAT admin authenticated browser session; exact role/permission mapping pending,No mutation observed; registered low-risk interaction,Page reloaded and Network reached quiet state before action,Action response captured; no business mutation observed,admin/other,获取产品列表-todo,后台/商城管理/获取产品列表-todo.bru,ACTIVE,YES,"fat-admin-explicit-read-actions.json Network events 1157; exact selector {""role"": ""button"", ""name"": ""Query"", ""exact"": true}",,
admin,Operation Management,Market Management,/operations/mall-management,button,Reset,GET,/admin/mall/goods/list,"page,page_size",,,"accept,accept-language,client-id,client-version,d,lang,referer,sec-ch-ua,sec-ch-ua-mobile,sec-ch-ua-platform,t,user-agent,x-device-id",Query: current page filter/pagination; Header: authenticated browser session/runtime,200,True,"object; keys=d,s,t",FAT admin authenticated browser session; exact role/permission mapping pending,No mutation observed; registered low-risk interaction,Page reloaded and Network reached quiet state before action,Action response captured; no business mutation observed,admin/other,获取产品列表-todo,后台/商城管理/获取产品列表-todo.bru,ACTIVE,YES,"fat-admin-explicit-read-actions.json Network events 1139; exact selector {""role"": ""button"", ""name"": ""Reset"", ""exact"": true}",,
admin,Operation Management,Market Management,/operations/mall-management,button,View,GET,/admin/mall/order/list,"end_submit_at,page,page_size,product_id,start_submit_at",,,"accept,accept-language,client-id,client-version,d,lang,referer,sec-ch-ua,sec-ch-ua-mobile,sec-ch-ua-platform,t,user-agent,x-device-id",Query: current page filter/pagination; Header: authenticated browser session/runtime,200,True,"object; keys=list,sub,sum,total",FAT admin authenticated browser session; exact role/permission mapping pending,No mutation observed; registered low-risk interaction,Page reloaded and Network reached quiet state before action,Action response captured; no business mutation observed,admin/other,商城订单列表-todo,后台/商城订单记录/商城订单列表-todo.bru,ACTIVE,YES,"fat-admin-explicit-read-actions.json Network events 1193; exact selector {""role"": ""button"", ""name"": ""View"", ""exact"": true}",,
admin,Operation Management,Market Management,/operations/mall-management,button,View,GET,/admin/notify/audit/alarm,t,,,"accept,accept-language,client-id,client-version,d,lang,referer,sec-ch-ua,sec-ch-ua-mobile,sec-ch-ua-platform,t,user-agent,x-device-id",Query: current page filter/pagination; Header: authenticated browser session/runtime,200,True,"object; keys=bonus_review_pending,feedback_pending,kyc_pending,mall_order_pending,withdraw_pending",FAT admin authenticated browser session; exact role/permission mapping pending,No mutation observed; registered low-risk interaction,Page reloaded and Network reached quiet state before action,Action response captured; no business mutation observed,admin/other,获取系统通知数量-wesley/owen,后台/系统管理/通知中心/获取系统通知数量-wesley-owen.bru,ACTIVE,YES,"fat-admin-explicit-read-actions.json Network events 1192; exact selector {""role"": ""button"", ""name"": ""View"", ""exact"": true}",,
admin,Operation Management,Marquee Management,/operations/marquee-management,button,Query,GET,/admin/marquee/list,"page,page_size,ty",,,"accept,accept-language,client-id,client-version,d,lang,referer,sec-ch-ua,sec-ch-ua-mobile,sec-ch-ua-platform,t,user-agent,x-device-id",Query: current page filter/pagination; Header: authenticated browser session/runtime,200,True,"object; keys=d,t",FAT admin authenticated browser session; exact role/permission mapping pending,No mutation observed; registered low-risk interaction,Page reloaded and Network reached quiet state before action,Action response captured; no business mutation observed,admin/other,列表,后台/跑马灯/列表.bru,ACTIVE,YES,"fat-admin-explicit-read-actions.json Network events 1660; exact selector {""role"": ""button"", ""name"": ""Query"", ""exact"": true}",,
admin,Operation Management,Marquee Management,/operations/marquee-management,button,Reset,GET,/admin/marquee/list,"page,page_size,ty",,,"accept,accept-language,client-id,client-version,d,lang,referer,sec-ch-ua,sec-ch-ua-mobile,sec-ch-ua-platform,t,user-agent,x-device-id",Query: current page filter/pagination; Header: authenticated browser session/runtime,200,True,"object; keys=d,t",FAT admin authenticated browser session; exact role/permission mapping pending,No mutation observed; registered low-risk interaction,Page reloaded and Network reached quiet state before action,Action response captured; no business mutation observed,admin/other,列表,后台/跑马灯/列表.bru,ACTIVE,YES,"fat-admin-explicit-read-actions.json Network events 1639; exact selector {""role"": ""button"", ""name"": ""Reset"", ""exact"": true}",,
admin,Operation Management,Material Management,/operations/material-management,button,Details,,,,,,,No request captured,,,unverified,FAT admin authenticated browser session; exact role/permission mapping pending,No mutation observed,Page loaded,No request captured,,,,DOCUMENTED_UNVERIFIED,CONTROL_PRESENT_NO_REQUEST,"fat-admin-explicit-read-actions.json execution status=CLICKED; exact selector {""role"": ""button"", ""name"": ""Details"", ""exact"": true}",,Click produced no XHR/fetch; navigation/DOM effect requires follow-up
admin,Operation Management,Material Management,/operations/material-management,button,Query,POST,/admin/ad/material/list,,,,"accept,accept-language,client-id,client-version,content-type,d,lang,referer,sec-ch-ua,sec-ch-ua-mobile,sec-ch-ua-platform,t,user-agent,x-device-id",Header: authenticated browser session/runtime,200,True,"object; keys=d,s,t",FAT admin authenticated browser session; exact role/permission mapping pending,No mutation observed; registered low-risk interaction,Page reloaded and Network reached quiet state before action,Action response captured; no business mutation observed,admin/other,素材列表,后台/运营管理/客户端管理/素材管理/素材列表.bru,ACTIVE,YES,"fat-admin-explicit-read-actions.json Network events 1102; exact selector {""role"": ""button"", ""name"": ""Query"", ""exact"": true}",,
admin,Operation Management,Material Management,/operations/material-management,button,Reset,GET,/admin/ad/material/platform/menu,,,,"accept,accept-language,client-id,client-version,d,lang,referer,sec-ch-ua,sec-ch-ua-mobile,sec-ch-ua-platform,t,user-agent,x-device-id",Header: authenticated browser session/runtime,200,True,list,FAT admin authenticated browser session; exact role/permission mapping pending,No mutation observed; registered low-risk interaction,Page reloaded and Network reached quiet state before action,Action response captured; no business mutation observed,admin/other,素材管理支持的平台枚举,后台/运营管理/客户端管理/素材管理/素材管理支持的平台枚举.bru,ACTIVE,YES,"fat-admin-explicit-read-actions.json Network events 1081; exact selector {""role"": ""button"", ""name"": ""Reset"", ""exact"": true}",,
admin,Operation Management,Material Management,/operations/material-management,button,Reset,POST,/admin/ad/material/list,,,,"accept,accept-language,client-id,client-version,content-type,d,lang,referer,sec-ch-ua,sec-ch-ua-mobile,sec-ch-ua-platform,t,user-agent,x-device-id",Header: authenticated browser session/runtime,200,True,"object; keys=d,s,t",FAT admin authenticated browser session; exact role/permission mapping pending,No mutation observed; registered low-risk interaction,Page reloaded and Network reached quiet state before action,Action response captured; no business mutation observed,admin/other,素材列表,后台/运营管理/客户端管理/素材管理/素材列表.bru,ACTIVE,YES,"fat-admin-explicit-read-actions.json Network events 1082; exact selector {""role"": ""button"", ""name"": ""Reset"", ""exact"": true}",,
admin,Operation Management,Message Templates,/operations/message-templates,button,Export,,,,,,,No request captured,,,unverified,FAT admin authenticated browser session; exact role/permission mapping pending,No mutation observed,Page loaded,No request captured,,,,DOCUMENTED_UNVERIFIED,CONTROL_PRESENT_NO_REQUEST,"fat-admin-explicit-read-actions.json execution status=SKIPPED_NOT_ACTIONABLE; exact selector {""role"": ""button"", ""name"": ""Export"", ""exact"": true}",,Control was not actionable in the fresh page state
admin,Operation Management,Message Templates,/operations/message-templates,button,Query,GET,/admin/message/templates/list,"page,page_size",,,"accept,accept-language,client-id,client-version,d,lang,referer,sec-ch-ua,sec-ch-ua-mobile,sec-ch-ua-platform,t,user-agent,x-device-id",Query: current page filter/pagination; Header: authenticated browser session/runtime,200,True,"object; keys=d,s,t",FAT admin authenticated browser session; exact role/permission mapping pending,No mutation observed; registered low-risk interaction,Page reloaded and Network reached quiet state before action,Action response captured; no business mutation observed,admin/other,获取消息模板列表-todo,后台/运营管理/消息模板/获取消息模板列表-todo.bru,ACTIVE,YES,"fat-admin-explicit-read-actions.json Network events 1399; exact selector {""role"": ""button"", ""name"": ""Query"", ""exact"": true}",,
admin,Operation Management,Message Templates,/operations/message-templates,button,Reset,GET,/admin/message/templates/list,"page,page_size",,,"accept,accept-language,client-id,client-version,d,lang,referer,sec-ch-ua,sec-ch-ua-mobile,sec-ch-ua-platform,t,user-agent,x-device-id",Query: current page filter/pagination; Header: authenticated browser session/runtime,200,True,"object; keys=d,s,t",FAT admin authenticated browser session; exact role/permission mapping pending,No mutation observed; registered low-risk interaction,Page reloaded and Network reached quiet state before action,Action response captured; no business mutation observed,admin/other,获取消息模板列表-todo,后台/运营管理/消息模板/获取消息模板列表-todo.bru,ACTIVE,YES,"fat-admin-explicit-read-actions.json Network events 1381; exact selector {""role"": ""button"", ""name"": ""Reset"", ""exact"": true}",,
admin,Operation Management,Ops tools,/operations/ops-tools,button,Export,,,,,,,No request captured,,,unverified,FAT admin authenticated browser session; exact role/permission mapping pending,No mutation observed,Page loaded,No request captured,,,,DOCUMENTED_UNVERIFIED,CONTROL_PRESENT_NO_REQUEST,"fat-admin-explicit-read-actions.json execution status=SKIPPED_NOT_ACTIONABLE; exact selector {""role"": ""button"", ""name"": ""Export"", ""exact"": true}",,Control was not actionable in the fresh page state
admin,Operation Management,Recharge Template,/operations/recharge-template,button,Reset,GET,/admin/channel/promotion/deposit/list,"page,page_size",,,"accept,accept-language,client-id,client-version,d,lang,referer,sec-ch-ua,sec-ch-ua-mobile,sec-ch-ua-platform,t,user-agent,x-device-id",Query: current page filter/pagination; Header: authenticated browser session/runtime,200,True,"object; keys=d,t",FAT admin authenticated browser session; exact role/permission mapping pending,No mutation observed; registered low-risk interaction,Page reloaded and Network reached quiet state before action,Action response captured; no business mutation observed,admin/finance,充值模版列表,后台/渠道推广-充值模版/充值模版列表.bru,ACTIVE,YES,"fat-admin-explicit-read-actions.json Network events 964; exact selector {""role"": ""button"", ""name"": ""Reset"", ""exact"": true}",,
admin,Operation Management,Recharge Template,/operations/recharge-template,button,Search,GET,/admin/channel/promotion/deposit/list,"page,page_size",,,"accept,accept-language,client-id,client-version,d,lang,referer,sec-ch-ua,sec-ch-ua-mobile,sec-ch-ua-platform,t,user-agent,x-device-id",Query: current page filter/pagination; Header: authenticated browser session/runtime,200,True,"object; keys=d,t",FAT admin authenticated browser session; exact role/permission mapping pending,No mutation observed; registered low-risk interaction,Page reloaded and Network reached quiet state before action,Action response captured; no business mutation observed,admin/finance,充值模版列表,后台/渠道推广-充值模版/充值模版列表.bru,ACTIVE,YES,"fat-admin-explicit-read-actions.json Network events 946; exact selector {""role"": ""button"", ""name"": ""Search"", ""exact"": true}",,
admin,Finance Management,Bet Management,/payment/betting-slip/list,button,Query,POST,/admin/record/bet,,,,"accept,accept-language,client-id,client-version,content-type,d,lang,referer,sec-ch-ua,sec-ch-ua-mobile,sec-ch-ua-platform,t,user-agent,x-device-id",Header: authenticated browser session/runtime,200,True,"object; keys=a,d,fd,s,t",FAT admin authenticated browser session; exact role/permission mapping pending,No mutation observed; registered low-risk interaction,Page reloaded and Network reached quiet state before action,Action response captured; no business mutation observed,admin/finance,游戏记录-wesley,后台/财务管理/注单管理/游戏记录-wesley.bru,ACTIVE,YES,"fat-admin-explicit-read-actions.json Network events 817; exact selector {""role"": ""button"", ""name"": ""Query"", ""exact"": true}",,
admin,Finance Management,Bet Management,/payment/betting-slip/list,button,Reset,POST,/admin/record/bet,,,,"accept,accept-language,client-id,client-version,content-type,d,lang,referer,sec-ch-ua,sec-ch-ua-mobile,sec-ch-ua-platform,t,user-agent,x-device-id",Header: authenticated browser session/runtime,200,True,"object; keys=a,d,fd,s,t",FAT admin authenticated browser session; exact role/permission mapping pending,No mutation observed; registered low-risk interaction,Page reloaded and Network reached quiet state before action,Action response captured; no business mutation observed,admin/finance,游戏记录-wesley,后台/财务管理/注单管理/游戏记录-wesley.bru,ACTIVE,YES,"fat-admin-explicit-read-actions.json Network events 799; exact selector {""role"": ""button"", ""name"": ""Reset"", ""exact"": true}",,
admin,Finance Management,Payment Channels,/payment/channel-ordersV2,button,Query,GET,/admin/finance/payment/platform/list,"mode,page,page_size",,,"accept,accept-language,client-id,client-version,d,lang,referer,sec-ch-ua,sec-ch-ua-mobile,sec-ch-ua-platform,t,user-agent,x-device-id",Query: current page filter/pagination; Header: authenticated browser session/runtime,200,True,"object; keys=d,s,t",FAT admin authenticated browser session; exact role/permission mapping pending,No mutation observed; registered low-risk interaction,Page reloaded and Network reached quiet state before action,Action response captured; no business mutation observed,admin/finance,支付平台列表,后台/财务管理/支付渠道/支付平台列表.bru,ACTIVE,YES,"fat-admin-explicit-read-actions.json Network events 892; exact selector {""role"": ""button"", ""name"": ""Query"", ""exact"": true}",,
admin,Finance Management,Payment Channels,/payment/channel-ordersV2,button,Reset,GET,/admin/finance/payment/platform/list,"mode,page,page_size",,,"accept,accept-language,client-id,client-version,d,lang,referer,sec-ch-ua,sec-ch-ua-mobile,sec-ch-ua-platform,t,user-agent,x-device-id",Query: current page filter/pagination; Header: authenticated browser session/runtime,200,True,"object; keys=d,s,t",FAT admin authenticated browser session; exact role/permission mapping pending,No mutation observed; registered low-risk interaction,Page reloaded and Network reached quiet state before action,Action response captured; no business mutation observed,admin/finance,支付平台列表,后台/财务管理/支付渠道/支付平台列表.bru,ACTIVE,YES,"fat-admin-explicit-read-actions.json Network events 874; exact selector {""role"": ""button"", ""name"": ""Reset"", ""exact"": true}",,
admin,Finance Management,Recharge Card Order,/payment/recharge-card-orders/list,button,Query,POST,/admin/finance/lazada/order/list,,,,"accept,accept-language,client-id,client-version,content-type,d,lang,referer,sec-ch-ua,sec-ch-ua-mobile,sec-ch-ua-platform,t,user-agent,x-device-id",Header: authenticated browser session/runtime,200,True,"object; keys=all,list,page,sub,total",FAT admin authenticated browser session; exact role/permission mapping pending,No mutation observed; registered low-risk interaction,Page reloaded and Network reached quiet state before action,Action response captured; no business mutation observed,admin/finance,lazada-订单列表-owen,后台/财务管理/lazada订单/lazada-订单列表-owen.bru,ACTIVE,YES,"fat-admin-explicit-read-actions.json Network events 928; exact selector {""role"": ""button"", ""name"": ""Query"", ""exact"": true}",,
admin,Finance Management,Recharge Card Order,/payment/recharge-card-orders/list,button,Reset,POST,/admin/finance/lazada/order/list,,,,"accept,accept-language,client-id,client-version,content-type,d,lang,referer,sec-ch-ua,sec-ch-ua-mobile,sec-ch-ua-platform,t,user-agent,x-device-id",Header: authenticated browser session/runtime,200,True,"object; keys=all,list,page,sub,total",FAT admin authenticated browser session; exact role/permission mapping pending,No mutation observed; registered low-risk interaction,Page reloaded and Network reached quiet state before action,Action response captured; no business mutation observed,admin/finance,lazada-订单列表-owen,后台/财务管理/lazada订单/lazada-订单列表-owen.bru,ACTIVE,YES,"fat-admin-explicit-read-actions.json Network events 910; exact selector {""role"": ""button"", ""name"": ""Reset"", ""exact"": true}",,
admin,Finance Management,Deposit Record,/payment/recharge-orders/list,button,Export,,,,,,,No request captured,,,unverified,FAT admin authenticated browser session; exact role/permission mapping pending,No mutation observed,Page loaded,No request captured,,,,DOCUMENTED_UNVERIFIED,CONTROL_PRESENT_NO_REQUEST,"fat-admin-explicit-read-actions.json execution status=SKIPPED_NOT_ACTIONABLE; exact selector {""role"": ""button"", ""name"": ""Export"", ""exact"": true}",,Control was not actionable in the fresh page state
admin,Finance Management,Deposit Record,/payment/recharge-orders/list,button,Query,POST,/admin/finance/deposit/list,,,,"accept,accept-language,client-id,client-version,content-type,d,lang,referer,sec-ch-ua,sec-ch-ua-mobile,sec-ch-ua-platform,t,user-agent,x-device-id",Header: authenticated browser session/runtime,200,True,"object; keys=d,s,summary,t",FAT admin authenticated browser session; exact role/permission mapping pending,No mutation observed; registered low-risk interaction,Page reloaded and Network reached quiet state before action,Action response captured; no business mutation observed,admin/finance,充值列表-wesley,后台/财务管理/存款记录/充值列表-wesley.bru,ACTIVE,YES,"fat-admin-explicit-read-actions.json Network events 707; exact selector {""role"": ""button"", ""name"": ""Query"", ""exact"": true}",,
admin,Finance Management,Deposit Record,/payment/recharge-orders/list,button,Reset,POST,/admin/finance/deposit/list,,,,"accept,accept-language,client-id,client-version,content-type,d,lang,referer,sec-ch-ua,sec-ch-ua-mobile,sec-ch-ua-platform,t,user-agent,x-device-id",Header: authenticated browser session/runtime,200,True,"object; keys=d,s,summary,t",FAT admin authenticated browser session; exact role/permission mapping pending,No mutation observed; registered low-risk interaction,Page reloaded and Network reached quiet state before action,Action response captured; no business mutation observed,admin/finance,充值列表-wesley,后台/财务管理/存款记录/充值列表-wesley.bru,ACTIVE,YES,"fat-admin-explicit-read-actions.json Network events 688; exact selector {""role"": ""button"", ""name"": ""Reset"", ""exact"": true}",,
admin,Finance Management,Member Wallet Transactions,/payment/transaction-orders,button,Query,POST,/admin/finance/transaction/list,,,,"accept,accept-language,client-id,client-version,content-type,d,lang,referer,sec-ch-ua,sec-ch-ua-mobile,sec-ch-ua-platform,t,user-agent,x-device-id",Header: authenticated browser session/runtime,200,True,"object; keys=d,s,t",FAT admin authenticated browser session; exact role/permission mapping pending,No mutation observed; registered low-risk interaction,Page reloaded and Network reached quiet state before action,Action response captured; no business mutation observed,admin/finance,账变列表- wesley,后台/财务管理/会员钱包账变/账变列表- wesley.bru,ACTIVE,YES,"fat-admin-explicit-read-actions.json Network events 856; exact selector {""role"": ""button"", ""name"": ""Query"", ""exact"": true}",,
admin,Finance Management,Member Wallet Transactions,/payment/transaction-orders,button,Reset,GET,/admin/finance/transaction/types,,,,"accept,accept-language,client-id,client-version,d,lang,referer,sec-ch-ua,sec-ch-ua-mobile,sec-ch-ua-platform,t,user-agent,x-device-id",Header: authenticated browser session/runtime,200,True,list,FAT admin authenticated browser session; exact role/permission mapping pending,No mutation observed; registered low-risk interaction,Page reloaded and Network reached quiet state before action,Action response captured; no business mutation observed,admin/finance,账变类型- wesley,后台/财务管理/会员钱包账变/账变类型- wesley.bru,ACTIVE,YES,"fat-admin-explicit-read-actions.json Network events 836; exact selector {""role"": ""button"", ""name"": ""Reset"", ""exact"": true}",,
admin,Finance Management,Member Wallet Transactions,/payment/transaction-orders,button,Reset,POST,/admin/finance/transaction/list,,,,"accept,accept-language,client-id,client-version,content-type,d,lang,referer,sec-ch-ua,sec-ch-ua-mobile,sec-ch-ua-platform,t,user-agent,x-device-id",Header: authenticated browser session/runtime,200,True,"object; keys=d,s,t",FAT admin authenticated browser session; exact role/permission mapping pending,No mutation observed; registered low-risk interaction,Page reloaded and Network reached quiet state before action,Action response captured; no business mutation observed,admin/finance,账变列表- wesley,后台/财务管理/会员钱包账变/账变列表- wesley.bru,ACTIVE,YES,"fat-admin-explicit-read-actions.json Network events 837; exact selector {""role"": ""button"", ""name"": ""Reset"", ""exact"": true}",,
admin,Finance Management,Withdrawal Record,/payment/withdraw-orders/list,button,Export,,,,,,,No request captured,,,unverified,FAT admin authenticated browser session; exact role/permission mapping pending,No mutation observed,Page loaded,No request captured,,,,DOCUMENTED_UNVERIFIED,CONTROL_PRESENT_NO_REQUEST,"fat-admin-explicit-read-actions.json execution status=SKIPPED_NOT_ACTIONABLE; exact selector {""role"": ""button"", ""name"": ""Export"", ""exact"": true}",,Control was not actionable in the fresh page state
admin,Finance Management,Withdrawal Record,/payment/withdraw-orders/list,button,Query,POST,/admin/finance/withdraw/list,,,,"accept,accept-language,client-id,client-version,content-type,d,lang,referer,sec-ch-ua,sec-ch-ua-mobile,sec-ch-ua-platform,t,user-agent,x-device-id",Header: authenticated browser session/runtime,200,True,"object; keys=d,s,summary,t",FAT admin authenticated browser session; exact role/permission mapping pending,No mutation observed; registered low-risk interaction,Page reloaded and Network reached quiet state before action,Action response captured; no business mutation observed,admin/finance,提现列表-wesley,后台/财务管理/提现记录/提现列表-wesley.bru,ACTIVE,YES,"fat-admin-explicit-read-actions.json Network events 763; exact selector {""role"": ""button"", ""name"": ""Query"", ""exact"": true}",,
admin,Finance Management,Withdrawal Record,/payment/withdraw-orders/list,button,Reset,POST,/admin/finance/withdraw/list,,,,"accept,accept-language,client-id,client-version,content-type,d,lang,referer,sec-ch-ua,sec-ch-ua-mobile,sec-ch-ua-platform,t,user-agent,x-device-id",Header: authenticated browser session/runtime,200,True,"object; keys=d,s,summary,t",FAT admin authenticated browser session; exact role/permission mapping pending,No mutation observed; registered low-risk interaction,Page reloaded and Network reached quiet state before action,Action response captured; no business mutation observed,admin/finance,提现列表-wesley,后台/财务管理/提现记录/提现列表-wesley.bru,ACTIVE,YES,"fat-admin-explicit-read-actions.json Network events 744; exact selector {""role"": ""button"", ""name"": ""Reset"", ""exact"": true}",,
admin,Promo Marketing,Channel Management,/promo-marketing/channels,button,Export,,,,,,,No request captured,,,unverified,FAT admin authenticated browser session; exact role/permission mapping pending,No mutation observed,Page loaded,No request captured,,,,DOCUMENTED_UNVERIFIED,CONTROL_PRESENT_NO_REQUEST,"fat-admin-explicit-read-actions.json execution status=SKIPPED_NOT_ACTIONABLE; exact selector {""role"": ""button"", ""name"": ""Export"", ""exact"": true}",,Control was not actionable in the fresh page state
admin,Promo Marketing,Channel Management,/promo-marketing/channels,button,Query,GET,/admin/channel/manage/list,"page,page_size",,,"accept,accept-language,client-id,client-version,d,lang,referer,sec-ch-ua,sec-ch-ua-mobile,sec-ch-ua-platform,t,user-agent,x-device-id",Query: current page filter/pagination; Header: authenticated browser session/runtime,200,True,"object; keys=d,s,t",FAT admin authenticated browser session; exact role/permission mapping pending,No mutation observed; registered low-risk interaction,Page reloaded and Network reached quiet state before action,Action response captured; no business mutation observed,admin/other,渠道管理列表-todo,后台/运营管理/推广管理/渠道管理/渠道管理列表-todo.bru,ACTIVE,YES,"fat-admin-explicit-read-actions.json Network events 1937; exact selector {""role"": ""button"", ""name"": ""Query"", ""exact"": true}",,
admin,Promo Marketing,Channel Management,/promo-marketing/channels,button,Reset,GET,/admin/channel/manage/list,"page,page_size",,,"accept,accept-language,client-id,client-version,d,lang,referer,sec-ch-ua,sec-ch-ua-mobile,sec-ch-ua-platform,t,user-agent,x-device-id",Query: current page filter/pagination; Header: authenticated browser session/runtime,200,True,"object; keys=d,s,t",FAT admin authenticated browser session; exact role/permission mapping pending,No mutation observed; registered low-risk interaction,Page reloaded and Network reached quiet state before action,Action response captured; no business mutation observed,admin/other,渠道管理列表-todo,后台/运营管理/推广管理/渠道管理/渠道管理列表-todo.bru,ACTIVE,YES,"fat-admin-explicit-read-actions.json Network events 1918; exact selector {""role"": ""button"", ""name"": ""Reset"", ""exact"": true}",,
admin,Promo Marketing,First Deposit Daily Active Analysis,/promo-marketing/first-deposit-daily-active,button,Reset,,,,,,,No request captured,,,unverified,FAT admin authenticated browser session; exact role/permission mapping pending,No mutation observed,Page loaded,No request captured,,,,DOCUMENTED_UNVERIFIED,CONTROL_PRESENT_NO_REQUEST,"fat-admin-explicit-read-actions.json execution status=SKIPPED_NOT_ACTIONABLE; exact selector {""role"": ""button"", ""name"": ""Reset"", ""exact"": true}",,Control was not actionable in the fresh page state
admin,Promo Marketing,First Deposit Daily Active Analysis,/promo-marketing/first-deposit-daily-active,button,Search,,,,,,,No request captured,,,unverified,FAT admin authenticated browser session; exact role/permission mapping pending,No mutation observed,Page loaded,No request captured,,,,DOCUMENTED_UNVERIFIED,CONTROL_PRESENT_NO_REQUEST,"fat-admin-explicit-read-actions.json execution status=SKIPPED_NOT_ACTIONABLE; exact selector {""role"": ""button"", ""name"": ""Search"", ""exact"": true}",,Control was not actionable in the fresh page state
admin,Promo Marketing,Promo Data,/promo-marketing/promotion-data,button,Reset,GET,/admin/channel/promoData/list,"day,page,page_size",,,"accept,accept-language,client-id,client-version,d,lang,referer,sec-ch-ua,sec-ch-ua-mobile,sec-ch-ua-platform,t,user-agent,x-device-id",Query: current page filter/pagination; Header: authenticated browser session/runtime,200,True,"object; keys=d,t",FAT admin authenticated browser session; exact role/permission mapping pending,No mutation observed; registered low-risk interaction,Page reloaded and Network reached quiet state before action,Action response captured; no business mutation observed,admin/promo,推广数据列表-todo,后台/运营管理/推广管理/推广数据/推广数据列表-todo.bru,ACTIVE,YES,"fat-admin-explicit-read-actions.json Network events 2073; exact selector {""role"": ""button"", ""name"": ""Reset"", ""exact"": true}",,
admin,Promo Marketing,Promo Data,/promo-marketing/promotion-data,button,Search,,,,,,,No request captured,,,unverified,FAT admin authenticated browser session; exact role/permission mapping pending,No mutation observed,Page loaded,No request captured,,,,DOCUMENTED_UNVERIFIED,CONTROL_PRESENT_NO_REQUEST,"fat-admin-explicit-read-actions.json execution status=SKIPPED_NOT_ACTIONABLE; exact selector {""role"": ""button"", ""name"": ""Search"", ""exact"": true}",,Control was not actionable in the fresh page state
admin,Promo Marketing,Promo Marketing Report,/promo-marketing/statistical-reports,button,Reset,GET,/admin/channel/promotion/satistic,"end_time,page,page_size,start_time",,,"accept,accept-language,client-id,client-version,d,lang,referer,sec-ch-ua,sec-ch-ua-mobile,sec-ch-ua-platform,t,user-agent,x-device-id",Query: current page filter/pagination; Header: authenticated browser session/runtime,200,True,"object; keys=d,s,t",FAT admin authenticated browser session; exact role/permission mapping pending,No mutation observed; registered low-risk interaction,Page reloaded and Network reached quiet state before action,Action response captured; no business mutation observed,,,,UNDOCUMENTED_ACTIVE,YES,"fat-admin-explicit-read-actions.json Network events 1994; exact selector {""role"": ""button"", ""name"": ""Reset"", ""exact"": true}",,
admin,Promo Marketing,Promo Marketing Report,/promo-marketing/statistical-reports,button,Search,,,,,,,No request captured,,,unverified,FAT admin authenticated browser session; exact role/permission mapping pending,No mutation observed,Page loaded,No request captured,,,,DOCUMENTED_UNVERIFIED,CONTROL_PRESENT_NO_REQUEST,"fat-admin-explicit-read-actions.json execution status=SKIPPED_NOT_ACTIONABLE; exact selector {""role"": ""button"", ""name"": ""Search"", ""exact"": true}",,Control was not actionable in the fresh page state
admin,Report Management,Game Platform Reports,/report-management/game-platform-report/list,button,Export,,,,,,,No request captured,,,unverified,FAT admin authenticated browser session; exact role/permission mapping pending,No mutation observed,Page loaded,No request captured,,,,DOCUMENTED_UNVERIFIED,CONTROL_PRESENT_NO_REQUEST,"fat-admin-explicit-read-actions.json execution status=SKIPPED_NOT_ACTIONABLE; exact selector {""role"": ""button"", ""name"": ""Export"", ""exact"": true}",,Control was not actionable in the fresh page state
admin,Report Management,Game Platform Reports,/report-management/game-platform-report/list,button,Query,GET,/admin/reports/venue/node,"end_time,field,page,page_size,start_time",,,"accept,accept-language,client-id,client-version,d,lang,referer,sec-ch-ua,sec-ch-ua-mobile,sec-ch-ua-platform,t,user-agent,x-device-id",Query: current page filter/pagination; Header: authenticated browser session/runtime,200,True,"object; keys=a,d,s,t",FAT admin authenticated browser session; exact role/permission mapping pending,No mutation observed; registered low-risk interaction,Page reloaded and Network reached quiet state before action,Action response captured; no business mutation observed,admin/game,厂商线路报表,后台/报表/游戏平台报表/厂商线路报表.bru,ACTIVE,YES,"fat-admin-explicit-read-actions.json Network events 631; exact selector {""role"": ""button"", ""name"": ""Query"", ""exact"": true}",,
admin,Report Management,Game Platform Reports,/report-management/game-platform-report/list,button,Reset,GET,/admin/reports/venue/node,"end_time,field,page,page_size,start_time",,,"accept,accept-language,client-id,client-version,d,lang,referer,sec-ch-ua,sec-ch-ua-mobile,sec-ch-ua-platform,t,user-agent,x-device-id",Query: current page filter/pagination; Header: authenticated browser session/runtime,200,True,"object; keys=a,d,s,t",FAT admin authenticated browser session; exact role/permission mapping pending,No mutation observed; registered low-risk interaction,Page reloaded and Network reached quiet state before action,Action response captured; no business mutation observed,admin/game,厂商线路报表,后台/报表/游戏平台报表/厂商线路报表.bru,ACTIVE,YES,"fat-admin-explicit-read-actions.json Network events 610; exact selector {""role"": ""button"", ""name"": ""Reset"", ""exact"": true}",,
admin,Report Management,Game Reports,/report-management/game-reports/list,button,Export,,,,,,,No request captured,,,unverified,FAT admin authenticated browser session; exact role/permission mapping pending,No mutation observed,Page loaded,No request captured,,,,DOCUMENTED_UNVERIFIED,CONTROL_PRESENT_NO_REQUEST,"fat-admin-explicit-read-actions.json execution status=SKIPPED_NOT_ACTIONABLE; exact selector {""role"": ""button"", ""name"": ""Export"", ""exact"": true}",,Control was not actionable in the fresh page state
admin,Report Management,Game Reports,/report-management/game-reports/list,button,Query,GET,/admin/reports/game/node,"end_time,field,page,page_size,start_time",,,"accept,accept-language,client-id,client-version,d,lang,referer,sec-ch-ua,sec-ch-ua-mobile,sec-ch-ua-platform,t,user-agent,x-device-id",Query: current page filter/pagination; Header: authenticated browser session/runtime,200,True,"object; keys=a,d,s,t",FAT admin authenticated browser session; exact role/permission mapping pending,No mutation observed; registered low-risk interaction,Page reloaded and Network reached quiet state before action,Action response captured; no business mutation observed,admin/game,游戏线路报表,后台/报表/游戏报表/游戏线路报表.bru,ACTIVE,YES,"fat-admin-explicit-read-actions.json Network events 507; exact selector {""role"": ""button"", ""name"": ""Query"", ""exact"": true}",,
admin,Report Management,Game Reports,/report-management/game-reports/list,button,Reset,GET,/admin/reports/game/node,"end_time,field,page,page_size,start_time",,,"accept,accept-language,client-id,client-version,d,lang,referer,sec-ch-ua,sec-ch-ua-mobile,sec-ch-ua-platform,t,user-agent,x-device-id",Query: current page filter/pagination; Header: authenticated browser session/runtime,200,True,"object; keys=a,d,s,t",FAT admin authenticated browser session; exact role/permission mapping pending,No mutation observed; registered low-risk interaction,Page reloaded and Network reached quiet state before action,Action response captured; no business mutation observed,admin/game,游戏线路报表,后台/报表/游戏报表/游戏线路报表.bru,ACTIVE,YES,"fat-admin-explicit-read-actions.json Network events 486; exact selector {""role"": ""button"", ""name"": ""Reset"", ""exact"": true}",,
admin,Report Management,Game Type Reports,/report-management/game-types-report/list,button,Export,,,,,,,No request captured,,,unverified,FAT admin authenticated browser session; exact role/permission mapping pending,No mutation observed,Page loaded,No request captured,,,,DOCUMENTED_UNVERIFIED,CONTROL_PRESENT_NO_REQUEST,"fat-admin-explicit-read-actions.json execution status=SKIPPED_NOT_ACTIONABLE; exact selector {""role"": ""button"", ""name"": ""Export"", ""exact"": true}",,Control was not actionable in the fresh page state
admin,Report Management,Game Type Reports,/report-management/game-types-report/list,button,Query,GET,/admin/reports/gameclass/node,"end_time,field,page,page_size,start_time",,,"accept,accept-language,client-id,client-version,d,lang,referer,sec-ch-ua,sec-ch-ua-mobile,sec-ch-ua-platform,t,user-agent,x-device-id",Query: current page filter/pagination; Header: authenticated browser session/runtime,200,True,"object; keys=a,d,s,t",FAT admin authenticated browser session; exact role/permission mapping pending,No mutation observed; registered low-risk interaction,Page reloaded and Network reached quiet state before action,Action response captured; no business mutation observed,admin/game,游戏类型线路报表,后台/报表/游戏类型报表/游戏类型线路报表.bru,ACTIVE,YES,"fat-admin-explicit-read-actions.json Network events 569; exact selector {""role"": ""button"", ""name"": ""Query"", ""exact"": true}",,
admin,Report Management,Game Type Reports,/report-management/game-types-report/list,button,Reset,GET,/admin/reports/gameclass/node,"end_time,field,page,page_size,start_time",,,"accept,accept-language,client-id,client-version,d,lang,referer,sec-ch-ua,sec-ch-ua-mobile,sec-ch-ua-platform,t,user-agent,x-device-id",Query: current page filter/pagination; Header: authenticated browser session/runtime,200,True,"object; keys=a,d,s,t",FAT admin authenticated browser session; exact role/permission mapping pending,No mutation observed; registered low-risk interaction,Page reloaded and Network reached quiet state before action,Action response captured; no business mutation observed,admin/game,游戏类型线路报表,后台/报表/游戏类型报表/游戏类型线路报表.bru,ACTIVE,YES,"fat-admin-explicit-read-actions.json Network events 548; exact selector {""role"": ""button"", ""name"": ""Reset"", ""exact"": true}",,
admin,Report Management,Member Daily Game Stats,/report-management/member-daily-game-stats,button,Export,,,,,,,No request captured,,,unverified,FAT admin authenticated browser session; exact role/permission mapping pending,No mutation observed,Page loaded,No request captured,,,,DOCUMENTED_UNVERIFIED,CONTROL_PRESENT_NO_REQUEST,"fat-admin-explicit-read-actions.json execution status=SKIPPED_NOT_ACTIONABLE; exact selector {""role"": ""button"", ""name"": ""Export"", ""exact"": true}",,Control was not actionable in the fresh page state
admin,Risk Management,Deposit/Withdrawal Approval,/risk-control/dw-audit,button,Export to Excel,,,,,,,No request captured,,,unverified,FAT admin authenticated browser session; exact role/permission mapping pending,No mutation observed,Page loaded,No request captured,,,,DOCUMENTED_UNVERIFIED,CONTROL_PRESENT_NO_REQUEST,"fat-admin-explicit-read-actions.json execution status=SKIPPED_NOT_ACTIONABLE; exact selector {""role"": ""button"", ""name"": ""Export to Excel"", ""exact"": true}",,Control was not actionable in the fresh page state
admin,Risk Management,Deposit/Withdrawal Approval,/risk-control/dw-audit,button,Query,GET,/admin/notify/audit/alarm,t,,,"accept,accept-language,client-id,client-version,d,lang,referer,sec-ch-ua,sec-ch-ua-mobile,sec-ch-ua-platform,t,user-agent,x-device-id",Query: current page filter/pagination; Header: authenticated browser session/runtime,200,True,"object; keys=bonus_review_pending,feedback_pending,kyc_pending,mall_order_pending,withdraw_pending",FAT admin authenticated browser session; exact role/permission mapping pending,No mutation observed; registered low-risk interaction,Page reloaded and Network reached quiet state before action,Action response captured; no business mutation observed,admin/other,获取系统通知数量-wesley/owen,后台/系统管理/通知中心/获取系统通知数量-wesley-owen.bru,ACTIVE,YES,"fat-admin-explicit-read-actions.json Network events 1754; exact selector {""role"": ""button"", ""name"": ""Query"", ""exact"": true}",,
admin,Risk Management,Deposit/Withdrawal Approval,/risk-control/dw-audit,button,Query,POST,/admin/finance/withdraw/risk/audit/list,,,,"accept,accept-language,client-id,client-version,content-type,d,lang,referer,sec-ch-ua,sec-ch-ua-mobile,sec-ch-ua-platform,t,user-agent,x-device-id",Header: authenticated browser session/runtime,200,True,"object; keys=d,s,summary,t",FAT admin authenticated browser session; exact role/permission mapping pending,No mutation observed; registered low-risk interaction,Page reloaded and Network reached quiet state before action,Action response captured; no business mutation observed,,,,UNDOCUMENTED_ACTIVE,YES,"fat-admin-explicit-read-actions.json Network events 1755; exact selector {""role"": ""button"", ""name"": ""Query"", ""exact"": true}",,
admin,Risk Management,Deposit/Withdrawal Approval,/risk-control/dw-audit,button,Reset,POST,/admin/finance/withdraw/risk/audit/list,,,,"accept,accept-language,client-id,client-version,content-type,d,lang,referer,sec-ch-ua,sec-ch-ua-mobile,sec-ch-ua-platform,t,user-agent,x-device-id",Header: authenticated browser session/runtime,200,True,"object; keys=d,s,summary,t",FAT admin authenticated browser session; exact role/permission mapping pending,No mutation observed; registered low-risk interaction,Page reloaded and Network reached quiet state before action,Action response captured; no business mutation observed,,,,UNDOCUMENTED_ACTIVE,YES,"fat-admin-explicit-read-actions.json Network events 1735; exact selector {""role"": ""button"", ""name"": ""Reset"", ""exact"": true}",,
admin,Risk Management,Risk Logs,/risk-control/risk-logs,button,Query,GET,/admin/member/risk/log,"created_end_time,created_start_time,page,page_size",,,"accept,accept-language,client-id,client-version,d,lang,referer,sec-ch-ua,sec-ch-ua-mobile,sec-ch-ua-platform,t,user-agent,x-device-id",Query: current page filter/pagination; Header: authenticated browser session/runtime,200,True,"object; keys=d,t",FAT admin authenticated browser session; exact role/permission mapping pending,No mutation observed; registered low-risk interaction,Page reloaded and Network reached quiet state before action,Action response captured; no business mutation observed,admin/member,风控日志,后台/会员列表/风控日志.bru,ACTIVE,YES,"fat-admin-explicit-read-actions.json Network events 1899; exact selector {""role"": ""button"", ""name"": ""Query"", ""exact"": true}",,
admin,Risk Management,Risk Logs,/risk-control/risk-logs,button,Reset,GET,/admin/member/risk/log,"created_end_time,created_start_time,page,page_size",,,"accept,accept-language,client-id,client-version,d,lang,referer,sec-ch-ua,sec-ch-ua-mobile,sec-ch-ua-platform,t,user-agent,x-device-id",Query: current page filter/pagination; Header: authenticated browser session/runtime,200,True,"object; keys=d,t",FAT admin authenticated browser session; exact role/permission mapping pending,No mutation observed; registered low-risk interaction,Page reloaded and Network reached quiet state before action,Action response captured; no business mutation observed,admin/member,风控日志,后台/会员列表/风控日志.bru,ACTIVE,YES,"fat-admin-explicit-read-actions.json Network events 1881; exact selector {""role"": ""button"", ""name"": ""Reset"", ""exact"": true}",,
admin,Risk Management,Temporary Restriction List,/risk-control/temporary-restriction-list,button,Reset,,,,,,,No request captured,,,unverified,FAT admin authenticated browser session; exact role/permission mapping pending,No mutation observed,Page loaded,No request captured,,,,DOCUMENTED_UNVERIFIED,CONTROL_PRESENT_NO_REQUEST,"fat-admin-explicit-read-actions.json execution status=SKIPPED_NOT_ACTIONABLE; exact selector {""role"": ""button"", ""name"": ""Reset"", ""exact"": true}",,Control was not actionable in the fresh page state
admin,Risk Management,Temporary Restriction List,/risk-control/temporary-restriction-list,button,Search,,,,,,,No request captured,,,unverified,FAT admin authenticated browser session; exact role/permission mapping pending,No mutation observed,Page loaded,No request captured,,,,DOCUMENTED_UNVERIFIED,CONTROL_PRESENT_NO_REQUEST,"fat-admin-explicit-read-actions.json execution status=SKIPPED_NOT_ACTIONABLE; exact selector {""role"": ""button"", ""name"": ""Search"", ""exact"": true}",,Control was not actionable in the fresh page state
admin,Risk Management,Fund Transfer Record,/risk-control/up-down-score,button,Export to Excel,,,,,,,No request captured,,,unverified,FAT admin authenticated browser session; exact role/permission mapping pending,No mutation observed,Page loaded,No request captured,,,,DOCUMENTED_UNVERIFIED,CONTROL_PRESENT_NO_REQUEST,"fat-admin-explicit-read-actions.json execution status=SKIPPED_NOT_ACTIONABLE; exact selector {""role"": ""button"", ""name"": ""Export to Excel"", ""exact"": true}",,Control was not actionable in the fresh page state
admin,Risk Management,Fund Transfer Record,/risk-control/up-down-score,button,Query,POST,/admin/finance/adjust/list,,,,"accept,accept-language,client-id,client-version,content-type,d,lang,referer,sec-ch-ua,sec-ch-ua-mobile,sec-ch-ua-platform,t,user-agent,x-device-id",Header: authenticated browser session/runtime,200,True,"object; keys=d,s,t",FAT admin authenticated browser session; exact role/permission mapping pending,No mutation observed; registered low-risk interaction,Page reloaded and Network reached quiet state before action,Action response captured; no business mutation observed,admin/finance,系统调整,代理管理后台/财务管理/财务报表/系统调整.bru,ACTIVE,YES,"fat-admin-explicit-read-actions.json Network events 1811; exact selector {""role"": ""button"", ""name"": ""Query"", ""exact"": true}",,
admin,Risk Management,Fund Transfer Record,/risk-control/up-down-score,button,Reset,POST,/admin/finance/adjust/list,,,,"accept,accept-language,client-id,client-version,content-type,d,lang,referer,sec-ch-ua,sec-ch-ua-mobile,sec-ch-ua-platform,t,user-agent,x-device-id",Header: authenticated browser session/runtime,200,True,"object; keys=d,s,t",FAT admin authenticated browser session; exact role/permission mapping pending,No mutation observed; registered low-risk interaction,Page reloaded and Network reached quiet state before action,Action response captured; no business mutation observed,admin/finance,系统调整,代理管理后台/财务管理/财务报表/系统调整.bru,ACTIVE,YES,"fat-admin-explicit-read-actions.json Network events 1792; exact selector {""role"": ""button"", ""name"": ""Reset"", ""exact"": true}",,
admin,Site Management,Domain Management,/site-management/domain-management,button,Reset,GET,/admin/channel/promotion/domain/list,"page,page_size",,,"accept,accept-language,client-id,client-version,d,lang,referer,sec-ch-ua,sec-ch-ua-mobile,sec-ch-ua-platform,t,user-agent,x-device-id",Query: current page filter/pagination; Header: authenticated browser session/runtime,200,True,"object; keys=d,s,t",FAT admin authenticated browser session; exact role/permission mapping pending,No mutation observed; registered low-risk interaction,Page reloaded and Network reached quiet state before action,Action response captured; no business mutation observed,admin/promo,列表,后台/渠道推广-域名管理/列表.bru,ACTIVE,YES,"fat-admin-explicit-read-actions.json Network events 2109; exact selector {""role"": ""button"", ""name"": ""Reset"", ""exact"": true}",,
admin,Site Management,Domain Management,/site-management/domain-management,button,Search,GET,/admin/channel/promotion/domain/list,"page,page_size",,,"accept,accept-language,client-id,client-version,d,lang,referer,sec-ch-ua,sec-ch-ua-mobile,sec-ch-ua-platform,t,user-agent,x-device-id",Query: current page filter/pagination; Header: authenticated browser session/runtime,200,True,"object; keys=d,s,t",FAT admin authenticated browser session; exact role/permission mapping pending,No mutation observed; registered low-risk interaction,Page reloaded and Network reached quiet state before action,Action response captured; no business mutation observed,admin/promo,列表,后台/渠道推广-域名管理/列表.bru,ACTIVE,YES,"fat-admin-explicit-read-actions.json Network events 2091; exact selector {""role"": ""button"", ""name"": ""Search"", ""exact"": true}",,
admin,System,Bet Order Monitoring,/system/order-monitor,button,Query,GET,/admin/reports/provider/order/compare/daily,"created_at_end,created_at_start,page,page_size",,,"accept,accept-language,client-id,client-version,d,lang,referer,sec-ch-ua,sec-ch-ua-mobile,sec-ch-ua-platform,t,user-agent,x-device-id",Query: current page filter/pagination; Header: authenticated browser session/runtime,200,True,"object; keys=d,s,t",FAT admin authenticated browser session; exact role/permission mapping pending,No mutation observed; registered low-risk interaction,Page reloaded and Network reached quiet state before action,Action response captured; no business mutation observed,admin/report,列表,后台/报表/厂商注单对比日报/列表.bru,ACTIVE,YES,"fat-admin-explicit-read-actions.json Network events 2499; exact selector {""role"": ""button"", ""name"": ""Query"", ""exact"": true}",,
admin,System,Bet Order Monitoring,/system/order-monitor,button,Reset,GET,/admin/reports/provider/order/compare/daily,"created_at_end,created_at_start,page,page_size",,,"accept,accept-language,client-id,client-version,d,lang,referer,sec-ch-ua,sec-ch-ua-mobile,sec-ch-ua-platform,t,user-agent,x-device-id",Query: current page filter/pagination; Header: authenticated browser session/runtime,200,True,"object; keys=d,s,t",FAT admin authenticated browser session; exact role/permission mapping pending,No mutation observed; registered low-risk interaction,Page reloaded and Network reached quiet state before action,Action response captured; no business mutation observed,admin/report,列表,后台/报表/厂商注单对比日报/列表.bru,ACTIVE,YES,"fat-admin-explicit-read-actions.json Network events 2480; exact selector {""role"": ""button"", ""name"": ""Reset"", ""exact"": true}",,
admin,System,SMS Verification Code,/system/sms-otp,button,Query,GET,/admin/sms/list,"end_time,page,page_size,start_time",,,"accept,accept-language,client-id,client-version,d,lang,referer,sec-ch-ua,sec-ch-ua-mobile,sec-ch-ua-platform,t,user-agent,x-device-id",Query: current page filter/pagination; Header: authenticated browser session/runtime,200,True,"object; keys=d,t",FAT admin authenticated browser session; exact role/permission mapping pending,No mutation observed; registered low-risk interaction,Page reloaded and Network reached quiet state before action,Action response captured; no business mutation observed,admin/auth,短信列表-seven,后台/短信发送列表/短信列表-seven.bru,ACTIVE,YES,"fat-admin-explicit-read-actions.json Network events 2461; exact selector {""role"": ""button"", ""name"": ""Query"", ""exact"": true}",,
admin,System,SMS Verification Code,/system/sms-otp,button,Reset,GET,/admin/sms/list,"end_time,page,page_size,start_time",,,"accept,accept-language,client-id,client-version,d,lang,referer,sec-ch-ua,sec-ch-ua-mobile,sec-ch-ua-platform,t,user-agent,x-device-id",Query: current page filter/pagination; Header: authenticated browser session/runtime,200,True,"object; keys=d,t",FAT admin authenticated browser session; exact role/permission mapping pending,No mutation observed; registered low-risk interaction,Page reloaded and Network reached quiet state before action,Action response captured; no business mutation observed,admin/auth,短信列表-seven,后台/短信发送列表/短信列表-seven.bru,ACTIVE,YES,"fat-admin-explicit-read-actions.json Network events 2443; exact selector {""role"": ""button"", ""name"": ""Reset"", ""exact"": true}",,
admin,System,Staff Configuration,/system/staff,button,Query,POST,/admin/user/list,,,"page,page_size","accept,accept-language,client-id,client-version,content-type,d,lang,referer,sec-ch-ua,sec-ch-ua-mobile,sec-ch-ua-platform,t,user-agent,x-device-id",Body: current page form/filter and UI defaults; Header: authenticated browser session/runtime,200,True,"object; keys=d,t",FAT admin authenticated browser session; exact role/permission mapping pending,No mutation observed; registered low-risk interaction,Page reloaded and Network reached quiet state before action,Action response captured; no business mutation observed,,,,UNDOCUMENTED_ACTIVE,YES,"fat-admin-explicit-read-actions.json Network events 2425; exact selector {""role"": ""button"", ""name"": ""Query"", ""exact"": true}",,
admin,System,Staff Configuration,/system/staff,button,Reset,POST,/admin/user/list,,,"page,page_size","accept,accept-language,client-id,client-version,content-type,d,lang,referer,sec-ch-ua,sec-ch-ua-mobile,sec-ch-ua-platform,t,user-agent,x-device-id",Body: current page form/filter and UI defaults; Header: authenticated browser session/runtime,200,True,"object; keys=d,t",FAT admin authenticated browser session; exact role/permission mapping pending,No mutation observed; registered low-risk interaction,Page reloaded and Network reached quiet state before action,Action response captured; no business mutation observed,,,,UNDOCUMENTED_ACTIVE,YES,"fat-admin-explicit-read-actions.json Network events 2406; exact selector {""role"": ""button"", ""name"": ""Reset"", ""exact"": true}",,
admin,System,Whitelist,/whitelist/list,button,Query,GET,/admin/whiteList/list,"end_time,page,page_size,start_time",,,"accept,accept-language,client-id,client-version,d,lang,referer,sec-ch-ua,sec-ch-ua-mobile,sec-ch-ua-platform,t,user-agent,x-device-id",Query: current page filter/pagination; Header: authenticated browser session/runtime,200,True,"object; keys=d,page,page_size,t",FAT admin authenticated browser session; exact role/permission mapping pending,No mutation observed; registered low-risk interaction,Page reloaded and Network reached quiet state before action,Action response captured; no business mutation observed,admin/other,白名单列表 --yasser,后台/系统管理/白名单管理/白名单列表 --yasser.bru,ACTIVE,YES,"fat-admin-explicit-read-actions.json Network events 2535; exact selector {""role"": ""button"", ""name"": ""Query"", ""exact"": true}",,
admin,System,Whitelist,/whitelist/list,button,Reset,GET,/admin/whiteList/list,"end_time,page,page_size,start_time",,,"accept,accept-language,client-id,client-version,d,lang,referer,sec-ch-ua,sec-ch-ua-mobile,sec-ch-ua-platform,t,user-agent,x-device-id",Query: current page filter/pagination; Header: authenticated browser session/runtime,200,True,"object; keys=d,page,page_size,t",FAT admin authenticated browser session; exact role/permission mapping pending,No mutation observed; registered low-risk interaction,Page reloaded and Network reached quiet state before action,Action response captured; no business mutation observed,admin/other,白名单列表 --yasser,后台/系统管理/白名单管理/白名单列表 --yasser.bru,ACTIVE,YES,"fat-admin-explicit-read-actions.json Network events 2517; exact selector {""role"": ""button"", ""name"": ""Reset"", ""exact"": true}",,
