surface,top_menu,page_name,page_route,control_type,action_name,method,normalized_path,query_fields,path_fields,body_fields,header_fields,parameter_source,http_status,business_status,response_structure,auth_role,side_effect,before_state,after_state,original_category,original_name,original_source_file,classification,currently_used_by_ui,evidence,anomaly,blocked_scope
admin,Agent Management,Agency statistical report,/agency-management/agency-statistical,page_initialization,page initialization,GET,/admin/me/detail,,,,"accept,accept-language,client-id,client-version,d,lang,referer,sec-ch-ua,sec-ch-ua-mobile,sec-ch-ua-platform,t,user-agent,x-device-id",Header: browser session/runtime,200,True,"object; keys=avatar,bind_time,button_permission_ids,cmpl,create_name,created_at,email,google_secret,group_id,id,last_login_ip,last_login_time,login_password,nickname,operator_name,pwd_edit_time,roles,sid,status,stores,updated_at,username",FAT admin authenticated browser session; exact permission/role mapping pending,No mutation observed in this discovery action,Not applicable for observed read interaction,Page/network response rendered; business data values not persisted,admin/other,后台账户详情(当前登陆信息)-seven,后台/后台账号管理/后台账户详情(当前登陆信息)-seven.bru,ACTIVE,YES,fat-admin-page-initialization.json network events 128; live-menu route and DOM control snapshot,,
admin,Agent Management,Agency statistical report,/agency-management/agency-statistical,page_initialization,page initialization,GET,/admin/notify/audit/alarm,t,,,"accept,accept-language,client-id,client-version,d,lang,referer,sec-ch-ua,sec-ch-ua-mobile,sec-ch-ua-platform,t,user-agent,x-device-id",Query: route/filter/pagination values emitted by current UI state; Header: browser session/runtime,200,True,"object; keys=bonus_review_pending,feedback_pending,kyc_pending,mall_order_pending,withdraw_pending",FAT admin authenticated browser session; exact permission/role mapping pending,No mutation observed in this discovery action,Not applicable for observed read interaction,Page/network response rendered; business data values not persisted,admin/other,获取系统通知数量-wesley/owen,后台/系统管理/通知中心/获取系统通知数量-wesley-owen.bru,ACTIVE,YES,fat-admin-page-initialization.json network events 131; live-menu route and DOM control snapshot,,
admin,Agent Management,Agency statistical report,/agency-management/agency-statistical,page_initialization,page initialization,GET,/admin/reports/agency,"end_time,field,page,page_size,sort,start_time",,,"accept,accept-language,client-id,client-version,d,lang,referer,sec-ch-ua,sec-ch-ua-mobile,sec-ch-ua-platform,t,user-agent,x-device-id",Query: route/filter/pagination values emitted by current UI state; Header: browser session/runtime,200,True,"object; keys=a,d,t",FAT admin authenticated browser session; exact permission/role mapping pending,No mutation observed in this discovery action,Not applicable for observed read interaction,Page/network response rendered; business data values not persisted,admin/report,代理统计报表,后台/代理管理/代理统计报表.bru,ACTIVE,YES,fat-admin-page-initialization.json network events 132; live-menu route and DOM control snapshot,,
admin,Agent Management,Agency statistical report,/agency-management/agency-statistical,page_initialization,page initialization,GET,/admin/sys/config/compliance/status,,,,"accept,accept-language,client-id,client-version,d,lang,referer,sec-ch-ua,sec-ch-ua-mobile,sec-ch-ua-platform,t,user-agent,x-device-id",Header: browser session/runtime,200,True,"object; keys=effective_open,effective_reason,effective_status_msg",FAT admin authenticated browser session; exact permission/role mapping pending,No mutation observed in this discovery action,Not applicable for observed read interaction,Page/network response rendered; business data values not persisted,,,,UNDOCUMENTED_ACTIVE,YES,fat-admin-page-initialization.json network events 129; live-menu route and DOM control snapshot,,
admin,Agent Management,Agency statistical report,/agency-management/agency-statistical,page_initialization,page initialization,POST,/admin/game/search,,,,"accept,accept-language,client-id,client-version,content-type,d,lang,referer,sec-ch-ua,sec-ch-ua-mobile,sec-ch-ua-platform,t,user-agent,x-device-id",Header: browser session/runtime,200,True,"object; keys=ids,list,page,page_size,s,t",FAT admin authenticated browser session; exact permission/role mapping pending,No mutation observed in this discovery action,Not applicable for observed read interaction,Page/network response rendered; business data values not persisted,admin/game,+游戏列表查询-owen-aliang,后台/game管理/游戏管理/+游戏列表查询-owen-aliang.bru,ACTIVE,YES,"fat-admin-page-initialization.json network events 133,134,135,136,137,138,139,140; live-menu route and DOM control snapshot",,
admin,Agent Management,Agency statistical report,/agency-management/agency-statistical,page_initialization,page initialization,POST,/admin/gameclass/list,,,,"accept,accept-language,client-id,client-version,content-type,d,lang,referer,sec-ch-ua,sec-ch-ua-mobile,sec-ch-ua-platform,t,user-agent,x-device-id",Header: browser session/runtime,200,True,"object; keys=list,page,page_size,s,t",FAT admin authenticated browser session; exact permission/role mapping pending,No mutation observed in this discovery action,Not applicable for observed read interaction,Page/network response rendered; business data values not persisted,admin/game,+查询场馆列表-owen,后台/game管理/场馆管理/+查询场馆列表-owen.bru,ACTIVE,YES,fat-admin-page-initialization.json network events 130; live-menu route and DOM control snapshot,,
admin,Game,Betting Record,/game/bet-orders,page_initialization,page initialization,GET,/admin/me/detail,,,,"accept,accept-language,client-id,client-version,d,lang,referer,sec-ch-ua,sec-ch-ua-mobile,sec-ch-ua-platform,t,user-agent,x-device-id",Header: browser session/runtime,200,True,"object; keys=avatar,bind_time,button_permission_ids,cmpl,create_name,created_at,email,google_secret,group_id,id,last_login_ip,last_login_time,login_password,nickname,operator_name,pwd_edit_time,roles,sid,status,stores,updated_at,username",FAT admin authenticated browser session; exact permission/role mapping pending,No mutation observed in this discovery action,Not applicable for observed read interaction,Page/network response rendered; business data values not persisted,admin/other,后台账户详情(当前登陆信息)-seven,后台/后台账号管理/后台账户详情(当前登陆信息)-seven.bru,ACTIVE,YES,fat-admin-page-initialization.json network events 690; live-menu route and DOM control snapshot,,
admin,Game,Betting Record,/game/bet-orders,page_initialization,page initialization,GET,/admin/notify/audit/alarm,t,,,"accept,accept-language,client-id,client-version,d,lang,referer,sec-ch-ua,sec-ch-ua-mobile,sec-ch-ua-platform,t,user-agent,x-device-id",Query: route/filter/pagination values emitted by current UI state; Header: browser session/runtime,200,True,"object; keys=bonus_review_pending,feedback_pending,kyc_pending,mall_order_pending,withdraw_pending",FAT admin authenticated browser session; exact permission/role mapping pending,No mutation observed in this discovery action,Not applicable for observed read interaction,Page/network response rendered; business data values not persisted,admin/other,获取系统通知数量-wesley/owen,后台/系统管理/通知中心/获取系统通知数量-wesley-owen.bru,ACTIVE,YES,fat-admin-page-initialization.json network events 692; live-menu route and DOM control snapshot,,
admin,Game,Betting Record,/game/bet-orders,page_initialization,page initialization,GET,/admin/sys/config/compliance/status,,,,"accept,accept-language,client-id,client-version,d,lang,referer,sec-ch-ua,sec-ch-ua-mobile,sec-ch-ua-platform,t,user-agent,x-device-id",Header: browser session/runtime,200,True,"object; keys=effective_open,effective_reason,effective_status_msg",FAT admin authenticated browser session; exact permission/role mapping pending,No mutation observed in this discovery action,Not applicable for observed read interaction,Page/network response rendered; business data values not persisted,,,,UNDOCUMENTED_ACTIVE,YES,fat-admin-page-initialization.json network events 691; live-menu route and DOM control snapshot,,
admin,Game,Betting Record,/game/bet-orders,page_initialization,page initialization,POST,/admin/game/search,,,,"accept,accept-language,client-id,client-version,content-type,d,lang,referer,sec-ch-ua,sec-ch-ua-mobile,sec-ch-ua-platform,t,user-agent,x-device-id",Header: browser session/runtime,200,,unknown,FAT admin authenticated browser session; exact permission/role mapping pending,No mutation observed in this discovery action,Not applicable for observed read interaction,Page/network response rendered; business data values not persisted,admin/game,+游戏列表查询-owen-aliang,后台/game管理/游戏管理/+游戏列表查询-owen-aliang.bru,ACTIVE,YES,fat-admin-page-initialization.json network events 689; live-menu route and DOM control snapshot,,
admin,Game,Betting Record,/game/bet-orders,page_initialization,page initialization,POST,/admin/game/search,,,,"accept,accept-language,client-id,client-version,content-type,d,lang,referer,sec-ch-ua,sec-ch-ua-mobile,sec-ch-ua-platform,t,user-agent,x-device-id",Header: browser session/runtime,200,True,"object; keys=ids,list,page,page_size,s,t",FAT admin authenticated browser session; exact permission/role mapping pending,No mutation observed in this discovery action,Not applicable for observed read interaction,Page/network response rendered; business data values not persisted,admin/game,+游戏列表查询-owen-aliang,后台/game管理/游戏管理/+游戏列表查询-owen-aliang.bru,ACTIVE,YES,"fat-admin-page-initialization.json network events 694,695,696,697,698,699,700,701; live-menu route and DOM control snapshot",,
admin,Game,Betting Record,/game/bet-orders,page_initialization,page initialization,POST,/admin/gameclass/list,,,,"accept,accept-language,client-id,client-version,content-type,d,lang,referer,sec-ch-ua,sec-ch-ua-mobile,sec-ch-ua-platform,t,user-agent,x-device-id",Header: browser session/runtime,200,True,"object; keys=list,page,page_size,s,t",FAT admin authenticated browser session; exact permission/role mapping pending,No mutation observed in this discovery action,Not applicable for observed read interaction,Page/network response rendered; business data values not persisted,admin/game,+查询场馆列表-owen,后台/game管理/场馆管理/+查询场馆列表-owen.bru,ACTIVE,YES,fat-admin-page-initialization.json network events 693; live-menu route and DOM control snapshot,,
admin,Game,FS 派发管理,/gamev2/freespin-grants,page_initialization,page initialization,GET,/admin/me/detail,,,,"accept,accept-language,client-id,client-version,d,lang,referer,sec-ch-ua,sec-ch-ua-mobile,sec-ch-ua-platform,t,user-agent,x-device-id",Header: browser session/runtime,200,True,"object; keys=avatar,bind_time,button_permission_ids,cmpl,create_name,created_at,email,google_secret,group_id,id,last_login_ip,last_login_time,login_password,nickname,operator_name,pwd_edit_time,roles,sid,status,stores,updated_at,username",FAT admin authenticated browser session; exact permission/role mapping pending,No mutation observed in this discovery action,Not applicable for observed read interaction,Page/network response rendered; business data values not persisted,admin/other,后台账户详情(当前登陆信息)-seven,后台/后台账号管理/后台账户详情(当前登陆信息)-seven.bru,ACTIVE,YES,fat-admin-page-initialization.json network events 746; live-menu route and DOM control snapshot,,
admin,Game,FS 派发管理,/gamev2/freespin-grants,page_initialization,page initialization,GET,/admin/notify/audit/alarm,t,,,"accept,accept-language,client-id,client-version,d,lang,referer,sec-ch-ua,sec-ch-ua-mobile,sec-ch-ua-platform,t,user-agent,x-device-id",Query: route/filter/pagination values emitted by current UI state; Header: browser session/runtime,200,True,"object; keys=bonus_review_pending,feedback_pending,kyc_pending,mall_order_pending,withdraw_pending",FAT admin authenticated browser session; exact permission/role mapping pending,No mutation observed in this discovery action,Not applicable for observed read interaction,Page/network response rendered; business data values not persisted,admin/other,获取系统通知数量-wesley/owen,后台/系统管理/通知中心/获取系统通知数量-wesley-owen.bru,ACTIVE,YES,fat-admin-page-initialization.json network events 751; live-menu route and DOM control snapshot,,
admin,Game,FS 派发管理,/gamev2/freespin-grants,page_initialization,page initialization,GET,/admin/priv/check,path,,,"accept,accept-language,client-id,client-version,d,lang,referer,sec-ch-ua,sec-ch-ua-mobile,sec-ch-ua-platform,t,user-agent,x-device-id",Query: route/filter/pagination values emitted by current UI state; Header: browser session/runtime,200,True,object; keys=rights,FAT admin authenticated browser session; exact permission/role mapping pending,No mutation observed in this discovery action,Not applicable for observed read interaction,Page/network response rendered; business data values not persisted,admin/permission,权限检查,后台/系统管理/权限管理/权限检查.bru,ACTIVE,YES,"fat-admin-page-initialization.json network events 747,748,749; live-menu route and DOM control snapshot",,
admin,Game,FS 派发管理,/gamev2/freespin-grants,page_initialization,page initialization,GET,/admin/promo/free/spin/list,"created_etime,created_stime,page,page_size",,,"accept,accept-language,client-id,client-version,d,lang,referer,sec-ch-ua,sec-ch-ua-mobile,sec-ch-ua-platform,t,user-agent,x-device-id",Query: route/filter/pagination values emitted by current UI state; Header: browser session/runtime,200,True,"object; keys=d,summar,t",FAT admin authenticated browser session; exact permission/role mapping pending,No mutation observed in this discovery action,Not applicable for observed read interaction,Page/network response rendered; business data values not persisted,admin/promo,列表,活动/后台-活动管理/freeSpin/列表.bru,ACTIVE,YES,fat-admin-page-initialization.json network events 755; live-menu route and DOM control snapshot,,
admin,Game,FS 派发管理,/gamev2/freespin-grants,page_initialization,page initialization,GET,/admin/promo/list,"page,page_size",,,"accept,accept-language,client-id,client-version,d,lang,referer,sec-ch-ua,sec-ch-ua-mobile,sec-ch-ua-platform,t,user-agent,x-device-id",Query: route/filter/pagination values emitted by current UI state; Header: browser session/runtime,200,True,"object; keys=d,s,t,update_users",FAT admin authenticated browser session; exact permission/role mapping pending,No mutation observed in this discovery action,Not applicable for observed read interaction,Page/network response rendered; business data values not persisted,admin/promo,活动列表 - felix,后台/活动/活动列表 - felix.bru,ACTIVE,YES,fat-admin-page-initialization.json network events 754; live-menu route and DOM control snapshot,,
admin,Game,FS 派发管理,/gamev2/freespin-grants,page_initialization,page initialization,GET,/admin/sys/config/compliance/status,,,,"accept,accept-language,client-id,client-version,d,lang,referer,sec-ch-ua,sec-ch-ua-mobile,sec-ch-ua-platform,t,user-agent,x-device-id",Header: browser session/runtime,200,True,"object; keys=effective_open,effective_reason,effective_status_msg",FAT admin authenticated browser session; exact permission/role mapping pending,No mutation observed in this discovery action,Not applicable for observed read interaction,Page/network response rendered; business data values not persisted,,,,UNDOCUMENTED_ACTIVE,YES,fat-admin-page-initialization.json network events 750; live-menu route and DOM control snapshot,,
admin,Game,FS 派发管理,/gamev2/freespin-grants,page_initialization,page initialization,POST,/admin/game/search,,,,"accept,accept-language,client-id,client-version,content-type,d,lang,referer,sec-ch-ua,sec-ch-ua-mobile,sec-ch-ua-platform,t,user-agent,x-device-id",Header: browser session/runtime,200,True,"object; keys=ids,list,page,page_size,s,t",FAT admin authenticated browser session; exact permission/role mapping pending,No mutation observed in this discovery action,Not applicable for observed read interaction,Page/network response rendered; business data values not persisted,admin/game,+游戏列表查询-owen-aliang,后台/game管理/游戏管理/+游戏列表查询-owen-aliang.bru,ACTIVE,YES,"fat-admin-page-initialization.json network events 756,757,758,759,760,761,762,763; live-menu route and DOM control snapshot",,
admin,Game,FS 派发管理,/gamev2/freespin-grants,page_initialization,page initialization,POST,/admin/gameclass/list,,,,"accept,accept-language,client-id,client-version,content-type,d,lang,referer,sec-ch-ua,sec-ch-ua-mobile,sec-ch-ua-platform,t,user-agent,x-device-id",Header: browser session/runtime,200,True,"object; keys=list,page,page_size,s,t",FAT admin authenticated browser session; exact permission/role mapping pending,No mutation observed in this discovery action,Not applicable for observed read interaction,Page/network response rendered; business data values not persisted,admin/game,+查询场馆列表-owen,后台/game管理/场馆管理/+查询场馆列表-owen.bru,ACTIVE,YES,fat-admin-page-initialization.json network events 752; live-menu route and DOM control snapshot,,
admin,Game,FS 派发管理,/gamev2/freespin-grants,page_initialization,page initialization,POST,/admin/platform/search,,,,"accept,accept-language,client-id,client-version,content-type,d,lang,referer,sec-ch-ua,sec-ch-ua-mobile,sec-ch-ua-platform,t,user-agent,x-device-id",Header: browser session/runtime,200,True,"object; keys=list,page,page_size,s,t",FAT admin authenticated browser session; exact permission/role mapping pending,No mutation observed in this discovery action,Not applicable for observed read interaction,Page/network response rendered; business data values not persisted,admin/game,+查询厂商列表-owen,后台/game管理/厂商管理/+查询厂商列表-owen.bru,ACTIVE,YES,fat-admin-page-initialization.json network events 753; live-menu route and DOM control snapshot,,
admin,Game,FS 批量派发纪录,/gamev2/freespin-import-logs,page_initialization,page initialization,GET,/admin/me/detail,,,,"accept,accept-language,client-id,client-version,d,lang,referer,sec-ch-ua,sec-ch-ua-mobile,sec-ch-ua-platform,t,user-agent,x-device-id",Header: browser session/runtime,200,True,"object; keys=avatar,bind_time,button_permission_ids,cmpl,create_name,created_at,email,google_secret,group_id,id,last_login_ip,last_login_time,login_password,nickname,operator_name,pwd_edit_time,roles,sid,status,stores,updated_at,username",FAT admin authenticated browser session; exact permission/role mapping pending,No mutation observed in this discovery action,Not applicable for observed read interaction,Page/network response rendered; business data values not persisted,admin/other,后台账户详情(当前登陆信息)-seven,后台/后台账号管理/后台账户详情(当前登陆信息)-seven.bru,ACTIVE,YES,fat-admin-page-initialization.json network events 764; live-menu route and DOM control snapshot,,
admin,Game,FS 批量派发纪录,/gamev2/freespin-import-logs,page_initialization,page initialization,GET,/admin/notify/audit/alarm,t,,,"accept,accept-language,client-id,client-version,d,lang,referer,sec-ch-ua,sec-ch-ua-mobile,sec-ch-ua-platform,t,user-agent,x-device-id",Query: route/filter/pagination values emitted by current UI state; Header: browser session/runtime,200,True,"object; keys=bonus_review_pending,feedback_pending,kyc_pending,mall_order_pending,withdraw_pending",FAT admin authenticated browser session; exact permission/role mapping pending,No mutation observed in this discovery action,Not applicable for observed read interaction,Page/network response rendered; business data values not persisted,admin/other,获取系统通知数量-wesley/owen,后台/系统管理/通知中心/获取系统通知数量-wesley-owen.bru,ACTIVE,YES,fat-admin-page-initialization.json network events 767; live-menu route and DOM control snapshot,,
admin,Game,FS 批量派发纪录,/gamev2/freespin-import-logs,page_initialization,page initialization,GET,/admin/promo/free/spin/import/log,"created_etime,created_stime,page,page_size",,,"accept,accept-language,client-id,client-version,d,lang,referer,sec-ch-ua,sec-ch-ua-mobile,sec-ch-ua-platform,t,user-agent,x-device-id",Query: route/filter/pagination values emitted by current UI state; Header: browser session/runtime,200,True,"object; keys=d,t",FAT admin authenticated browser session; exact permission/role mapping pending,No mutation observed in this discovery action,Not applicable for observed read interaction,Page/network response rendered; business data values not persisted,admin/promo,fs批量派发记录,活动/后台-活动管理/freeSpin/fs批量派发记录.bru,ACTIVE,YES,fat-admin-page-initialization.json network events 768; live-menu route and DOM control snapshot,,
admin,Game,FS 批量派发纪录,/gamev2/freespin-import-logs,page_initialization,page initialization,GET,/admin/sys/config/compliance/status,,,,"accept,accept-language,client-id,client-version,d,lang,referer,sec-ch-ua,sec-ch-ua-mobile,sec-ch-ua-platform,t,user-agent,x-device-id",Header: browser session/runtime,200,True,"object; keys=effective_open,effective_reason,effective_status_msg",FAT admin authenticated browser session; exact permission/role mapping pending,No mutation observed in this discovery action,Not applicable for observed read interaction,Page/network response rendered; business data values not persisted,,,,UNDOCUMENTED_ACTIVE,YES,fat-admin-page-initialization.json network events 765; live-menu route and DOM control snapshot,,
admin,Game,FS 批量派发纪录,/gamev2/freespin-import-logs,page_initialization,page initialization,POST,/admin/game/search,,,,"accept,accept-language,client-id,client-version,content-type,d,lang,referer,sec-ch-ua,sec-ch-ua-mobile,sec-ch-ua-platform,t,user-agent,x-device-id",Header: browser session/runtime,200,True,"object; keys=ids,list,page,page_size,s,t",FAT admin authenticated browser session; exact permission/role mapping pending,No mutation observed in this discovery action,Not applicable for observed read interaction,Page/network response rendered; business data values not persisted,admin/game,+游戏列表查询-owen-aliang,后台/game管理/游戏管理/+游戏列表查询-owen-aliang.bru,ACTIVE,YES,"fat-admin-page-initialization.json network events 769,770,771,772,773,774,775,776; live-menu route and DOM control snapshot",,
admin,Game,FS 批量派发纪录,/gamev2/freespin-import-logs,page_initialization,page initialization,POST,/admin/gameclass/list,,,,"accept,accept-language,client-id,client-version,content-type,d,lang,referer,sec-ch-ua,sec-ch-ua-mobile,sec-ch-ua-platform,t,user-agent,x-device-id",Header: browser session/runtime,200,True,"object; keys=list,page,page_size,s,t",FAT admin authenticated browser session; exact permission/role mapping pending,No mutation observed in this discovery action,Not applicable for observed read interaction,Page/network response rendered; business data values not persisted,admin/game,+查询场馆列表-owen,后台/game管理/场馆管理/+查询场馆列表-owen.bru,ACTIVE,YES,fat-admin-page-initialization.json network events 766; live-menu route and DOM control snapshot,,
admin,Game,Game List Management,/gamev2/game-management,page_initialization,page initialization,GET,/admin/me/detail,,,,"accept,accept-language,client-id,client-version,d,lang,referer,sec-ch-ua,sec-ch-ua-mobile,sec-ch-ua-platform,t,user-agent,x-device-id",Header: browser session/runtime,200,True,"object; keys=avatar,bind_time,button_permission_ids,cmpl,create_name,created_at,email,google_secret,group_id,id,last_login_ip,last_login_time,login_password,nickname,operator_name,pwd_edit_time,roles,sid,status,stores,updated_at,username",FAT admin authenticated browser session; exact permission/role mapping pending,No mutation observed in this discovery action,Not applicable for observed read interaction,Page/network response rendered; business data values not persisted,admin/other,后台账户详情(当前登陆信息)-seven,后台/后台账号管理/后台账户详情(当前登陆信息)-seven.bru,ACTIVE,YES,fat-admin-page-initialization.json network events 729; live-menu route and DOM control snapshot,,
admin,Game,Game List Management,/gamev2/game-management,page_initialization,page initialization,GET,/admin/notify/audit/alarm,t,,,"accept,accept-language,client-id,client-version,d,lang,referer,sec-ch-ua,sec-ch-ua-mobile,sec-ch-ua-platform,t,user-agent,x-device-id",Query: route/filter/pagination values emitted by current UI state; Header: browser session/runtime,200,True,"object; keys=bonus_review_pending,feedback_pending,kyc_pending,mall_order_pending,withdraw_pending",FAT admin authenticated browser session; exact permission/role mapping pending,No mutation observed in this discovery action,Not applicable for observed read interaction,Page/network response rendered; business data values not persisted,admin/other,获取系统通知数量-wesley/owen,后台/系统管理/通知中心/获取系统通知数量-wesley-owen.bru,ACTIVE,YES,fat-admin-page-initialization.json network events 733; live-menu route and DOM control snapshot,,
admin,Game,Game List Management,/gamev2/game-management,page_initialization,page initialization,GET,/admin/sys/config/compliance/status,,,,"accept,accept-language,client-id,client-version,d,lang,referer,sec-ch-ua,sec-ch-ua-mobile,sec-ch-ua-platform,t,user-agent,x-device-id",Header: browser session/runtime,200,True,"object; keys=effective_open,effective_reason,effective_status_msg",FAT admin authenticated browser session; exact permission/role mapping pending,No mutation observed in this discovery action,Not applicable for observed read interaction,Page/network response rendered; business data values not persisted,,,,UNDOCUMENTED_ACTIVE,YES,fat-admin-page-initialization.json network events 731; live-menu route and DOM control snapshot,,
admin,Game,Game List Management,/gamev2/game-management,page_initialization,page initialization,POST,/admin/game/dicttypetag/list,,,,"accept,accept-language,client-id,client-version,content-type,d,lang,referer,sec-ch-ua,sec-ch-ua-mobile,sec-ch-ua-platform,t,user-agent,x-device-id",Header: browser session/runtime,200,True,"object; keys=list,page,page_size,s,t",FAT admin authenticated browser session; exact permission/role mapping pending,No mutation observed in this discovery action,Not applicable for observed read interaction,Page/network response rendered; business data values not persisted,admin/game,+获取 <类型标签> 列表-owen,后台/game管理/游戏管理/+获取 -类型标签- 列表-owen.bru,ACTIVE,YES,fat-admin-page-initialization.json network events 732; live-menu route and DOM control snapshot,,
admin,Game,Game List Management,/gamev2/game-management,page_initialization,page initialization,POST,/admin/game/dictweighttag/list,,,,"accept,accept-language,client-id,client-version,content-type,d,lang,referer,sec-ch-ua,sec-ch-ua-mobile,sec-ch-ua-platform,t,user-agent,x-device-id",Header: browser session/runtime,200,True,"object; keys=list,page,page_size,s,t",FAT admin authenticated browser session; exact permission/role mapping pending,No mutation observed in this discovery action,Not applicable for observed read interaction,Page/network response rendered; business data values not persisted,admin/game,+获取 <权重标签> 列表-owen,后台/game管理/游戏管理/+获取 -权重标签- 列表-owen.bru,ACTIVE,YES,fat-admin-page-initialization.json network events 730; live-menu route and DOM control snapshot,,
admin,Game,Game List Management,/gamev2/game-management,page_initialization,page initialization,POST,/admin/game/search,,,,"accept,accept-language,client-id,client-version,content-type,d,lang,referer,sec-ch-ua,sec-ch-ua-mobile,sec-ch-ua-platform,t,user-agent,x-device-id",Header: browser session/runtime,200,True,"object; keys=ids,list,page,page_size,s,t",FAT admin authenticated browser session; exact permission/role mapping pending,No mutation observed in this discovery action,Not applicable for observed read interaction,Page/network response rendered; business data values not persisted,admin/game,+游戏列表查询-owen-aliang,后台/game管理/游戏管理/+游戏列表查询-owen-aliang.bru,ACTIVE,YES,"fat-admin-page-initialization.json network events 737,738,739,740,741,742,743,744; live-menu route and DOM control snapshot",,
admin,Game,Game List Management,/gamev2/game-management,page_initialization,page initialization,POST,/admin/game/search,,,,"accept,accept-language,client-id,client-version,content-type,d,lang,referer,sec-ch-ua,sec-ch-ua-mobile,sec-ch-ua-platform,t,user-agent,x-device-id",Header: browser session/runtime,200,,unknown,FAT admin authenticated browser session; exact permission/role mapping pending,No mutation observed in this discovery action,Not applicable for observed read interaction,Page/network response rendered; business data values not persisted,admin/game,+游戏列表查询-owen-aliang,后台/game管理/游戏管理/+游戏列表查询-owen-aliang.bru,ACTIVE,YES,fat-admin-page-initialization.json network events 745; live-menu route and DOM control snapshot,,
admin,Game,Game List Management,/gamev2/game-management,page_initialization,page initialization,POST,/admin/gameclass/list,,,,"accept,accept-language,client-id,client-version,content-type,d,lang,referer,sec-ch-ua,sec-ch-ua-mobile,sec-ch-ua-platform,t,user-agent,x-device-id",Header: browser session/runtime,200,True,"object; keys=list,page,page_size,s,t",FAT admin authenticated browser session; exact permission/role mapping pending,No mutation observed in this discovery action,Not applicable for observed read interaction,Page/network response rendered; business data values not persisted,admin/game,+查询场馆列表-owen,后台/game管理/场馆管理/+查询场馆列表-owen.bru,ACTIVE,YES,"fat-admin-page-initialization.json network events 734,736; live-menu route and DOM control snapshot",,
admin,Game,Game List Management,/gamev2/game-management,page_initialization,page initialization,POST,/admin/platform/search,,,,"accept,accept-language,client-id,client-version,content-type,d,lang,referer,sec-ch-ua,sec-ch-ua-mobile,sec-ch-ua-platform,t,user-agent,x-device-id",Header: browser session/runtime,200,True,"object; keys=list,page,page_size,s,t",FAT admin authenticated browser session; exact permission/role mapping pending,No mutation observed in this discovery action,Not applicable for observed read interaction,Page/network response rendered; business data values not persisted,admin/game,+查询厂商列表-owen,后台/game管理/厂商管理/+查询厂商列表-owen.bru,ACTIVE,YES,fat-admin-page-initialization.json network events 735; live-menu route and DOM control snapshot,,
admin,Game,Provider Management,/gamev2/manufacturer-management,page_initialization,page initialization,GET,/admin/me/detail,,,,"accept,accept-language,client-id,client-version,d,lang,referer,sec-ch-ua,sec-ch-ua-mobile,sec-ch-ua-platform,t,user-agent,x-device-id",Header: browser session/runtime,200,True,"object; keys=avatar,bind_time,button_permission_ids,cmpl,create_name,created_at,email,google_secret,group_id,id,last_login_ip,last_login_time,login_password,nickname,operator_name,pwd_edit_time,roles,sid,status,stores,updated_at,username",FAT admin authenticated browser session; exact permission/role mapping pending,No mutation observed in this discovery action,Not applicable for observed read interaction,Page/network response rendered; business data values not persisted,admin/other,后台账户详情(当前登陆信息)-seven,后台/后台账号管理/后台账户详情(当前登陆信息)-seven.bru,ACTIVE,YES,fat-admin-page-initialization.json network events 715; live-menu route and DOM control snapshot,,
admin,Game,Provider Management,/gamev2/manufacturer-management,page_initialization,page initialization,GET,/admin/notify/audit/alarm,t,,,"accept,accept-language,client-id,client-version,d,lang,referer,sec-ch-ua,sec-ch-ua-mobile,sec-ch-ua-platform,t,user-agent,x-device-id",Query: route/filter/pagination values emitted by current UI state; Header: browser session/runtime,200,True,"object; keys=bonus_review_pending,feedback_pending,kyc_pending,mall_order_pending,withdraw_pending",FAT admin authenticated browser session; exact permission/role mapping pending,No mutation observed in this discovery action,Not applicable for observed read interaction,Page/network response rendered; business data values not persisted,admin/other,获取系统通知数量-wesley/owen,后台/系统管理/通知中心/获取系统通知数量-wesley-owen.bru,ACTIVE,YES,fat-admin-page-initialization.json network events 719; live-menu route and DOM control snapshot,,
admin,Game,Provider Management,/gamev2/manufacturer-management,page_initialization,page initialization,GET,/admin/sys/config/compliance/status,,,,"accept,accept-language,client-id,client-version,d,lang,referer,sec-ch-ua,sec-ch-ua-mobile,sec-ch-ua-platform,t,user-agent,x-device-id",Header: browser session/runtime,200,True,"object; keys=effective_open,effective_reason,effective_status_msg",FAT admin authenticated browser session; exact permission/role mapping pending,No mutation observed in this discovery action,Not applicable for observed read interaction,Page/network response rendered; business data values not persisted,,,,UNDOCUMENTED_ACTIVE,YES,fat-admin-page-initialization.json network events 716; live-menu route and DOM control snapshot,,
admin,Game,Provider Management,/gamev2/manufacturer-management,page_initialization,page initialization,POST,/admin/game/dicttypetag/list,,,,"accept,accept-language,client-id,client-version,content-type,d,lang,referer,sec-ch-ua,sec-ch-ua-mobile,sec-ch-ua-platform,t,user-agent,x-device-id",Header: browser session/runtime,200,True,"object; keys=list,page,page_size,s,t",FAT admin authenticated browser session; exact permission/role mapping pending,No mutation observed in this discovery action,Not applicable for observed read interaction,Page/network response rendered; business data values not persisted,admin/game,+获取 <类型标签> 列表-owen,后台/game管理/游戏管理/+获取 -类型标签- 列表-owen.bru,ACTIVE,YES,fat-admin-page-initialization.json network events 717; live-menu route and DOM control snapshot,,
admin,Game,Provider Management,/gamev2/manufacturer-management,page_initialization,page initialization,POST,/admin/game/search,,,,"accept,accept-language,client-id,client-version,content-type,d,lang,referer,sec-ch-ua,sec-ch-ua-mobile,sec-ch-ua-platform,t,user-agent,x-device-id",Header: browser session/runtime,200,True,"object; keys=ids,list,page,page_size,s,t",FAT admin authenticated browser session; exact permission/role mapping pending,No mutation observed in this discovery action,Not applicable for observed read interaction,Page/network response rendered; business data values not persisted,admin/game,+游戏列表查询-owen-aliang,后台/game管理/游戏管理/+游戏列表查询-owen-aliang.bru,ACTIVE,YES,"fat-admin-page-initialization.json network events 721,722,723,724,725,726,727,728; live-menu route and DOM control snapshot",,
admin,Game,Provider Management,/gamev2/manufacturer-management,page_initialization,page initialization,POST,/admin/gameclass/list,,,,"accept,accept-language,client-id,client-version,content-type,d,lang,referer,sec-ch-ua,sec-ch-ua-mobile,sec-ch-ua-platform,t,user-agent,x-device-id",Header: browser session/runtime,200,True,"object; keys=list,page,page_size,s,t",FAT admin authenticated browser session; exact permission/role mapping pending,No mutation observed in this discovery action,Not applicable for observed read interaction,Page/network response rendered; business data values not persisted,admin/game,+查询场馆列表-owen,后台/game管理/场馆管理/+查询场馆列表-owen.bru,ACTIVE,YES,fat-admin-page-initialization.json network events 718; live-menu route and DOM control snapshot,,
admin,Game,Provider Management,/gamev2/manufacturer-management,page_initialization,page initialization,POST,/admin/platform/search,,,,"accept,accept-language,client-id,client-version,content-type,d,lang,referer,sec-ch-ua,sec-ch-ua-mobile,sec-ch-ua-platform,t,user-agent,x-device-id",Header: browser session/runtime,200,True,"object; keys=list,page,page_size,s,t",FAT admin authenticated browser session; exact permission/role mapping pending,No mutation observed in this discovery action,Not applicable for observed read interaction,Page/network response rendered; business data values not persisted,admin/game,+查询厂商列表-owen,后台/game管理/厂商管理/+查询厂商列表-owen.bru,ACTIVE,YES,fat-admin-page-initialization.json network events 720; live-menu route and DOM control snapshot,,
admin,Game,Venue Management,/gamev2/venue-settings,page_initialization,page initialization,GET,/admin/me/detail,,,,"accept,accept-language,client-id,client-version,d,lang,referer,sec-ch-ua,sec-ch-ua-mobile,sec-ch-ua-platform,t,user-agent,x-device-id",Header: browser session/runtime,200,True,"object; keys=avatar,bind_time,button_permission_ids,cmpl,create_name,created_at,email,google_secret,group_id,id,last_login_ip,last_login_time,login_password,nickname,operator_name,pwd_edit_time,roles,sid,status,stores,updated_at,username",FAT admin authenticated browser session; exact permission/role mapping pending,No mutation observed in this discovery action,Not applicable for observed read interaction,Page/network response rendered; business data values not persisted,admin/other,后台账户详情(当前登陆信息)-seven,后台/后台账号管理/后台账户详情(当前登陆信息)-seven.bru,ACTIVE,YES,fat-admin-page-initialization.json network events 702; live-menu route and DOM control snapshot,,
admin,Game,Venue Management,/gamev2/venue-settings,page_initialization,page initialization,GET,/admin/notify/audit/alarm,t,,,"accept,accept-language,client-id,client-version,d,lang,referer,sec-ch-ua,sec-ch-ua-mobile,sec-ch-ua-platform,t,user-agent,x-device-id",Query: route/filter/pagination values emitted by current UI state; Header: browser session/runtime,200,True,"object; keys=bonus_review_pending,feedback_pending,kyc_pending,mall_order_pending,withdraw_pending",FAT admin authenticated browser session; exact permission/role mapping pending,No mutation observed in this discovery action,Not applicable for observed read interaction,Page/network response rendered; business data values not persisted,admin/other,获取系统通知数量-wesley/owen,后台/系统管理/通知中心/获取系统通知数量-wesley-owen.bru,ACTIVE,YES,fat-admin-page-initialization.json network events 705; live-menu route and DOM control snapshot,,
admin,Game,Venue Management,/gamev2/venue-settings,page_initialization,page initialization,GET,/admin/sys/config/compliance/status,,,,"accept,accept-language,client-id,client-version,d,lang,referer,sec-ch-ua,sec-ch-ua-mobile,sec-ch-ua-platform,t,user-agent,x-device-id",Header: browser session/runtime,200,True,"object; keys=effective_open,effective_reason,effective_status_msg",FAT admin authenticated browser session; exact permission/role mapping pending,No mutation observed in this discovery action,Not applicable for observed read interaction,Page/network response rendered; business data values not persisted,,,,UNDOCUMENTED_ACTIVE,YES,fat-admin-page-initialization.json network events 703; live-menu route and DOM control snapshot,,
admin,Game,Venue Management,/gamev2/venue-settings,page_initialization,page initialization,POST,/admin/game/search,,,,"accept,accept-language,client-id,client-version,content-type,d,lang,referer,sec-ch-ua,sec-ch-ua-mobile,sec-ch-ua-platform,t,user-agent,x-device-id",Header: browser session/runtime,200,True,"object; keys=ids,list,page,page_size,s,t",FAT admin authenticated browser session; exact permission/role mapping pending,No mutation observed in this discovery action,Not applicable for observed read interaction,Page/network response rendered; business data values not persisted,admin/game,+游戏列表查询-owen-aliang,后台/game管理/游戏管理/+游戏列表查询-owen-aliang.bru,ACTIVE,YES,"fat-admin-page-initialization.json network events 707,708,709,710,711,712,713,714; live-menu route and DOM control snapshot",,
admin,Game,Venue Management,/gamev2/venue-settings,page_initialization,page initialization,POST,/admin/gameclass/list,,,,"accept,accept-language,client-id,client-version,content-type,d,lang,referer,sec-ch-ua,sec-ch-ua-mobile,sec-ch-ua-platform,t,user-agent,x-device-id",Header: browser session/runtime,200,True,"object; keys=list,page,page_size,s,t",FAT admin authenticated browser session; exact permission/role mapping pending,No mutation observed in this discovery action,Not applicable for observed read interaction,Page/network response rendered; business data values not persisted,admin/game,+查询场馆列表-owen,后台/game管理/场馆管理/+查询场馆列表-owen.bru,ACTIVE,YES,"fat-admin-page-initialization.json network events 704,706; live-menu route and DOM control snapshot",,
admin,Home,Home,/home,page_initialization,page initialization,GET,/admin/me/detail,,,,"accept,accept-language,client-id,client-version,d,lang,referer,sec-ch-ua,sec-ch-ua-mobile,sec-ch-ua-platform,t,user-agent,x-device-id",Header: browser session/runtime,200,True,"object; keys=avatar,bind_time,button_permission_ids,cmpl,create_name,created_at,email,google_secret,group_id,id,last_login_ip,last_login_time,login_password,nickname,operator_name,pwd_edit_time,roles,sid,status,stores,updated_at,username",FAT admin authenticated browser session; exact permission/role mapping pending,No mutation observed in this discovery action,Not applicable for observed read interaction,Page/network response rendered; business data values not persisted,admin/other,后台账户详情(当前登陆信息)-seven,后台/后台账号管理/后台账户详情(当前登陆信息)-seven.bru,ACTIVE,YES,fat-admin-page-initialization.json network events 16; live-menu route and DOM control snapshot,,
admin,Home,Home,/home,page_initialization,page initialization,GET,/admin/notify/audit/alarm,t,,,"accept,accept-language,client-id,client-version,d,lang,referer,sec-ch-ua,sec-ch-ua-mobile,sec-ch-ua-platform,t,user-agent,x-device-id",Query: route/filter/pagination values emitted by current UI state; Header: browser session/runtime,200,True,"object; keys=bonus_review_pending,feedback_pending,kyc_pending,mall_order_pending,withdraw_pending",FAT admin authenticated browser session; exact permission/role mapping pending,No mutation observed in this discovery action,Not applicable for observed read interaction,Page/network response rendered; business data values not persisted,admin/other,获取系统通知数量-wesley/owen,后台/系统管理/通知中心/获取系统通知数量-wesley-owen.bru,ACTIVE,YES,fat-admin-page-initialization.json network events 19; live-menu route and DOM control snapshot,,
admin,Home,Home,/home,page_initialization,page initialization,GET,/admin/reports/bi/basic,report_type,,,"accept,accept-language,client-id,client-version,d,lang,referer,sec-ch-ua,sec-ch-ua-mobile,sec-ch-ua-platform,t,user-agent,x-device-id",Query: route/filter/pagination values emitted by current UI state; Header: browser session/runtime,200,True,"object; keys=arppu,arpu,balance,bets_deposit,bets_people,deposit_amount,deposit_people,dw_diff,ebingo_ggr,first_deposit,first_deposit_amount,game_ggr,ggr,injection_rate,login_count,new_deposit,new_deposit_amount,refill_deposit,refill_deposit_amount,reg_count,report_type,sports_ggr,valid_bet_amount,withdraw_amount,withdraw_people,ws_ggr",FAT admin authenticated browser session; exact permission/role mapping pending,No mutation observed in this discovery action,Not applicable for observed read interaction,Page/network response rendered; business data values not persisted,admin/report,首页BI,后台/报表/首页BI.bru,ACTIVE,YES,fat-admin-page-initialization.json network events 18; live-menu route and DOM control snapshot,,
admin,Home,Home,/home,page_initialization,page initialization,GET,/admin/reports/bi/chart,time_range,,,"accept,accept-language,client-id,client-version,d,lang,referer,sec-ch-ua,sec-ch-ua-mobile,sec-ch-ua-platform,t,user-agent,x-device-id",Query: route/filter/pagination values emitted by current UI state; Header: browser session/runtime,200,True,object; keys=d,FAT admin authenticated browser session; exact permission/role mapping pending,No mutation observed in this discovery action,Not applicable for observed read interaction,Page/network response rendered; business data values not persisted,,,,UNDOCUMENTED_ACTIVE,YES,fat-admin-page-initialization.json network events 21; live-menu route and DOM control snapshot,,
admin,Home,Home,/home,page_initialization,page initialization,GET,/admin/sys/config/compliance/status,,,,"accept,accept-language,client-id,client-version,d,lang,referer,sec-ch-ua,sec-ch-ua-mobile,sec-ch-ua-platform,t,user-agent,x-device-id",Header: browser session/runtime,200,True,"object; keys=effective_open,effective_reason,effective_status_msg",FAT admin authenticated browser session; exact permission/role mapping pending,No mutation observed in this discovery action,Not applicable for observed read interaction,Page/network response rendered; business data values not persisted,,,,UNDOCUMENTED_ACTIVE,YES,fat-admin-page-initialization.json network events 17; live-menu route and DOM control snapshot,,
admin,Home,Home,/home,page_initialization,page initialization,POST,/admin/game/search,,,,"accept,accept-language,client-id,client-version,content-type,d,lang,referer,sec-ch-ua,sec-ch-ua-mobile,sec-ch-ua-platform,t,user-agent,x-device-id",Header: browser session/runtime,200,True,"object; keys=ids,list,page,page_size,s,t",FAT admin authenticated browser session; exact permission/role mapping pending,No mutation observed in this discovery action,Not applicable for observed read interaction,Page/network response rendered; business data values not persisted,admin/game,+游戏列表查询-owen-aliang,后台/game管理/游戏管理/+游戏列表查询-owen-aliang.bru,ACTIVE,YES,"fat-admin-page-initialization.json network events 22,23,24,25,26,27,28,29; live-menu route and DOM control snapshot",,
admin,Home,Home,/home,page_initialization,page initialization,POST,/admin/gameclass/list,,,,"accept,accept-language,client-id,client-version,content-type,d,lang,referer,sec-ch-ua,sec-ch-ua-mobile,sec-ch-ua-platform,t,user-agent,x-device-id",Header: browser session/runtime,200,True,"object; keys=list,page,page_size,s,t",FAT admin authenticated browser session; exact permission/role mapping pending,No mutation observed in this discovery action,Not applicable for observed read interaction,Page/network response rendered; business data values not persisted,admin/game,+查询场馆列表-owen,后台/game管理/场馆管理/+查询场馆列表-owen.bru,ACTIVE,YES,fat-admin-page-initialization.json network events 20; live-menu route and DOM control snapshot,,
admin,KYC,KYC,/kyc,page_initialization,page initialization,GET,/admin/kyc/approved/count,,,,"accept,accept-language,client-id,client-version,d,lang,referer,sec-ch-ua,sec-ch-ua-mobile,sec-ch-ua-platform,t,user-agent,x-device-id",Header: browser session/runtime,200,True,"object; keys=kyc_approved,kyc_under_review",FAT admin authenticated browser session; exact permission/role mapping pending,No mutation observed in this discovery action,Not applicable for observed read interaction,Page/network response rendered; business data values not persisted,admin/kyc,统计每天审核通过数量,后台/kyc/统计每天审核通过数量.bru,ACTIVE,YES,fat-admin-page-initialization.json network events 33; live-menu route and DOM control snapshot,,
admin,KYC,KYC,/kyc,page_initialization,page initialization,GET,/admin/me/detail,,,,"accept,accept-language,client-id,client-version,d,lang,referer,sec-ch-ua,sec-ch-ua-mobile,sec-ch-ua-platform,t,user-agent,x-device-id",Header: browser session/runtime,200,True,"object; keys=avatar,bind_time,button_permission_ids,cmpl,create_name,created_at,email,google_secret,group_id,id,last_login_ip,last_login_time,login_password,nickname,operator_name,pwd_edit_time,roles,sid,status,stores,updated_at,username",FAT admin authenticated browser session; exact permission/role mapping pending,No mutation observed in this discovery action,Not applicable for observed read interaction,Page/network response rendered; business data values not persisted,admin/other,后台账户详情(当前登陆信息)-seven,后台/后台账号管理/后台账户详情(当前登陆信息)-seven.bru,ACTIVE,YES,fat-admin-page-initialization.json network events 31; live-menu route and DOM control snapshot,,
admin,KYC,KYC,/kyc,page_initialization,page initialization,GET,/admin/notify/audit/alarm,t,,,"accept,accept-language,client-id,client-version,d,lang,referer,sec-ch-ua,sec-ch-ua-mobile,sec-ch-ua-platform,t,user-agent,x-device-id",Query: route/filter/pagination values emitted by current UI state; Header: browser session/runtime,200,True,"object; keys=bonus_review_pending,feedback_pending,kyc_pending,mall_order_pending,withdraw_pending",FAT admin authenticated browser session; exact permission/role mapping pending,No mutation observed in this discovery action,Not applicable for observed read interaction,Page/network response rendered; business data values not persisted,admin/other,获取系统通知数量-wesley/owen,后台/系统管理/通知中心/获取系统通知数量-wesley-owen.bru,ACTIVE,YES,fat-admin-page-initialization.json network events 35; live-menu route and DOM control snapshot,,
admin,KYC,KYC,/kyc,page_initialization,page initialization,GET,/admin/sys/config/compliance/status,,,,"accept,accept-language,client-id,client-version,d,lang,referer,sec-ch-ua,sec-ch-ua-mobile,sec-ch-ua-platform,t,user-agent,x-device-id",Header: browser session/runtime,200,True,"object; keys=effective_open,effective_reason,effective_status_msg",FAT admin authenticated browser session; exact permission/role mapping pending,No mutation observed in this discovery action,Not applicable for observed read interaction,Page/network response rendered; business data values not persisted,,,,UNDOCUMENTED_ACTIVE,YES,fat-admin-page-initialization.json network events 32; live-menu route and DOM control snapshot,,
admin,KYC,KYC,/kyc,page_initialization,page initialization,POST,/admin/game/search,,,,"accept,accept-language,client-id,client-version,content-type,d,lang,referer,sec-ch-ua,sec-ch-ua-mobile,sec-ch-ua-platform,t,user-agent,x-device-id",Header: browser session/runtime,200,,unknown,FAT admin authenticated browser session; exact permission/role mapping pending,No mutation observed in this discovery action,Not applicable for observed read interaction,Page/network response rendered; business data values not persisted,admin/game,+游戏列表查询-owen-aliang,后台/game管理/游戏管理/+游戏列表查询-owen-aliang.bru,ACTIVE,YES,fat-admin-page-initialization.json network events 30; live-menu route and DOM control snapshot,,
admin,KYC,KYC,/kyc,page_initialization,page initialization,POST,/admin/game/search,,,,"accept,accept-language,client-id,client-version,content-type,d,lang,referer,sec-ch-ua,sec-ch-ua-mobile,sec-ch-ua-platform,t,user-agent,x-device-id",Header: browser session/runtime,200,True,"object; keys=ids,list,page,page_size,s,t",FAT admin authenticated browser session; exact permission/role mapping pending,No mutation observed in this discovery action,Not applicable for observed read interaction,Page/network response rendered; business data values not persisted,admin/game,+游戏列表查询-owen-aliang,后台/game管理/游戏管理/+游戏列表查询-owen-aliang.bru,ACTIVE,YES,"fat-admin-page-initialization.json network events 37,38,39,40,41,42,43,44; live-menu route and DOM control snapshot",,
admin,KYC,KYC,/kyc,page_initialization,page initialization,POST,/admin/gameclass/list,,,,"accept,accept-language,client-id,client-version,content-type,d,lang,referer,sec-ch-ua,sec-ch-ua-mobile,sec-ch-ua-platform,t,user-agent,x-device-id",Header: browser session/runtime,200,True,"object; keys=list,page,page_size,s,t",FAT admin authenticated browser session; exact permission/role mapping pending,No mutation observed in this discovery action,Not applicable for observed read interaction,Page/network response rendered; business data values not persisted,admin/game,+查询场馆列表-owen,后台/game管理/场馆管理/+查询场馆列表-owen.bru,ACTIVE,YES,fat-admin-page-initialization.json network events 34; live-menu route and DOM control snapshot,,
admin,KYC,KYC,/kyc,page_initialization,page initialization,POST,/admin/kyc/list,,,,"accept,accept-language,client-id,client-version,content-type,d,lang,referer,sec-ch-ua,sec-ch-ua-mobile,sec-ch-ua-platform,t,user-agent,x-device-id",Header: browser session/runtime,200,True,"object; keys=d,s,t",FAT admin authenticated browser session; exact permission/role mapping pending,No mutation observed in this discovery action,Not applicable for observed read interaction,Page/network response rendered; business data values not persisted,admin/kyc,获取 kyc 列表 - double/owen,后台/kyc/获取 kyc 列表 - double-owen.bru,ACTIVE,YES,fat-admin-page-initialization.json network events 36; live-menu route and DOM control snapshot,,
admin,Logs,Logs,/logs/list,page_initialization,page initialization,GET,/admin/log/list,"end_time,page,page_size,start_time",,,"accept,accept-language,client-id,client-version,d,lang,referer,sec-ch-ua,sec-ch-ua-mobile,sec-ch-ua-platform,t,user-agent,x-device-id",Query: route/filter/pagination values emitted by current UI state; Header: browser session/runtime,200,True,"object; keys=d,s,t",FAT admin authenticated browser session; exact permission/role mapping pending,No mutation observed in this discovery action,Not applicable for observed read interaction,Page/network response rendered; business data values not persisted,admin/other,操作日志,代理管理后台/系统/操作日志.bru,ACTIVE,YES,fat-admin-page-initialization.json network events 49; live-menu route and DOM control snapshot,,
admin,Logs,Logs,/logs/list,page_initialization,page initialization,GET,/admin/me/detail,,,,"accept,accept-language,client-id,client-version,d,lang,referer,sec-ch-ua,sec-ch-ua-mobile,sec-ch-ua-platform,t,user-agent,x-device-id",Header: browser session/runtime,200,True,"object; keys=avatar,bind_time,button_permission_ids,cmpl,create_name,created_at,email,google_secret,group_id,id,last_login_ip,last_login_time,login_password,nickname,operator_name,pwd_edit_time,roles,sid,status,stores,updated_at,username",FAT admin authenticated browser session; exact permission/role mapping pending,No mutation observed in this discovery action,Not applicable for observed read interaction,Page/network response rendered; business data values not persisted,admin/other,后台账户详情(当前登陆信息)-seven,后台/后台账号管理/后台账户详情(当前登陆信息)-seven.bru,ACTIVE,YES,fat-admin-page-initialization.json network events 45; live-menu route and DOM control snapshot,,
admin,Logs,Logs,/logs/list,page_initialization,page initialization,GET,/admin/notify/audit/alarm,t,,,"accept,accept-language,client-id,client-version,d,lang,referer,sec-ch-ua,sec-ch-ua-mobile,sec-ch-ua-platform,t,user-agent,x-device-id",Query: route/filter/pagination values emitted by current UI state; Header: browser session/runtime,200,True,"object; keys=bonus_review_pending,feedback_pending,kyc_pending,mall_order_pending,withdraw_pending",FAT admin authenticated browser session; exact permission/role mapping pending,No mutation observed in this discovery action,Not applicable for observed read interaction,Page/network response rendered; business data values not persisted,admin/other,获取系统通知数量-wesley/owen,后台/系统管理/通知中心/获取系统通知数量-wesley-owen.bru,ACTIVE,YES,fat-admin-page-initialization.json network events 47; live-menu route and DOM control snapshot,,
admin,Logs,Logs,/logs/list,page_initialization,page initialization,GET,/admin/sys/config/compliance/status,,,,"accept,accept-language,client-id,client-version,d,lang,referer,sec-ch-ua,sec-ch-ua-mobile,sec-ch-ua-platform,t,user-agent,x-device-id",Header: browser session/runtime,200,True,"object; keys=effective_open,effective_reason,effective_status_msg",FAT admin authenticated browser session; exact permission/role mapping pending,No mutation observed in this discovery action,Not applicable for observed read interaction,Page/network response rendered; business data values not persisted,,,,UNDOCUMENTED_ACTIVE,YES,fat-admin-page-initialization.json network events 46; live-menu route and DOM control snapshot,,
admin,Logs,Logs,/logs/list,page_initialization,page initialization,POST,/admin/game/search,,,,"accept,accept-language,client-id,client-version,content-type,d,lang,referer,sec-ch-ua,sec-ch-ua-mobile,sec-ch-ua-platform,t,user-agent,x-device-id",Header: browser session/runtime,200,True,"object; keys=ids,list,page,page_size,s,t",FAT admin authenticated browser session; exact permission/role mapping pending,No mutation observed in this discovery action,Not applicable for observed read interaction,Page/network response rendered; business data values not persisted,admin/game,+游戏列表查询-owen-aliang,后台/game管理/游戏管理/+游戏列表查询-owen-aliang.bru,ACTIVE,YES,"fat-admin-page-initialization.json network events 50,51,52,53,54,55,56,57; live-menu route and DOM control snapshot",,
admin,Logs,Logs,/logs/list,page_initialization,page initialization,POST,/admin/gameclass/list,,,,"accept,accept-language,client-id,client-version,content-type,d,lang,referer,sec-ch-ua,sec-ch-ua-mobile,sec-ch-ua-platform,t,user-agent,x-device-id",Header: browser session/runtime,200,True,"object; keys=list,page,page_size,s,t",FAT admin authenticated browser session; exact permission/role mapping pending,No mutation observed in this discovery action,Not applicable for observed read interaction,Page/network response rendered; business data values not persisted,admin/game,+查询场馆列表-owen,后台/game管理/场馆管理/+查询场馆列表-owen.bru,ACTIVE,YES,fat-admin-page-initialization.json network events 48; live-menu route and DOM control snapshot,,
admin,Member Management,Member,/member-center/list,page_initialization,page initialization,GET,/admin/channel/manage/dict,,,,"accept,accept-language,client-id,client-version,d,lang,referer,sec-ch-ua,sec-ch-ua-mobile,sec-ch-ua-platform,t,user-agent,x-device-id",Header: browser session/runtime,200,True,list,FAT admin authenticated browser session; exact permission/role mapping pending,No mutation observed in this discovery action,Not applicable for observed read interaction,Page/network response rendered; business data values not persisted,admin/other,渠道管理字典-todo,后台/运营管理/推广管理/渠道管理/渠道管理字典-todo.bru,ACTIVE,YES,fat-admin-page-initialization.json network events 60; live-menu route and DOM control snapshot,,
admin,Member Management,Member,/member-center/list,page_initialization,page initialization,GET,/admin/me/detail,,,,"accept,accept-language,client-id,client-version,d,lang,referer,sec-ch-ua,sec-ch-ua-mobile,sec-ch-ua-platform,t,user-agent,x-device-id",Header: browser session/runtime,200,True,"object; keys=avatar,bind_time,button_permission_ids,cmpl,create_name,created_at,email,google_secret,group_id,id,last_login_ip,last_login_time,login_password,nickname,operator_name,pwd_edit_time,roles,sid,status,stores,updated_at,username",FAT admin authenticated browser session; exact permission/role mapping pending,No mutation observed in this discovery action,Not applicable for observed read interaction,Page/network response rendered; business data values not persisted,admin/other,后台账户详情(当前登陆信息)-seven,后台/后台账号管理/后台账户详情(当前登陆信息)-seven.bru,ACTIVE,YES,fat-admin-page-initialization.json network events 59; live-menu route and DOM control snapshot,,
admin,Member Management,Member,/member-center/list,page_initialization,page initialization,GET,/admin/notify/audit/alarm,t,,,"accept,accept-language,client-id,client-version,d,lang,referer,sec-ch-ua,sec-ch-ua-mobile,sec-ch-ua-platform,t,user-agent,x-device-id",Query: route/filter/pagination values emitted by current UI state; Header: browser session/runtime,200,True,"object; keys=bonus_review_pending,feedback_pending,kyc_pending,mall_order_pending,withdraw_pending",FAT admin authenticated browser session; exact permission/role mapping pending,No mutation observed in this discovery action,Not applicable for observed read interaction,Page/network response rendered; business data values not persisted,admin/other,获取系统通知数量-wesley/owen,后台/系统管理/通知中心/获取系统通知数量-wesley-owen.bru,ACTIVE,YES,fat-admin-page-initialization.json network events 62; live-menu route and DOM control snapshot,,
admin,Member Management,Member,/member-center/list,page_initialization,page initialization,GET,/admin/sys/config/compliance/status,,,,"accept,accept-language,client-id,client-version,d,lang,referer,sec-ch-ua,sec-ch-ua-mobile,sec-ch-ua-platform,t,user-agent,x-device-id",Header: browser session/runtime,200,True,"object; keys=effective_open,effective_reason,effective_status_msg",FAT admin authenticated browser session; exact permission/role mapping pending,No mutation observed in this discovery action,Not applicable for observed read interaction,Page/network response rendered; business data values not persisted,,,,UNDOCUMENTED_ACTIVE,YES,fat-admin-page-initialization.json network events 61; live-menu route and DOM control snapshot,,
admin,Member Management,Member,/member-center/list,page_initialization,page initialization,POST,/admin/game/search,,,,"accept,accept-language,client-id,client-version,content-type,d,lang,referer,sec-ch-ua,sec-ch-ua-mobile,sec-ch-ua-platform,t,user-agent,x-device-id",Header: browser session/runtime,200,,unknown,FAT admin authenticated browser session; exact permission/role mapping pending,No mutation observed in this discovery action,Not applicable for observed read interaction,Page/network response rendered; business data values not persisted,admin/game,+游戏列表查询-owen-aliang,后台/game管理/游戏管理/+游戏列表查询-owen-aliang.bru,ACTIVE,YES,"fat-admin-page-initialization.json network events 58,72; live-menu route and DOM control snapshot",,
admin,Member Management,Member,/member-center/list,page_initialization,page initialization,POST,/admin/game/search,,,,"accept,accept-language,client-id,client-version,content-type,d,lang,referer,sec-ch-ua,sec-ch-ua-mobile,sec-ch-ua-platform,t,user-agent,x-device-id",Header: browser session/runtime,200,True,"object; keys=ids,list,page,page_size,s,t",FAT admin authenticated browser session; exact permission/role mapping pending,No mutation observed in this discovery action,Not applicable for observed read interaction,Page/network response rendered; business data values not persisted,admin/game,+游戏列表查询-owen-aliang,后台/game管理/游戏管理/+游戏列表查询-owen-aliang.bru,ACTIVE,YES,"fat-admin-page-initialization.json network events 65,66,67,68,69,70,71; live-menu route and DOM control snapshot",,
admin,Member Management,Member,/member-center/list,page_initialization,page initialization,POST,/admin/gameclass/list,,,,"accept,accept-language,client-id,client-version,content-type,d,lang,referer,sec-ch-ua,sec-ch-ua-mobile,sec-ch-ua-platform,t,user-agent,x-device-id",Header: browser session/runtime,200,True,"object; keys=list,page,page_size,s,t",FAT admin authenticated browser session; exact permission/role mapping pending,No mutation observed in this discovery action,Not applicable for observed read interaction,Page/network response rendered; business data values not persisted,admin/game,+查询场馆列表-owen,后台/game管理/场馆管理/+查询场馆列表-owen.bru,ACTIVE,YES,fat-admin-page-initialization.json network events 63; live-menu route and DOM control snapshot,,
admin,Member Management,Member,/member-center/list,page_initialization,page initialization,POST,/admin/member/list,,,"end_time,page,page_size,start_time","accept,accept-language,client-id,client-version,content-type,d,lang,referer,sec-ch-ua,sec-ch-ua-mobile,sec-ch-ua-platform,t,user-agent,x-device-id",Body: page form/filter or UI defaults; Header: browser session/runtime,200,True,"object; keys=d,page,page_size,summary,t",FAT admin authenticated browser session; exact permission/role mapping pending,No mutation observed in this discovery action,Not applicable for observed read interaction,Page/network response rendered; business data values not persisted,,,,UNDOCUMENTED_ACTIVE,YES,fat-admin-page-initialization.json network events 64; live-menu route and DOM control snapshot,,
admin,Member Management,Inviter Transfer Records,/member-management/inviter-transfer-records,page_initialization,page initialization,GET,/admin/me/detail,,,,"accept,accept-language,client-id,client-version,d,lang,referer,sec-ch-ua,sec-ch-ua-mobile,sec-ch-ua-platform,t,user-agent,x-device-id",Header: browser session/runtime,200,True,"object; keys=avatar,bind_time,button_permission_ids,cmpl,create_name,created_at,email,google_secret,group_id,id,last_login_ip,last_login_time,login_password,nickname,operator_name,pwd_edit_time,roles,sid,status,stores,updated_at,username",FAT admin authenticated browser session; exact permission/role mapping pending,No mutation observed in this discovery action,Not applicable for observed read interaction,Page/network response rendered; business data values not persisted,admin/other,后台账户详情(当前登陆信息)-seven,后台/后台账号管理/后台账户详情(当前登陆信息)-seven.bru,ACTIVE,YES,fat-admin-page-initialization.json network events 115; live-menu route and DOM control snapshot,,
admin,Member Management,Inviter Transfer Records,/member-management/inviter-transfer-records,page_initialization,page initialization,GET,/admin/notify/audit/alarm,t,,,"accept,accept-language,client-id,client-version,d,lang,referer,sec-ch-ua,sec-ch-ua-mobile,sec-ch-ua-platform,t,user-agent,x-device-id",Query: route/filter/pagination values emitted by current UI state; Header: browser session/runtime,200,True,"object; keys=bonus_review_pending,feedback_pending,kyc_pending,mall_order_pending,withdraw_pending",FAT admin authenticated browser session; exact permission/role mapping pending,No mutation observed in this discovery action,Not applicable for observed read interaction,Page/network response rendered; business data values not persisted,admin/other,获取系统通知数量-wesley/owen,后台/系统管理/通知中心/获取系统通知数量-wesley-owen.bru,ACTIVE,YES,fat-admin-page-initialization.json network events 118; live-menu route and DOM control snapshot,,
admin,Member Management,Inviter Transfer Records,/member-management/inviter-transfer-records,page_initialization,page initialization,GET,/admin/promo/invite/friends/transfer/list,"page,page_size",,,"accept,accept-language,client-id,client-version,d,lang,referer,sec-ch-ua,sec-ch-ua-mobile,sec-ch-ua-platform,t,user-agent,x-device-id",Query: route/filter/pagination values emitted by current UI state; Header: browser session/runtime,200,True,"object; keys=d,t",FAT admin authenticated browser session; exact permission/role mapping pending,No mutation observed in this discovery action,Not applicable for observed read interaction,Page/network response rendered; business data values not persisted,admin/promo,好友转线列表,后台/运营管理/邀请好友/好友转线列表.bru,ACTIVE,YES,fat-admin-page-initialization.json network events 119; live-menu route and DOM control snapshot,,
admin,Member Management,Inviter Transfer Records,/member-management/inviter-transfer-records,page_initialization,page initialization,GET,/admin/sys/config/compliance/status,,,,"accept,accept-language,client-id,client-version,d,lang,referer,sec-ch-ua,sec-ch-ua-mobile,sec-ch-ua-platform,t,user-agent,x-device-id",Header: browser session/runtime,200,True,"object; keys=effective_open,effective_reason,effective_status_msg",FAT admin authenticated browser session; exact permission/role mapping pending,No mutation observed in this discovery action,Not applicable for observed read interaction,Page/network response rendered; business data values not persisted,,,,UNDOCUMENTED_ACTIVE,YES,fat-admin-page-initialization.json network events 116; live-menu route and DOM control snapshot,,
admin,Member Management,Inviter Transfer Records,/member-management/inviter-transfer-records,page_initialization,page initialization,POST,/admin/game/search,,,,"accept,accept-language,client-id,client-version,content-type,d,lang,referer,sec-ch-ua,sec-ch-ua-mobile,sec-ch-ua-platform,t,user-agent,x-device-id",Header: browser session/runtime,200,,unknown,FAT admin authenticated browser session; exact permission/role mapping pending,No mutation observed in this discovery action,Not applicable for observed read interaction,Page/network response rendered; business data values not persisted,admin/game,+游戏列表查询-owen-aliang,后台/game管理/游戏管理/+游戏列表查询-owen-aliang.bru,ACTIVE,YES,fat-admin-page-initialization.json network events 114; live-menu route and DOM control snapshot,,
admin,Member Management,Inviter Transfer Records,/member-management/inviter-transfer-records,page_initialization,page initialization,POST,/admin/game/search,,,,"accept,accept-language,client-id,client-version,content-type,d,lang,referer,sec-ch-ua,sec-ch-ua-mobile,sec-ch-ua-platform,t,user-agent,x-device-id",Header: browser session/runtime,200,True,"object; keys=ids,list,page,page_size,s,t",FAT admin authenticated browser session; exact permission/role mapping pending,No mutation observed in this discovery action,Not applicable for observed read interaction,Page/network response rendered; business data values not persisted,admin/game,+游戏列表查询-owen-aliang,后台/game管理/游戏管理/+游戏列表查询-owen-aliang.bru,ACTIVE,YES,"fat-admin-page-initialization.json network events 120,121,122,123,124,125,126,127; live-menu route and DOM control snapshot",,
admin,Member Management,Inviter Transfer Records,/member-management/inviter-transfer-records,page_initialization,page initialization,POST,/admin/gameclass/list,,,,"accept,accept-language,client-id,client-version,content-type,d,lang,referer,sec-ch-ua,sec-ch-ua-mobile,sec-ch-ua-platform,t,user-agent,x-device-id",Header: browser session/runtime,200,True,"object; keys=list,page,page_size,s,t",FAT admin authenticated browser session; exact permission/role mapping pending,No mutation observed in this discovery action,Not applicable for observed read interaction,Page/network response rendered; business data values not persisted,admin/game,+查询场馆列表-owen,后台/game管理/场馆管理/+查询场馆列表-owen.bru,ACTIVE,YES,fat-admin-page-initialization.json network events 117; live-menu route and DOM control snapshot,,
admin,Member Management,VIP Check-in Log,/member-management/vip-checkin-log,page_initialization,page initialization,GET,/admin/me/detail,,,,"accept,accept-language,client-id,client-version,d,lang,referer,sec-ch-ua,sec-ch-ua-mobile,sec-ch-ua-platform,t,user-agent,x-device-id",Header: browser session/runtime,200,True,"object; keys=avatar,bind_time,button_permission_ids,cmpl,create_name,created_at,email,google_secret,group_id,id,last_login_ip,last_login_time,login_password,nickname,operator_name,pwd_edit_time,roles,sid,status,stores,updated_at,username",FAT admin authenticated browser session; exact permission/role mapping pending,No mutation observed in this discovery action,Not applicable for observed read interaction,Page/network response rendered; business data values not persisted,admin/other,后台账户详情(当前登陆信息)-seven,后台/后台账号管理/后台账户详情(当前登陆信息)-seven.bru,ACTIVE,YES,fat-admin-page-initialization.json network events 101; live-menu route and DOM control snapshot,,
admin,Member Management,VIP Check-in Log,/member-management/vip-checkin-log,page_initialization,page initialization,GET,/admin/notify/audit/alarm,t,,,"accept,accept-language,client-id,client-version,d,lang,referer,sec-ch-ua,sec-ch-ua-mobile,sec-ch-ua-platform,t,user-agent,x-device-id",Query: route/filter/pagination values emitted by current UI state; Header: browser session/runtime,200,True,"object; keys=bonus_review_pending,feedback_pending,kyc_pending,mall_order_pending,withdraw_pending",FAT admin authenticated browser session; exact permission/role mapping pending,No mutation observed in this discovery action,Not applicable for observed read interaction,Page/network response rendered; business data values not persisted,admin/other,获取系统通知数量-wesley/owen,后台/系统管理/通知中心/获取系统通知数量-wesley-owen.bru,ACTIVE,YES,fat-admin-page-initialization.json network events 103; live-menu route and DOM control snapshot,,
admin,Member Management,VIP Check-in Log,/member-management/vip-checkin-log,page_initialization,page initialization,GET,/admin/promo/vip/sign/in/list,"end_time,page,page_size,start_time",,,"accept,accept-language,client-id,client-version,d,lang,referer,sec-ch-ua,sec-ch-ua-mobile,sec-ch-ua-platform,t,user-agent,x-device-id",Query: route/filter/pagination values emitted by current UI state; Header: browser session/runtime,200,True,"object; keys=a,d,t",FAT admin authenticated browser session; exact permission/role mapping pending,No mutation observed in this discovery action,Not applicable for observed read interaction,Page/network response rendered; business data values not persisted,admin/promo,每日签到列表,后台/Vipv2/每日签到列表.bru,ACTIVE,YES,fat-admin-page-initialization.json network events 105; live-menu route and DOM control snapshot,,
admin,Member Management,VIP Check-in Log,/member-management/vip-checkin-log,page_initialization,page initialization,GET,/admin/sys/config/compliance/status,,,,"accept,accept-language,client-id,client-version,d,lang,referer,sec-ch-ua,sec-ch-ua-mobile,sec-ch-ua-platform,t,user-agent,x-device-id",Header: browser session/runtime,200,True,"object; keys=effective_open,effective_reason,effective_status_msg",FAT admin authenticated browser session; exact permission/role mapping pending,No mutation observed in this discovery action,Not applicable for observed read interaction,Page/network response rendered; business data values not persisted,,,,UNDOCUMENTED_ACTIVE,YES,fat-admin-page-initialization.json network events 102; live-menu route and DOM control snapshot,,
admin,Member Management,VIP Check-in Log,/member-management/vip-checkin-log,page_initialization,page initialization,POST,/admin/game/search,,,,"accept,accept-language,client-id,client-version,content-type,d,lang,referer,sec-ch-ua,sec-ch-ua-mobile,sec-ch-ua-platform,t,user-agent,x-device-id",Header: browser session/runtime,200,True,"object; keys=ids,list,page,page_size,s,t",FAT admin authenticated browser session; exact permission/role mapping pending,No mutation observed in this discovery action,Not applicable for observed read interaction,Page/network response rendered; business data values not persisted,admin/game,+游戏列表查询-owen-aliang,后台/game管理/游戏管理/+游戏列表查询-owen-aliang.bru,ACTIVE,YES,"fat-admin-page-initialization.json network events 106,107,108,109,110,111,112,113; live-menu route and DOM control snapshot",,
admin,Member Management,VIP Check-in Log,/member-management/vip-checkin-log,page_initialization,page initialization,POST,/admin/gameclass/list,,,,"accept,accept-language,client-id,client-version,content-type,d,lang,referer,sec-ch-ua,sec-ch-ua-mobile,sec-ch-ua-platform,t,user-agent,x-device-id",Header: browser session/runtime,200,True,"object; keys=list,page,page_size,s,t",FAT admin authenticated browser session; exact permission/role mapping pending,No mutation observed in this discovery action,Not applicable for observed read interaction,Page/network response rendered; business data values not persisted,admin/game,+查询场馆列表-owen,后台/game管理/场馆管理/+查询场馆列表-owen.bru,ACTIVE,YES,fat-admin-page-initialization.json network events 104; live-menu route and DOM control snapshot,,
admin,Member Management,VIP Config,/member-management/vip-config,page_initialization,page initialization,GET,/admin/me/detail,,,,"accept,accept-language,client-id,client-version,d,lang,referer,sec-ch-ua,sec-ch-ua-mobile,sec-ch-ua-platform,t,user-agent,x-device-id",Header: browser session/runtime,200,True,"object; keys=avatar,bind_time,button_permission_ids,cmpl,create_name,created_at,email,google_secret,group_id,id,last_login_ip,last_login_time,login_password,nickname,operator_name,pwd_edit_time,roles,sid,status,stores,updated_at,username",FAT admin authenticated browser session; exact permission/role mapping pending,No mutation observed in this discovery action,Not applicable for observed read interaction,Page/network response rendered; business data values not persisted,admin/other,后台账户详情(当前登陆信息)-seven,后台/后台账号管理/后台账户详情(当前登陆信息)-seven.bru,ACTIVE,YES,fat-admin-page-initialization.json network events 73; live-menu route and DOM control snapshot,,
admin,Member Management,VIP Config,/member-management/vip-config,page_initialization,page initialization,GET,/admin/notify/audit/alarm,t,,,"accept,accept-language,client-id,client-version,d,lang,referer,sec-ch-ua,sec-ch-ua-mobile,sec-ch-ua-platform,t,user-agent,x-device-id",Query: route/filter/pagination values emitted by current UI state; Header: browser session/runtime,200,True,"object; keys=bonus_review_pending,feedback_pending,kyc_pending,mall_order_pending,withdraw_pending",FAT admin authenticated browser session; exact permission/role mapping pending,No mutation observed in this discovery action,Not applicable for observed read interaction,Page/network response rendered; business data values not persisted,admin/other,获取系统通知数量-wesley/owen,后台/系统管理/通知中心/获取系统通知数量-wesley-owen.bru,ACTIVE,YES,fat-admin-page-initialization.json network events 75; live-menu route and DOM control snapshot,,
admin,Member Management,VIP Config,/member-management/vip-config,page_initialization,page initialization,GET,/admin/sys/config/compliance/status,,,,"accept,accept-language,client-id,client-version,d,lang,referer,sec-ch-ua,sec-ch-ua-mobile,sec-ch-ua-platform,t,user-agent,x-device-id",Header: browser session/runtime,200,True,"object; keys=effective_open,effective_reason,effective_status_msg",FAT admin authenticated browser session; exact permission/role mapping pending,No mutation observed in this discovery action,Not applicable for observed read interaction,Page/network response rendered; business data values not persisted,,,,UNDOCUMENTED_ACTIVE,YES,fat-admin-page-initialization.json network events 74; live-menu route and DOM control snapshot,,
admin,Member Management,VIP Config,/member-management/vip-config,page_initialization,page initialization,GET,/admin/vip/config/listv2,,,,"accept,accept-language,client-id,client-version,d,lang,referer,sec-ch-ua,sec-ch-ua-mobile,sec-ch-ua-platform,t,user-agent,x-device-id",Header: browser session/runtime,200,True,"object; keys=d,t",FAT admin authenticated browser session; exact permission/role mapping pending,No mutation observed in this discovery action,Not applicable for observed read interaction,Page/network response rendered; business data values not persisted,admin/other,配置列表,后台/Vipv2/配置列表.bru,ACTIVE,YES,fat-admin-page-initialization.json network events 77; live-menu route and DOM control snapshot,,
admin,Member Management,VIP Config,/member-management/vip-config,page_initialization,page initialization,POST,/admin/game/search,,,,"accept,accept-language,client-id,client-version,content-type,d,lang,referer,sec-ch-ua,sec-ch-ua-mobile,sec-ch-ua-platform,t,user-agent,x-device-id",Header: browser session/runtime,200,True,"object; keys=ids,list,page,page_size,s,t",FAT admin authenticated browser session; exact permission/role mapping pending,No mutation observed in this discovery action,Not applicable for observed read interaction,Page/network response rendered; business data values not persisted,admin/game,+游戏列表查询-owen-aliang,后台/game管理/游戏管理/+游戏列表查询-owen-aliang.bru,ACTIVE,YES,"fat-admin-page-initialization.json network events 78,79,80,81,82,83,84,85; live-menu route and DOM control snapshot",,
admin,Member Management,VIP Config,/member-management/vip-config,page_initialization,page initialization,POST,/admin/gameclass/list,,,,"accept,accept-language,client-id,client-version,content-type,d,lang,referer,sec-ch-ua,sec-ch-ua-mobile,sec-ch-ua-platform,t,user-agent,x-device-id",Header: browser session/runtime,200,True,"object; keys=list,page,page_size,s,t",FAT admin authenticated browser session; exact permission/role mapping pending,No mutation observed in this discovery action,Not applicable for observed read interaction,Page/network response rendered; business data values not persisted,admin/game,+查询场馆列表-owen,后台/game管理/场馆管理/+查询场馆列表-owen.bru,ACTIVE,YES,fat-admin-page-initialization.json network events 76; live-menu route and DOM control snapshot,,
admin,Member Management,VIP Rewards,/member-management/vip-rewards,page_initialization,page initialization,GET,/admin/me/detail,,,,"accept,accept-language,client-id,client-version,d,lang,referer,sec-ch-ua,sec-ch-ua-mobile,sec-ch-ua-platform,t,user-agent,x-device-id",Header: browser session/runtime,200,True,"object; keys=avatar,bind_time,button_permission_ids,cmpl,create_name,created_at,email,google_secret,group_id,id,last_login_ip,last_login_time,login_password,nickname,operator_name,pwd_edit_time,roles,sid,status,stores,updated_at,username",FAT admin authenticated browser session; exact permission/role mapping pending,No mutation observed in this discovery action,Not applicable for observed read interaction,Page/network response rendered; business data values not persisted,admin/other,后台账户详情(当前登陆信息)-seven,后台/后台账号管理/后台账户详情(当前登陆信息)-seven.bru,ACTIVE,YES,fat-admin-page-initialization.json network events 87; live-menu route and DOM control snapshot,,
admin,Member Management,VIP Rewards,/member-management/vip-rewards,page_initialization,page initialization,GET,/admin/notify/audit/alarm,t,,,"accept,accept-language,client-id,client-version,d,lang,referer,sec-ch-ua,sec-ch-ua-mobile,sec-ch-ua-platform,t,user-agent,x-device-id",Query: route/filter/pagination values emitted by current UI state; Header: browser session/runtime,200,True,"object; keys=bonus_review_pending,feedback_pending,kyc_pending,mall_order_pending,withdraw_pending",FAT admin authenticated browser session; exact permission/role mapping pending,No mutation observed in this discovery action,Not applicable for observed read interaction,Page/network response rendered; business data values not persisted,admin/other,获取系统通知数量-wesley/owen,后台/系统管理/通知中心/获取系统通知数量-wesley-owen.bru,ACTIVE,YES,fat-admin-page-initialization.json network events 90; live-menu route and DOM control snapshot,,
admin,Member Management,VIP Rewards,/member-management/vip-rewards,page_initialization,page initialization,GET,/admin/promo/vip/log/list,"page,page_size",,,"accept,accept-language,client-id,client-version,d,lang,referer,sec-ch-ua,sec-ch-ua-mobile,sec-ch-ua-platform,t,user-agent,x-device-id",Query: route/filter/pagination values emitted by current UI state; Header: browser session/runtime,200,True,"object; keys=list,summary,t",FAT admin authenticated browser session; exact permission/role mapping pending,No mutation observed in this discovery action,Not applicable for observed read interaction,Page/network response rendered; business data values not persisted,admin/promo,奖励表列表-aliang,后台/Vipv2/奖励表列表-aliang.bru,ACTIVE,YES,fat-admin-page-initialization.json network events 91; live-menu route and DOM control snapshot,,
admin,Member Management,VIP Rewards,/member-management/vip-rewards,page_initialization,page initialization,GET,/admin/sys/config/compliance/status,,,,"accept,accept-language,client-id,client-version,d,lang,referer,sec-ch-ua,sec-ch-ua-mobile,sec-ch-ua-platform,t,user-agent,x-device-id",Header: browser session/runtime,200,True,"object; keys=effective_open,effective_reason,effective_status_msg",FAT admin authenticated browser session; exact permission/role mapping pending,No mutation observed in this discovery action,Not applicable for observed read interaction,Page/network response rendered; business data values not persisted,,,,UNDOCUMENTED_ACTIVE,YES,fat-admin-page-initialization.json network events 88; live-menu route and DOM control snapshot,,
admin,Member Management,VIP Rewards,/member-management/vip-rewards,page_initialization,page initialization,POST,/admin/game/search,,,,"accept,accept-language,client-id,client-version,content-type,d,lang,referer,sec-ch-ua,sec-ch-ua-mobile,sec-ch-ua-platform,t,user-agent,x-device-id",Header: browser session/runtime,200,,unknown,FAT admin authenticated browser session; exact permission/role mapping pending,No mutation observed in this discovery action,Not applicable for observed read interaction,Page/network response rendered; business data values not persisted,admin/game,+游戏列表查询-owen-aliang,后台/game管理/游戏管理/+游戏列表查询-owen-aliang.bru,ACTIVE,YES,"fat-admin-page-initialization.json network events 86,100; live-menu route and DOM control snapshot",,
admin,Member Management,VIP Rewards,/member-management/vip-rewards,page_initialization,page initialization,POST,/admin/game/search,,,,"accept,accept-language,client-id,client-version,content-type,d,lang,referer,sec-ch-ua,sec-ch-ua-mobile,sec-ch-ua-platform,t,user-agent,x-device-id",Header: browser session/runtime,200,True,"object; keys=ids,list,page,page_size,s,t",FAT admin authenticated browser session; exact permission/role mapping pending,No mutation observed in this discovery action,Not applicable for observed read interaction,Page/network response rendered; business data values not persisted,admin/game,+游戏列表查询-owen-aliang,后台/game管理/游戏管理/+游戏列表查询-owen-aliang.bru,ACTIVE,YES,"fat-admin-page-initialization.json network events 92,93,94,95,96,97,98,99; live-menu route and DOM control snapshot",,
admin,Member Management,VIP Rewards,/member-management/vip-rewards,page_initialization,page initialization,POST,/admin/gameclass/list,,,,"accept,accept-language,client-id,client-version,content-type,d,lang,referer,sec-ch-ua,sec-ch-ua-mobile,sec-ch-ua-platform,t,user-agent,x-device-id",Header: browser session/runtime,200,True,"object; keys=list,page,page_size,s,t",FAT admin authenticated browser session; exact permission/role mapping pending,No mutation observed in this discovery action,Not applicable for observed read interaction,Page/network response rendered; business data values not persisted,admin/game,+查询场馆列表-owen,后台/game管理/场馆管理/+查询场馆列表-owen.bru,ACTIVE,YES,fat-admin-page-initialization.json network events 89; live-menu route and DOM control snapshot,,
admin,Operation Management,Promotion Spend Audit,/operations/activity-expenditure-audit,page_initialization,page initialization,GET,/admin/bonus/review/list,"created_end_at,created_start_at,page,page_size",,,"accept,accept-language,client-id,client-version,d,lang,referer,sec-ch-ua,sec-ch-ua-mobile,sec-ch-ua-platform,t,user-agent,x-device-id",Query: route/filter/pagination values emitted by current UI state; Header: browser session/runtime,200,True,"object; keys=d,t",FAT admin authenticated browser session; exact permission/role mapping pending,No mutation observed in this discovery action,Not applicable for observed read interaction,Page/network response rendered; business data values not persisted,admin/other,待审订单列表 - felix.bru,后台/礼金/待审订单列表 - felix.bru,ACTIVE,YES,fat-admin-page-initialization.json network events 395; live-menu route and DOM control snapshot,,
admin,Operation Management,Promotion Spend Audit,/operations/activity-expenditure-audit,page_initialization,page initialization,GET,/admin/me/detail,,,,"accept,accept-language,client-id,client-version,d,lang,referer,sec-ch-ua,sec-ch-ua-mobile,sec-ch-ua-platform,t,user-agent,x-device-id",Header: browser session/runtime,200,True,"object; keys=avatar,bind_time,button_permission_ids,cmpl,create_name,created_at,email,google_secret,group_id,id,last_login_ip,last_login_time,login_password,nickname,operator_name,pwd_edit_time,roles,sid,status,stores,updated_at,username",FAT admin authenticated browser session; exact permission/role mapping pending,No mutation observed in this discovery action,Not applicable for observed read interaction,Page/network response rendered; business data values not persisted,admin/other,后台账户详情(当前登陆信息)-seven,后台/后台账号管理/后台账户详情(当前登陆信息)-seven.bru,ACTIVE,YES,fat-admin-page-initialization.json network events 391; live-menu route and DOM control snapshot,,
admin,Operation Management,Promotion Spend Audit,/operations/activity-expenditure-audit,page_initialization,page initialization,GET,/admin/notify/audit/alarm,t,,,"accept,accept-language,client-id,client-version,d,lang,referer,sec-ch-ua,sec-ch-ua-mobile,sec-ch-ua-platform,t,user-agent,x-device-id",Query: route/filter/pagination values emitted by current UI state; Header: browser session/runtime,200,True,"object; keys=bonus_review_pending,feedback_pending,kyc_pending,mall_order_pending,withdraw_pending",FAT admin authenticated browser session; exact permission/role mapping pending,No mutation observed in this discovery action,Not applicable for observed read interaction,Page/network response rendered; business data values not persisted,admin/other,获取系统通知数量-wesley/owen,后台/系统管理/通知中心/获取系统通知数量-wesley-owen.bru,ACTIVE,YES,fat-admin-page-initialization.json network events 394; live-menu route and DOM control snapshot,,
admin,Operation Management,Promotion Spend Audit,/operations/activity-expenditure-audit,page_initialization,page initialization,GET,/admin/sys/config/compliance/status,,,,"accept,accept-language,client-id,client-version,d,lang,referer,sec-ch-ua,sec-ch-ua-mobile,sec-ch-ua-platform,t,user-agent,x-device-id",Header: browser session/runtime,200,True,"object; keys=effective_open,effective_reason,effective_status_msg",FAT admin authenticated browser session; exact permission/role mapping pending,No mutation observed in this discovery action,Not applicable for observed read interaction,Page/network response rendered; business data values not persisted,,,,UNDOCUMENTED_ACTIVE,YES,fat-admin-page-initialization.json network events 392; live-menu route and DOM control snapshot,,
admin,Operation Management,Promotion Spend Audit,/operations/activity-expenditure-audit,page_initialization,page initialization,POST,/admin/game/search,,,,"accept,accept-language,client-id,client-version,content-type,d,lang,referer,sec-ch-ua,sec-ch-ua-mobile,sec-ch-ua-platform,t,user-agent,x-device-id",Header: browser session/runtime,200,True,"object; keys=ids,list,page,page_size,s,t",FAT admin authenticated browser session; exact permission/role mapping pending,No mutation observed in this discovery action,Not applicable for observed read interaction,Page/network response rendered; business data values not persisted,admin/game,+游戏列表查询-owen-aliang,后台/game管理/游戏管理/+游戏列表查询-owen-aliang.bru,ACTIVE,YES,"fat-admin-page-initialization.json network events 396,397,398,399,400,401,402,403,404; live-menu route and DOM control snapshot",,
admin,Operation Management,Promotion Spend Audit,/operations/activity-expenditure-audit,page_initialization,page initialization,POST,/admin/gameclass/list,,,,"accept,accept-language,client-id,client-version,content-type,d,lang,referer,sec-ch-ua,sec-ch-ua-mobile,sec-ch-ua-platform,t,user-agent,x-device-id",Header: browser session/runtime,200,True,"object; keys=list,page,page_size,s,t",FAT admin authenticated browser session; exact permission/role mapping pending,No mutation observed in this discovery action,Not applicable for observed read interaction,Page/network response rendered; business data values not persisted,admin/game,+查询场馆列表-owen,后台/game管理/场馆管理/+查询场馆列表-owen.bru,ACTIVE,YES,fat-admin-page-initialization.json network events 393; live-menu route and DOM control snapshot,,
admin,Operation Management,Promotion List,/operations/activity-list,page_initialization,page initialization,GET,/admin/me/detail,,,,"accept,accept-language,client-id,client-version,d,lang,referer,sec-ch-ua,sec-ch-ua-mobile,sec-ch-ua-platform,t,user-agent,x-device-id",Header: browser session/runtime,200,True,"object; keys=avatar,bind_time,button_permission_ids,cmpl,create_name,created_at,email,google_secret,group_id,id,last_login_ip,last_login_time,login_password,nickname,operator_name,pwd_edit_time,roles,sid,status,stores,updated_at,username",FAT admin authenticated browser session; exact permission/role mapping pending,No mutation observed in this discovery action,Not applicable for observed read interaction,Page/network response rendered; business data values not persisted,admin/other,后台账户详情(当前登陆信息)-seven,后台/后台账号管理/后台账户详情(当前登陆信息)-seven.bru,ACTIVE,YES,fat-admin-page-initialization.json network events 377; live-menu route and DOM control snapshot,,
admin,Operation Management,Promotion List,/operations/activity-list,page_initialization,page initialization,GET,/admin/notify/audit/alarm,t,,,"accept,accept-language,client-id,client-version,d,lang,referer,sec-ch-ua,sec-ch-ua-mobile,sec-ch-ua-platform,t,user-agent,x-device-id",Query: route/filter/pagination values emitted by current UI state; Header: browser session/runtime,200,True,"object; keys=bonus_review_pending,feedback_pending,kyc_pending,mall_order_pending,withdraw_pending",FAT admin authenticated browser session; exact permission/role mapping pending,No mutation observed in this discovery action,Not applicable for observed read interaction,Page/network response rendered; business data values not persisted,admin/other,获取系统通知数量-wesley/owen,后台/系统管理/通知中心/获取系统通知数量-wesley-owen.bru,ACTIVE,YES,fat-admin-page-initialization.json network events 381; live-menu route and DOM control snapshot,,
admin,Operation Management,Promotion List,/operations/activity-list,page_initialization,page initialization,GET,/admin/promo/list,"page,page_size",,,"accept,accept-language,client-id,client-version,d,lang,referer,sec-ch-ua,sec-ch-ua-mobile,sec-ch-ua-platform,t,user-agent,x-device-id",Query: route/filter/pagination values emitted by current UI state; Header: browser session/runtime,200,True,"object; keys=d,s,t,update_users",FAT admin authenticated browser session; exact permission/role mapping pending,No mutation observed in this discovery action,Not applicable for observed read interaction,Page/network response rendered; business data values not persisted,admin/promo,活动列表 - felix,后台/活动/活动列表 - felix.bru,ACTIVE,YES,fat-admin-page-initialization.json network events 382; live-menu route and DOM control snapshot,,
admin,Operation Management,Promotion List,/operations/activity-list,page_initialization,page initialization,GET,/admin/sys/config/compliance/status,,,,"accept,accept-language,client-id,client-version,d,lang,referer,sec-ch-ua,sec-ch-ua-mobile,sec-ch-ua-platform,t,user-agent,x-device-id",Header: browser session/runtime,200,True,"object; keys=effective_open,effective_reason,effective_status_msg",FAT admin authenticated browser session; exact permission/role mapping pending,No mutation observed in this discovery action,Not applicable for observed read interaction,Page/network response rendered; business data values not persisted,,,,UNDOCUMENTED_ACTIVE,YES,fat-admin-page-initialization.json network events 378; live-menu route and DOM control snapshot,,
admin,Operation Management,Promotion List,/operations/activity-list,page_initialization,page initialization,POST,/admin/game/search,,,,"accept,accept-language,client-id,client-version,content-type,d,lang,referer,sec-ch-ua,sec-ch-ua-mobile,sec-ch-ua-platform,t,user-agent,x-device-id",Header: browser session/runtime,200,True,"object; keys=ids,list,page,page_size,s,t",FAT admin authenticated browser session; exact permission/role mapping pending,No mutation observed in this discovery action,Not applicable for observed read interaction,Page/network response rendered; business data values not persisted,admin/game,+游戏列表查询-owen-aliang,后台/game管理/游戏管理/+游戏列表查询-owen-aliang.bru,ACTIVE,YES,"fat-admin-page-initialization.json network events 383,384,385,386,387,388,389,390; live-menu route and DOM control snapshot",,
admin,Operation Management,Promotion List,/operations/activity-list,page_initialization,page initialization,POST,/admin/gameclass/list,,,,"accept,accept-language,client-id,client-version,content-type,d,lang,referer,sec-ch-ua,sec-ch-ua-mobile,sec-ch-ua-platform,t,user-agent,x-device-id",Header: browser session/runtime,200,True,"object; keys=list,page,page_size,s,t",FAT admin authenticated browser session; exact permission/role mapping pending,No mutation observed in this discovery action,Not applicable for observed read interaction,Page/network response rendered; business data values not persisted,admin/game,+查询场馆列表-owen,后台/game管理/场馆管理/+查询场馆列表-owen.bru,ACTIVE,YES,fat-admin-page-initialization.json network events 380; live-menu route and DOM control snapshot,,
admin,Operation Management,Promotion List,/operations/activity-list,page_initialization,page initialization,POST,/admin/user/list,,,"page,page_size","accept,accept-language,client-id,client-version,content-type,d,lang,referer,sec-ch-ua,sec-ch-ua-mobile,sec-ch-ua-platform,t,user-agent,x-device-id",Body: page form/filter or UI defaults; Header: browser session/runtime,200,True,"object; keys=d,t",FAT admin authenticated browser session; exact permission/role mapping pending,No mutation observed in this discovery action,Not applicable for observed read interaction,Page/network response rendered; business data values not persisted,,,,UNDOCUMENTED_ACTIVE,YES,fat-admin-page-initialization.json network events 379; live-menu route and DOM control snapshot,,
admin,Operation Management,Ad Tracking/Buried Point,/operations/advertisement-tracking,page_initialization,page initialization,GET,/admin/buriedPoint/list,"page,page_size,ty",,,"accept,accept-language,client-id,client-version,d,lang,referer,sec-ch-ua,sec-ch-ua-mobile,sec-ch-ua-platform,t,user-agent,x-device-id",Query: route/filter/pagination values emitted by current UI state; Header: browser session/runtime,200,True,"object; keys=d,s,t",FAT admin authenticated browser session; exact permission/role mapping pending,No mutation observed in this discovery action,Not applicable for observed read interaction,Page/network response rendered; business data values not persisted,admin/other,埋点列表-todo,后台/埋点/埋点列表-todo.bru,ACTIVE,YES,fat-admin-page-initialization.json network events 410; live-menu route and DOM control snapshot,,
admin,Operation Management,Ad Tracking/Buried Point,/operations/advertisement-tracking,page_initialization,page initialization,GET,/admin/domain/listForSelect,,,,"accept,accept-language,client-id,client-version,d,lang,referer,sec-ch-ua,sec-ch-ua-mobile,sec-ch-ua-platform,t,user-agent,x-device-id",Header: browser session/runtime,200,True,list,FAT admin authenticated browser session; exact permission/role mapping pending,No mutation observed in this discovery action,Not applicable for observed read interaction,Page/network response rendered; business data values not persisted,admin/other,域名选项列表-todo,后台/域名/域名选项列表-todo.bru,ACTIVE,YES,fat-admin-page-initialization.json network events 407; live-menu route and DOM control snapshot,,
admin,Operation Management,Ad Tracking/Buried Point,/operations/advertisement-tracking,page_initialization,page initialization,GET,/admin/me/detail,,,,"accept,accept-language,client-id,client-version,d,lang,referer,sec-ch-ua,sec-ch-ua-mobile,sec-ch-ua-platform,t,user-agent,x-device-id",Header: browser session/runtime,200,True,"object; keys=avatar,bind_time,button_permission_ids,cmpl,create_name,created_at,email,google_secret,group_id,id,last_login_ip,last_login_time,login_password,nickname,operator_name,pwd_edit_time,roles,sid,status,stores,updated_at,username",FAT admin authenticated browser session; exact permission/role mapping pending,No mutation observed in this discovery action,Not applicable for observed read interaction,Page/network response rendered; business data values not persisted,admin/other,后台账户详情(当前登陆信息)-seven,后台/后台账号管理/后台账户详情(当前登陆信息)-seven.bru,ACTIVE,YES,fat-admin-page-initialization.json network events 405; live-menu route and DOM control snapshot,,
admin,Operation Management,Ad Tracking/Buried Point,/operations/advertisement-tracking,page_initialization,page initialization,GET,/admin/notify/audit/alarm,t,,,"accept,accept-language,client-id,client-version,d,lang,referer,sec-ch-ua,sec-ch-ua-mobile,sec-ch-ua-platform,t,user-agent,x-device-id",Query: route/filter/pagination values emitted by current UI state; Header: browser session/runtime,200,True,"object; keys=bonus_review_pending,feedback_pending,kyc_pending,mall_order_pending,withdraw_pending",FAT admin authenticated browser session; exact permission/role mapping pending,No mutation observed in this discovery action,Not applicable for observed read interaction,Page/network response rendered; business data values not persisted,admin/other,获取系统通知数量-wesley/owen,后台/系统管理/通知中心/获取系统通知数量-wesley-owen.bru,ACTIVE,YES,fat-admin-page-initialization.json network events 409; live-menu route and DOM control snapshot,,
admin,Operation Management,Ad Tracking/Buried Point,/operations/advertisement-tracking,page_initialization,page initialization,GET,/admin/sys/config/compliance/status,,,,"accept,accept-language,client-id,client-version,d,lang,referer,sec-ch-ua,sec-ch-ua-mobile,sec-ch-ua-platform,t,user-agent,x-device-id",Header: browser session/runtime,200,True,"object; keys=effective_open,effective_reason,effective_status_msg",FAT admin authenticated browser session; exact permission/role mapping pending,No mutation observed in this discovery action,Not applicable for observed read interaction,Page/network response rendered; business data values not persisted,,,,UNDOCUMENTED_ACTIVE,YES,fat-admin-page-initialization.json network events 406; live-menu route and DOM control snapshot,,
admin,Operation Management,Ad Tracking/Buried Point,/operations/advertisement-tracking,page_initialization,page initialization,POST,/admin/game/search,,,,"accept,accept-language,client-id,client-version,content-type,d,lang,referer,sec-ch-ua,sec-ch-ua-mobile,sec-ch-ua-platform,t,user-agent,x-device-id",Header: browser session/runtime,200,True,"object; keys=ids,list,page,page_size,s,t",FAT admin authenticated browser session; exact permission/role mapping pending,No mutation observed in this discovery action,Not applicable for observed read interaction,Page/network response rendered; business data values not persisted,admin/game,+游戏列表查询-owen-aliang,后台/game管理/游戏管理/+游戏列表查询-owen-aliang.bru,ACTIVE,YES,"fat-admin-page-initialization.json network events 411,412,413,414,415,416,417,418,419; live-menu route and DOM control snapshot",,
admin,Operation Management,Ad Tracking/Buried Point,/operations/advertisement-tracking,page_initialization,page initialization,POST,/admin/gameclass/list,,,,"accept,accept-language,client-id,client-version,content-type,d,lang,referer,sec-ch-ua,sec-ch-ua-mobile,sec-ch-ua-platform,t,user-agent,x-device-id",Header: browser session/runtime,200,True,"object; keys=list,page,page_size,s,t",FAT admin authenticated browser session; exact permission/role mapping pending,No mutation observed in this discovery action,Not applicable for observed read interaction,Page/network response rendered; business data values not persisted,admin/game,+查询场馆列表-owen,后台/game管理/场馆管理/+查询场馆列表-owen.bru,ACTIVE,YES,fat-admin-page-initialization.json network events 408; live-menu route and DOM control snapshot,,
admin,Operation Management,Client Configuration,/operations/client-config,page_initialization,page initialization,GET,/admin/banner/menu,,,,"accept,accept-language,client-id,client-version,d,lang,referer,sec-ch-ua,sec-ch-ua-mobile,sec-ch-ua-platform,t,user-agent,x-device-id",Header: browser session/runtime,200,True,"object; keys=categories,tys",FAT admin authenticated browser session; exact permission/role mapping pending,No mutation observed in this discovery action,Not applicable for observed read interaction,Page/network response rendered; business data values not persisted,admin/other,轮播图菜单,后台/轮播图-首页弹窗/轮播图菜单.bru,ACTIVE,YES,fat-admin-page-initialization.json network events 333; live-menu route and DOM control snapshot,,
admin,Operation Management,Client Configuration,/operations/client-config,page_initialization,page initialization,GET,/admin/me/detail,,,,"accept,accept-language,client-id,client-version,d,lang,referer,sec-ch-ua,sec-ch-ua-mobile,sec-ch-ua-platform,t,user-agent,x-device-id",Header: browser session/runtime,200,True,"object; keys=avatar,bind_time,button_permission_ids,cmpl,create_name,created_at,email,google_secret,group_id,id,last_login_ip,last_login_time,login_password,nickname,operator_name,pwd_edit_time,roles,sid,status,stores,updated_at,username",FAT admin authenticated browser session; exact permission/role mapping pending,No mutation observed in this discovery action,Not applicable for observed read interaction,Page/network response rendered; business data values not persisted,admin/other,后台账户详情(当前登陆信息)-seven,后台/后台账号管理/后台账户详情(当前登陆信息)-seven.bru,ACTIVE,YES,fat-admin-page-initialization.json network events 332; live-menu route and DOM control snapshot,,
admin,Operation Management,Client Configuration,/operations/client-config,page_initialization,page initialization,GET,/admin/notify/audit/alarm,t,,,"accept,accept-language,client-id,client-version,d,lang,referer,sec-ch-ua,sec-ch-ua-mobile,sec-ch-ua-platform,t,user-agent,x-device-id",Query: route/filter/pagination values emitted by current UI state; Header: browser session/runtime,200,True,"object; keys=bonus_review_pending,feedback_pending,kyc_pending,mall_order_pending,withdraw_pending",FAT admin authenticated browser session; exact permission/role mapping pending,No mutation observed in this discovery action,Not applicable for observed read interaction,Page/network response rendered; business data values not persisted,admin/other,获取系统通知数量-wesley/owen,后台/系统管理/通知中心/获取系统通知数量-wesley-owen.bru,ACTIVE,YES,fat-admin-page-initialization.json network events 335; live-menu route and DOM control snapshot,,
admin,Operation Management,Client Configuration,/operations/client-config,page_initialization,page initialization,GET,/admin/promo/list,page_size,,,"accept,accept-language,client-id,client-version,d,lang,referer,sec-ch-ua,sec-ch-ua-mobile,sec-ch-ua-platform,t,user-agent,x-device-id",Query: route/filter/pagination values emitted by current UI state; Header: browser session/runtime,200,True,"object; keys=d,s,t,update_users",FAT admin authenticated browser session; exact permission/role mapping pending,No mutation observed in this discovery action,Not applicable for observed read interaction,Page/network response rendered; business data values not persisted,admin/promo,活动列表 - felix,后台/活动/活动列表 - felix.bru,ACTIVE,YES,fat-admin-page-initialization.json network events 338; live-menu route and DOM control snapshot,,
admin,Operation Management,Client Configuration,/operations/client-config,page_initialization,page initialization,GET,/admin/sys/config/compliance/status,,,,"accept,accept-language,client-id,client-version,d,lang,referer,sec-ch-ua,sec-ch-ua-mobile,sec-ch-ua-platform,t,user-agent,x-device-id",Header: browser session/runtime,200,True,"object; keys=effective_open,effective_reason,effective_status_msg",FAT admin authenticated browser session; exact permission/role mapping pending,No mutation observed in this discovery action,Not applicable for observed read interaction,Page/network response rendered; business data values not persisted,,,,UNDOCUMENTED_ACTIVE,YES,fat-admin-page-initialization.json network events 334; live-menu route and DOM control snapshot,,
admin,Operation Management,Client Configuration,/operations/client-config,page_initialization,page initialization,POST,/admin/banner/list,,,,"accept,accept-language,client-id,client-version,content-type,d,lang,referer,sec-ch-ua,sec-ch-ua-mobile,sec-ch-ua-platform,t,user-agent,x-device-id",Header: browser session/runtime,200,True,"object; keys=d,s,t",FAT admin authenticated browser session; exact permission/role mapping pending,No mutation observed in this discovery action,Not applicable for observed read interaction,Page/network response rendered; business data values not persisted,admin/other,轮播图列表,后台/轮播图-首页弹窗/轮播图列表.bru,ACTIVE,YES,fat-admin-page-initialization.json network events 337; live-menu route and DOM control snapshot,,
admin,Operation Management,Client Configuration,/operations/client-config,page_initialization,page initialization,POST,/admin/game/search,,,,"accept,accept-language,client-id,client-version,content-type,d,lang,referer,sec-ch-ua,sec-ch-ua-mobile,sec-ch-ua-platform,t,user-agent,x-device-id",Header: browser session/runtime,200,,unknown,FAT admin authenticated browser session; exact permission/role mapping pending,No mutation observed in this discovery action,Not applicable for observed read interaction,Page/network response rendered; business data values not persisted,admin/game,+游戏列表查询-owen-aliang,后台/game管理/游戏管理/+游戏列表查询-owen-aliang.bru,ACTIVE,YES,fat-admin-page-initialization.json network events 331; live-menu route and DOM control snapshot,,
admin,Operation Management,Client Configuration,/operations/client-config,page_initialization,page initialization,POST,/admin/game/search,,,,"accept,accept-language,client-id,client-version,content-type,d,lang,referer,sec-ch-ua,sec-ch-ua-mobile,sec-ch-ua-platform,t,user-agent,x-device-id",Header: browser session/runtime,200,True,"object; keys=ids,list,page,page_size,s,t",FAT admin authenticated browser session; exact permission/role mapping pending,No mutation observed in this discovery action,Not applicable for observed read interaction,Page/network response rendered; business data values not persisted,admin/game,+游戏列表查询-owen-aliang,后台/game管理/游戏管理/+游戏列表查询-owen-aliang.bru,ACTIVE,YES,"fat-admin-page-initialization.json network events 339,340,341,342,343,344,345; live-menu route and DOM control snapshot",,
admin,Operation Management,Client Configuration,/operations/client-config,page_initialization,page initialization,POST,/admin/gameclass/list,,,,"accept,accept-language,client-id,client-version,content-type,d,lang,referer,sec-ch-ua,sec-ch-ua-mobile,sec-ch-ua-platform,t,user-agent,x-device-id",Header: browser session/runtime,200,True,"object; keys=list,page,page_size,s,t",FAT admin authenticated browser session; exact permission/role mapping pending,No mutation observed in this discovery action,Not applicable for observed read interaction,Page/network response rendered; business data values not persisted,admin/game,+查询场馆列表-owen,后台/game管理/场馆管理/+查询场馆列表-owen.bru,ACTIVE,YES,fat-admin-page-initialization.json network events 336; live-menu route and DOM control snapshot,,
admin,Operation Management,Daily Report,/operations/daily-reports,page_initialization,page initialization,GET,/admin/channel/dict,ty,,,"accept,accept-language,client-id,client-version,d,lang,referer,sec-ch-ua,sec-ch-ua-mobile,sec-ch-ua-platform,t,user-agent,x-device-id",Query: route/filter/pagination values emitted by current UI state; Header: browser session/runtime,200,True,list,FAT admin authenticated browser session; exact permission/role mapping pending,No mutation observed in this discovery action,Not applicable for observed read interaction,Page/network response rendered; business data values not persisted,admin/report,渠道字典,后台/报表/渠道字典.bru,ACTIVE,YES,fat-admin-page-initialization.json network events 321; live-menu route and DOM control snapshot,,
admin,Operation Management,Daily Report,/operations/daily-reports,page_initialization,page initialization,GET,/admin/me/detail,,,,"accept,accept-language,client-id,client-version,d,lang,referer,sec-ch-ua,sec-ch-ua-mobile,sec-ch-ua-platform,t,user-agent,x-device-id",Header: browser session/runtime,200,True,"object; keys=avatar,bind_time,button_permission_ids,cmpl,create_name,created_at,email,google_secret,group_id,id,last_login_ip,last_login_time,login_password,nickname,operator_name,pwd_edit_time,roles,sid,status,stores,updated_at,username",FAT admin authenticated browser session; exact permission/role mapping pending,No mutation observed in this discovery action,Not applicable for observed read interaction,Page/network response rendered; business data values not persisted,admin/other,后台账户详情(当前登陆信息)-seven,后台/后台账号管理/后台账户详情(当前登陆信息)-seven.bru,ACTIVE,YES,fat-admin-page-initialization.json network events 319; live-menu route and DOM control snapshot,,
admin,Operation Management,Daily Report,/operations/daily-reports,page_initialization,page initialization,GET,/admin/notify/audit/alarm,t,,,"accept,accept-language,client-id,client-version,d,lang,referer,sec-ch-ua,sec-ch-ua-mobile,sec-ch-ua-platform,t,user-agent,x-device-id",Query: route/filter/pagination values emitted by current UI state; Header: browser session/runtime,200,True,"object; keys=bonus_review_pending,feedback_pending,kyc_pending,mall_order_pending,withdraw_pending",FAT admin authenticated browser session; exact permission/role mapping pending,No mutation observed in this discovery action,Not applicable for observed read interaction,Page/network response rendered; business data values not persisted,admin/other,获取系统通知数量-wesley/owen,后台/系统管理/通知中心/获取系统通知数量-wesley-owen.bru,ACTIVE,YES,fat-admin-page-initialization.json network events 322; live-menu route and DOM control snapshot,,
admin,Operation Management,Daily Report,/operations/daily-reports,page_initialization,page initialization,GET,/admin/reports/channel,"end_time,page,page_size,start_time",,,"accept,accept-language,client-id,client-version,d,lang,referer,sec-ch-ua,sec-ch-ua-mobile,sec-ch-ua-platform,t,user-agent,x-device-id",Query: route/filter/pagination values emitted by current UI state; Header: browser session/runtime,200,True,"object; keys=d,t",FAT admin authenticated browser session; exact permission/role mapping pending,No mutation observed in this discovery action,Not applicable for observed read interaction,Page/network response rendered; business data values not persisted,admin/report,渠道日报表-sandy,后台/报表/渠道报表/渠道日报表-sandy.bru,ACTIVE,YES,fat-admin-page-initialization.json network events 324; live-menu route and DOM control snapshot,,
admin,Operation Management,Daily Report,/operations/daily-reports,page_initialization,page initialization,GET,/admin/sys/config/compliance/status,,,,"accept,accept-language,client-id,client-version,d,lang,referer,sec-ch-ua,sec-ch-ua-mobile,sec-ch-ua-platform,t,user-agent,x-device-id",Header: browser session/runtime,200,True,"object; keys=effective_open,effective_reason,effective_status_msg",FAT admin authenticated browser session; exact permission/role mapping pending,No mutation observed in this discovery action,Not applicable for observed read interaction,Page/network response rendered; business data values not persisted,,,,UNDOCUMENTED_ACTIVE,YES,fat-admin-page-initialization.json network events 320; live-menu route and DOM control snapshot,,
admin,Operation Management,Daily Report,/operations/daily-reports,page_initialization,page initialization,POST,/admin/game/search,,,,"accept,accept-language,client-id,client-version,content-type,d,lang,referer,sec-ch-ua,sec-ch-ua-mobile,sec-ch-ua-platform,t,user-agent,x-device-id",Header: browser session/runtime,200,,unknown,FAT admin authenticated browser session; exact permission/role mapping pending,No mutation observed in this discovery action,Not applicable for observed read interaction,Page/network response rendered; business data values not persisted,admin/game,+游戏列表查询-owen-aliang,后台/game管理/游戏管理/+游戏列表查询-owen-aliang.bru,ACTIVE,YES,fat-admin-page-initialization.json network events 318; live-menu route and DOM control snapshot,,
admin,Operation Management,Daily Report,/operations/daily-reports,page_initialization,page initialization,POST,/admin/game/search,,,,"accept,accept-language,client-id,client-version,content-type,d,lang,referer,sec-ch-ua,sec-ch-ua-mobile,sec-ch-ua-platform,t,user-agent,x-device-id",Header: browser session/runtime,200,True,"object; keys=ids,list,page,page_size,s,t",FAT admin authenticated browser session; exact permission/role mapping pending,No mutation observed in this discovery action,Not applicable for observed read interaction,Page/network response rendered; business data values not persisted,admin/game,+游戏列表查询-owen-aliang,后台/game管理/游戏管理/+游戏列表查询-owen-aliang.bru,ACTIVE,YES,"fat-admin-page-initialization.json network events 325,326,327,328,329,330; live-menu route and DOM control snapshot",,
admin,Operation Management,Daily Report,/operations/daily-reports,page_initialization,page initialization,POST,/admin/gameclass/list,,,,"accept,accept-language,client-id,client-version,content-type,d,lang,referer,sec-ch-ua,sec-ch-ua-mobile,sec-ch-ua-platform,t,user-agent,x-device-id",Header: browser session/runtime,200,True,"object; keys=list,page,page_size,s,t",FAT admin authenticated browser session; exact permission/role mapping pending,No mutation observed in this discovery action,Not applicable for observed read interaction,Page/network response rendered; business data values not persisted,admin/game,+查询场馆列表-owen,后台/game管理/场馆管理/+查询场馆列表-owen.bru,ACTIVE,YES,fat-admin-page-initialization.json network events 323; live-menu route and DOM control snapshot,,
admin,Operation Management,Friend Invite,/operations/friend-invite,page_initialization,page initialization,GET,/admin/me/detail,,,,"accept,accept-language,client-id,client-version,d,lang,referer,sec-ch-ua,sec-ch-ua-mobile,sec-ch-ua-platform,t,user-agent,x-device-id",Header: browser session/runtime,200,True,"object; keys=avatar,bind_time,button_permission_ids,cmpl,create_name,created_at,email,google_secret,group_id,id,last_login_ip,last_login_time,login_password,nickname,operator_name,pwd_edit_time,roles,sid,status,stores,updated_at,username",FAT admin authenticated browser session; exact permission/role mapping pending,No mutation observed in this discovery action,Not applicable for observed read interaction,Page/network response rendered; business data values not persisted,admin/other,后台账户详情(当前登陆信息)-seven,后台/后台账号管理/后台账户详情(当前登陆信息)-seven.bru,ACTIVE,YES,fat-admin-page-initialization.json network events 447; live-menu route and DOM control snapshot,,
admin,Operation Management,Friend Invite,/operations/friend-invite,page_initialization,page initialization,GET,/admin/notify/audit/alarm,t,,,"accept,accept-language,client-id,client-version,d,lang,referer,sec-ch-ua,sec-ch-ua-mobile,sec-ch-ua-platform,t,user-agent,x-device-id",Query: route/filter/pagination values emitted by current UI state; Header: browser session/runtime,200,True,"object; keys=bonus_review_pending,feedback_pending,kyc_pending,mall_order_pending,withdraw_pending",FAT admin authenticated browser session; exact permission/role mapping pending,No mutation observed in this discovery action,Not applicable for observed read interaction,Page/network response rendered; business data values not persisted,admin/other,获取系统通知数量-wesley/owen,后台/系统管理/通知中心/获取系统通知数量-wesley-owen.bru,ACTIVE,YES,fat-admin-page-initialization.json network events 450; live-menu route and DOM control snapshot,,
admin,Operation Management,Friend Invite,/operations/friend-invite,page_initialization,page initialization,GET,/admin/promo/invite/base/list,"created_end_at,created_start_at,page,page_size",,,"accept,accept-language,client-id,client-version,d,lang,referer,sec-ch-ua,sec-ch-ua-mobile,sec-ch-ua-platform,t,user-agent,x-device-id",Query: route/filter/pagination values emitted by current UI state; Header: browser session/runtime,200,True,"object; keys=d,sub_total,t,total",FAT admin authenticated browser session; exact permission/role mapping pending,No mutation observed in this discovery action,Not applicable for observed read interaction,Page/network response rendered; business data values not persisted,admin/promo,邀请基础奖励列表,后台/运营管理/邀请好友/邀请基础奖励列表.bru,ACTIVE,YES,fat-admin-page-initialization.json network events 451; live-menu route and DOM control snapshot,,
admin,Operation Management,Friend Invite,/operations/friend-invite,page_initialization,page initialization,GET,/admin/sys/config/compliance/status,,,,"accept,accept-language,client-id,client-version,d,lang,referer,sec-ch-ua,sec-ch-ua-mobile,sec-ch-ua-platform,t,user-agent,x-device-id",Header: browser session/runtime,200,True,"object; keys=effective_open,effective_reason,effective_status_msg",FAT admin authenticated browser session; exact permission/role mapping pending,No mutation observed in this discovery action,Not applicable for observed read interaction,Page/network response rendered; business data values not persisted,,,,UNDOCUMENTED_ACTIVE,YES,fat-admin-page-initialization.json network events 448; live-menu route and DOM control snapshot,,
admin,Operation Management,Friend Invite,/operations/friend-invite,page_initialization,page initialization,POST,/admin/game/search,,,,"accept,accept-language,client-id,client-version,content-type,d,lang,referer,sec-ch-ua,sec-ch-ua-mobile,sec-ch-ua-platform,t,user-agent,x-device-id",Header: browser session/runtime,200,True,"object; keys=ids,list,page,page_size,s,t",FAT admin authenticated browser session; exact permission/role mapping pending,No mutation observed in this discovery action,Not applicable for observed read interaction,Page/network response rendered; business data values not persisted,admin/game,+游戏列表查询-owen-aliang,后台/game管理/游戏管理/+游戏列表查询-owen-aliang.bru,ACTIVE,YES,"fat-admin-page-initialization.json network events 452,453,454,455,456,457,458,459; live-menu route and DOM control snapshot",,
admin,Operation Management,Friend Invite,/operations/friend-invite,page_initialization,page initialization,POST,/admin/gameclass/list,,,,"accept,accept-language,client-id,client-version,content-type,d,lang,referer,sec-ch-ua,sec-ch-ua-mobile,sec-ch-ua-platform,t,user-agent,x-device-id",Header: browser session/runtime,200,True,"object; keys=list,page,page_size,s,t",FAT admin authenticated browser session; exact permission/role mapping pending,No mutation observed in this discovery action,Not applicable for observed read interaction,Page/network response rendered; business data values not persisted,admin/game,+查询场馆列表-owen,后台/game管理/场馆管理/+查询场馆列表-owen.bru,ACTIVE,YES,fat-admin-page-initialization.json network events 449; live-menu route and DOM control snapshot,,
admin,Operation Management,Home Sections Config,/operations/home-sections,page_initialization,page initialization,GET,/admin/home/section/detail,id,,,"accept,accept-language,client-id,client-version,d,lang,referer,sec-ch-ua,sec-ch-ua-mobile,sec-ch-ua-platform,t,user-agent,x-device-id",Query: route/filter/pagination values emitted by current UI state; Header: browser session/runtime,200,True,"object; keys=display_limit,game_class,games,icon,id,layout,layout_name,prefix,section_key,section_type,section_type_name,selected_count,sort,state,system_type,title,updated_at,updated_name",FAT admin authenticated browser session; exact permission/role mapping pending,No mutation observed in this discovery action,Not applicable for observed read interaction,Page/network response rendered; business data values not persisted,admin/other,详情,后台/运营管理/首页板块配置/详情.bru,ACTIVE,YES,"fat-admin-page-initialization.json network events 508,509,510,511,512,513,514,515,516,517,518; live-menu route and DOM control snapshot",,
admin,Operation Management,Home Sections Config,/operations/home-sections,page_initialization,page initialization,GET,/admin/home/section/list,prefix,,,"accept,accept-language,client-id,client-version,d,lang,referer,sec-ch-ua,sec-ch-ua-mobile,sec-ch-ua-platform,t,user-agent,x-device-id",Query: route/filter/pagination values emitted by current UI state; Header: browser session/runtime,200,True,"object; keys=list,s,t",FAT admin authenticated browser session; exact permission/role mapping pending,No mutation observed in this discovery action,Not applicable for observed read interaction,Page/network response rendered; business data values not persisted,admin/other,列表,后台/运营管理/首页板块配置/列表.bru,ACTIVE,YES,fat-admin-page-initialization.json network events 506; live-menu route and DOM control snapshot,,
admin,Operation Management,Home Sections Config,/operations/home-sections,page_initialization,page initialization,GET,/admin/me/detail,,,,"accept,accept-language,client-id,client-version,d,lang,referer,sec-ch-ua,sec-ch-ua-mobile,sec-ch-ua-platform,t,user-agent,x-device-id",Header: browser session/runtime,200,True,"object; keys=avatar,bind_time,button_permission_ids,cmpl,create_name,created_at,email,google_secret,group_id,id,last_login_ip,last_login_time,login_password,nickname,operator_name,pwd_edit_time,roles,sid,status,stores,updated_at,username",FAT admin authenticated browser session; exact permission/role mapping pending,No mutation observed in this discovery action,Not applicable for observed read interaction,Page/network response rendered; business data values not persisted,admin/other,后台账户详情(当前登陆信息)-seven,后台/后台账号管理/后台账户详情(当前登陆信息)-seven.bru,ACTIVE,YES,fat-admin-page-initialization.json network events 503; live-menu route and DOM control snapshot,,
admin,Operation Management,Home Sections Config,/operations/home-sections,page_initialization,page initialization,GET,/admin/notify/audit/alarm,t,,,"accept,accept-language,client-id,client-version,d,lang,referer,sec-ch-ua,sec-ch-ua-mobile,sec-ch-ua-platform,t,user-agent,x-device-id",Query: route/filter/pagination values emitted by current UI state; Header: browser session/runtime,200,True,"object; keys=bonus_review_pending,feedback_pending,kyc_pending,mall_order_pending,withdraw_pending",FAT admin authenticated browser session; exact permission/role mapping pending,No mutation observed in this discovery action,Not applicable for observed read interaction,Page/network response rendered; business data values not persisted,admin/other,获取系统通知数量-wesley/owen,后台/系统管理/通知中心/获取系统通知数量-wesley-owen.bru,ACTIVE,YES,fat-admin-page-initialization.json network events 507; live-menu route and DOM control snapshot,,
admin,Operation Management,Home Sections Config,/operations/home-sections,page_initialization,page initialization,GET,/admin/sys/config/compliance/status,,,,"accept,accept-language,client-id,client-version,d,lang,referer,sec-ch-ua,sec-ch-ua-mobile,sec-ch-ua-platform,t,user-agent,x-device-id",Header: browser session/runtime,200,True,"object; keys=effective_open,effective_reason,effective_status_msg",FAT admin authenticated browser session; exact permission/role mapping pending,No mutation observed in this discovery action,Not applicable for observed read interaction,Page/network response rendered; business data values not persisted,,,,UNDOCUMENTED_ACTIVE,YES,fat-admin-page-initialization.json network events 504; live-menu route and DOM control snapshot,,
admin,Operation Management,Home Sections Config,/operations/home-sections,page_initialization,page initialization,POST,/admin/game/search,,,,"accept,accept-language,client-id,client-version,content-type,d,lang,referer,sec-ch-ua,sec-ch-ua-mobile,sec-ch-ua-platform,t,user-agent,x-device-id",Header: browser session/runtime,200,True,"object; keys=ids,list,page,page_size,s,t",FAT admin authenticated browser session; exact permission/role mapping pending,No mutation observed in this discovery action,Not applicable for observed read interaction,Page/network response rendered; business data values not persisted,admin/game,+游戏列表查询-owen-aliang,后台/game管理/游戏管理/+游戏列表查询-owen-aliang.bru,ACTIVE,YES,"fat-admin-page-initialization.json network events 519,520,521,522,523,524,525,526; live-menu route and DOM control snapshot",,
admin,Operation Management,Home Sections Config,/operations/home-sections,page_initialization,page initialization,POST,/admin/game/search,,,,"accept,accept-language,client-id,client-version,content-type,d,lang,referer,sec-ch-ua,sec-ch-ua-mobile,sec-ch-ua-platform,t,user-agent,x-device-id",Header: browser session/runtime,200,,unknown,FAT admin authenticated browser session; exact permission/role mapping pending,No mutation observed in this discovery action,Not applicable for observed read interaction,Page/network response rendered; business data values not persisted,admin/game,+游戏列表查询-owen-aliang,后台/game管理/游戏管理/+游戏列表查询-owen-aliang.bru,ACTIVE,YES,fat-admin-page-initialization.json network events 527; live-menu route and DOM control snapshot,,
admin,Operation Management,Home Sections Config,/operations/home-sections,page_initialization,page initialization,POST,/admin/gameclass/list,,,,"accept,accept-language,client-id,client-version,content-type,d,lang,referer,sec-ch-ua,sec-ch-ua-mobile,sec-ch-ua-platform,t,user-agent,x-device-id",Header: browser session/runtime,200,True,"object; keys=list,page,page_size,s,t",FAT admin authenticated browser session; exact permission/role mapping pending,No mutation observed in this discovery action,Not applicable for observed read interaction,Page/network response rendered; business data values not persisted,admin/game,+查询场馆列表-owen,后台/game管理/场馆管理/+查询场馆列表-owen.bru,ACTIVE,YES,fat-admin-page-initialization.json network events 505; live-menu route and DOM control snapshot,,
admin,Operation Management,Member station message,/operations/in-site-message,page_initialization,page initialization,GET,/admin/me/detail,,,,"accept,accept-language,client-id,client-version,d,lang,referer,sec-ch-ua,sec-ch-ua-mobile,sec-ch-ua-platform,t,user-agent,x-device-id",Header: browser session/runtime,200,True,"object; keys=avatar,bind_time,button_permission_ids,cmpl,create_name,created_at,email,google_secret,group_id,id,last_login_ip,last_login_time,login_password,nickname,operator_name,pwd_edit_time,roles,sid,status,stores,updated_at,username",FAT admin authenticated browser session; exact permission/role mapping pending,No mutation observed in this discovery action,Not applicable for observed read interaction,Page/network response rendered; business data values not persisted,admin/other,后台账户详情(当前登陆信息)-seven,后台/后台账号管理/后台账户详情(当前登陆信息)-seven.bru,ACTIVE,YES,fat-admin-page-initialization.json network events 434; live-menu route and DOM control snapshot,,
admin,Operation Management,Member station message,/operations/in-site-message,page_initialization,page initialization,GET,/admin/message/list,"is_batch,page,page_size",,,"accept,accept-language,client-id,client-version,d,lang,referer,sec-ch-ua,sec-ch-ua-mobile,sec-ch-ua-platform,t,user-agent,x-device-id",Query: route/filter/pagination values emitted by current UI state; Header: browser session/runtime,200,True,"object; keys=d,page,page_size,t",FAT admin authenticated browser session; exact permission/role mapping pending,No mutation observed in this discovery action,Not applicable for observed read interaction,Page/network response rendered; business data values not persisted,admin/other,已阅读名单-todo,后台/运营管理/站内信管理/已阅读名单-todo.bru,ACTIVE,YES,fat-admin-page-initialization.json network events 438; live-menu route and DOM control snapshot,,
admin,Operation Management,Member station message,/operations/in-site-message,page_initialization,page initialization,GET,/admin/notify/audit/alarm,t,,,"accept,accept-language,client-id,client-version,d,lang,referer,sec-ch-ua,sec-ch-ua-mobile,sec-ch-ua-platform,t,user-agent,x-device-id",Query: route/filter/pagination values emitted by current UI state; Header: browser session/runtime,200,True,"object; keys=bonus_review_pending,feedback_pending,kyc_pending,mall_order_pending,withdraw_pending",FAT admin authenticated browser session; exact permission/role mapping pending,No mutation observed in this discovery action,Not applicable for observed read interaction,Page/network response rendered; business data values not persisted,admin/other,获取系统通知数量-wesley/owen,后台/系统管理/通知中心/获取系统通知数量-wesley-owen.bru,ACTIVE,YES,fat-admin-page-initialization.json network events 437; live-menu route and DOM control snapshot,,
admin,Operation Management,Member station message,/operations/in-site-message,page_initialization,page initialization,GET,/admin/sys/config/compliance/status,,,,"accept,accept-language,client-id,client-version,d,lang,referer,sec-ch-ua,sec-ch-ua-mobile,sec-ch-ua-platform,t,user-agent,x-device-id",Header: browser session/runtime,200,True,"object; keys=effective_open,effective_reason,effective_status_msg",FAT admin authenticated browser session; exact permission/role mapping pending,No mutation observed in this discovery action,Not applicable for observed read interaction,Page/network response rendered; business data values not persisted,,,,UNDOCUMENTED_ACTIVE,YES,fat-admin-page-initialization.json network events 435; live-menu route and DOM control snapshot,,
admin,Operation Management,Member station message,/operations/in-site-message,page_initialization,page initialization,POST,/admin/game/search,,,,"accept,accept-language,client-id,client-version,content-type,d,lang,referer,sec-ch-ua,sec-ch-ua-mobile,sec-ch-ua-platform,t,user-agent,x-device-id",Header: browser session/runtime,200,,unknown,FAT admin authenticated browser session; exact permission/role mapping pending,No mutation observed in this discovery action,Not applicable for observed read interaction,Page/network response rendered; business data values not persisted,admin/game,+游戏列表查询-owen-aliang,后台/game管理/游戏管理/+游戏列表查询-owen-aliang.bru,ACTIVE,YES,fat-admin-page-initialization.json network events 433; live-menu route and DOM control snapshot,,
admin,Operation Management,Member station message,/operations/in-site-message,page_initialization,page initialization,POST,/admin/game/search,,,,"accept,accept-language,client-id,client-version,content-type,d,lang,referer,sec-ch-ua,sec-ch-ua-mobile,sec-ch-ua-platform,t,user-agent,x-device-id",Header: browser session/runtime,200,True,"object; keys=ids,list,page,page_size,s,t",FAT admin authenticated browser session; exact permission/role mapping pending,No mutation observed in this discovery action,Not applicable for observed read interaction,Page/network response rendered; business data values not persisted,admin/game,+游戏列表查询-owen-aliang,后台/game管理/游戏管理/+游戏列表查询-owen-aliang.bru,ACTIVE,YES,"fat-admin-page-initialization.json network events 439,440,441,442,443,444,445,446; live-menu route and DOM control snapshot",,
admin,Operation Management,Member station message,/operations/in-site-message,page_initialization,page initialization,POST,/admin/gameclass/list,,,,"accept,accept-language,client-id,client-version,content-type,d,lang,referer,sec-ch-ua,sec-ch-ua-mobile,sec-ch-ua-platform,t,user-agent,x-device-id",Header: browser session/runtime,200,True,"object; keys=list,page,page_size,s,t",FAT admin authenticated browser session; exact permission/role mapping pending,No mutation observed in this discovery action,Not applicable for observed read interaction,Page/network response rendered; business data values not persisted,admin/game,+查询场馆列表-owen,后台/game管理/场馆管理/+查询场馆列表-owen.bru,ACTIVE,YES,fat-admin-page-initialization.json network events 436; live-menu route and DOM control snapshot,,
admin,Operation Management,Jackpot Board,/operations/jackpot-board,page_initialization,page initialization,GET,/admin/hotBetNotice/list,"end_time,page,page_size,sort,sort_field,start_time",,,"accept,accept-language,client-id,client-version,d,lang,referer,sec-ch-ua,sec-ch-ua-mobile,sec-ch-ua-platform,t,user-agent,x-device-id",Query: route/filter/pagination values emitted by current UI state; Header: browser session/runtime,200,True,"object; keys=d,page,page_size,t",FAT admin authenticated browser session; exact permission/role mapping pending,No mutation observed in this discovery action,Not applicable for observed read interaction,Page/network response rendered; business data values not persisted,admin/other,爆彩列表查询,后台/爆彩/爆彩列表查询.bru,ACTIVE,YES,fat-admin-page-initialization.json network events 465; live-menu route and DOM control snapshot,,
admin,Operation Management,Jackpot Board,/operations/jackpot-board,page_initialization,page initialization,GET,/admin/me/detail,,,,"accept,accept-language,client-id,client-version,d,lang,referer,sec-ch-ua,sec-ch-ua-mobile,sec-ch-ua-platform,t,user-agent,x-device-id",Header: browser session/runtime,200,True,"object; keys=avatar,bind_time,button_permission_ids,cmpl,create_name,created_at,email,google_secret,group_id,id,last_login_ip,last_login_time,login_password,nickname,operator_name,pwd_edit_time,roles,sid,status,stores,updated_at,username",FAT admin authenticated browser session; exact permission/role mapping pending,No mutation observed in this discovery action,Not applicable for observed read interaction,Page/network response rendered; business data values not persisted,admin/other,后台账户详情(当前登陆信息)-seven,后台/后台账号管理/后台账户详情(当前登陆信息)-seven.bru,ACTIVE,YES,fat-admin-page-initialization.json network events 460; live-menu route and DOM control snapshot,,
admin,Operation Management,Jackpot Board,/operations/jackpot-board,page_initialization,page initialization,GET,/admin/notify/audit/alarm,t,,,"accept,accept-language,client-id,client-version,d,lang,referer,sec-ch-ua,sec-ch-ua-mobile,sec-ch-ua-platform,t,user-agent,x-device-id",Query: route/filter/pagination values emitted by current UI state; Header: browser session/runtime,200,True,"object; keys=bonus_review_pending,feedback_pending,kyc_pending,mall_order_pending,withdraw_pending",FAT admin authenticated browser session; exact permission/role mapping pending,No mutation observed in this discovery action,Not applicable for observed read interaction,Page/network response rendered; business data values not persisted,admin/other,获取系统通知数量-wesley/owen,后台/系统管理/通知中心/获取系统通知数量-wesley-owen.bru,ACTIVE,YES,fat-admin-page-initialization.json network events 462; live-menu route and DOM control snapshot,,
admin,Operation Management,Jackpot Board,/operations/jackpot-board,page_initialization,page initialization,GET,/admin/sys/config/compliance/status,,,,"accept,accept-language,client-id,client-version,d,lang,referer,sec-ch-ua,sec-ch-ua-mobile,sec-ch-ua-platform,t,user-agent,x-device-id",Header: browser session/runtime,200,True,"object; keys=effective_open,effective_reason,effective_status_msg",FAT admin authenticated browser session; exact permission/role mapping pending,No mutation observed in this discovery action,Not applicable for observed read interaction,Page/network response rendered; business data values not persisted,,,,UNDOCUMENTED_ACTIVE,YES,fat-admin-page-initialization.json network events 461; live-menu route and DOM control snapshot,,
admin,Operation Management,Jackpot Board,/operations/jackpot-board,page_initialization,page initialization,POST,/admin/game/search,,,,"accept,accept-language,client-id,client-version,content-type,d,lang,referer,sec-ch-ua,sec-ch-ua-mobile,sec-ch-ua-platform,t,user-agent,x-device-id",Header: browser session/runtime,200,True,"object; keys=ids,list,page,page_size,s,t",FAT admin authenticated browser session; exact permission/role mapping pending,No mutation observed in this discovery action,Not applicable for observed read interaction,Page/network response rendered; business data values not persisted,admin/game,+游戏列表查询-owen-aliang,后台/game管理/游戏管理/+游戏列表查询-owen-aliang.bru,ACTIVE,YES,"fat-admin-page-initialization.json network events 466,467,468,469,470,471,472; live-menu route and DOM control snapshot",,
admin,Operation Management,Jackpot Board,/operations/jackpot-board,page_initialization,page initialization,POST,/admin/gameclass/list,,,,"accept,accept-language,client-id,client-version,content-type,d,lang,referer,sec-ch-ua,sec-ch-ua-mobile,sec-ch-ua-platform,t,user-agent,x-device-id",Header: browser session/runtime,200,True,"object; keys=list,page,page_size,s,t",FAT admin authenticated browser session; exact permission/role mapping pending,No mutation observed in this discovery action,Not applicable for observed read interaction,Page/network response rendered; business data values not persisted,admin/game,+查询场馆列表-owen,后台/game管理/场馆管理/+查询场馆列表-owen.bru,ACTIVE,YES,"fat-admin-page-initialization.json network events 463,464; live-menu route and DOM control snapshot",,
admin,Operation Management,Market Management,/operations/mall-management,page_initialization,page initialization,GET,/admin/mall/goods/list,"page,page_size",,,"accept,accept-language,client-id,client-version,d,lang,referer,sec-ch-ua,sec-ch-ua-mobile,sec-ch-ua-platform,t,user-agent,x-device-id",Query: route/filter/pagination values emitted by current UI state; Header: browser session/runtime,200,True,"object; keys=d,s,t",FAT admin authenticated browser session; exact permission/role mapping pending,No mutation observed in this discovery action,Not applicable for observed read interaction,Page/network response rendered; business data values not persisted,admin/other,获取产品列表-todo,后台/商城管理/获取产品列表-todo.bru,ACTIVE,YES,fat-admin-page-initialization.json network events 367; live-menu route and DOM control snapshot,,
admin,Operation Management,Market Management,/operations/mall-management,page_initialization,page initialization,GET,/admin/me/detail,,,,"accept,accept-language,client-id,client-version,d,lang,referer,sec-ch-ua,sec-ch-ua-mobile,sec-ch-ua-platform,t,user-agent,x-device-id",Header: browser session/runtime,200,True,"object; keys=avatar,bind_time,button_permission_ids,cmpl,create_name,created_at,email,google_secret,group_id,id,last_login_ip,last_login_time,login_password,nickname,operator_name,pwd_edit_time,roles,sid,status,stores,updated_at,username",FAT admin authenticated browser session; exact permission/role mapping pending,No mutation observed in this discovery action,Not applicable for observed read interaction,Page/network response rendered; business data values not persisted,admin/other,后台账户详情(当前登陆信息)-seven,后台/后台账号管理/后台账户详情(当前登陆信息)-seven.bru,ACTIVE,YES,fat-admin-page-initialization.json network events 363; live-menu route and DOM control snapshot,,
admin,Operation Management,Market Management,/operations/mall-management,page_initialization,page initialization,GET,/admin/notify/audit/alarm,t,,,"accept,accept-language,client-id,client-version,d,lang,referer,sec-ch-ua,sec-ch-ua-mobile,sec-ch-ua-platform,t,user-agent,x-device-id",Query: route/filter/pagination values emitted by current UI state; Header: browser session/runtime,200,True,"object; keys=bonus_review_pending,feedback_pending,kyc_pending,mall_order_pending,withdraw_pending",FAT admin authenticated browser session; exact permission/role mapping pending,No mutation observed in this discovery action,Not applicable for observed read interaction,Page/network response rendered; business data values not persisted,admin/other,获取系统通知数量-wesley/owen,后台/系统管理/通知中心/获取系统通知数量-wesley-owen.bru,ACTIVE,YES,fat-admin-page-initialization.json network events 365; live-menu route and DOM control snapshot,,
admin,Operation Management,Market Management,/operations/mall-management,page_initialization,page initialization,GET,/admin/sys/config/compliance/status,,,,"accept,accept-language,client-id,client-version,d,lang,referer,sec-ch-ua,sec-ch-ua-mobile,sec-ch-ua-platform,t,user-agent,x-device-id",Header: browser session/runtime,200,True,"object; keys=effective_open,effective_reason,effective_status_msg",FAT admin authenticated browser session; exact permission/role mapping pending,No mutation observed in this discovery action,Not applicable for observed read interaction,Page/network response rendered; business data values not persisted,,,,UNDOCUMENTED_ACTIVE,YES,fat-admin-page-initialization.json network events 364; live-menu route and DOM control snapshot,,
admin,Operation Management,Market Management,/operations/mall-management,page_initialization,page initialization,POST,/admin/game/search,,,,"accept,accept-language,client-id,client-version,content-type,d,lang,referer,sec-ch-ua,sec-ch-ua-mobile,sec-ch-ua-platform,t,user-agent,x-device-id",Header: browser session/runtime,200,,unknown,FAT admin authenticated browser session; exact permission/role mapping pending,No mutation observed in this discovery action,Not applicable for observed read interaction,Page/network response rendered; business data values not persisted,admin/game,+游戏列表查询-owen-aliang,后台/game管理/游戏管理/+游戏列表查询-owen-aliang.bru,ACTIVE,YES,"fat-admin-page-initialization.json network events 362,376; live-menu route and DOM control snapshot",,
admin,Operation Management,Market Management,/operations/mall-management,page_initialization,page initialization,POST,/admin/game/search,,,,"accept,accept-language,client-id,client-version,content-type,d,lang,referer,sec-ch-ua,sec-ch-ua-mobile,sec-ch-ua-platform,t,user-agent,x-device-id",Header: browser session/runtime,200,True,"object; keys=ids,list,page,page_size,s,t",FAT admin authenticated browser session; exact permission/role mapping pending,No mutation observed in this discovery action,Not applicable for observed read interaction,Page/network response rendered; business data values not persisted,admin/game,+游戏列表查询-owen-aliang,后台/game管理/游戏管理/+游戏列表查询-owen-aliang.bru,ACTIVE,YES,"fat-admin-page-initialization.json network events 368,369,370,371,372,373,374,375; live-menu route and DOM control snapshot",,
admin,Operation Management,Market Management,/operations/mall-management,page_initialization,page initialization,POST,/admin/gameclass/list,,,,"accept,accept-language,client-id,client-version,content-type,d,lang,referer,sec-ch-ua,sec-ch-ua-mobile,sec-ch-ua-platform,t,user-agent,x-device-id",Header: browser session/runtime,200,True,"object; keys=list,page,page_size,s,t",FAT admin authenticated browser session; exact permission/role mapping pending,No mutation observed in this discovery action,Not applicable for observed read interaction,Page/network response rendered; business data values not persisted,admin/game,+查询场馆列表-owen,后台/game管理/场馆管理/+查询场馆列表-owen.bru,ACTIVE,YES,fat-admin-page-initialization.json network events 366; live-menu route and DOM control snapshot,,
admin,Operation Management,Marquee Management,/operations/marquee-management,page_initialization,page initialization,GET,/admin/marquee/list,"page,page_size,ty",,,"accept,accept-language,client-id,client-version,d,lang,referer,sec-ch-ua,sec-ch-ua-mobile,sec-ch-ua-platform,t,user-agent,x-device-id",Query: route/filter/pagination values emitted by current UI state; Header: browser session/runtime,200,True,"object; keys=d,t",FAT admin authenticated browser session; exact permission/role mapping pending,No mutation observed in this discovery action,Not applicable for observed read interaction,Page/network response rendered; business data values not persisted,admin/other,列表,后台/跑马灯/列表.bru,ACTIVE,YES,fat-admin-page-initialization.json network events 493; live-menu route and DOM control snapshot,,
admin,Operation Management,Marquee Management,/operations/marquee-management,page_initialization,page initialization,GET,/admin/me/detail,,,,"accept,accept-language,client-id,client-version,d,lang,referer,sec-ch-ua,sec-ch-ua-mobile,sec-ch-ua-platform,t,user-agent,x-device-id",Header: browser session/runtime,200,True,"object; keys=avatar,bind_time,button_permission_ids,cmpl,create_name,created_at,email,google_secret,group_id,id,last_login_ip,last_login_time,login_password,nickname,operator_name,pwd_edit_time,roles,sid,status,stores,updated_at,username",FAT admin authenticated browser session; exact permission/role mapping pending,No mutation observed in this discovery action,Not applicable for observed read interaction,Page/network response rendered; business data values not persisted,admin/other,后台账户详情(当前登陆信息)-seven,后台/后台账号管理/后台账户详情(当前登陆信息)-seven.bru,ACTIVE,YES,fat-admin-page-initialization.json network events 486; live-menu route and DOM control snapshot,,
admin,Operation Management,Marquee Management,/operations/marquee-management,page_initialization,page initialization,GET,/admin/notify/audit/alarm,t,,,"accept,accept-language,client-id,client-version,d,lang,referer,sec-ch-ua,sec-ch-ua-mobile,sec-ch-ua-platform,t,user-agent,x-device-id",Query: route/filter/pagination values emitted by current UI state; Header: browser session/runtime,200,True,"object; keys=bonus_review_pending,feedback_pending,kyc_pending,mall_order_pending,withdraw_pending",FAT admin authenticated browser session; exact permission/role mapping pending,No mutation observed in this discovery action,Not applicable for observed read interaction,Page/network response rendered; business data values not persisted,admin/other,获取系统通知数量-wesley/owen,后台/系统管理/通知中心/获取系统通知数量-wesley-owen.bru,ACTIVE,YES,fat-admin-page-initialization.json network events 492; live-menu route and DOM control snapshot,,
admin,Operation Management,Marquee Management,/operations/marquee-management,page_initialization,page initialization,GET,/admin/priv/check,path,,,"accept,accept-language,client-id,client-version,d,lang,referer,sec-ch-ua,sec-ch-ua-mobile,sec-ch-ua-platform,t,user-agent,x-device-id",Query: route/filter/pagination values emitted by current UI state; Header: browser session/runtime,200,True,object; keys=rights,FAT admin authenticated browser session; exact permission/role mapping pending,No mutation observed in this discovery action,Not applicable for observed read interaction,Page/network response rendered; business data values not persisted,admin/permission,权限检查,后台/系统管理/权限管理/权限检查.bru,ACTIVE,YES,"fat-admin-page-initialization.json network events 487,488,489; live-menu route and DOM control snapshot",,
admin,Operation Management,Marquee Management,/operations/marquee-management,page_initialization,page initialization,GET,/admin/sys/config/compliance/status,,,,"accept,accept-language,client-id,client-version,d,lang,referer,sec-ch-ua,sec-ch-ua-mobile,sec-ch-ua-platform,t,user-agent,x-device-id",Header: browser session/runtime,200,True,"object; keys=effective_open,effective_reason,effective_status_msg",FAT admin authenticated browser session; exact permission/role mapping pending,No mutation observed in this discovery action,Not applicable for observed read interaction,Page/network response rendered; business data values not persisted,,,,UNDOCUMENTED_ACTIVE,YES,fat-admin-page-initialization.json network events 490; live-menu route and DOM control snapshot,,
admin,Operation Management,Marquee Management,/operations/marquee-management,page_initialization,page initialization,POST,/admin/game/search,,,,"accept,accept-language,client-id,client-version,content-type,d,lang,referer,sec-ch-ua,sec-ch-ua-mobile,sec-ch-ua-platform,t,user-agent,x-device-id",Header: browser session/runtime,200,True,"object; keys=ids,list,page,page_size,s,t",FAT admin authenticated browser session; exact permission/role mapping pending,No mutation observed in this discovery action,Not applicable for observed read interaction,Page/network response rendered; business data values not persisted,admin/game,+游戏列表查询-owen-aliang,后台/game管理/游戏管理/+游戏列表查询-owen-aliang.bru,ACTIVE,YES,"fat-admin-page-initialization.json network events 494,495,496,497,498,499,500,501,502; live-menu route and DOM control snapshot",,
admin,Operation Management,Marquee Management,/operations/marquee-management,page_initialization,page initialization,POST,/admin/gameclass/list,,,,"accept,accept-language,client-id,client-version,content-type,d,lang,referer,sec-ch-ua,sec-ch-ua-mobile,sec-ch-ua-platform,t,user-agent,x-device-id",Header: browser session/runtime,200,True,"object; keys=list,page,page_size,s,t",FAT admin authenticated browser session; exact permission/role mapping pending,No mutation observed in this discovery action,Not applicable for observed read interaction,Page/network response rendered; business data values not persisted,admin/game,+查询场馆列表-owen,后台/game管理/场馆管理/+查询场馆列表-owen.bru,ACTIVE,YES,fat-admin-page-initialization.json network events 491; live-menu route and DOM control snapshot,,
admin,Operation Management,Material Management,/operations/material-management,page_initialization,page initialization,GET,/admin/ad/material/platform/menu,,,,"accept,accept-language,client-id,client-version,d,lang,referer,sec-ch-ua,sec-ch-ua-mobile,sec-ch-ua-platform,t,user-agent,x-device-id",Header: browser session/runtime,200,True,list,FAT admin authenticated browser session; exact permission/role mapping pending,No mutation observed in this discovery action,Not applicable for observed read interaction,Page/network response rendered; business data values not persisted,admin/other,素材管理支持的平台枚举,后台/运营管理/客户端管理/素材管理/素材管理支持的平台枚举.bru,ACTIVE,YES,fat-admin-page-initialization.json network events 348; live-menu route and DOM control snapshot,,
admin,Operation Management,Material Management,/operations/material-management,page_initialization,page initialization,GET,/admin/ad/material/type/list,,,,"accept,accept-language,client-id,client-version,d,lang,referer,sec-ch-ua,sec-ch-ua-mobile,sec-ch-ua-platform,t,user-agent,x-device-id",Header: browser session/runtime,200,True,list,FAT admin authenticated browser session; exact permission/role mapping pending,No mutation observed in this discovery action,Not applicable for observed read interaction,Page/network response rendered; business data values not persisted,admin/other,素材种类列表,后台/运营管理/客户端管理/素材管理/素材种类列表.bru,ACTIVE,YES,fat-admin-page-initialization.json network events 350; live-menu route and DOM control snapshot,,
admin,Operation Management,Material Management,/operations/material-management,page_initialization,page initialization,GET,/admin/me/detail,,,,"accept,accept-language,client-id,client-version,d,lang,referer,sec-ch-ua,sec-ch-ua-mobile,sec-ch-ua-platform,t,user-agent,x-device-id",Header: browser session/runtime,200,True,"object; keys=avatar,bind_time,button_permission_ids,cmpl,create_name,created_at,email,google_secret,group_id,id,last_login_ip,last_login_time,login_password,nickname,operator_name,pwd_edit_time,roles,sid,status,stores,updated_at,username",FAT admin authenticated browser session; exact permission/role mapping pending,No mutation observed in this discovery action,Not applicable for observed read interaction,Page/network response rendered; business data values not persisted,admin/other,后台账户详情(当前登陆信息)-seven,后台/后台账号管理/后台账户详情(当前登陆信息)-seven.bru,ACTIVE,YES,fat-admin-page-initialization.json network events 347; live-menu route and DOM control snapshot,,
admin,Operation Management,Material Management,/operations/material-management,page_initialization,page initialization,GET,/admin/notify/audit/alarm,t,,,"accept,accept-language,client-id,client-version,d,lang,referer,sec-ch-ua,sec-ch-ua-mobile,sec-ch-ua-platform,t,user-agent,x-device-id",Query: route/filter/pagination values emitted by current UI state; Header: browser session/runtime,200,True,"object; keys=bonus_review_pending,feedback_pending,kyc_pending,mall_order_pending,withdraw_pending",FAT admin authenticated browser session; exact permission/role mapping pending,No mutation observed in this discovery action,Not applicable for observed read interaction,Page/network response rendered; business data values not persisted,admin/other,获取系统通知数量-wesley/owen,后台/系统管理/通知中心/获取系统通知数量-wesley-owen.bru,ACTIVE,YES,fat-admin-page-initialization.json network events 351; live-menu route and DOM control snapshot,,
admin,Operation Management,Material Management,/operations/material-management,page_initialization,page initialization,GET,/admin/sys/config/compliance/status,,,,"accept,accept-language,client-id,client-version,d,lang,referer,sec-ch-ua,sec-ch-ua-mobile,sec-ch-ua-platform,t,user-agent,x-device-id",Header: browser session/runtime,200,True,"object; keys=effective_open,effective_reason,effective_status_msg",FAT admin authenticated browser session; exact permission/role mapping pending,No mutation observed in this discovery action,Not applicable for observed read interaction,Page/network response rendered; business data values not persisted,,,,UNDOCUMENTED_ACTIVE,YES,fat-admin-page-initialization.json network events 349; live-menu route and DOM control snapshot,,
admin,Operation Management,Material Management,/operations/material-management,page_initialization,page initialization,POST,/admin/ad/material/list,,,,"accept,accept-language,client-id,client-version,content-type,d,lang,referer,sec-ch-ua,sec-ch-ua-mobile,sec-ch-ua-platform,t,user-agent,x-device-id",Header: browser session/runtime,200,True,"object; keys=d,s,t",FAT admin authenticated browser session; exact permission/role mapping pending,No mutation observed in this discovery action,Not applicable for observed read interaction,Page/network response rendered; business data values not persisted,admin/other,素材列表,后台/运营管理/客户端管理/素材管理/素材列表.bru,ACTIVE,YES,fat-admin-page-initialization.json network events 353; live-menu route and DOM control snapshot,,
admin,Operation Management,Material Management,/operations/material-management,page_initialization,page initialization,POST,/admin/game/search,,,,"accept,accept-language,client-id,client-version,content-type,d,lang,referer,sec-ch-ua,sec-ch-ua-mobile,sec-ch-ua-platform,t,user-agent,x-device-id",Header: browser session/runtime,200,,unknown,FAT admin authenticated browser session; exact permission/role mapping pending,No mutation observed in this discovery action,Not applicable for observed read interaction,Page/network response rendered; business data values not persisted,admin/game,+游戏列表查询-owen-aliang,后台/game管理/游戏管理/+游戏列表查询-owen-aliang.bru,ACTIVE,YES,fat-admin-page-initialization.json network events 346; live-menu route and DOM control snapshot,,
admin,Operation Management,Material Management,/operations/material-management,page_initialization,page initialization,POST,/admin/game/search,,,,"accept,accept-language,client-id,client-version,content-type,d,lang,referer,sec-ch-ua,sec-ch-ua-mobile,sec-ch-ua-platform,t,user-agent,x-device-id",Header: browser session/runtime,200,True,"object; keys=ids,list,page,page_size,s,t",FAT admin authenticated browser session; exact permission/role mapping pending,No mutation observed in this discovery action,Not applicable for observed read interaction,Page/network response rendered; business data values not persisted,admin/game,+游戏列表查询-owen-aliang,后台/game管理/游戏管理/+游戏列表查询-owen-aliang.bru,ACTIVE,YES,"fat-admin-page-initialization.json network events 354,355,356,357,358,359,360,361; live-menu route and DOM control snapshot",,
admin,Operation Management,Material Management,/operations/material-management,page_initialization,page initialization,POST,/admin/gameclass/list,,,,"accept,accept-language,client-id,client-version,content-type,d,lang,referer,sec-ch-ua,sec-ch-ua-mobile,sec-ch-ua-platform,t,user-agent,x-device-id",Header: browser session/runtime,200,True,"object; keys=list,page,page_size,s,t",FAT admin authenticated browser session; exact permission/role mapping pending,No mutation observed in this discovery action,Not applicable for observed read interaction,Page/network response rendered; business data values not persisted,admin/game,+查询场馆列表-owen,后台/game管理/场馆管理/+查询场馆列表-owen.bru,ACTIVE,YES,fat-admin-page-initialization.json network events 352; live-menu route and DOM control snapshot,,
admin,Operation Management,Message Templates,/operations/message-templates,page_initialization,page initialization,GET,/admin/me/detail,,,,"accept,accept-language,client-id,client-version,d,lang,referer,sec-ch-ua,sec-ch-ua-mobile,sec-ch-ua-platform,t,user-agent,x-device-id",Header: browser session/runtime,200,True,"object; keys=avatar,bind_time,button_permission_ids,cmpl,create_name,created_at,email,google_secret,group_id,id,last_login_ip,last_login_time,login_password,nickname,operator_name,pwd_edit_time,roles,sid,status,stores,updated_at,username",FAT admin authenticated browser session; exact permission/role mapping pending,No mutation observed in this discovery action,Not applicable for observed read interaction,Page/network response rendered; business data values not persisted,admin/other,后台账户详情(当前登陆信息)-seven,后台/后台账号管理/后台账户详情(当前登陆信息)-seven.bru,ACTIVE,YES,fat-admin-page-initialization.json network events 420; live-menu route and DOM control snapshot,,
admin,Operation Management,Message Templates,/operations/message-templates,page_initialization,page initialization,GET,/admin/message/templates/list,"page,page_size",,,"accept,accept-language,client-id,client-version,d,lang,referer,sec-ch-ua,sec-ch-ua-mobile,sec-ch-ua-platform,t,user-agent,x-device-id",Query: route/filter/pagination values emitted by current UI state; Header: browser session/runtime,200,True,"object; keys=d,s,t",FAT admin authenticated browser session; exact permission/role mapping pending,No mutation observed in this discovery action,Not applicable for observed read interaction,Page/network response rendered; business data values not persisted,admin/other,获取消息模板列表-todo,后台/运营管理/消息模板/获取消息模板列表-todo.bru,ACTIVE,YES,fat-admin-page-initialization.json network events 424; live-menu route and DOM control snapshot,,
admin,Operation Management,Message Templates,/operations/message-templates,page_initialization,page initialization,GET,/admin/notify/audit/alarm,t,,,"accept,accept-language,client-id,client-version,d,lang,referer,sec-ch-ua,sec-ch-ua-mobile,sec-ch-ua-platform,t,user-agent,x-device-id",Query: route/filter/pagination values emitted by current UI state; Header: browser session/runtime,200,True,"object; keys=bonus_review_pending,feedback_pending,kyc_pending,mall_order_pending,withdraw_pending",FAT admin authenticated browser session; exact permission/role mapping pending,No mutation observed in this discovery action,Not applicable for observed read interaction,Page/network response rendered; business data values not persisted,admin/other,获取系统通知数量-wesley/owen,后台/系统管理/通知中心/获取系统通知数量-wesley-owen.bru,ACTIVE,YES,fat-admin-page-initialization.json network events 423; live-menu route and DOM control snapshot,,
admin,Operation Management,Message Templates,/operations/message-templates,page_initialization,page initialization,GET,/admin/sys/config/compliance/status,,,,"accept,accept-language,client-id,client-version,d,lang,referer,sec-ch-ua,sec-ch-ua-mobile,sec-ch-ua-platform,t,user-agent,x-device-id",Header: browser session/runtime,200,True,"object; keys=effective_open,effective_reason,effective_status_msg",FAT admin authenticated browser session; exact permission/role mapping pending,No mutation observed in this discovery action,Not applicable for observed read interaction,Page/network response rendered; business data values not persisted,,,,UNDOCUMENTED_ACTIVE,YES,fat-admin-page-initialization.json network events 421; live-menu route and DOM control snapshot,,
admin,Operation Management,Message Templates,/operations/message-templates,page_initialization,page initialization,POST,/admin/game/search,,,,"accept,accept-language,client-id,client-version,content-type,d,lang,referer,sec-ch-ua,sec-ch-ua-mobile,sec-ch-ua-platform,t,user-agent,x-device-id",Header: browser session/runtime,200,True,"object; keys=ids,list,page,page_size,s,t",FAT admin authenticated browser session; exact permission/role mapping pending,No mutation observed in this discovery action,Not applicable for observed read interaction,Page/network response rendered; business data values not persisted,admin/game,+游戏列表查询-owen-aliang,后台/game管理/游戏管理/+游戏列表查询-owen-aliang.bru,ACTIVE,YES,"fat-admin-page-initialization.json network events 425,426,427,428,429,430,431,432; live-menu route and DOM control snapshot",,
admin,Operation Management,Message Templates,/operations/message-templates,page_initialization,page initialization,POST,/admin/gameclass/list,,,,"accept,accept-language,client-id,client-version,content-type,d,lang,referer,sec-ch-ua,sec-ch-ua-mobile,sec-ch-ua-platform,t,user-agent,x-device-id",Header: browser session/runtime,200,True,"object; keys=list,page,page_size,s,t",FAT admin authenticated browser session; exact permission/role mapping pending,No mutation observed in this discovery action,Not applicable for observed read interaction,Page/network response rendered; business data values not persisted,admin/game,+查询场馆列表-owen,后台/game管理/场馆管理/+查询场馆列表-owen.bru,ACTIVE,YES,fat-admin-page-initialization.json network events 422; live-menu route and DOM control snapshot,,
admin,Operation Management,Ops tools,/operations/ops-tools,page_initialization,page initialization,GET,/admin/me/detail,,,,"accept,accept-language,client-id,client-version,d,lang,referer,sec-ch-ua,sec-ch-ua-mobile,sec-ch-ua-platform,t,user-agent,x-device-id",Header: browser session/runtime,200,True,"object; keys=avatar,bind_time,button_permission_ids,cmpl,create_name,created_at,email,google_secret,group_id,id,last_login_ip,last_login_time,login_password,nickname,operator_name,pwd_edit_time,roles,sid,status,stores,updated_at,username",FAT admin authenticated browser session; exact permission/role mapping pending,No mutation observed in this discovery action,Not applicable for observed read interaction,Page/network response rendered; business data values not persisted,admin/other,后台账户详情(当前登陆信息)-seven,后台/后台账号管理/后台账户详情(当前登陆信息)-seven.bru,ACTIVE,YES,fat-admin-page-initialization.json network events 474; live-menu route and DOM control snapshot,,
admin,Operation Management,Ops tools,/operations/ops-tools,page_initialization,page initialization,GET,/admin/notify/audit/alarm,t,,,"accept,accept-language,client-id,client-version,d,lang,referer,sec-ch-ua,sec-ch-ua-mobile,sec-ch-ua-platform,t,user-agent,x-device-id",Query: route/filter/pagination values emitted by current UI state; Header: browser session/runtime,200,True,"object; keys=bonus_review_pending,feedback_pending,kyc_pending,mall_order_pending,withdraw_pending",FAT admin authenticated browser session; exact permission/role mapping pending,No mutation observed in this discovery action,Not applicable for observed read interaction,Page/network response rendered; business data values not persisted,admin/other,获取系统通知数量-wesley/owen,后台/系统管理/通知中心/获取系统通知数量-wesley-owen.bru,ACTIVE,YES,fat-admin-page-initialization.json network events 476; live-menu route and DOM control snapshot,,
admin,Operation Management,Ops tools,/operations/ops-tools,page_initialization,page initialization,GET,/admin/sys/config/compliance/status,,,,"accept,accept-language,client-id,client-version,d,lang,referer,sec-ch-ua,sec-ch-ua-mobile,sec-ch-ua-platform,t,user-agent,x-device-id",Header: browser session/runtime,200,True,"object; keys=effective_open,effective_reason,effective_status_msg",FAT admin authenticated browser session; exact permission/role mapping pending,No mutation observed in this discovery action,Not applicable for observed read interaction,Page/network response rendered; business data values not persisted,,,,UNDOCUMENTED_ACTIVE,YES,fat-admin-page-initialization.json network events 475; live-menu route and DOM control snapshot,,
admin,Operation Management,Ops tools,/operations/ops-tools,page_initialization,page initialization,POST,/admin/game/search,,,,"accept,accept-language,client-id,client-version,content-type,d,lang,referer,sec-ch-ua,sec-ch-ua-mobile,sec-ch-ua-platform,t,user-agent,x-device-id",Header: browser session/runtime,200,,unknown,FAT admin authenticated browser session; exact permission/role mapping pending,No mutation observed in this discovery action,Not applicable for observed read interaction,Page/network response rendered; business data values not persisted,admin/game,+游戏列表查询-owen-aliang,后台/game管理/游戏管理/+游戏列表查询-owen-aliang.bru,ACTIVE,YES,fat-admin-page-initialization.json network events 473; live-menu route and DOM control snapshot,,
admin,Operation Management,Ops tools,/operations/ops-tools,page_initialization,page initialization,POST,/admin/game/search,,,,"accept,accept-language,client-id,client-version,content-type,d,lang,referer,sec-ch-ua,sec-ch-ua-mobile,sec-ch-ua-platform,t,user-agent,x-device-id",Header: browser session/runtime,200,True,"object; keys=ids,list,page,page_size,s,t",FAT admin authenticated browser session; exact permission/role mapping pending,No mutation observed in this discovery action,Not applicable for observed read interaction,Page/network response rendered; business data values not persisted,admin/game,+游戏列表查询-owen-aliang,后台/game管理/游戏管理/+游戏列表查询-owen-aliang.bru,ACTIVE,YES,"fat-admin-page-initialization.json network events 478,479,480,481,482,483,484,485; live-menu route and DOM control snapshot",,
admin,Operation Management,Ops tools,/operations/ops-tools,page_initialization,page initialization,POST,/admin/gameclass/list,,,,"accept,accept-language,client-id,client-version,content-type,d,lang,referer,sec-ch-ua,sec-ch-ua-mobile,sec-ch-ua-platform,t,user-agent,x-device-id",Header: browser session/runtime,200,True,"object; keys=list,page,page_size,s,t",FAT admin authenticated browser session; exact permission/role mapping pending,No mutation observed in this discovery action,Not applicable for observed read interaction,Page/network response rendered; business data values not persisted,admin/game,+查询场馆列表-owen,后台/game管理/场馆管理/+查询场馆列表-owen.bru,ACTIVE,YES,fat-admin-page-initialization.json network events 477; live-menu route and DOM control snapshot,,
admin,Operation Management,Recharge Template,/operations/recharge-template,page_initialization,page initialization,GET,/admin/channel/promotion/deposit/list,"page,page_size",,,"accept,accept-language,client-id,client-version,d,lang,referer,sec-ch-ua,sec-ch-ua-mobile,sec-ch-ua-platform,t,user-agent,x-device-id",Query: route/filter/pagination values emitted by current UI state; Header: browser session/runtime,200,True,"object; keys=d,t",FAT admin authenticated browser session; exact permission/role mapping pending,No mutation observed in this discovery action,Not applicable for observed read interaction,Page/network response rendered; business data values not persisted,admin/finance,充值模版列表,后台/渠道推广-充值模版/充值模版列表.bru,ACTIVE,YES,fat-admin-page-initialization.json network events 309; live-menu route and DOM control snapshot,,
admin,Operation Management,Recharge Template,/operations/recharge-template,page_initialization,page initialization,GET,/admin/me/detail,,,,"accept,accept-language,client-id,client-version,d,lang,referer,sec-ch-ua,sec-ch-ua-mobile,sec-ch-ua-platform,t,user-agent,x-device-id",Header: browser session/runtime,200,True,"object; keys=avatar,bind_time,button_permission_ids,cmpl,create_name,created_at,email,google_secret,group_id,id,last_login_ip,last_login_time,login_password,nickname,operator_name,pwd_edit_time,roles,sid,status,stores,updated_at,username",FAT admin authenticated browser session; exact permission/role mapping pending,No mutation observed in this discovery action,Not applicable for observed read interaction,Page/network response rendered; business data values not persisted,admin/other,后台账户详情(当前登陆信息)-seven,后台/后台账号管理/后台账户详情(当前登陆信息)-seven.bru,ACTIVE,YES,fat-admin-page-initialization.json network events 305; live-menu route and DOM control snapshot,,
admin,Operation Management,Recharge Template,/operations/recharge-template,page_initialization,page initialization,GET,/admin/notify/audit/alarm,t,,,"accept,accept-language,client-id,client-version,d,lang,referer,sec-ch-ua,sec-ch-ua-mobile,sec-ch-ua-platform,t,user-agent,x-device-id",Query: route/filter/pagination values emitted by current UI state; Header: browser session/runtime,200,True,"object; keys=bonus_review_pending,feedback_pending,kyc_pending,mall_order_pending,withdraw_pending",FAT admin authenticated browser session; exact permission/role mapping pending,No mutation observed in this discovery action,Not applicable for observed read interaction,Page/network response rendered; business data values not persisted,admin/other,获取系统通知数量-wesley/owen,后台/系统管理/通知中心/获取系统通知数量-wesley-owen.bru,ACTIVE,YES,fat-admin-page-initialization.json network events 307; live-menu route and DOM control snapshot,,
admin,Operation Management,Recharge Template,/operations/recharge-template,page_initialization,page initialization,GET,/admin/sys/config/compliance/status,,,,"accept,accept-language,client-id,client-version,d,lang,referer,sec-ch-ua,sec-ch-ua-mobile,sec-ch-ua-platform,t,user-agent,x-device-id",Header: browser session/runtime,200,True,"object; keys=effective_open,effective_reason,effective_status_msg",FAT admin authenticated browser session; exact permission/role mapping pending,No mutation observed in this discovery action,Not applicable for observed read interaction,Page/network response rendered; business data values not persisted,,,,UNDOCUMENTED_ACTIVE,YES,fat-admin-page-initialization.json network events 306; live-menu route and DOM control snapshot,,
admin,Operation Management,Recharge Template,/operations/recharge-template,page_initialization,page initialization,POST,/admin/game/search,,,,"accept,accept-language,client-id,client-version,content-type,d,lang,referer,sec-ch-ua,sec-ch-ua-mobile,sec-ch-ua-platform,t,user-agent,x-device-id",Header: browser session/runtime,200,True,"object; keys=ids,list,page,page_size,s,t",FAT admin authenticated browser session; exact permission/role mapping pending,No mutation observed in this discovery action,Not applicable for observed read interaction,Page/network response rendered; business data values not persisted,admin/game,+游戏列表查询-owen-aliang,后台/game管理/游戏管理/+游戏列表查询-owen-aliang.bru,ACTIVE,YES,"fat-admin-page-initialization.json network events 310,311,312,313,314,315,316,317; live-menu route and DOM control snapshot",,
admin,Operation Management,Recharge Template,/operations/recharge-template,page_initialization,page initialization,POST,/admin/gameclass/list,,,,"accept,accept-language,client-id,client-version,content-type,d,lang,referer,sec-ch-ua,sec-ch-ua-mobile,sec-ch-ua-platform,t,user-agent,x-device-id",Header: browser session/runtime,200,True,"object; keys=list,page,page_size,s,t",FAT admin authenticated browser session; exact permission/role mapping pending,No mutation observed in this discovery action,Not applicable for observed read interaction,Page/network response rendered; business data values not persisted,admin/game,+查询场馆列表-owen,后台/game管理/场馆管理/+查询场馆列表-owen.bru,ACTIVE,YES,fat-admin-page-initialization.json network events 308; live-menu route and DOM control snapshot,,
admin,Finance Management,Bet Management,/payment/betting-slip/list,page_initialization,page initialization,GET,/admin/me/detail,,,,"accept,accept-language,client-id,client-version,d,lang,referer,sec-ch-ua,sec-ch-ua-mobile,sec-ch-ua-platform,t,user-agent,x-device-id",Header: browser session/runtime,200,True,"object; keys=avatar,bind_time,button_permission_ids,cmpl,create_name,created_at,email,google_secret,group_id,id,last_login_ip,last_login_time,login_password,nickname,operator_name,pwd_edit_time,roles,sid,status,stores,updated_at,username",FAT admin authenticated browser session; exact permission/role mapping pending,No mutation observed in this discovery action,Not applicable for observed read interaction,Page/network response rendered; business data values not persisted,admin/other,后台账户详情(当前登陆信息)-seven,后台/后台账号管理/后台账户详情(当前登陆信息)-seven.bru,ACTIVE,YES,fat-admin-page-initialization.json network events 250; live-menu route and DOM control snapshot,,
admin,Finance Management,Bet Management,/payment/betting-slip/list,page_initialization,page initialization,GET,/admin/notify/audit/alarm,t,,,"accept,accept-language,client-id,client-version,d,lang,referer,sec-ch-ua,sec-ch-ua-mobile,sec-ch-ua-platform,t,user-agent,x-device-id",Query: route/filter/pagination values emitted by current UI state; Header: browser session/runtime,200,True,"object; keys=bonus_review_pending,feedback_pending,kyc_pending,mall_order_pending,withdraw_pending",FAT admin authenticated browser session; exact permission/role mapping pending,No mutation observed in this discovery action,Not applicable for observed read interaction,Page/network response rendered; business data values not persisted,admin/other,获取系统通知数量-wesley/owen,后台/系统管理/通知中心/获取系统通知数量-wesley-owen.bru,ACTIVE,YES,fat-admin-page-initialization.json network events 253; live-menu route and DOM control snapshot,,
admin,Finance Management,Bet Management,/payment/betting-slip/list,page_initialization,page initialization,GET,/admin/sys/config/compliance/status,,,,"accept,accept-language,client-id,client-version,d,lang,referer,sec-ch-ua,sec-ch-ua-mobile,sec-ch-ua-platform,t,user-agent,x-device-id",Header: browser session/runtime,200,True,"object; keys=effective_open,effective_reason,effective_status_msg",FAT admin authenticated browser session; exact permission/role mapping pending,No mutation observed in this discovery action,Not applicable for observed read interaction,Page/network response rendered; business data values not persisted,,,,UNDOCUMENTED_ACTIVE,YES,fat-admin-page-initialization.json network events 251; live-menu route and DOM control snapshot,,
admin,Finance Management,Bet Management,/payment/betting-slip/list,page_initialization,page initialization,POST,/admin/game/search,,,,"accept,accept-language,client-id,client-version,content-type,d,lang,referer,sec-ch-ua,sec-ch-ua-mobile,sec-ch-ua-platform,t,user-agent,x-device-id",Header: browser session/runtime,200,,unknown,FAT admin authenticated browser session; exact permission/role mapping pending,No mutation observed in this discovery action,Not applicable for observed read interaction,Page/network response rendered; business data values not persisted,admin/game,+游戏列表查询-owen-aliang,后台/game管理/游戏管理/+游戏列表查询-owen-aliang.bru,ACTIVE,YES,fat-admin-page-initialization.json network events 249; live-menu route and DOM control snapshot,,
admin,Finance Management,Bet Management,/payment/betting-slip/list,page_initialization,page initialization,POST,/admin/game/search,,,,"accept,accept-language,client-id,client-version,content-type,d,lang,referer,sec-ch-ua,sec-ch-ua-mobile,sec-ch-ua-platform,t,user-agent,x-device-id",Header: browser session/runtime,200,True,"object; keys=ids,list,page,page_size,s,t",FAT admin authenticated browser session; exact permission/role mapping pending,No mutation observed in this discovery action,Not applicable for observed read interaction,Page/network response rendered; business data values not persisted,admin/game,+游戏列表查询-owen-aliang,后台/game管理/游戏管理/+游戏列表查询-owen-aliang.bru,ACTIVE,YES,"fat-admin-page-initialization.json network events 255,256,257,258,259,260,261,262; live-menu route and DOM control snapshot",,
admin,Finance Management,Bet Management,/payment/betting-slip/list,page_initialization,page initialization,POST,/admin/gameclass/list,,,,"accept,accept-language,client-id,client-version,content-type,d,lang,referer,sec-ch-ua,sec-ch-ua-mobile,sec-ch-ua-platform,t,user-agent,x-device-id",Header: browser session/runtime,200,True,"object; keys=list,page,page_size,s,t",FAT admin authenticated browser session; exact permission/role mapping pending,No mutation observed in this discovery action,Not applicable for observed read interaction,Page/network response rendered; business data values not persisted,admin/game,+查询场馆列表-owen,后台/game管理/场馆管理/+查询场馆列表-owen.bru,ACTIVE,YES,fat-admin-page-initialization.json network events 252; live-menu route and DOM control snapshot,,
admin,Finance Management,Bet Management,/payment/betting-slip/list,page_initialization,page initialization,POST,/admin/record/bet,,,,"accept,accept-language,client-id,client-version,content-type,d,lang,referer,sec-ch-ua,sec-ch-ua-mobile,sec-ch-ua-platform,t,user-agent,x-device-id",Header: browser session/runtime,200,True,"object; keys=a,d,fd,s,t",FAT admin authenticated browser session; exact permission/role mapping pending,No mutation observed in this discovery action,Not applicable for observed read interaction,Page/network response rendered; business data values not persisted,admin/finance,游戏记录-wesley,后台/财务管理/注单管理/游戏记录-wesley.bru,ACTIVE,YES,fat-admin-page-initialization.json network events 254; live-menu route and DOM control snapshot,,
admin,Finance Management,Payment Channels,/payment/channel-ordersV2,page_initialization,page initialization,GET,/admin/finance/payment/platform/list,"mode,page,page_size",,,"accept,accept-language,client-id,client-version,d,lang,referer,sec-ch-ua,sec-ch-ua-mobile,sec-ch-ua-platform,t,user-agent,x-device-id",Query: route/filter/pagination values emitted by current UI state; Header: browser session/runtime,200,True,"object; keys=d,s,t",FAT admin authenticated browser session; exact permission/role mapping pending,No mutation observed in this discovery action,Not applicable for observed read interaction,Page/network response rendered; business data values not persisted,admin/finance,支付平台列表,后台/财务管理/支付渠道/支付平台列表.bru,ACTIVE,YES,fat-admin-page-initialization.json network events 283; live-menu route and DOM control snapshot,,
admin,Finance Management,Payment Channels,/payment/channel-ordersV2,page_initialization,page initialization,GET,/admin/me/detail,,,,"accept,accept-language,client-id,client-version,d,lang,referer,sec-ch-ua,sec-ch-ua-mobile,sec-ch-ua-platform,t,user-agent,x-device-id",Header: browser session/runtime,200,True,"object; keys=avatar,bind_time,button_permission_ids,cmpl,create_name,created_at,email,google_secret,group_id,id,last_login_ip,last_login_time,login_password,nickname,operator_name,pwd_edit_time,roles,sid,status,stores,updated_at,username",FAT admin authenticated browser session; exact permission/role mapping pending,No mutation observed in this discovery action,Not applicable for observed read interaction,Page/network response rendered; business data values not persisted,admin/other,后台账户详情(当前登陆信息)-seven,后台/后台账号管理/后台账户详情(当前登陆信息)-seven.bru,ACTIVE,YES,fat-admin-page-initialization.json network events 279; live-menu route and DOM control snapshot,,
admin,Finance Management,Payment Channels,/payment/channel-ordersV2,page_initialization,page initialization,GET,/admin/notify/audit/alarm,t,,,"accept,accept-language,client-id,client-version,d,lang,referer,sec-ch-ua,sec-ch-ua-mobile,sec-ch-ua-platform,t,user-agent,x-device-id",Query: route/filter/pagination values emitted by current UI state; Header: browser session/runtime,200,True,"object; keys=bonus_review_pending,feedback_pending,kyc_pending,mall_order_pending,withdraw_pending",FAT admin authenticated browser session; exact permission/role mapping pending,No mutation observed in this discovery action,Not applicable for observed read interaction,Page/network response rendered; business data values not persisted,admin/other,获取系统通知数量-wesley/owen,后台/系统管理/通知中心/获取系统通知数量-wesley-owen.bru,ACTIVE,YES,fat-admin-page-initialization.json network events 281; live-menu route and DOM control snapshot,,
admin,Finance Management,Payment Channels,/payment/channel-ordersV2,page_initialization,page initialization,GET,/admin/sys/config/compliance/status,,,,"accept,accept-language,client-id,client-version,d,lang,referer,sec-ch-ua,sec-ch-ua-mobile,sec-ch-ua-platform,t,user-agent,x-device-id",Header: browser session/runtime,200,True,"object; keys=effective_open,effective_reason,effective_status_msg",FAT admin authenticated browser session; exact permission/role mapping pending,No mutation observed in this discovery action,Not applicable for observed read interaction,Page/network response rendered; business data values not persisted,,,,UNDOCUMENTED_ACTIVE,YES,fat-admin-page-initialization.json network events 280; live-menu route and DOM control snapshot,,
admin,Finance Management,Payment Channels,/payment/channel-ordersV2,page_initialization,page initialization,POST,/admin/game/search,,,,"accept,accept-language,client-id,client-version,content-type,d,lang,referer,sec-ch-ua,sec-ch-ua-mobile,sec-ch-ua-platform,t,user-agent,x-device-id",Header: browser session/runtime,200,,unknown,FAT admin authenticated browser session; exact permission/role mapping pending,No mutation observed in this discovery action,Not applicable for observed read interaction,Page/network response rendered; business data values not persisted,admin/game,+游戏列表查询-owen-aliang,后台/game管理/游戏管理/+游戏列表查询-owen-aliang.bru,ACTIVE,YES,fat-admin-page-initialization.json network events 278; live-menu route and DOM control snapshot,,
admin,Finance Management,Payment Channels,/payment/channel-ordersV2,page_initialization,page initialization,POST,/admin/game/search,,,,"accept,accept-language,client-id,client-version,content-type,d,lang,referer,sec-ch-ua,sec-ch-ua-mobile,sec-ch-ua-platform,t,user-agent,x-device-id",Header: browser session/runtime,200,True,"object; keys=ids,list,page,page_size,s,t",FAT admin authenticated browser session; exact permission/role mapping pending,No mutation observed in this discovery action,Not applicable for observed read interaction,Page/network response rendered; business data values not persisted,admin/game,+游戏列表查询-owen-aliang,后台/game管理/游戏管理/+游戏列表查询-owen-aliang.bru,ACTIVE,YES,"fat-admin-page-initialization.json network events 284,285,286,287,288,289,290,291; live-menu route and DOM control snapshot",,
admin,Finance Management,Payment Channels,/payment/channel-ordersV2,page_initialization,page initialization,POST,/admin/gameclass/list,,,,"accept,accept-language,client-id,client-version,content-type,d,lang,referer,sec-ch-ua,sec-ch-ua-mobile,sec-ch-ua-platform,t,user-agent,x-device-id",Header: browser session/runtime,200,True,"object; keys=list,page,page_size,s,t",FAT admin authenticated browser session; exact permission/role mapping pending,No mutation observed in this discovery action,Not applicable for observed read interaction,Page/network response rendered; business data values not persisted,admin/game,+查询场馆列表-owen,后台/game管理/场馆管理/+查询场馆列表-owen.bru,ACTIVE,YES,fat-admin-page-initialization.json network events 282; live-menu route and DOM control snapshot,,
admin,Finance Management,Recharge Card Order,/payment/recharge-card-orders/list,page_initialization,page initialization,GET,/admin/me/detail,,,,"accept,accept-language,client-id,client-version,d,lang,referer,sec-ch-ua,sec-ch-ua-mobile,sec-ch-ua-platform,t,user-agent,x-device-id",Header: browser session/runtime,200,True,"object; keys=avatar,bind_time,button_permission_ids,cmpl,create_name,created_at,email,google_secret,group_id,id,last_login_ip,last_login_time,login_password,nickname,operator_name,pwd_edit_time,roles,sid,status,stores,updated_at,username",FAT admin authenticated browser session; exact permission/role mapping pending,No mutation observed in this discovery action,Not applicable for observed read interaction,Page/network response rendered; business data values not persisted,admin/other,后台账户详情(当前登陆信息)-seven,后台/后台账号管理/后台账户详情(当前登陆信息)-seven.bru,ACTIVE,YES,fat-admin-page-initialization.json network events 293; live-menu route and DOM control snapshot,,
admin,Finance Management,Recharge Card Order,/payment/recharge-card-orders/list,page_initialization,page initialization,GET,/admin/notify/audit/alarm,t,,,"accept,accept-language,client-id,client-version,d,lang,referer,sec-ch-ua,sec-ch-ua-mobile,sec-ch-ua-platform,t,user-agent,x-device-id",Query: route/filter/pagination values emitted by current UI state; Header: browser session/runtime,200,True,"object; keys=bonus_review_pending,feedback_pending,kyc_pending,mall_order_pending,withdraw_pending",FAT admin authenticated browser session; exact permission/role mapping pending,No mutation observed in this discovery action,Not applicable for observed read interaction,Page/network response rendered; business data values not persisted,admin/other,获取系统通知数量-wesley/owen,后台/系统管理/通知中心/获取系统通知数量-wesley-owen.bru,ACTIVE,YES,fat-admin-page-initialization.json network events 295; live-menu route and DOM control snapshot,,
admin,Finance Management,Recharge Card Order,/payment/recharge-card-orders/list,page_initialization,page initialization,GET,/admin/sys/config/compliance/status,,,,"accept,accept-language,client-id,client-version,d,lang,referer,sec-ch-ua,sec-ch-ua-mobile,sec-ch-ua-platform,t,user-agent,x-device-id",Header: browser session/runtime,200,True,"object; keys=effective_open,effective_reason,effective_status_msg",FAT admin authenticated browser session; exact permission/role mapping pending,No mutation observed in this discovery action,Not applicable for observed read interaction,Page/network response rendered; business data values not persisted,,,,UNDOCUMENTED_ACTIVE,YES,fat-admin-page-initialization.json network events 294; live-menu route and DOM control snapshot,,
admin,Finance Management,Recharge Card Order,/payment/recharge-card-orders/list,page_initialization,page initialization,POST,/admin/finance/lazada/order/list,,,,"accept,accept-language,client-id,client-version,content-type,d,lang,referer,sec-ch-ua,sec-ch-ua-mobile,sec-ch-ua-platform,t,user-agent,x-device-id",Header: browser session/runtime,200,True,"object; keys=all,list,page,sub,total",FAT admin authenticated browser session; exact permission/role mapping pending,No mutation observed in this discovery action,Not applicable for observed read interaction,Page/network response rendered; business data values not persisted,admin/finance,lazada-订单列表-owen,后台/财务管理/lazada订单/lazada-订单列表-owen.bru,ACTIVE,YES,fat-admin-page-initialization.json network events 298; live-menu route and DOM control snapshot,,
admin,Finance Management,Recharge Card Order,/payment/recharge-card-orders/list,page_initialization,page initialization,POST,/admin/game/search,,,,"accept,accept-language,client-id,client-version,content-type,d,lang,referer,sec-ch-ua,sec-ch-ua-mobile,sec-ch-ua-platform,t,user-agent,x-device-id",Header: browser session/runtime,200,,unknown,FAT admin authenticated browser session; exact permission/role mapping pending,No mutation observed in this discovery action,Not applicable for observed read interaction,Page/network response rendered; business data values not persisted,admin/game,+游戏列表查询-owen-aliang,后台/game管理/游戏管理/+游戏列表查询-owen-aliang.bru,ACTIVE,YES,fat-admin-page-initialization.json network events 292; live-menu route and DOM control snapshot,,
admin,Finance Management,Recharge Card Order,/payment/recharge-card-orders/list,page_initialization,page initialization,POST,/admin/game/search,,,,"accept,accept-language,client-id,client-version,content-type,d,lang,referer,sec-ch-ua,sec-ch-ua-mobile,sec-ch-ua-platform,t,user-agent,x-device-id",Header: browser session/runtime,200,True,"object; keys=ids,list,page,page_size,s,t",FAT admin authenticated browser session; exact permission/role mapping pending,No mutation observed in this discovery action,Not applicable for observed read interaction,Page/network response rendered; business data values not persisted,admin/game,+游戏列表查询-owen-aliang,后台/game管理/游戏管理/+游戏列表查询-owen-aliang.bru,ACTIVE,YES,"fat-admin-page-initialization.json network events 297,299,300,301,302,303,304; live-menu route and DOM control snapshot",,
admin,Finance Management,Recharge Card Order,/payment/recharge-card-orders/list,page_initialization,page initialization,POST,/admin/gameclass/list,,,,"accept,accept-language,client-id,client-version,content-type,d,lang,referer,sec-ch-ua,sec-ch-ua-mobile,sec-ch-ua-platform,t,user-agent,x-device-id",Header: browser session/runtime,200,True,"object; keys=list,page,page_size,s,t",FAT admin authenticated browser session; exact permission/role mapping pending,No mutation observed in this discovery action,Not applicable for observed read interaction,Page/network response rendered; business data values not persisted,admin/game,+查询场馆列表-owen,后台/game管理/场馆管理/+查询场馆列表-owen.bru,ACTIVE,YES,fat-admin-page-initialization.json network events 296; live-menu route and DOM control snapshot,,
admin,Finance Management,Deposit Record,/payment/recharge-orders/list,page_initialization,page initialization,GET,/admin/finance/payment/deposit/channels,,,,"accept,accept-language,client-id,client-version,d,lang,referer,sec-ch-ua,sec-ch-ua-mobile,sec-ch-ua-platform,t,user-agent,x-device-id",Header: browser session/runtime,200,True,list,FAT admin authenticated browser session; exact permission/role mapping pending,No mutation observed in this discovery action,Not applicable for observed read interaction,Page/network response rendered; business data values not persisted,admin/finance,支付渠道列表-cold,后台/财务管理/存款记录/支付渠道列表-cold.bru,ACTIVE,YES,fat-admin-page-initialization.json network events 223; live-menu route and DOM control snapshot,,
admin,Finance Management,Deposit Record,/payment/recharge-orders/list,page_initialization,page initialization,GET,/admin/me/detail,,,,"accept,accept-language,client-id,client-version,d,lang,referer,sec-ch-ua,sec-ch-ua-mobile,sec-ch-ua-platform,t,user-agent,x-device-id",Header: browser session/runtime,200,True,"object; keys=avatar,bind_time,button_permission_ids,cmpl,create_name,created_at,email,google_secret,group_id,id,last_login_ip,last_login_time,login_password,nickname,operator_name,pwd_edit_time,roles,sid,status,stores,updated_at,username",FAT admin authenticated browser session; exact permission/role mapping pending,No mutation observed in this discovery action,Not applicable for observed read interaction,Page/network response rendered; business data values not persisted,admin/other,后台账户详情(当前登陆信息)-seven,后台/后台账号管理/后台账户详情(当前登陆信息)-seven.bru,ACTIVE,YES,fat-admin-page-initialization.json network events 221; live-menu route and DOM control snapshot,,
admin,Finance Management,Deposit Record,/payment/recharge-orders/list,page_initialization,page initialization,GET,/admin/notify/audit/alarm,t,,,"accept,accept-language,client-id,client-version,d,lang,referer,sec-ch-ua,sec-ch-ua-mobile,sec-ch-ua-platform,t,user-agent,x-device-id",Query: route/filter/pagination values emitted by current UI state; Header: browser session/runtime,200,True,"object; keys=bonus_review_pending,feedback_pending,kyc_pending,mall_order_pending,withdraw_pending",FAT admin authenticated browser session; exact permission/role mapping pending,No mutation observed in this discovery action,Not applicable for observed read interaction,Page/network response rendered; business data values not persisted,admin/other,获取系统通知数量-wesley/owen,后台/系统管理/通知中心/获取系统通知数量-wesley-owen.bru,ACTIVE,YES,fat-admin-page-initialization.json network events 225; live-menu route and DOM control snapshot,,
admin,Finance Management,Deposit Record,/payment/recharge-orders/list,page_initialization,page initialization,GET,/admin/sys/config/compliance/status,,,,"accept,accept-language,client-id,client-version,d,lang,referer,sec-ch-ua,sec-ch-ua-mobile,sec-ch-ua-platform,t,user-agent,x-device-id",Header: browser session/runtime,200,True,"object; keys=effective_open,effective_reason,effective_status_msg",FAT admin authenticated browser session; exact permission/role mapping pending,No mutation observed in this discovery action,Not applicable for observed read interaction,Page/network response rendered; business data values not persisted,,,,UNDOCUMENTED_ACTIVE,YES,fat-admin-page-initialization.json network events 222; live-menu route and DOM control snapshot,,
admin,Finance Management,Deposit Record,/payment/recharge-orders/list,page_initialization,page initialization,POST,/admin/finance/deposit/list,,,,"accept,accept-language,client-id,client-version,content-type,d,lang,referer,sec-ch-ua,sec-ch-ua-mobile,sec-ch-ua-platform,t,user-agent,x-device-id",Header: browser session/runtime,200,True,"object; keys=d,s,summary,t",FAT admin authenticated browser session; exact permission/role mapping pending,No mutation observed in this discovery action,Not applicable for observed read interaction,Page/network response rendered; business data values not persisted,admin/finance,充值列表-wesley,后台/财务管理/存款记录/充值列表-wesley.bru,ACTIVE,YES,fat-admin-page-initialization.json network events 226; live-menu route and DOM control snapshot,,
admin,Finance Management,Deposit Record,/payment/recharge-orders/list,page_initialization,page initialization,POST,/admin/game/search,,,,"accept,accept-language,client-id,client-version,content-type,d,lang,referer,sec-ch-ua,sec-ch-ua-mobile,sec-ch-ua-platform,t,user-agent,x-device-id",Header: browser session/runtime,200,,unknown,FAT admin authenticated browser session; exact permission/role mapping pending,No mutation observed in this discovery action,Not applicable for observed read interaction,Page/network response rendered; business data values not persisted,admin/game,+游戏列表查询-owen-aliang,后台/game管理/游戏管理/+游戏列表查询-owen-aliang.bru,ACTIVE,YES,fat-admin-page-initialization.json network events 220; live-menu route and DOM control snapshot,,
admin,Finance Management,Deposit Record,/payment/recharge-orders/list,page_initialization,page initialization,POST,/admin/game/search,,,,"accept,accept-language,client-id,client-version,content-type,d,lang,referer,sec-ch-ua,sec-ch-ua-mobile,sec-ch-ua-platform,t,user-agent,x-device-id",Header: browser session/runtime,200,True,"object; keys=ids,list,page,page_size,s,t",FAT admin authenticated browser session; exact permission/role mapping pending,No mutation observed in this discovery action,Not applicable for observed read interaction,Page/network response rendered; business data values not persisted,admin/game,+游戏列表查询-owen-aliang,后台/game管理/游戏管理/+游戏列表查询-owen-aliang.bru,ACTIVE,YES,"fat-admin-page-initialization.json network events 227,228,229,230,231,232,233,234; live-menu route and DOM control snapshot",,
admin,Finance Management,Deposit Record,/payment/recharge-orders/list,page_initialization,page initialization,POST,/admin/gameclass/list,,,,"accept,accept-language,client-id,client-version,content-type,d,lang,referer,sec-ch-ua,sec-ch-ua-mobile,sec-ch-ua-platform,t,user-agent,x-device-id",Header: browser session/runtime,200,True,"object; keys=list,page,page_size,s,t",FAT admin authenticated browser session; exact permission/role mapping pending,No mutation observed in this discovery action,Not applicable for observed read interaction,Page/network response rendered; business data values not persisted,admin/game,+查询场馆列表-owen,后台/game管理/场馆管理/+查询场馆列表-owen.bru,ACTIVE,YES,fat-admin-page-initialization.json network events 224; live-menu route and DOM control snapshot,,
admin,Finance Management,Member Wallet Transactions,/payment/transaction-orders,page_initialization,page initialization,GET,/admin/finance/transaction/types,,,,"accept,accept-language,client-id,client-version,d,lang,referer,sec-ch-ua,sec-ch-ua-mobile,sec-ch-ua-platform,t,user-agent,x-device-id",Header: browser session/runtime,200,True,list,FAT admin authenticated browser session; exact permission/role mapping pending,No mutation observed in this discovery action,Not applicable for observed read interaction,Page/network response rendered; business data values not persisted,admin/finance,账变类型- wesley,后台/财务管理/会员钱包账变/账变类型- wesley.bru,ACTIVE,YES,fat-admin-page-initialization.json network events 265; live-menu route and DOM control snapshot,,
admin,Finance Management,Member Wallet Transactions,/payment/transaction-orders,page_initialization,page initialization,GET,/admin/me/detail,,,,"accept,accept-language,client-id,client-version,d,lang,referer,sec-ch-ua,sec-ch-ua-mobile,sec-ch-ua-platform,t,user-agent,x-device-id",Header: browser session/runtime,200,True,"object; keys=avatar,bind_time,button_permission_ids,cmpl,create_name,created_at,email,google_secret,group_id,id,last_login_ip,last_login_time,login_password,nickname,operator_name,pwd_edit_time,roles,sid,status,stores,updated_at,username",FAT admin authenticated browser session; exact permission/role mapping pending,No mutation observed in this discovery action,Not applicable for observed read interaction,Page/network response rendered; business data values not persisted,admin/other,后台账户详情(当前登陆信息)-seven,后台/后台账号管理/后台账户详情(当前登陆信息)-seven.bru,ACTIVE,YES,fat-admin-page-initialization.json network events 264; live-menu route and DOM control snapshot,,
admin,Finance Management,Member Wallet Transactions,/payment/transaction-orders,page_initialization,page initialization,GET,/admin/notify/audit/alarm,t,,,"accept,accept-language,client-id,client-version,d,lang,referer,sec-ch-ua,sec-ch-ua-mobile,sec-ch-ua-platform,t,user-agent,x-device-id",Query: route/filter/pagination values emitted by current UI state; Header: browser session/runtime,200,True,"object; keys=bonus_review_pending,feedback_pending,kyc_pending,mall_order_pending,withdraw_pending",FAT admin authenticated browser session; exact permission/role mapping pending,No mutation observed in this discovery action,Not applicable for observed read interaction,Page/network response rendered; business data values not persisted,admin/other,获取系统通知数量-wesley/owen,后台/系统管理/通知中心/获取系统通知数量-wesley-owen.bru,ACTIVE,YES,fat-admin-page-initialization.json network events 268; live-menu route and DOM control snapshot,,
admin,Finance Management,Member Wallet Transactions,/payment/transaction-orders,page_initialization,page initialization,GET,/admin/sys/config/compliance/status,,,,"accept,accept-language,client-id,client-version,d,lang,referer,sec-ch-ua,sec-ch-ua-mobile,sec-ch-ua-platform,t,user-agent,x-device-id",Header: browser session/runtime,200,True,"object; keys=effective_open,effective_reason,effective_status_msg",FAT admin authenticated browser session; exact permission/role mapping pending,No mutation observed in this discovery action,Not applicable for observed read interaction,Page/network response rendered; business data values not persisted,,,,UNDOCUMENTED_ACTIVE,YES,fat-admin-page-initialization.json network events 266; live-menu route and DOM control snapshot,,
admin,Finance Management,Member Wallet Transactions,/payment/transaction-orders,page_initialization,page initialization,POST,/admin/finance/transaction/list,,,,"accept,accept-language,client-id,client-version,content-type,d,lang,referer,sec-ch-ua,sec-ch-ua-mobile,sec-ch-ua-platform,t,user-agent,x-device-id",Header: browser session/runtime,200,True,"object; keys=d,s,t",FAT admin authenticated browser session; exact permission/role mapping pending,No mutation observed in this discovery action,Not applicable for observed read interaction,Page/network response rendered; business data values not persisted,admin/finance,账变列表- wesley,后台/财务管理/会员钱包账变/账变列表- wesley.bru,ACTIVE,YES,fat-admin-page-initialization.json network events 269; live-menu route and DOM control snapshot,,
admin,Finance Management,Member Wallet Transactions,/payment/transaction-orders,page_initialization,page initialization,POST,/admin/game/search,,,,"accept,accept-language,client-id,client-version,content-type,d,lang,referer,sec-ch-ua,sec-ch-ua-mobile,sec-ch-ua-platform,t,user-agent,x-device-id",Header: browser session/runtime,200,,unknown,FAT admin authenticated browser session; exact permission/role mapping pending,No mutation observed in this discovery action,Not applicable for observed read interaction,Page/network response rendered; business data values not persisted,admin/game,+游戏列表查询-owen-aliang,后台/game管理/游戏管理/+游戏列表查询-owen-aliang.bru,ACTIVE,YES,fat-admin-page-initialization.json network events 263; live-menu route and DOM control snapshot,,
admin,Finance Management,Member Wallet Transactions,/payment/transaction-orders,page_initialization,page initialization,POST,/admin/game/search,,,,"accept,accept-language,client-id,client-version,content-type,d,lang,referer,sec-ch-ua,sec-ch-ua-mobile,sec-ch-ua-platform,t,user-agent,x-device-id",Header: browser session/runtime,200,True,"object; keys=ids,list,page,page_size,s,t",FAT admin authenticated browser session; exact permission/role mapping pending,No mutation observed in this discovery action,Not applicable for observed read interaction,Page/network response rendered; business data values not persisted,admin/game,+游戏列表查询-owen-aliang,后台/game管理/游戏管理/+游戏列表查询-owen-aliang.bru,ACTIVE,YES,"fat-admin-page-initialization.json network events 270,271,272,273,274,275,276,277; live-menu route and DOM control snapshot",,
admin,Finance Management,Member Wallet Transactions,/payment/transaction-orders,page_initialization,page initialization,POST,/admin/gameclass/list,,,,"accept,accept-language,client-id,client-version,content-type,d,lang,referer,sec-ch-ua,sec-ch-ua-mobile,sec-ch-ua-platform,t,user-agent,x-device-id",Header: browser session/runtime,200,True,"object; keys=list,page,page_size,s,t",FAT admin authenticated browser session; exact permission/role mapping pending,No mutation observed in this discovery action,Not applicable for observed read interaction,Page/network response rendered; business data values not persisted,admin/game,+查询场馆列表-owen,后台/game管理/场馆管理/+查询场馆列表-owen.bru,ACTIVE,YES,fat-admin-page-initialization.json network events 267; live-menu route and DOM control snapshot,,
admin,Finance Management,Withdrawal Record,/payment/withdraw-orders/list,page_initialization,page initialization,GET,/admin/finance/payment/withdraw/channels,,,,"accept,accept-language,client-id,client-version,d,lang,referer,sec-ch-ua,sec-ch-ua-mobile,sec-ch-ua-platform,t,user-agent,x-device-id",Header: browser session/runtime,200,True,list,FAT admin authenticated browser session; exact permission/role mapping pending,No mutation observed in this discovery action,Not applicable for observed read interaction,Page/network response rendered; business data values not persisted,admin/finance,提现渠道列表-cold,合规/财务管理/财务记录/提现渠道列表-cold.bru,ACTIVE,YES,fat-admin-page-initialization.json network events 237; live-menu route and DOM control snapshot,,
admin,Finance Management,Withdrawal Record,/payment/withdraw-orders/list,page_initialization,page initialization,GET,/admin/me/detail,,,,"accept,accept-language,client-id,client-version,d,lang,referer,sec-ch-ua,sec-ch-ua-mobile,sec-ch-ua-platform,t,user-agent,x-device-id",Header: browser session/runtime,200,True,"object; keys=avatar,bind_time,button_permission_ids,cmpl,create_name,created_at,email,google_secret,group_id,id,last_login_ip,last_login_time,login_password,nickname,operator_name,pwd_edit_time,roles,sid,status,stores,updated_at,username",FAT admin authenticated browser session; exact permission/role mapping pending,No mutation observed in this discovery action,Not applicable for observed read interaction,Page/network response rendered; business data values not persisted,admin/other,后台账户详情(当前登陆信息)-seven,后台/后台账号管理/后台账户详情(当前登陆信息)-seven.bru,ACTIVE,YES,fat-admin-page-initialization.json network events 235; live-menu route and DOM control snapshot,,
admin,Finance Management,Withdrawal Record,/payment/withdraw-orders/list,page_initialization,page initialization,GET,/admin/notify/audit/alarm,t,,,"accept,accept-language,client-id,client-version,d,lang,referer,sec-ch-ua,sec-ch-ua-mobile,sec-ch-ua-platform,t,user-agent,x-device-id",Query: route/filter/pagination values emitted by current UI state; Header: browser session/runtime,200,True,"object; keys=bonus_review_pending,feedback_pending,kyc_pending,mall_order_pending,withdraw_pending",FAT admin authenticated browser session; exact permission/role mapping pending,No mutation observed in this discovery action,Not applicable for observed read interaction,Page/network response rendered; business data values not persisted,admin/other,获取系统通知数量-wesley/owen,后台/系统管理/通知中心/获取系统通知数量-wesley-owen.bru,ACTIVE,YES,fat-admin-page-initialization.json network events 239; live-menu route and DOM control snapshot,,
admin,Finance Management,Withdrawal Record,/payment/withdraw-orders/list,page_initialization,page initialization,GET,/admin/sys/config/compliance/status,,,,"accept,accept-language,client-id,client-version,d,lang,referer,sec-ch-ua,sec-ch-ua-mobile,sec-ch-ua-platform,t,user-agent,x-device-id",Header: browser session/runtime,200,True,"object; keys=effective_open,effective_reason,effective_status_msg",FAT admin authenticated browser session; exact permission/role mapping pending,No mutation observed in this discovery action,Not applicable for observed read interaction,Page/network response rendered; business data values not persisted,,,,UNDOCUMENTED_ACTIVE,YES,fat-admin-page-initialization.json network events 236; live-menu route and DOM control snapshot,,
admin,Finance Management,Withdrawal Record,/payment/withdraw-orders/list,page_initialization,page initialization,POST,/admin/finance/withdraw/list,,,,"accept,accept-language,client-id,client-version,content-type,d,lang,referer,sec-ch-ua,sec-ch-ua-mobile,sec-ch-ua-platform,t,user-agent,x-device-id",Header: browser session/runtime,200,True,"object; keys=d,s,summary,t",FAT admin authenticated browser session; exact permission/role mapping pending,No mutation observed in this discovery action,Not applicable for observed read interaction,Page/network response rendered; business data values not persisted,admin/finance,提现列表-wesley,后台/财务管理/提现记录/提现列表-wesley.bru,ACTIVE,YES,fat-admin-page-initialization.json network events 240; live-menu route and DOM control snapshot,,
admin,Finance Management,Withdrawal Record,/payment/withdraw-orders/list,page_initialization,page initialization,POST,/admin/game/search,,,,"accept,accept-language,client-id,client-version,content-type,d,lang,referer,sec-ch-ua,sec-ch-ua-mobile,sec-ch-ua-platform,t,user-agent,x-device-id",Header: browser session/runtime,200,True,"object; keys=ids,list,page,page_size,s,t",FAT admin authenticated browser session; exact permission/role mapping pending,No mutation observed in this discovery action,Not applicable for observed read interaction,Page/network response rendered; business data values not persisted,admin/game,+游戏列表查询-owen-aliang,后台/game管理/游戏管理/+游戏列表查询-owen-aliang.bru,ACTIVE,YES,"fat-admin-page-initialization.json network events 241,242,243,244,245,246,247,248; live-menu route and DOM control snapshot",,
admin,Finance Management,Withdrawal Record,/payment/withdraw-orders/list,page_initialization,page initialization,POST,/admin/gameclass/list,,,,"accept,accept-language,client-id,client-version,content-type,d,lang,referer,sec-ch-ua,sec-ch-ua-mobile,sec-ch-ua-platform,t,user-agent,x-device-id",Header: browser session/runtime,200,True,"object; keys=list,page,page_size,s,t",FAT admin authenticated browser session; exact permission/role mapping pending,No mutation observed in this discovery action,Not applicable for observed read interaction,Page/network response rendered; business data values not persisted,admin/game,+查询场馆列表-owen,后台/game管理/场馆管理/+查询场馆列表-owen.bru,ACTIVE,YES,fat-admin-page-initialization.json network events 238; live-menu route and DOM control snapshot,,
admin,Promo Marketing,Channel Management,/promo-marketing/channels,page_initialization,page initialization,GET,/admin/channel/group/list,,,,"accept,accept-language,client-id,client-version,d,lang,referer,sec-ch-ua,sec-ch-ua-mobile,sec-ch-ua-platform,t,user-agent,x-device-id",Header: browser session/runtime,200,True,"object; keys=d,t",FAT admin authenticated browser session; exact permission/role mapping pending,No mutation observed in this discovery action,Not applicable for observed read interaction,Page/network response rendered; business data values not persisted,admin/permission,渠道分组列表-todo,后台/运营管理/推广管理/渠道管理/渠道分组/渠道分组列表-todo.bru,ACTIVE,YES,fat-admin-page-initialization.json network events 589; live-menu route and DOM control snapshot,,
admin,Promo Marketing,Channel Management,/promo-marketing/channels,page_initialization,page initialization,GET,/admin/channel/manage/list,"page,page_size",,,"accept,accept-language,client-id,client-version,d,lang,referer,sec-ch-ua,sec-ch-ua-mobile,sec-ch-ua-platform,t,user-agent,x-device-id",Query: route/filter/pagination values emitted by current UI state; Header: browser session/runtime,200,True,"object; keys=d,s,t",FAT admin authenticated browser session; exact permission/role mapping pending,No mutation observed in this discovery action,Not applicable for observed read interaction,Page/network response rendered; business data values not persisted,admin/other,渠道管理列表-todo,后台/运营管理/推广管理/渠道管理/渠道管理列表-todo.bru,ACTIVE,YES,fat-admin-page-initialization.json network events 590; live-menu route and DOM control snapshot,,
admin,Promo Marketing,Channel Management,/promo-marketing/channels,page_initialization,page initialization,GET,/admin/me/detail,,,,"accept,accept-language,client-id,client-version,d,lang,referer,sec-ch-ua,sec-ch-ua-mobile,sec-ch-ua-platform,t,user-agent,x-device-id",Header: browser session/runtime,200,True,"object; keys=avatar,bind_time,button_permission_ids,cmpl,create_name,created_at,email,google_secret,group_id,id,last_login_ip,last_login_time,login_password,nickname,operator_name,pwd_edit_time,roles,sid,status,stores,updated_at,username",FAT admin authenticated browser session; exact permission/role mapping pending,No mutation observed in this discovery action,Not applicable for observed read interaction,Page/network response rendered; business data values not persisted,admin/other,后台账户详情(当前登陆信息)-seven,后台/后台账号管理/后台账户详情(当前登陆信息)-seven.bru,ACTIVE,YES,fat-admin-page-initialization.json network events 584; live-menu route and DOM control snapshot,,
admin,Promo Marketing,Channel Management,/promo-marketing/channels,page_initialization,page initialization,GET,/admin/notify/audit/alarm,t,,,"accept,accept-language,client-id,client-version,d,lang,referer,sec-ch-ua,sec-ch-ua-mobile,sec-ch-ua-platform,t,user-agent,x-device-id",Query: route/filter/pagination values emitted by current UI state; Header: browser session/runtime,200,True,"object; keys=bonus_review_pending,feedback_pending,kyc_pending,mall_order_pending,withdraw_pending",FAT admin authenticated browser session; exact permission/role mapping pending,No mutation observed in this discovery action,Not applicable for observed read interaction,Page/network response rendered; business data values not persisted,admin/other,获取系统通知数量-wesley/owen,后台/系统管理/通知中心/获取系统通知数量-wesley-owen.bru,ACTIVE,YES,fat-admin-page-initialization.json network events 586; live-menu route and DOM control snapshot,,
admin,Promo Marketing,Channel Management,/promo-marketing/channels,page_initialization,page initialization,GET,/admin/sys/config/compliance/status,,,,"accept,accept-language,client-id,client-version,d,lang,referer,sec-ch-ua,sec-ch-ua-mobile,sec-ch-ua-platform,t,user-agent,x-device-id",Header: browser session/runtime,200,True,"object; keys=effective_open,effective_reason,effective_status_msg",FAT admin authenticated browser session; exact permission/role mapping pending,No mutation observed in this discovery action,Not applicable for observed read interaction,Page/network response rendered; business data values not persisted,,,,UNDOCUMENTED_ACTIVE,YES,fat-admin-page-initialization.json network events 585; live-menu route and DOM control snapshot,,
admin,Promo Marketing,Channel Management,/promo-marketing/channels,page_initialization,page initialization,POST,/admin/game/search,,,,"accept,accept-language,client-id,client-version,content-type,d,lang,referer,sec-ch-ua,sec-ch-ua-mobile,sec-ch-ua-platform,t,user-agent,x-device-id",Header: browser session/runtime,200,True,"object; keys=ids,list,page,page_size,s,t",FAT admin authenticated browser session; exact permission/role mapping pending,No mutation observed in this discovery action,Not applicable for observed read interaction,Page/network response rendered; business data values not persisted,admin/game,+游戏列表查询-owen-aliang,后台/game管理/游戏管理/+游戏列表查询-owen-aliang.bru,ACTIVE,YES,"fat-admin-page-initialization.json network events 588,591,592,593,594; live-menu route and DOM control snapshot",,
admin,Promo Marketing,Channel Management,/promo-marketing/channels,page_initialization,page initialization,POST,/admin/game/search,,,,"accept,accept-language,client-id,client-version,content-type,d,lang,referer,sec-ch-ua,sec-ch-ua-mobile,sec-ch-ua-platform,t,user-agent,x-device-id",Header: browser session/runtime,200,,unknown,FAT admin authenticated browser session; exact permission/role mapping pending,No mutation observed in this discovery action,Not applicable for observed read interaction,Page/network response rendered; business data values not persisted,admin/game,+游戏列表查询-owen-aliang,后台/game管理/游戏管理/+游戏列表查询-owen-aliang.bru,ACTIVE,YES,fat-admin-page-initialization.json network events 595; live-menu route and DOM control snapshot,,
admin,Promo Marketing,Channel Management,/promo-marketing/channels,page_initialization,page initialization,POST,/admin/gameclass/list,,,,"accept,accept-language,client-id,client-version,content-type,d,lang,referer,sec-ch-ua,sec-ch-ua-mobile,sec-ch-ua-platform,t,user-agent,x-device-id",Header: browser session/runtime,200,True,"object; keys=list,page,page_size,s,t",FAT admin authenticated browser session; exact permission/role mapping pending,No mutation observed in this discovery action,Not applicable for observed read interaction,Page/network response rendered; business data values not persisted,admin/game,+查询场馆列表-owen,后台/game管理/场馆管理/+查询场馆列表-owen.bru,ACTIVE,YES,fat-admin-page-initialization.json network events 587; live-menu route and DOM control snapshot,,
admin,Promo Marketing,Promo Marketing Effect,/promo-marketing/effect-evaluation,page_initialization,page initialization,GET,/admin/channel/group/dict,,,,"accept,accept-language,client-id,client-version,d,lang,referer,sec-ch-ua,sec-ch-ua-mobile,sec-ch-ua-platform,t,user-agent,x-device-id",Header: browser session/runtime,200,True,list,FAT admin authenticated browser session; exact permission/role mapping pending,No mutation observed in this discovery action,Not applicable for observed read interaction,Page/network response rendered; business data values not persisted,admin/permission,渠道分组字黄-todo,后台/运营管理/推广管理/渠道管理/渠道分组/渠道分组字黄-todo.bru,ACTIVE,YES,fat-admin-page-initialization.json network events 615; live-menu route and DOM control snapshot,,
admin,Promo Marketing,Promo Marketing Effect,/promo-marketing/effect-evaluation,page_initialization,page initialization,GET,/admin/channel/manage/dict,,,,"accept,accept-language,client-id,client-version,d,lang,referer,sec-ch-ua,sec-ch-ua-mobile,sec-ch-ua-platform,t,user-agent,x-device-id",Header: browser session/runtime,200,True,list,FAT admin authenticated browser session; exact permission/role mapping pending,No mutation observed in this discovery action,Not applicable for observed read interaction,Page/network response rendered; business data values not persisted,admin/other,渠道管理字典-todo,后台/运营管理/推广管理/渠道管理/渠道管理字典-todo.bru,ACTIVE,YES,"fat-admin-page-initialization.json network events 614,619; live-menu route and DOM control snapshot",,
admin,Promo Marketing,Promo Marketing Effect,/promo-marketing/effect-evaluation,page_initialization,page initialization,GET,/admin/channel/promotion/effect,"end_time,start_time",,,"accept,accept-language,client-id,client-version,d,lang,referer,sec-ch-ua,sec-ch-ua-mobile,sec-ch-ua-platform,t,user-agent,x-device-id",Query: route/filter/pagination values emitted by current UI state; Header: browser session/runtime,200,True,"object; keys=d,f,t",FAT admin authenticated browser session; exact permission/role mapping pending,No mutation observed in this discovery action,Not applicable for observed read interaction,Page/network response rendered; business data values not persisted,,,,UNDOCUMENTED_ACTIVE,YES,fat-admin-page-initialization.json network events 618; live-menu route and DOM control snapshot,,
admin,Promo Marketing,Promo Marketing Effect,/promo-marketing/effect-evaluation,page_initialization,page initialization,GET,/admin/me/detail,,,,"accept,accept-language,client-id,client-version,d,lang,referer,sec-ch-ua,sec-ch-ua-mobile,sec-ch-ua-platform,t,user-agent,x-device-id",Header: browser session/runtime,200,True,"object; keys=avatar,bind_time,button_permission_ids,cmpl,create_name,created_at,email,google_secret,group_id,id,last_login_ip,last_login_time,login_password,nickname,operator_name,pwd_edit_time,roles,sid,status,stores,updated_at,username",FAT admin authenticated browser session; exact permission/role mapping pending,No mutation observed in this discovery action,Not applicable for observed read interaction,Page/network response rendered; business data values not persisted,admin/other,后台账户详情(当前登陆信息)-seven,后台/后台账号管理/后台账户详情(当前登陆信息)-seven.bru,ACTIVE,YES,fat-admin-page-initialization.json network events 612; live-menu route and DOM control snapshot,,
admin,Promo Marketing,Promo Marketing Effect,/promo-marketing/effect-evaluation,page_initialization,page initialization,GET,/admin/notify/audit/alarm,t,,,"accept,accept-language,client-id,client-version,d,lang,referer,sec-ch-ua,sec-ch-ua-mobile,sec-ch-ua-platform,t,user-agent,x-device-id",Query: route/filter/pagination values emitted by current UI state; Header: browser session/runtime,200,True,"object; keys=bonus_review_pending,feedback_pending,kyc_pending,mall_order_pending,withdraw_pending",FAT admin authenticated browser session; exact permission/role mapping pending,No mutation observed in this discovery action,Not applicable for observed read interaction,Page/network response rendered; business data values not persisted,admin/other,获取系统通知数量-wesley/owen,后台/系统管理/通知中心/获取系统通知数量-wesley-owen.bru,ACTIVE,YES,fat-admin-page-initialization.json network events 616; live-menu route and DOM control snapshot,,
admin,Promo Marketing,Promo Marketing Effect,/promo-marketing/effect-evaluation,page_initialization,page initialization,GET,/admin/sys/config/compliance/status,,,,"accept,accept-language,client-id,client-version,d,lang,referer,sec-ch-ua,sec-ch-ua-mobile,sec-ch-ua-platform,t,user-agent,x-device-id",Header: browser session/runtime,200,True,"object; keys=effective_open,effective_reason,effective_status_msg",FAT admin authenticated browser session; exact permission/role mapping pending,No mutation observed in this discovery action,Not applicable for observed read interaction,Page/network response rendered; business data values not persisted,,,,UNDOCUMENTED_ACTIVE,YES,fat-admin-page-initialization.json network events 613; live-menu route and DOM control snapshot,,
admin,Promo Marketing,Promo Marketing Effect,/promo-marketing/effect-evaluation,page_initialization,page initialization,POST,/admin/game/search,,,,"accept,accept-language,client-id,client-version,content-type,d,lang,referer,sec-ch-ua,sec-ch-ua-mobile,sec-ch-ua-platform,t,user-agent,x-device-id",Header: browser session/runtime,200,,unknown,FAT admin authenticated browser session; exact permission/role mapping pending,No mutation observed in this discovery action,Not applicable for observed read interaction,Page/network response rendered; business data values not persisted,admin/game,+游戏列表查询-owen-aliang,后台/game管理/游戏管理/+游戏列表查询-owen-aliang.bru,ACTIVE,YES,fat-admin-page-initialization.json network events 611; live-menu route and DOM control snapshot,,
admin,Promo Marketing,Promo Marketing Effect,/promo-marketing/effect-evaluation,page_initialization,page initialization,POST,/admin/game/search,,,,"accept,accept-language,client-id,client-version,content-type,d,lang,referer,sec-ch-ua,sec-ch-ua-mobile,sec-ch-ua-platform,t,user-agent,x-device-id",Header: browser session/runtime,200,True,"object; keys=ids,list,page,page_size,s,t",FAT admin authenticated browser session; exact permission/role mapping pending,No mutation observed in this discovery action,Not applicable for observed read interaction,Page/network response rendered; business data values not persisted,admin/game,+游戏列表查询-owen-aliang,后台/game管理/游戏管理/+游戏列表查询-owen-aliang.bru,ACTIVE,YES,"fat-admin-page-initialization.json network events 620,621,622,623,624,625,626; live-menu route and DOM control snapshot",,
admin,Promo Marketing,Promo Marketing Effect,/promo-marketing/effect-evaluation,page_initialization,page initialization,POST,/admin/gameclass/list,,,,"accept,accept-language,client-id,client-version,content-type,d,lang,referer,sec-ch-ua,sec-ch-ua-mobile,sec-ch-ua-platform,t,user-agent,x-device-id",Header: browser session/runtime,200,True,"object; keys=list,page,page_size,s,t",FAT admin authenticated browser session; exact permission/role mapping pending,No mutation observed in this discovery action,Not applicable for observed read interaction,Page/network response rendered; business data values not persisted,admin/game,+查询场馆列表-owen,后台/game管理/场馆管理/+查询场馆列表-owen.bru,ACTIVE,YES,fat-admin-page-initialization.json network events 617; live-menu route and DOM control snapshot,,
admin,Promo Marketing,First Deposit Daily Active Analysis,/promo-marketing/first-deposit-daily-active,page_initialization,page initialization,GET,/admin/channel/group/dict,,,,"accept,accept-language,client-id,client-version,d,lang,referer,sec-ch-ua,sec-ch-ua-mobile,sec-ch-ua-platform,t,user-agent,x-device-id",Header: browser session/runtime,200,True,list,FAT admin authenticated browser session; exact permission/role mapping pending,No mutation observed in this discovery action,Not applicable for observed read interaction,Page/network response rendered; business data values not persisted,admin/permission,渠道分组字黄-todo,后台/运营管理/推广管理/渠道管理/渠道分组/渠道分组字黄-todo.bru,ACTIVE,YES,fat-admin-page-initialization.json network events 648; live-menu route and DOM control snapshot,,
admin,Promo Marketing,First Deposit Daily Active Analysis,/promo-marketing/first-deposit-daily-active,page_initialization,page initialization,GET,/admin/channel/manage/dict,,,,"accept,accept-language,client-id,client-version,d,lang,referer,sec-ch-ua,sec-ch-ua-mobile,sec-ch-ua-platform,t,user-agent,x-device-id",Header: browser session/runtime,200,True,list,FAT admin authenticated browser session; exact permission/role mapping pending,No mutation observed in this discovery action,Not applicable for observed read interaction,Page/network response rendered; business data values not persisted,admin/other,渠道管理字典-todo,后台/运营管理/推广管理/渠道管理/渠道管理字典-todo.bru,ACTIVE,YES,"fat-admin-page-initialization.json network events 646,652; live-menu route and DOM control snapshot",,
admin,Promo Marketing,First Deposit Daily Active Analysis,/promo-marketing/first-deposit-daily-active,page_initialization,page initialization,GET,/admin/channel/promotion/firstDeposit,"end_time,page,page_size,start_time",,,"accept,accept-language,client-id,client-version,d,lang,referer,sec-ch-ua,sec-ch-ua-mobile,sec-ch-ua-platform,t,user-agent,x-device-id",Query: route/filter/pagination values emitted by current UI state; Header: browser session/runtime,200,True,"object; keys=d,s,t",FAT admin authenticated browser session; exact permission/role mapping pending,No mutation observed in this discovery action,Not applicable for observed read interaction,Page/network response rendered; business data values not persisted,,,,UNDOCUMENTED_ACTIVE,YES,fat-admin-page-initialization.json network events 651; live-menu route and DOM control snapshot,,
admin,Promo Marketing,First Deposit Daily Active Analysis,/promo-marketing/first-deposit-daily-active,page_initialization,page initialization,GET,/admin/me/detail,,,,"accept,accept-language,client-id,client-version,d,lang,referer,sec-ch-ua,sec-ch-ua-mobile,sec-ch-ua-platform,t,user-agent,x-device-id",Header: browser session/runtime,200,True,"object; keys=avatar,bind_time,button_permission_ids,cmpl,create_name,created_at,email,google_secret,group_id,id,last_login_ip,last_login_time,login_password,nickname,operator_name,pwd_edit_time,roles,sid,status,stores,updated_at,username",FAT admin authenticated browser session; exact permission/role mapping pending,No mutation observed in this discovery action,Not applicable for observed read interaction,Page/network response rendered; business data values not persisted,admin/other,后台账户详情(当前登陆信息)-seven,后台/后台账号管理/后台账户详情(当前登陆信息)-seven.bru,ACTIVE,YES,fat-admin-page-initialization.json network events 645; live-menu route and DOM control snapshot,,
admin,Promo Marketing,First Deposit Daily Active Analysis,/promo-marketing/first-deposit-daily-active,page_initialization,page initialization,GET,/admin/notify/audit/alarm,t,,,"accept,accept-language,client-id,client-version,d,lang,referer,sec-ch-ua,sec-ch-ua-mobile,sec-ch-ua-platform,t,user-agent,x-device-id",Query: route/filter/pagination values emitted by current UI state; Header: browser session/runtime,200,True,"object; keys=bonus_review_pending,feedback_pending,kyc_pending,mall_order_pending,withdraw_pending",FAT admin authenticated browser session; exact permission/role mapping pending,No mutation observed in this discovery action,Not applicable for observed read interaction,Page/network response rendered; business data values not persisted,admin/other,获取系统通知数量-wesley/owen,后台/系统管理/通知中心/获取系统通知数量-wesley-owen.bru,ACTIVE,YES,fat-admin-page-initialization.json network events 649; live-menu route and DOM control snapshot,,
admin,Promo Marketing,First Deposit Daily Active Analysis,/promo-marketing/first-deposit-daily-active,page_initialization,page initialization,GET,/admin/sys/config/compliance/status,,,,"accept,accept-language,client-id,client-version,d,lang,referer,sec-ch-ua,sec-ch-ua-mobile,sec-ch-ua-platform,t,user-agent,x-device-id",Header: browser session/runtime,200,True,"object; keys=effective_open,effective_reason,effective_status_msg",FAT admin authenticated browser session; exact permission/role mapping pending,No mutation observed in this discovery action,Not applicable for observed read interaction,Page/network response rendered; business data values not persisted,,,,UNDOCUMENTED_ACTIVE,YES,fat-admin-page-initialization.json network events 647; live-menu route and DOM control snapshot,,
admin,Promo Marketing,First Deposit Daily Active Analysis,/promo-marketing/first-deposit-daily-active,page_initialization,page initialization,POST,/admin/game/search,,,,"accept,accept-language,client-id,client-version,content-type,d,lang,referer,sec-ch-ua,sec-ch-ua-mobile,sec-ch-ua-platform,t,user-agent,x-device-id",Header: browser session/runtime,200,,unknown,FAT admin authenticated browser session; exact permission/role mapping pending,No mutation observed in this discovery action,Not applicable for observed read interaction,Page/network response rendered; business data values not persisted,admin/game,+游戏列表查询-owen-aliang,后台/game管理/游戏管理/+游戏列表查询-owen-aliang.bru,ACTIVE,YES,fat-admin-page-initialization.json network events 644; live-menu route and DOM control snapshot,,
admin,Promo Marketing,First Deposit Daily Active Analysis,/promo-marketing/first-deposit-daily-active,page_initialization,page initialization,POST,/admin/game/search,,,,"accept,accept-language,client-id,client-version,content-type,d,lang,referer,sec-ch-ua,sec-ch-ua-mobile,sec-ch-ua-platform,t,user-agent,x-device-id",Header: browser session/runtime,200,True,"object; keys=ids,list,page,page_size,s,t",FAT admin authenticated browser session; exact permission/role mapping pending,No mutation observed in this discovery action,Not applicable for observed read interaction,Page/network response rendered; business data values not persisted,admin/game,+游戏列表查询-owen-aliang,后台/game管理/游戏管理/+游戏列表查询-owen-aliang.bru,ACTIVE,YES,"fat-admin-page-initialization.json network events 653,654,655,656,657,658,659; live-menu route and DOM control snapshot",,
admin,Promo Marketing,First Deposit Daily Active Analysis,/promo-marketing/first-deposit-daily-active,page_initialization,page initialization,POST,/admin/gameclass/list,,,,"accept,accept-language,client-id,client-version,content-type,d,lang,referer,sec-ch-ua,sec-ch-ua-mobile,sec-ch-ua-platform,t,user-agent,x-device-id",Header: browser session/runtime,200,True,"object; keys=list,page,page_size,s,t",FAT admin authenticated browser session; exact permission/role mapping pending,No mutation observed in this discovery action,Not applicable for observed read interaction,Page/network response rendered; business data values not persisted,admin/game,+查询场馆列表-owen,后台/game管理/场馆管理/+查询场馆列表-owen.bru,ACTIVE,YES,fat-admin-page-initialization.json network events 650; live-menu route and DOM control snapshot,,
admin,Promo Marketing,Promo Data,/promo-marketing/promotion-data,page_initialization,page initialization,GET,/admin/channel/group/dict,,,,"accept,accept-language,client-id,client-version,d,lang,referer,sec-ch-ua,sec-ch-ua-mobile,sec-ch-ua-platform,t,user-agent,x-device-id",Header: browser session/runtime,200,True,list,FAT admin authenticated browser session; exact permission/role mapping pending,No mutation observed in this discovery action,Not applicable for observed read interaction,Page/network response rendered; business data values not persisted,admin/permission,渠道分组字黄-todo,后台/运营管理/推广管理/渠道管理/渠道分组/渠道分组字黄-todo.bru,ACTIVE,YES,fat-admin-page-initialization.json network events 664; live-menu route and DOM control snapshot,,
admin,Promo Marketing,Promo Data,/promo-marketing/promotion-data,page_initialization,page initialization,GET,/admin/channel/manage/dict,,,,"accept,accept-language,client-id,client-version,d,lang,referer,sec-ch-ua,sec-ch-ua-mobile,sec-ch-ua-platform,t,user-agent,x-device-id",Header: browser session/runtime,200,True,list,FAT admin authenticated browser session; exact permission/role mapping pending,No mutation observed in this discovery action,Not applicable for observed read interaction,Page/network response rendered; business data values not persisted,admin/other,渠道管理字典-todo,后台/运营管理/推广管理/渠道管理/渠道管理字典-todo.bru,ACTIVE,YES,fat-admin-page-initialization.json network events 662; live-menu route and DOM control snapshot,,
admin,Promo Marketing,Promo Data,/promo-marketing/promotion-data,page_initialization,page initialization,GET,/admin/channel/promoData/list,"day,page,page_size",,,"accept,accept-language,client-id,client-version,d,lang,referer,sec-ch-ua,sec-ch-ua-mobile,sec-ch-ua-platform,t,user-agent,x-device-id",Query: route/filter/pagination values emitted by current UI state; Header: browser session/runtime,200,True,"object; keys=d,t",FAT admin authenticated browser session; exact permission/role mapping pending,No mutation observed in this discovery action,Not applicable for observed read interaction,Page/network response rendered; business data values not persisted,admin/promo,推广数据列表-todo,后台/运营管理/推广管理/推广数据/推广数据列表-todo.bru,ACTIVE,YES,fat-admin-page-initialization.json network events 667; live-menu route and DOM control snapshot,,
admin,Promo Marketing,Promo Data,/promo-marketing/promotion-data,page_initialization,page initialization,GET,/admin/me/detail,,,,"accept,accept-language,client-id,client-version,d,lang,referer,sec-ch-ua,sec-ch-ua-mobile,sec-ch-ua-platform,t,user-agent,x-device-id",Header: browser session/runtime,200,True,"object; keys=avatar,bind_time,button_permission_ids,cmpl,create_name,created_at,email,google_secret,group_id,id,last_login_ip,last_login_time,login_password,nickname,operator_name,pwd_edit_time,roles,sid,status,stores,updated_at,username",FAT admin authenticated browser session; exact permission/role mapping pending,No mutation observed in this discovery action,Not applicable for observed read interaction,Page/network response rendered; business data values not persisted,admin/other,后台账户详情(当前登陆信息)-seven,后台/后台账号管理/后台账户详情(当前登陆信息)-seven.bru,ACTIVE,YES,fat-admin-page-initialization.json network events 661; live-menu route and DOM control snapshot,,
admin,Promo Marketing,Promo Data,/promo-marketing/promotion-data,page_initialization,page initialization,GET,/admin/notify/audit/alarm,t,,,"accept,accept-language,client-id,client-version,d,lang,referer,sec-ch-ua,sec-ch-ua-mobile,sec-ch-ua-platform,t,user-agent,x-device-id",Query: route/filter/pagination values emitted by current UI state; Header: browser session/runtime,200,True,"object; keys=bonus_review_pending,feedback_pending,kyc_pending,mall_order_pending,withdraw_pending",FAT admin authenticated browser session; exact permission/role mapping pending,No mutation observed in this discovery action,Not applicable for observed read interaction,Page/network response rendered; business data values not persisted,admin/other,获取系统通知数量-wesley/owen,后台/系统管理/通知中心/获取系统通知数量-wesley-owen.bru,ACTIVE,YES,fat-admin-page-initialization.json network events 665; live-menu route and DOM control snapshot,,
admin,Promo Marketing,Promo Data,/promo-marketing/promotion-data,page_initialization,page initialization,GET,/admin/sys/config/compliance/status,,,,"accept,accept-language,client-id,client-version,d,lang,referer,sec-ch-ua,sec-ch-ua-mobile,sec-ch-ua-platform,t,user-agent,x-device-id",Header: browser session/runtime,200,True,"object; keys=effective_open,effective_reason,effective_status_msg",FAT admin authenticated browser session; exact permission/role mapping pending,No mutation observed in this discovery action,Not applicable for observed read interaction,Page/network response rendered; business data values not persisted,,,,UNDOCUMENTED_ACTIVE,YES,fat-admin-page-initialization.json network events 663; live-menu route and DOM control snapshot,,
admin,Promo Marketing,Promo Data,/promo-marketing/promotion-data,page_initialization,page initialization,POST,/admin/game/search,,,,"accept,accept-language,client-id,client-version,content-type,d,lang,referer,sec-ch-ua,sec-ch-ua-mobile,sec-ch-ua-platform,t,user-agent,x-device-id",Header: browser session/runtime,200,,unknown,FAT admin authenticated browser session; exact permission/role mapping pending,No mutation observed in this discovery action,Not applicable for observed read interaction,Page/network response rendered; business data values not persisted,admin/game,+游戏列表查询-owen-aliang,后台/game管理/游戏管理/+游戏列表查询-owen-aliang.bru,ACTIVE,YES,fat-admin-page-initialization.json network events 660; live-menu route and DOM control snapshot,,
admin,Promo Marketing,Promo Data,/promo-marketing/promotion-data,page_initialization,page initialization,POST,/admin/game/search,,,,"accept,accept-language,client-id,client-version,content-type,d,lang,referer,sec-ch-ua,sec-ch-ua-mobile,sec-ch-ua-platform,t,user-agent,x-device-id",Header: browser session/runtime,200,True,"object; keys=ids,list,page,page_size,s,t",FAT admin authenticated browser session; exact permission/role mapping pending,No mutation observed in this discovery action,Not applicable for observed read interaction,Page/network response rendered; business data values not persisted,admin/game,+游戏列表查询-owen-aliang,后台/game管理/游戏管理/+游戏列表查询-owen-aliang.bru,ACTIVE,YES,"fat-admin-page-initialization.json network events 668,669,670,671,672,673,674; live-menu route and DOM control snapshot",,
admin,Promo Marketing,Promo Data,/promo-marketing/promotion-data,page_initialization,page initialization,POST,/admin/gameclass/list,,,,"accept,accept-language,client-id,client-version,content-type,d,lang,referer,sec-ch-ua,sec-ch-ua-mobile,sec-ch-ua-platform,t,user-agent,x-device-id",Header: browser session/runtime,200,True,"object; keys=list,page,page_size,s,t",FAT admin authenticated browser session; exact permission/role mapping pending,No mutation observed in this discovery action,Not applicable for observed read interaction,Page/network response rendered; business data values not persisted,admin/game,+查询场馆列表-owen,后台/game管理/场馆管理/+查询场馆列表-owen.bru,ACTIVE,YES,fat-admin-page-initialization.json network events 666; live-menu route and DOM control snapshot,,
admin,Promo Marketing,Register Daily Active,/promo-marketing/register-daily-active,page_initialization,page initialization,GET,/admin/channel/group/dict,,,,"accept,accept-language,client-id,client-version,d,lang,referer,sec-ch-ua,sec-ch-ua-mobile,sec-ch-ua-platform,t,user-agent,x-device-id",Header: browser session/runtime,200,True,list,FAT admin authenticated browser session; exact permission/role mapping pending,No mutation observed in this discovery action,Not applicable for observed read interaction,Page/network response rendered; business data values not persisted,admin/permission,渠道分组字黄-todo,后台/运营管理/推广管理/渠道管理/渠道分组/渠道分组字黄-todo.bru,ACTIVE,YES,fat-admin-page-initialization.json network events 631; live-menu route and DOM control snapshot,,
admin,Promo Marketing,Register Daily Active,/promo-marketing/register-daily-active,page_initialization,page initialization,GET,/admin/channel/manage/dict,,,,"accept,accept-language,client-id,client-version,d,lang,referer,sec-ch-ua,sec-ch-ua-mobile,sec-ch-ua-platform,t,user-agent,x-device-id",Header: browser session/runtime,200,True,list,FAT admin authenticated browser session; exact permission/role mapping pending,No mutation observed in this discovery action,Not applicable for observed read interaction,Page/network response rendered; business data values not persisted,admin/other,渠道管理字典-todo,后台/运营管理/推广管理/渠道管理/渠道管理字典-todo.bru,ACTIVE,YES,"fat-admin-page-initialization.json network events 629,635; live-menu route and DOM control snapshot",,
admin,Promo Marketing,Register Daily Active,/promo-marketing/register-daily-active,page_initialization,page initialization,GET,/admin/channel/promotion/register,"end_time,filter_type,page,page_size,start_time",,,"accept,accept-language,client-id,client-version,d,lang,referer,sec-ch-ua,sec-ch-ua-mobile,sec-ch-ua-platform,t,user-agent,x-device-id",Query: route/filter/pagination values emitted by current UI state; Header: browser session/runtime,200,True,"object; keys=d,s,t",FAT admin authenticated browser session; exact permission/role mapping pending,No mutation observed in this discovery action,Not applicable for observed read interaction,Page/network response rendered; business data values not persisted,,,,UNDOCUMENTED_ACTIVE,YES,fat-admin-page-initialization.json network events 634; live-menu route and DOM control snapshot,,
admin,Promo Marketing,Register Daily Active,/promo-marketing/register-daily-active,page_initialization,page initialization,GET,/admin/me/detail,,,,"accept,accept-language,client-id,client-version,d,lang,referer,sec-ch-ua,sec-ch-ua-mobile,sec-ch-ua-platform,t,user-agent,x-device-id",Header: browser session/runtime,200,True,"object; keys=avatar,bind_time,button_permission_ids,cmpl,create_name,created_at,email,google_secret,group_id,id,last_login_ip,last_login_time,login_password,nickname,operator_name,pwd_edit_time,roles,sid,status,stores,updated_at,username",FAT admin authenticated browser session; exact permission/role mapping pending,No mutation observed in this discovery action,Not applicable for observed read interaction,Page/network response rendered; business data values not persisted,admin/other,后台账户详情(当前登陆信息)-seven,后台/后台账号管理/后台账户详情(当前登陆信息)-seven.bru,ACTIVE,YES,fat-admin-page-initialization.json network events 628; live-menu route and DOM control snapshot,,
admin,Promo Marketing,Register Daily Active,/promo-marketing/register-daily-active,page_initialization,page initialization,GET,/admin/notify/audit/alarm,t,,,"accept,accept-language,client-id,client-version,d,lang,referer,sec-ch-ua,sec-ch-ua-mobile,sec-ch-ua-platform,t,user-agent,x-device-id",Query: route/filter/pagination values emitted by current UI state; Header: browser session/runtime,200,True,"object; keys=bonus_review_pending,feedback_pending,kyc_pending,mall_order_pending,withdraw_pending",FAT admin authenticated browser session; exact permission/role mapping pending,No mutation observed in this discovery action,Not applicable for observed read interaction,Page/network response rendered; business data values not persisted,admin/other,获取系统通知数量-wesley/owen,后台/系统管理/通知中心/获取系统通知数量-wesley-owen.bru,ACTIVE,YES,fat-admin-page-initialization.json network events 632; live-menu route and DOM control snapshot,,
admin,Promo Marketing,Register Daily Active,/promo-marketing/register-daily-active,page_initialization,page initialization,GET,/admin/sys/config/compliance/status,,,,"accept,accept-language,client-id,client-version,d,lang,referer,sec-ch-ua,sec-ch-ua-mobile,sec-ch-ua-platform,t,user-agent,x-device-id",Header: browser session/runtime,200,True,"object; keys=effective_open,effective_reason,effective_status_msg",FAT admin authenticated browser session; exact permission/role mapping pending,No mutation observed in this discovery action,Not applicable for observed read interaction,Page/network response rendered; business data values not persisted,,,,UNDOCUMENTED_ACTIVE,YES,fat-admin-page-initialization.json network events 630; live-menu route and DOM control snapshot,,
admin,Promo Marketing,Register Daily Active,/promo-marketing/register-daily-active,page_initialization,page initialization,POST,/admin/game/search,,,,"accept,accept-language,client-id,client-version,content-type,d,lang,referer,sec-ch-ua,sec-ch-ua-mobile,sec-ch-ua-platform,t,user-agent,x-device-id",Header: browser session/runtime,200,,unknown,FAT admin authenticated browser session; exact permission/role mapping pending,No mutation observed in this discovery action,Not applicable for observed read interaction,Page/network response rendered; business data values not persisted,admin/game,+游戏列表查询-owen-aliang,后台/game管理/游戏管理/+游戏列表查询-owen-aliang.bru,ACTIVE,YES,fat-admin-page-initialization.json network events 627; live-menu route and DOM control snapshot,,
admin,Promo Marketing,Register Daily Active,/promo-marketing/register-daily-active,page_initialization,page initialization,POST,/admin/game/search,,,,"accept,accept-language,client-id,client-version,content-type,d,lang,referer,sec-ch-ua,sec-ch-ua-mobile,sec-ch-ua-platform,t,user-agent,x-device-id",Header: browser session/runtime,200,True,"object; keys=ids,list,page,page_size,s,t",FAT admin authenticated browser session; exact permission/role mapping pending,No mutation observed in this discovery action,Not applicable for observed read interaction,Page/network response rendered; business data values not persisted,admin/game,+游戏列表查询-owen-aliang,后台/game管理/游戏管理/+游戏列表查询-owen-aliang.bru,ACTIVE,YES,"fat-admin-page-initialization.json network events 636,637,638,639,640,641,642,643; live-menu route and DOM control snapshot",,
admin,Promo Marketing,Register Daily Active,/promo-marketing/register-daily-active,page_initialization,page initialization,POST,/admin/gameclass/list,,,,"accept,accept-language,client-id,client-version,content-type,d,lang,referer,sec-ch-ua,sec-ch-ua-mobile,sec-ch-ua-platform,t,user-agent,x-device-id",Header: browser session/runtime,200,True,"object; keys=list,page,page_size,s,t",FAT admin authenticated browser session; exact permission/role mapping pending,No mutation observed in this discovery action,Not applicable for observed read interaction,Page/network response rendered; business data values not persisted,admin/game,+查询场馆列表-owen,后台/game管理/场馆管理/+查询场馆列表-owen.bru,ACTIVE,YES,fat-admin-page-initialization.json network events 633; live-menu route and DOM control snapshot,,
admin,Promo Marketing,Promo Marketing Report,/promo-marketing/statistical-reports,page_initialization,page initialization,GET,/admin/channel/group/dict,,,,"accept,accept-language,client-id,client-version,d,lang,referer,sec-ch-ua,sec-ch-ua-mobile,sec-ch-ua-platform,t,user-agent,x-device-id",Header: browser session/runtime,200,True,list,FAT admin authenticated browser session; exact permission/role mapping pending,No mutation observed in this discovery action,Not applicable for observed read interaction,Page/network response rendered; business data values not persisted,admin/permission,渠道分组字黄-todo,后台/运营管理/推广管理/渠道管理/渠道分组/渠道分组字黄-todo.bru,ACTIVE,YES,fat-admin-page-initialization.json network events 599; live-menu route and DOM control snapshot,,
admin,Promo Marketing,Promo Marketing Report,/promo-marketing/statistical-reports,page_initialization,page initialization,GET,/admin/channel/manage/dict,,,,"accept,accept-language,client-id,client-version,d,lang,referer,sec-ch-ua,sec-ch-ua-mobile,sec-ch-ua-platform,t,user-agent,x-device-id",Header: browser session/runtime,200,True,list,FAT admin authenticated browser session; exact permission/role mapping pending,No mutation observed in this discovery action,Not applicable for observed read interaction,Page/network response rendered; business data values not persisted,admin/other,渠道管理字典-todo,后台/运营管理/推广管理/渠道管理/渠道管理字典-todo.bru,ACTIVE,YES,fat-admin-page-initialization.json network events 598; live-menu route and DOM control snapshot,,
admin,Promo Marketing,Promo Marketing Report,/promo-marketing/statistical-reports,page_initialization,page initialization,GET,/admin/channel/promotion/satistic,"end_time,page,page_size,start_time",,,"accept,accept-language,client-id,client-version,d,lang,referer,sec-ch-ua,sec-ch-ua-mobile,sec-ch-ua-platform,t,user-agent,x-device-id",Query: route/filter/pagination values emitted by current UI state; Header: browser session/runtime,200,True,"object; keys=d,s,t",FAT admin authenticated browser session; exact permission/role mapping pending,No mutation observed in this discovery action,Not applicable for observed read interaction,Page/network response rendered; business data values not persisted,,,,UNDOCUMENTED_ACTIVE,YES,fat-admin-page-initialization.json network events 602; live-menu route and DOM control snapshot,,
admin,Promo Marketing,Promo Marketing Report,/promo-marketing/statistical-reports,page_initialization,page initialization,GET,/admin/me/detail,,,,"accept,accept-language,client-id,client-version,d,lang,referer,sec-ch-ua,sec-ch-ua-mobile,sec-ch-ua-platform,t,user-agent,x-device-id",Header: browser session/runtime,200,True,"object; keys=avatar,bind_time,button_permission_ids,cmpl,create_name,created_at,email,google_secret,group_id,id,last_login_ip,last_login_time,login_password,nickname,operator_name,pwd_edit_time,roles,sid,status,stores,updated_at,username",FAT admin authenticated browser session; exact permission/role mapping pending,No mutation observed in this discovery action,Not applicable for observed read interaction,Page/network response rendered; business data values not persisted,admin/other,后台账户详情(当前登陆信息)-seven,后台/后台账号管理/后台账户详情(当前登陆信息)-seven.bru,ACTIVE,YES,fat-admin-page-initialization.json network events 596; live-menu route and DOM control snapshot,,
admin,Promo Marketing,Promo Marketing Report,/promo-marketing/statistical-reports,page_initialization,page initialization,GET,/admin/notify/audit/alarm,t,,,"accept,accept-language,client-id,client-version,d,lang,referer,sec-ch-ua,sec-ch-ua-mobile,sec-ch-ua-platform,t,user-agent,x-device-id",Query: route/filter/pagination values emitted by current UI state; Header: browser session/runtime,200,True,"object; keys=bonus_review_pending,feedback_pending,kyc_pending,mall_order_pending,withdraw_pending",FAT admin authenticated browser session; exact permission/role mapping pending,No mutation observed in this discovery action,Not applicable for observed read interaction,Page/network response rendered; business data values not persisted,admin/other,获取系统通知数量-wesley/owen,后台/系统管理/通知中心/获取系统通知数量-wesley-owen.bru,ACTIVE,YES,fat-admin-page-initialization.json network events 601; live-menu route and DOM control snapshot,,
admin,Promo Marketing,Promo Marketing Report,/promo-marketing/statistical-reports,page_initialization,page initialization,GET,/admin/sys/config/compliance/status,,,,"accept,accept-language,client-id,client-version,d,lang,referer,sec-ch-ua,sec-ch-ua-mobile,sec-ch-ua-platform,t,user-agent,x-device-id",Header: browser session/runtime,200,True,"object; keys=effective_open,effective_reason,effective_status_msg",FAT admin authenticated browser session; exact permission/role mapping pending,No mutation observed in this discovery action,Not applicable for observed read interaction,Page/network response rendered; business data values not persisted,,,,UNDOCUMENTED_ACTIVE,YES,fat-admin-page-initialization.json network events 597; live-menu route and DOM control snapshot,,
admin,Promo Marketing,Promo Marketing Report,/promo-marketing/statistical-reports,page_initialization,page initialization,POST,/admin/game/search,,,,"accept,accept-language,client-id,client-version,content-type,d,lang,referer,sec-ch-ua,sec-ch-ua-mobile,sec-ch-ua-platform,t,user-agent,x-device-id",Header: browser session/runtime,200,True,"object; keys=ids,list,page,page_size,s,t",FAT admin authenticated browser session; exact permission/role mapping pending,No mutation observed in this discovery action,Not applicable for observed read interaction,Page/network response rendered; business data values not persisted,admin/game,+游戏列表查询-owen-aliang,后台/game管理/游戏管理/+游戏列表查询-owen-aliang.bru,ACTIVE,YES,"fat-admin-page-initialization.json network events 603,604,605,606,607,608,609,610; live-menu route and DOM control snapshot",,
admin,Promo Marketing,Promo Marketing Report,/promo-marketing/statistical-reports,page_initialization,page initialization,POST,/admin/gameclass/list,,,,"accept,accept-language,client-id,client-version,content-type,d,lang,referer,sec-ch-ua,sec-ch-ua-mobile,sec-ch-ua-platform,t,user-agent,x-device-id",Header: browser session/runtime,200,True,"object; keys=list,page,page_size,s,t",FAT admin authenticated browser session; exact permission/role mapping pending,No mutation observed in this discovery action,Not applicable for observed read interaction,Page/network response rendered; business data values not persisted,admin/game,+查询场馆列表-owen,后台/game管理/场馆管理/+查询场馆列表-owen.bru,ACTIVE,YES,fat-admin-page-initialization.json network events 600; live-menu route and DOM control snapshot,,
admin,Report Management,Game Platform Reports,/report-management/game-platform-report/list,page_initialization,page initialization,GET,/admin/me/detail,,,,"accept,accept-language,client-id,client-version,d,lang,referer,sec-ch-ua,sec-ch-ua-mobile,sec-ch-ua-platform,t,user-agent,x-device-id",Header: browser session/runtime,200,True,"object; keys=avatar,bind_time,button_permission_ids,cmpl,create_name,created_at,email,google_secret,group_id,id,last_login_ip,last_login_time,login_password,nickname,operator_name,pwd_edit_time,roles,sid,status,stores,updated_at,username",FAT admin authenticated browser session; exact permission/role mapping pending,No mutation observed in this discovery action,Not applicable for observed read interaction,Page/network response rendered; business data values not persisted,admin/other,后台账户详情(当前登陆信息)-seven,后台/后台账号管理/后台账户详情(当前登陆信息)-seven.bru,ACTIVE,YES,fat-admin-page-initialization.json network events 175; live-menu route and DOM control snapshot,,
admin,Report Management,Game Platform Reports,/report-management/game-platform-report/list,page_initialization,page initialization,GET,/admin/notify/audit/alarm,t,,,"accept,accept-language,client-id,client-version,d,lang,referer,sec-ch-ua,sec-ch-ua-mobile,sec-ch-ua-platform,t,user-agent,x-device-id",Query: route/filter/pagination values emitted by current UI state; Header: browser session/runtime,200,True,"object; keys=bonus_review_pending,feedback_pending,kyc_pending,mall_order_pending,withdraw_pending",FAT admin authenticated browser session; exact permission/role mapping pending,No mutation observed in this discovery action,Not applicable for observed read interaction,Page/network response rendered; business data values not persisted,admin/other,获取系统通知数量-wesley/owen,后台/系统管理/通知中心/获取系统通知数量-wesley-owen.bru,ACTIVE,YES,fat-admin-page-initialization.json network events 179; live-menu route and DOM control snapshot,,
admin,Report Management,Game Platform Reports,/report-management/game-platform-report/list,page_initialization,page initialization,GET,/admin/priv/check,path,,,"accept,accept-language,client-id,client-version,d,lang,referer,sec-ch-ua,sec-ch-ua-mobile,sec-ch-ua-platform,t,user-agent,x-device-id",Query: route/filter/pagination values emitted by current UI state; Header: browser session/runtime,200,True,object; keys=rights,FAT admin authenticated browser session; exact permission/role mapping pending,No mutation observed in this discovery action,Not applicable for observed read interaction,Page/network response rendered; business data values not persisted,admin/permission,权限检查,后台/系统管理/权限管理/权限检查.bru,ACTIVE,YES,"fat-admin-page-initialization.json network events 176,180; live-menu route and DOM control snapshot",,
admin,Report Management,Game Platform Reports,/report-management/game-platform-report/list,page_initialization,page initialization,GET,/admin/reports/venue/node,"end_time,field,page,page_size,start_time",,,"accept,accept-language,client-id,client-version,d,lang,referer,sec-ch-ua,sec-ch-ua-mobile,sec-ch-ua-platform,t,user-agent,x-device-id",Query: route/filter/pagination values emitted by current UI state; Header: browser session/runtime,200,True,"object; keys=a,d,s,t",FAT admin authenticated browser session; exact permission/role mapping pending,No mutation observed in this discovery action,Not applicable for observed read interaction,Page/network response rendered; business data values not persisted,admin/game,厂商线路报表,后台/报表/游戏平台报表/厂商线路报表.bru,ACTIVE,YES,fat-admin-page-initialization.json network events 183; live-menu route and DOM control snapshot,,
admin,Report Management,Game Platform Reports,/report-management/game-platform-report/list,page_initialization,page initialization,GET,/admin/sys/config/compliance/status,,,,"accept,accept-language,client-id,client-version,d,lang,referer,sec-ch-ua,sec-ch-ua-mobile,sec-ch-ua-platform,t,user-agent,x-device-id",Header: browser session/runtime,200,True,"object; keys=effective_open,effective_reason,effective_status_msg",FAT admin authenticated browser session; exact permission/role mapping pending,No mutation observed in this discovery action,Not applicable for observed read interaction,Page/network response rendered; business data values not persisted,,,,UNDOCUMENTED_ACTIVE,YES,fat-admin-page-initialization.json network events 177; live-menu route and DOM control snapshot,,
admin,Report Management,Game Platform Reports,/report-management/game-platform-report/list,page_initialization,page initialization,POST,/admin/dict/venues,,,,"accept,accept-language,client-id,client-version,content-type,d,lang,referer,sec-ch-ua,sec-ch-ua-mobile,sec-ch-ua-platform,t,user-agent,x-device-id",Header: browser session/runtime,200,True,list,FAT admin authenticated browser session; exact permission/role mapping pending,No mutation observed in this discovery action,Not applicable for observed read interaction,Page/network response rendered; business data values not persisted,,,,UNDOCUMENTED_ACTIVE,YES,fat-admin-page-initialization.json network events 181; live-menu route and DOM control snapshot,,
admin,Report Management,Game Platform Reports,/report-management/game-platform-report/list,page_initialization,page initialization,POST,/admin/game/search,,,,"accept,accept-language,client-id,client-version,content-type,d,lang,referer,sec-ch-ua,sec-ch-ua-mobile,sec-ch-ua-platform,t,user-agent,x-device-id",Header: browser session/runtime,200,True,"object; keys=ids,list,page,page_size,s,t",FAT admin authenticated browser session; exact permission/role mapping pending,No mutation observed in this discovery action,Not applicable for observed read interaction,Page/network response rendered; business data values not persisted,admin/game,+游戏列表查询-owen-aliang,后台/game管理/游戏管理/+游戏列表查询-owen-aliang.bru,ACTIVE,YES,"fat-admin-page-initialization.json network events 182,184,185,186,187,188,189,190; live-menu route and DOM control snapshot",,
admin,Report Management,Game Platform Reports,/report-management/game-platform-report/list,page_initialization,page initialization,POST,/admin/gameclass/list,,,,"accept,accept-language,client-id,client-version,content-type,d,lang,referer,sec-ch-ua,sec-ch-ua-mobile,sec-ch-ua-platform,t,user-agent,x-device-id",Header: browser session/runtime,200,True,"object; keys=list,page,page_size,s,t",FAT admin authenticated browser session; exact permission/role mapping pending,No mutation observed in this discovery action,Not applicable for observed read interaction,Page/network response rendered; business data values not persisted,admin/game,+查询场馆列表-owen,后台/game管理/场馆管理/+查询场馆列表-owen.bru,ACTIVE,YES,fat-admin-page-initialization.json network events 178; live-menu route and DOM control snapshot,,
admin,Report Management,Game Reports,/report-management/game-reports/list,page_initialization,page initialization,GET,/admin/me/detail,,,,"accept,accept-language,client-id,client-version,d,lang,referer,sec-ch-ua,sec-ch-ua-mobile,sec-ch-ua-platform,t,user-agent,x-device-id",Header: browser session/runtime,200,True,"object; keys=avatar,bind_time,button_permission_ids,cmpl,create_name,created_at,email,google_secret,group_id,id,last_login_ip,last_login_time,login_password,nickname,operator_name,pwd_edit_time,roles,sid,status,stores,updated_at,username",FAT admin authenticated browser session; exact permission/role mapping pending,No mutation observed in this discovery action,Not applicable for observed read interaction,Page/network response rendered; business data values not persisted,admin/other,后台账户详情(当前登陆信息)-seven,后台/后台账号管理/后台账户详情(当前登陆信息)-seven.bru,ACTIVE,YES,fat-admin-page-initialization.json network events 142; live-menu route and DOM control snapshot,,
admin,Report Management,Game Reports,/report-management/game-reports/list,page_initialization,page initialization,GET,/admin/notify/audit/alarm,t,,,"accept,accept-language,client-id,client-version,d,lang,referer,sec-ch-ua,sec-ch-ua-mobile,sec-ch-ua-platform,t,user-agent,x-device-id",Query: route/filter/pagination values emitted by current UI state; Header: browser session/runtime,200,True,"object; keys=bonus_review_pending,feedback_pending,kyc_pending,mall_order_pending,withdraw_pending",FAT admin authenticated browser session; exact permission/role mapping pending,No mutation observed in this discovery action,Not applicable for observed read interaction,Page/network response rendered; business data values not persisted,admin/other,获取系统通知数量-wesley/owen,后台/系统管理/通知中心/获取系统通知数量-wesley-owen.bru,ACTIVE,YES,fat-admin-page-initialization.json network events 145; live-menu route and DOM control snapshot,,
admin,Report Management,Game Reports,/report-management/game-reports/list,page_initialization,page initialization,GET,/admin/priv/check,path,,,"accept,accept-language,client-id,client-version,d,lang,referer,sec-ch-ua,sec-ch-ua-mobile,sec-ch-ua-platform,t,user-agent,x-device-id",Query: route/filter/pagination values emitted by current UI state; Header: browser session/runtime,200,True,object; keys=rights,FAT admin authenticated browser session; exact permission/role mapping pending,No mutation observed in this discovery action,Not applicable for observed read interaction,Page/network response rendered; business data values not persisted,admin/permission,权限检查,后台/系统管理/权限管理/权限检查.bru,ACTIVE,YES,"fat-admin-page-initialization.json network events 143,147; live-menu route and DOM control snapshot",,
admin,Report Management,Game Reports,/report-management/game-reports/list,page_initialization,page initialization,GET,/admin/reports/game/node,"end_time,field,page,page_size,start_time",,,"accept,accept-language,client-id,client-version,d,lang,referer,sec-ch-ua,sec-ch-ua-mobile,sec-ch-ua-platform,t,user-agent,x-device-id",Query: route/filter/pagination values emitted by current UI state; Header: browser session/runtime,200,True,"object; keys=a,d,s,t",FAT admin authenticated browser session; exact permission/role mapping pending,No mutation observed in this discovery action,Not applicable for observed read interaction,Page/network response rendered; business data values not persisted,admin/game,游戏线路报表,后台/报表/游戏报表/游戏线路报表.bru,ACTIVE,YES,fat-admin-page-initialization.json network events 149; live-menu route and DOM control snapshot,,
admin,Report Management,Game Reports,/report-management/game-reports/list,page_initialization,page initialization,GET,/admin/sys/config/compliance/status,,,,"accept,accept-language,client-id,client-version,d,lang,referer,sec-ch-ua,sec-ch-ua-mobile,sec-ch-ua-platform,t,user-agent,x-device-id",Header: browser session/runtime,200,True,"object; keys=effective_open,effective_reason,effective_status_msg",FAT admin authenticated browser session; exact permission/role mapping pending,No mutation observed in this discovery action,Not applicable for observed read interaction,Page/network response rendered; business data values not persisted,,,,UNDOCUMENTED_ACTIVE,YES,fat-admin-page-initialization.json network events 144; live-menu route and DOM control snapshot,,
admin,Report Management,Game Reports,/report-management/game-reports/list,page_initialization,page initialization,POST,/admin/dict/venues,,,,"accept,accept-language,client-id,client-version,content-type,d,lang,referer,sec-ch-ua,sec-ch-ua-mobile,sec-ch-ua-platform,t,user-agent,x-device-id",Header: browser session/runtime,200,True,list,FAT admin authenticated browser session; exact permission/role mapping pending,No mutation observed in this discovery action,Not applicable for observed read interaction,Page/network response rendered; business data values not persisted,,,,UNDOCUMENTED_ACTIVE,YES,fat-admin-page-initialization.json network events 148; live-menu route and DOM control snapshot,,
admin,Report Management,Game Reports,/report-management/game-reports/list,page_initialization,page initialization,POST,/admin/game/search,,,,"accept,accept-language,client-id,client-version,content-type,d,lang,referer,sec-ch-ua,sec-ch-ua-mobile,sec-ch-ua-platform,t,user-agent,x-device-id",Header: browser session/runtime,200,,unknown,FAT admin authenticated browser session; exact permission/role mapping pending,No mutation observed in this discovery action,Not applicable for observed read interaction,Page/network response rendered; business data values not persisted,admin/game,+游戏列表查询-owen-aliang,后台/game管理/游戏管理/+游戏列表查询-owen-aliang.bru,ACTIVE,YES,fat-admin-page-initialization.json network events 141; live-menu route and DOM control snapshot,,
admin,Report Management,Game Reports,/report-management/game-reports/list,page_initialization,page initialization,POST,/admin/game/search,,,,"accept,accept-language,client-id,client-version,content-type,d,lang,referer,sec-ch-ua,sec-ch-ua-mobile,sec-ch-ua-platform,t,user-agent,x-device-id",Header: browser session/runtime,200,True,"object; keys=ids,list,page,page_size,s,t",FAT admin authenticated browser session; exact permission/role mapping pending,No mutation observed in this discovery action,Not applicable for observed read interaction,Page/network response rendered; business data values not persisted,admin/game,+游戏列表查询-owen-aliang,后台/game管理/游戏管理/+游戏列表查询-owen-aliang.bru,ACTIVE,YES,"fat-admin-page-initialization.json network events 150,151,152,153,154,155,156,157; live-menu route and DOM control snapshot",,
admin,Report Management,Game Reports,/report-management/game-reports/list,page_initialization,page initialization,POST,/admin/gameclass/list,,,,"accept,accept-language,client-id,client-version,content-type,d,lang,referer,sec-ch-ua,sec-ch-ua-mobile,sec-ch-ua-platform,t,user-agent,x-device-id",Header: browser session/runtime,200,True,"object; keys=list,page,page_size,s,t",FAT admin authenticated browser session; exact permission/role mapping pending,No mutation observed in this discovery action,Not applicable for observed read interaction,Page/network response rendered; business data values not persisted,admin/game,+查询场馆列表-owen,后台/game管理/场馆管理/+查询场馆列表-owen.bru,ACTIVE,YES,fat-admin-page-initialization.json network events 146; live-menu route and DOM control snapshot,,
admin,Report Management,Game Type Reports,/report-management/game-types-report/list,page_initialization,page initialization,GET,/admin/me/detail,,,,"accept,accept-language,client-id,client-version,d,lang,referer,sec-ch-ua,sec-ch-ua-mobile,sec-ch-ua-platform,t,user-agent,x-device-id",Header: browser session/runtime,200,True,"object; keys=avatar,bind_time,button_permission_ids,cmpl,create_name,created_at,email,google_secret,group_id,id,last_login_ip,last_login_time,login_password,nickname,operator_name,pwd_edit_time,roles,sid,status,stores,updated_at,username",FAT admin authenticated browser session; exact permission/role mapping pending,No mutation observed in this discovery action,Not applicable for observed read interaction,Page/network response rendered; business data values not persisted,admin/other,后台账户详情(当前登陆信息)-seven,后台/后台账号管理/后台账户详情(当前登陆信息)-seven.bru,ACTIVE,YES,fat-admin-page-initialization.json network events 159; live-menu route and DOM control snapshot,,
admin,Report Management,Game Type Reports,/report-management/game-types-report/list,page_initialization,page initialization,GET,/admin/notify/audit/alarm,t,,,"accept,accept-language,client-id,client-version,d,lang,referer,sec-ch-ua,sec-ch-ua-mobile,sec-ch-ua-platform,t,user-agent,x-device-id",Query: route/filter/pagination values emitted by current UI state; Header: browser session/runtime,200,True,"object; keys=bonus_review_pending,feedback_pending,kyc_pending,mall_order_pending,withdraw_pending",FAT admin authenticated browser session; exact permission/role mapping pending,No mutation observed in this discovery action,Not applicable for observed read interaction,Page/network response rendered; business data values not persisted,admin/other,获取系统通知数量-wesley/owen,后台/系统管理/通知中心/获取系统通知数量-wesley-owen.bru,ACTIVE,YES,fat-admin-page-initialization.json network events 163; live-menu route and DOM control snapshot,,
admin,Report Management,Game Type Reports,/report-management/game-types-report/list,page_initialization,page initialization,GET,/admin/priv/check,path,,,"accept,accept-language,client-id,client-version,d,lang,referer,sec-ch-ua,sec-ch-ua-mobile,sec-ch-ua-platform,t,user-agent,x-device-id",Query: route/filter/pagination values emitted by current UI state; Header: browser session/runtime,200,True,object; keys=rights,FAT admin authenticated browser session; exact permission/role mapping pending,No mutation observed in this discovery action,Not applicable for observed read interaction,Page/network response rendered; business data values not persisted,admin/permission,权限检查,后台/系统管理/权限管理/权限检查.bru,ACTIVE,YES,"fat-admin-page-initialization.json network events 160,164; live-menu route and DOM control snapshot",,
admin,Report Management,Game Type Reports,/report-management/game-types-report/list,page_initialization,page initialization,GET,/admin/reports/gameclass/node,"end_time,field,page,page_size,start_time",,,"accept,accept-language,client-id,client-version,d,lang,referer,sec-ch-ua,sec-ch-ua-mobile,sec-ch-ua-platform,t,user-agent,x-device-id",Query: route/filter/pagination values emitted by current UI state; Header: browser session/runtime,200,True,"object; keys=a,d,s,t",FAT admin authenticated browser session; exact permission/role mapping pending,No mutation observed in this discovery action,Not applicable for observed read interaction,Page/network response rendered; business data values not persisted,admin/game,游戏类型线路报表,后台/报表/游戏类型报表/游戏类型线路报表.bru,ACTIVE,YES,fat-admin-page-initialization.json network events 167; live-menu route and DOM control snapshot,,
admin,Report Management,Game Type Reports,/report-management/game-types-report/list,page_initialization,page initialization,GET,/admin/sys/config/compliance/status,,,,"accept,accept-language,client-id,client-version,d,lang,referer,sec-ch-ua,sec-ch-ua-mobile,sec-ch-ua-platform,t,user-agent,x-device-id",Header: browser session/runtime,200,True,"object; keys=effective_open,effective_reason,effective_status_msg",FAT admin authenticated browser session; exact permission/role mapping pending,No mutation observed in this discovery action,Not applicable for observed read interaction,Page/network response rendered; business data values not persisted,,,,UNDOCUMENTED_ACTIVE,YES,fat-admin-page-initialization.json network events 162; live-menu route and DOM control snapshot,,
admin,Report Management,Game Type Reports,/report-management/game-types-report/list,page_initialization,page initialization,POST,/admin/dict/venues,,,,"accept,accept-language,client-id,client-version,content-type,d,lang,referer,sec-ch-ua,sec-ch-ua-mobile,sec-ch-ua-platform,t,user-agent,x-device-id",Header: browser session/runtime,200,True,list,FAT admin authenticated browser session; exact permission/role mapping pending,No mutation observed in this discovery action,Not applicable for observed read interaction,Page/network response rendered; business data values not persisted,,,,UNDOCUMENTED_ACTIVE,YES,fat-admin-page-initialization.json network events 165; live-menu route and DOM control snapshot,,
admin,Report Management,Game Type Reports,/report-management/game-types-report/list,page_initialization,page initialization,POST,/admin/game/search,,,,"accept,accept-language,client-id,client-version,content-type,d,lang,referer,sec-ch-ua,sec-ch-ua-mobile,sec-ch-ua-platform,t,user-agent,x-device-id",Header: browser session/runtime,200,,unknown,FAT admin authenticated browser session; exact permission/role mapping pending,No mutation observed in this discovery action,Not applicable for observed read interaction,Page/network response rendered; business data values not persisted,admin/game,+游戏列表查询-owen-aliang,后台/game管理/游戏管理/+游戏列表查询-owen-aliang.bru,ACTIVE,YES,fat-admin-page-initialization.json network events 158; live-menu route and DOM control snapshot,,
admin,Report Management,Game Type Reports,/report-management/game-types-report/list,page_initialization,page initialization,POST,/admin/game/search,,,,"accept,accept-language,client-id,client-version,content-type,d,lang,referer,sec-ch-ua,sec-ch-ua-mobile,sec-ch-ua-platform,t,user-agent,x-device-id",Header: browser session/runtime,200,True,"object; keys=ids,list,page,page_size,s,t",FAT admin authenticated browser session; exact permission/role mapping pending,No mutation observed in this discovery action,Not applicable for observed read interaction,Page/network response rendered; business data values not persisted,admin/game,+游戏列表查询-owen-aliang,后台/game管理/游戏管理/+游戏列表查询-owen-aliang.bru,ACTIVE,YES,"fat-admin-page-initialization.json network events 166,168,169,170,171,172,173,174; live-menu route and DOM control snapshot",,
admin,Report Management,Game Type Reports,/report-management/game-types-report/list,page_initialization,page initialization,POST,/admin/gameclass/list,,,,"accept,accept-language,client-id,client-version,content-type,d,lang,referer,sec-ch-ua,sec-ch-ua-mobile,sec-ch-ua-platform,t,user-agent,x-device-id",Header: browser session/runtime,200,True,"object; keys=list,page,page_size,s,t",FAT admin authenticated browser session; exact permission/role mapping pending,No mutation observed in this discovery action,Not applicable for observed read interaction,Page/network response rendered; business data values not persisted,admin/game,+查询场馆列表-owen,后台/game管理/场馆管理/+查询场馆列表-owen.bru,ACTIVE,YES,fat-admin-page-initialization.json network events 161; live-menu route and DOM control snapshot,,
admin,Report Management,Member Daily Game Stats,/report-management/member-daily-game-stats,page_initialization,page initialization,GET,/admin/me/detail,,,,"accept,accept-language,client-id,client-version,d,lang,referer,sec-ch-ua,sec-ch-ua-mobile,sec-ch-ua-platform,t,user-agent,x-device-id",Header: browser session/runtime,200,True,"object; keys=avatar,bind_time,button_permission_ids,cmpl,create_name,created_at,email,google_secret,group_id,id,last_login_ip,last_login_time,login_password,nickname,operator_name,pwd_edit_time,roles,sid,status,stores,updated_at,username",FAT admin authenticated browser session; exact permission/role mapping pending,No mutation observed in this discovery action,Not applicable for observed read interaction,Page/network response rendered; business data values not persisted,admin/other,后台账户详情(当前登陆信息)-seven,后台/后台账号管理/后台账户详情(当前登陆信息)-seven.bru,ACTIVE,YES,fat-admin-page-initialization.json network events 206; live-menu route and DOM control snapshot,,
admin,Report Management,Member Daily Game Stats,/report-management/member-daily-game-stats,page_initialization,page initialization,GET,/admin/notify/audit/alarm,t,,,"accept,accept-language,client-id,client-version,d,lang,referer,sec-ch-ua,sec-ch-ua-mobile,sec-ch-ua-platform,t,user-agent,x-device-id",Query: route/filter/pagination values emitted by current UI state; Header: browser session/runtime,200,True,"object; keys=bonus_review_pending,feedback_pending,kyc_pending,mall_order_pending,withdraw_pending",FAT admin authenticated browser session; exact permission/role mapping pending,No mutation observed in this discovery action,Not applicable for observed read interaction,Page/network response rendered; business data values not persisted,admin/other,获取系统通知数量-wesley/owen,后台/系统管理/通知中心/获取系统通知数量-wesley-owen.bru,ACTIVE,YES,fat-admin-page-initialization.json network events 208; live-menu route and DOM control snapshot,,
admin,Report Management,Member Daily Game Stats,/report-management/member-daily-game-stats,page_initialization,page initialization,GET,/admin/reports/member-daily-game/aggregate,"end_date,field,page,page_size,start_date",,,"accept,accept-language,client-id,client-version,d,lang,referer,sec-ch-ua,sec-ch-ua-mobile,sec-ch-ua-platform,t,user-agent,x-device-id",Query: route/filter/pagination values emitted by current UI state; Header: browser session/runtime,200,True,"object; keys=a,d,s,subtotal,t",FAT admin authenticated browser session; exact permission/role mapping pending,No mutation observed in this discovery action,Not applicable for observed read interaction,Page/network response rendered; business data values not persisted,admin/game,会员每日游戏报表--汇总列表,后台/报表管理/会员每日游戏报表--汇总列表.bru,ACTIVE,YES,fat-admin-page-initialization.json network events 211; live-menu route and DOM control snapshot,,
admin,Report Management,Member Daily Game Stats,/report-management/member-daily-game-stats,page_initialization,page initialization,GET,/admin/sys/config/compliance/status,,,,"accept,accept-language,client-id,client-version,d,lang,referer,sec-ch-ua,sec-ch-ua-mobile,sec-ch-ua-platform,t,user-agent,x-device-id",Header: browser session/runtime,200,True,"object; keys=effective_open,effective_reason,effective_status_msg",FAT admin authenticated browser session; exact permission/role mapping pending,No mutation observed in this discovery action,Not applicable for observed read interaction,Page/network response rendered; business data values not persisted,,,,UNDOCUMENTED_ACTIVE,YES,fat-admin-page-initialization.json network events 207; live-menu route and DOM control snapshot,,
admin,Report Management,Member Daily Game Stats,/report-management/member-daily-game-stats,page_initialization,page initialization,POST,/admin/game/search,,,,"accept,accept-language,client-id,client-version,content-type,d,lang,referer,sec-ch-ua,sec-ch-ua-mobile,sec-ch-ua-platform,t,user-agent,x-device-id",Header: browser session/runtime,200,,unknown,FAT admin authenticated browser session; exact permission/role mapping pending,No mutation observed in this discovery action,Not applicable for observed read interaction,Page/network response rendered; business data values not persisted,admin/game,+游戏列表查询-owen-aliang,后台/game管理/游戏管理/+游戏列表查询-owen-aliang.bru,ACTIVE,YES,fat-admin-page-initialization.json network events 205; live-menu route and DOM control snapshot,,
admin,Report Management,Member Daily Game Stats,/report-management/member-daily-game-stats,page_initialization,page initialization,POST,/admin/game/search,,,,"accept,accept-language,client-id,client-version,content-type,d,lang,referer,sec-ch-ua,sec-ch-ua-mobile,sec-ch-ua-platform,t,user-agent,x-device-id",Header: browser session/runtime,200,True,"object; keys=ids,list,page,page_size,s,t",FAT admin authenticated browser session; exact permission/role mapping pending,No mutation observed in this discovery action,Not applicable for observed read interaction,Page/network response rendered; business data values not persisted,admin/game,+游戏列表查询-owen-aliang,后台/game管理/游戏管理/+游戏列表查询-owen-aliang.bru,ACTIVE,YES,"fat-admin-page-initialization.json network events 212,213,214,215,216,217,218,219; live-menu route and DOM control snapshot",,
admin,Report Management,Member Daily Game Stats,/report-management/member-daily-game-stats,page_initialization,page initialization,POST,/admin/gameclass/list,,,,"accept,accept-language,client-id,client-version,content-type,d,lang,referer,sec-ch-ua,sec-ch-ua-mobile,sec-ch-ua-platform,t,user-agent,x-device-id",Header: browser session/runtime,200,True,"object; keys=list,page,page_size,s,t",FAT admin authenticated browser session; exact permission/role mapping pending,No mutation observed in this discovery action,Not applicable for observed read interaction,Page/network response rendered; business data values not persisted,admin/game,+查询场馆列表-owen,后台/game管理/场馆管理/+查询场馆列表-owen.bru,ACTIVE,YES,"fat-admin-page-initialization.json network events 209,210; live-menu route and DOM control snapshot",,
admin,Report Management,Member Daily Stats,/report-management/member-daily-stats,page_initialization,page initialization,GET,/admin/me/detail,,,,"accept,accept-language,client-id,client-version,d,lang,referer,sec-ch-ua,sec-ch-ua-mobile,sec-ch-ua-platform,t,user-agent,x-device-id",Header: browser session/runtime,200,True,"object; keys=avatar,bind_time,button_permission_ids,cmpl,create_name,created_at,email,google_secret,group_id,id,last_login_ip,last_login_time,login_password,nickname,operator_name,pwd_edit_time,roles,sid,status,stores,updated_at,username",FAT admin authenticated browser session; exact permission/role mapping pending,No mutation observed in this discovery action,Not applicable for observed read interaction,Page/network response rendered; business data values not persisted,admin/other,后台账户详情(当前登陆信息)-seven,后台/后台账号管理/后台账户详情(当前登陆信息)-seven.bru,ACTIVE,YES,fat-admin-page-initialization.json network events 192; live-menu route and DOM control snapshot,,
admin,Report Management,Member Daily Stats,/report-management/member-daily-stats,page_initialization,page initialization,GET,/admin/notify/audit/alarm,t,,,"accept,accept-language,client-id,client-version,d,lang,referer,sec-ch-ua,sec-ch-ua-mobile,sec-ch-ua-platform,t,user-agent,x-device-id",Query: route/filter/pagination values emitted by current UI state; Header: browser session/runtime,200,True,"object; keys=bonus_review_pending,feedback_pending,kyc_pending,mall_order_pending,withdraw_pending",FAT admin authenticated browser session; exact permission/role mapping pending,No mutation observed in this discovery action,Not applicable for observed read interaction,Page/network response rendered; business data values not persisted,admin/other,获取系统通知数量-wesley/owen,后台/系统管理/通知中心/获取系统通知数量-wesley-owen.bru,ACTIVE,YES,fat-admin-page-initialization.json network events 194; live-menu route and DOM control snapshot,,
admin,Report Management,Member Daily Stats,/report-management/member-daily-stats,page_initialization,page initialization,GET,/admin/reports/member,"end_time,field,page,page_size,start_time",,,"accept,accept-language,client-id,client-version,d,lang,referer,sec-ch-ua,sec-ch-ua-mobile,sec-ch-ua-platform,t,user-agent,x-device-id",Query: route/filter/pagination values emitted by current UI state; Header: browser session/runtime,200,True,"object; keys=a,d,s,t",FAT admin authenticated browser session; exact permission/role mapping pending,No mutation observed in this discovery action,Not applicable for observed read interaction,Page/network response rendered; business data values not persisted,admin/report,个人统计--列表,后台/报表管理/个人统计--列表.bru,ACTIVE,YES,fat-admin-page-initialization.json network events 196; live-menu route and DOM control snapshot,,
admin,Report Management,Member Daily Stats,/report-management/member-daily-stats,page_initialization,page initialization,GET,/admin/sys/config/compliance/status,,,,"accept,accept-language,client-id,client-version,d,lang,referer,sec-ch-ua,sec-ch-ua-mobile,sec-ch-ua-platform,t,user-agent,x-device-id",Header: browser session/runtime,200,True,"object; keys=effective_open,effective_reason,effective_status_msg",FAT admin authenticated browser session; exact permission/role mapping pending,No mutation observed in this discovery action,Not applicable for observed read interaction,Page/network response rendered; business data values not persisted,,,,UNDOCUMENTED_ACTIVE,YES,fat-admin-page-initialization.json network events 193; live-menu route and DOM control snapshot,,
admin,Report Management,Member Daily Stats,/report-management/member-daily-stats,page_initialization,page initialization,POST,/admin/game/search,,,,"accept,accept-language,client-id,client-version,content-type,d,lang,referer,sec-ch-ua,sec-ch-ua-mobile,sec-ch-ua-platform,t,user-agent,x-device-id",Header: browser session/runtime,200,,unknown,FAT admin authenticated browser session; exact permission/role mapping pending,No mutation observed in this discovery action,Not applicable for observed read interaction,Page/network response rendered; business data values not persisted,admin/game,+游戏列表查询-owen-aliang,后台/game管理/游戏管理/+游戏列表查询-owen-aliang.bru,ACTIVE,YES,fat-admin-page-initialization.json network events 191; live-menu route and DOM control snapshot,,
admin,Report Management,Member Daily Stats,/report-management/member-daily-stats,page_initialization,page initialization,POST,/admin/game/search,,,,"accept,accept-language,client-id,client-version,content-type,d,lang,referer,sec-ch-ua,sec-ch-ua-mobile,sec-ch-ua-platform,t,user-agent,x-device-id",Header: browser session/runtime,200,True,"object; keys=ids,list,page,page_size,s,t",FAT admin authenticated browser session; exact permission/role mapping pending,No mutation observed in this discovery action,Not applicable for observed read interaction,Page/network response rendered; business data values not persisted,admin/game,+游戏列表查询-owen-aliang,后台/game管理/游戏管理/+游戏列表查询-owen-aliang.bru,ACTIVE,YES,"fat-admin-page-initialization.json network events 197,198,199,200,201,202,203,204; live-menu route and DOM control snapshot",,
admin,Report Management,Member Daily Stats,/report-management/member-daily-stats,page_initialization,page initialization,POST,/admin/gameclass/list,,,,"accept,accept-language,client-id,client-version,content-type,d,lang,referer,sec-ch-ua,sec-ch-ua-mobile,sec-ch-ua-platform,t,user-agent,x-device-id",Header: browser session/runtime,200,True,"object; keys=list,page,page_size,s,t",FAT admin authenticated browser session; exact permission/role mapping pending,No mutation observed in this discovery action,Not applicable for observed read interaction,Page/network response rendered; business data values not persisted,admin/game,+查询场馆列表-owen,后台/game管理/场馆管理/+查询场馆列表-owen.bru,ACTIVE,YES,fat-admin-page-initialization.json network events 195; live-menu route and DOM control snapshot,,
admin,Risk Management,Deposit/Withdrawal Approval,/risk-control/dw-audit,page_initialization,page initialization,GET,/admin/finance/payment/withdraw/channels,,,,"accept,accept-language,client-id,client-version,d,lang,referer,sec-ch-ua,sec-ch-ua-mobile,sec-ch-ua-platform,t,user-agent,x-device-id",Header: browser session/runtime,200,True,list,FAT admin authenticated browser session; exact permission/role mapping pending,No mutation observed in this discovery action,Not applicable for observed read interaction,Page/network response rendered; business data values not persisted,admin/finance,提现渠道列表-cold,合规/财务管理/财务记录/提现渠道列表-cold.bru,ACTIVE,YES,fat-admin-page-initialization.json network events 530; live-menu route and DOM control snapshot,,
admin,Risk Management,Deposit/Withdrawal Approval,/risk-control/dw-audit,page_initialization,page initialization,GET,/admin/me/detail,,,,"accept,accept-language,client-id,client-version,d,lang,referer,sec-ch-ua,sec-ch-ua-mobile,sec-ch-ua-platform,t,user-agent,x-device-id",Header: browser session/runtime,200,True,"object; keys=avatar,bind_time,button_permission_ids,cmpl,create_name,created_at,email,google_secret,group_id,id,last_login_ip,last_login_time,login_password,nickname,operator_name,pwd_edit_time,roles,sid,status,stores,updated_at,username",FAT admin authenticated browser session; exact permission/role mapping pending,No mutation observed in this discovery action,Not applicable for observed read interaction,Page/network response rendered; business data values not persisted,admin/other,后台账户详情(当前登陆信息)-seven,后台/后台账号管理/后台账户详情(当前登陆信息)-seven.bru,ACTIVE,YES,fat-admin-page-initialization.json network events 528; live-menu route and DOM control snapshot,,
admin,Risk Management,Deposit/Withdrawal Approval,/risk-control/dw-audit,page_initialization,page initialization,GET,/admin/notify/audit/alarm,t,,,"accept,accept-language,client-id,client-version,d,lang,referer,sec-ch-ua,sec-ch-ua-mobile,sec-ch-ua-platform,t,user-agent,x-device-id",Query: route/filter/pagination values emitted by current UI state; Header: browser session/runtime,200,True,"object; keys=bonus_review_pending,feedback_pending,kyc_pending,mall_order_pending,withdraw_pending",FAT admin authenticated browser session; exact permission/role mapping pending,No mutation observed in this discovery action,Not applicable for observed read interaction,Page/network response rendered; business data values not persisted,admin/other,获取系统通知数量-wesley/owen,后台/系统管理/通知中心/获取系统通知数量-wesley-owen.bru,ACTIVE,YES,fat-admin-page-initialization.json network events 531; live-menu route and DOM control snapshot,,
admin,Risk Management,Deposit/Withdrawal Approval,/risk-control/dw-audit,page_initialization,page initialization,GET,/admin/sys/config/compliance/status,,,,"accept,accept-language,client-id,client-version,d,lang,referer,sec-ch-ua,sec-ch-ua-mobile,sec-ch-ua-platform,t,user-agent,x-device-id",Header: browser session/runtime,200,True,"object; keys=effective_open,effective_reason,effective_status_msg",FAT admin authenticated browser session; exact permission/role mapping pending,No mutation observed in this discovery action,Not applicable for observed read interaction,Page/network response rendered; business data values not persisted,,,,UNDOCUMENTED_ACTIVE,YES,fat-admin-page-initialization.json network events 529; live-menu route and DOM control snapshot,,
admin,Risk Management,Deposit/Withdrawal Approval,/risk-control/dw-audit,page_initialization,page initialization,POST,/admin/finance/withdraw/risk/audit/list,,,,"accept,accept-language,client-id,client-version,content-type,d,lang,referer,sec-ch-ua,sec-ch-ua-mobile,sec-ch-ua-platform,t,user-agent,x-device-id",Header: browser session/runtime,200,True,"object; keys=d,s,summary,t",FAT admin authenticated browser session; exact permission/role mapping pending,No mutation observed in this discovery action,Not applicable for observed read interaction,Page/network response rendered; business data values not persisted,,,,UNDOCUMENTED_ACTIVE,YES,fat-admin-page-initialization.json network events 533; live-menu route and DOM control snapshot,,
admin,Risk Management,Deposit/Withdrawal Approval,/risk-control/dw-audit,page_initialization,page initialization,POST,/admin/game/search,,,,"accept,accept-language,client-id,client-version,content-type,d,lang,referer,sec-ch-ua,sec-ch-ua-mobile,sec-ch-ua-platform,t,user-agent,x-device-id",Header: browser session/runtime,200,True,"object; keys=ids,list,page,page_size,s,t",FAT admin authenticated browser session; exact permission/role mapping pending,No mutation observed in this discovery action,Not applicable for observed read interaction,Page/network response rendered; business data values not persisted,admin/game,+游戏列表查询-owen-aliang,后台/game管理/游戏管理/+游戏列表查询-owen-aliang.bru,ACTIVE,YES,"fat-admin-page-initialization.json network events 534,535,536,537,538,539,540; live-menu route and DOM control snapshot",,
admin,Risk Management,Deposit/Withdrawal Approval,/risk-control/dw-audit,page_initialization,page initialization,POST,/admin/gameclass/list,,,,"accept,accept-language,client-id,client-version,content-type,d,lang,referer,sec-ch-ua,sec-ch-ua-mobile,sec-ch-ua-platform,t,user-agent,x-device-id",Header: browser session/runtime,200,True,"object; keys=list,page,page_size,s,t",FAT admin authenticated browser session; exact permission/role mapping pending,No mutation observed in this discovery action,Not applicable for observed read interaction,Page/network response rendered; business data values not persisted,admin/game,+查询场馆列表-owen,后台/game管理/场馆管理/+查询场馆列表-owen.bru,ACTIVE,YES,fat-admin-page-initialization.json network events 532; live-menu route and DOM control snapshot,,
admin,Risk Management,Risk Logs,/risk-control/risk-logs,page_initialization,page initialization,GET,/admin/me/detail,,,,"accept,accept-language,client-id,client-version,d,lang,referer,sec-ch-ua,sec-ch-ua-mobile,sec-ch-ua-platform,t,user-agent,x-device-id",Header: browser session/runtime,200,True,"object; keys=avatar,bind_time,button_permission_ids,cmpl,create_name,created_at,email,google_secret,group_id,id,last_login_ip,last_login_time,login_password,nickname,operator_name,pwd_edit_time,roles,sid,status,stores,updated_at,username",FAT admin authenticated browser session; exact permission/role mapping pending,No mutation observed in this discovery action,Not applicable for observed read interaction,Page/network response rendered; business data values not persisted,admin/other,后台账户详情(当前登陆信息)-seven,后台/后台账号管理/后台账户详情(当前登陆信息)-seven.bru,ACTIVE,YES,fat-admin-page-initialization.json network events 571; live-menu route and DOM control snapshot,,
admin,Risk Management,Risk Logs,/risk-control/risk-logs,page_initialization,page initialization,GET,/admin/member/risk/log,"created_end_time,created_start_time,page,page_size",,,"accept,accept-language,client-id,client-version,d,lang,referer,sec-ch-ua,sec-ch-ua-mobile,sec-ch-ua-platform,t,user-agent,x-device-id",Query: route/filter/pagination values emitted by current UI state; Header: browser session/runtime,200,True,"object; keys=d,t",FAT admin authenticated browser session; exact permission/role mapping pending,No mutation observed in this discovery action,Not applicable for observed read interaction,Page/network response rendered; business data values not persisted,admin/member,风控日志,后台/会员列表/风控日志.bru,ACTIVE,YES,fat-admin-page-initialization.json network events 575; live-menu route and DOM control snapshot,,
admin,Risk Management,Risk Logs,/risk-control/risk-logs,page_initialization,page initialization,GET,/admin/notify/audit/alarm,t,,,"accept,accept-language,client-id,client-version,d,lang,referer,sec-ch-ua,sec-ch-ua-mobile,sec-ch-ua-platform,t,user-agent,x-device-id",Query: route/filter/pagination values emitted by current UI state; Header: browser session/runtime,200,True,"object; keys=bonus_review_pending,feedback_pending,kyc_pending,mall_order_pending,withdraw_pending",FAT admin authenticated browser session; exact permission/role mapping pending,No mutation observed in this discovery action,Not applicable for observed read interaction,Page/network response rendered; business data values not persisted,admin/other,获取系统通知数量-wesley/owen,后台/系统管理/通知中心/获取系统通知数量-wesley-owen.bru,ACTIVE,YES,fat-admin-page-initialization.json network events 574; live-menu route and DOM control snapshot,,
admin,Risk Management,Risk Logs,/risk-control/risk-logs,page_initialization,page initialization,GET,/admin/sys/config/compliance/status,,,,"accept,accept-language,client-id,client-version,d,lang,referer,sec-ch-ua,sec-ch-ua-mobile,sec-ch-ua-platform,t,user-agent,x-device-id",Header: browser session/runtime,200,True,"object; keys=effective_open,effective_reason,effective_status_msg",FAT admin authenticated browser session; exact permission/role mapping pending,No mutation observed in this discovery action,Not applicable for observed read interaction,Page/network response rendered; business data values not persisted,,,,UNDOCUMENTED_ACTIVE,YES,fat-admin-page-initialization.json network events 572; live-menu route and DOM control snapshot,,
admin,Risk Management,Risk Logs,/risk-control/risk-logs,page_initialization,page initialization,POST,/admin/game/search,,,,"accept,accept-language,client-id,client-version,content-type,d,lang,referer,sec-ch-ua,sec-ch-ua-mobile,sec-ch-ua-platform,t,user-agent,x-device-id",Header: browser session/runtime,200,,unknown,FAT admin authenticated browser session; exact permission/role mapping pending,No mutation observed in this discovery action,Not applicable for observed read interaction,Page/network response rendered; business data values not persisted,admin/game,+游戏列表查询-owen-aliang,后台/game管理/游戏管理/+游戏列表查询-owen-aliang.bru,ACTIVE,YES,fat-admin-page-initialization.json network events 570; live-menu route and DOM control snapshot,,
admin,Risk Management,Risk Logs,/risk-control/risk-logs,page_initialization,page initialization,POST,/admin/game/search,,,,"accept,accept-language,client-id,client-version,content-type,d,lang,referer,sec-ch-ua,sec-ch-ua-mobile,sec-ch-ua-platform,t,user-agent,x-device-id",Header: browser session/runtime,200,True,"object; keys=ids,list,page,page_size,s,t",FAT admin authenticated browser session; exact permission/role mapping pending,No mutation observed in this discovery action,Not applicable for observed read interaction,Page/network response rendered; business data values not persisted,admin/game,+游戏列表查询-owen-aliang,后台/game管理/游戏管理/+游戏列表查询-owen-aliang.bru,ACTIVE,YES,"fat-admin-page-initialization.json network events 576,577,578,579,580,581,582,583; live-menu route and DOM control snapshot",,
admin,Risk Management,Risk Logs,/risk-control/risk-logs,page_initialization,page initialization,POST,/admin/gameclass/list,,,,"accept,accept-language,client-id,client-version,content-type,d,lang,referer,sec-ch-ua,sec-ch-ua-mobile,sec-ch-ua-platform,t,user-agent,x-device-id",Header: browser session/runtime,200,True,"object; keys=list,page,page_size,s,t",FAT admin authenticated browser session; exact permission/role mapping pending,No mutation observed in this discovery action,Not applicable for observed read interaction,Page/network response rendered; business data values not persisted,admin/game,+查询场馆列表-owen,后台/game管理/场馆管理/+查询场馆列表-owen.bru,ACTIVE,YES,fat-admin-page-initialization.json network events 573; live-menu route and DOM control snapshot,,
admin,Risk Management,Temporary Restriction List,/risk-control/temporary-restriction-list,page_initialization,page initialization,GET,/admin/finance/withdraws/limit/list,"page,page_size",,,"accept,accept-language,client-id,client-version,d,lang,referer,sec-ch-ua,sec-ch-ua-mobile,sec-ch-ua-platform,t,user-agent,x-device-id",Query: route/filter/pagination values emitted by current UI state; Header: browser session/runtime,200,True,"object; keys=conf,d,s,t",FAT admin authenticated browser session; exact permission/role mapping pending,No mutation observed in this discovery action,Not applicable for observed read interaction,Page/network response rendered; business data values not persisted,admin/finance,大量小額提款檢查列表,后台/风控管理/大量小額提款檢查/大量小額提款檢查列表.bru,ACTIVE,YES,fat-admin-page-initialization.json network events 561; live-menu route and DOM control snapshot,,
admin,Risk Management,Temporary Restriction List,/risk-control/temporary-restriction-list,page_initialization,page initialization,GET,/admin/me/detail,,,,"accept,accept-language,client-id,client-version,d,lang,referer,sec-ch-ua,sec-ch-ua-mobile,sec-ch-ua-platform,t,user-agent,x-device-id",Header: browser session/runtime,200,True,"object; keys=avatar,bind_time,button_permission_ids,cmpl,create_name,created_at,email,google_secret,group_id,id,last_login_ip,last_login_time,login_password,nickname,operator_name,pwd_edit_time,roles,sid,status,stores,updated_at,username",FAT admin authenticated browser session; exact permission/role mapping pending,No mutation observed in this discovery action,Not applicable for observed read interaction,Page/network response rendered; business data values not persisted,admin/other,后台账户详情(当前登陆信息)-seven,后台/后台账号管理/后台账户详情(当前登陆信息)-seven.bru,ACTIVE,YES,fat-admin-page-initialization.json network events 557; live-menu route and DOM control snapshot,,
admin,Risk Management,Temporary Restriction List,/risk-control/temporary-restriction-list,page_initialization,page initialization,GET,/admin/notify/audit/alarm,t,,,"accept,accept-language,client-id,client-version,d,lang,referer,sec-ch-ua,sec-ch-ua-mobile,sec-ch-ua-platform,t,user-agent,x-device-id",Query: route/filter/pagination values emitted by current UI state; Header: browser session/runtime,200,True,"object; keys=bonus_review_pending,feedback_pending,kyc_pending,mall_order_pending,withdraw_pending",FAT admin authenticated browser session; exact permission/role mapping pending,No mutation observed in this discovery action,Not applicable for observed read interaction,Page/network response rendered; business data values not persisted,admin/other,获取系统通知数量-wesley/owen,后台/系统管理/通知中心/获取系统通知数量-wesley-owen.bru,ACTIVE,YES,fat-admin-page-initialization.json network events 559; live-menu route and DOM control snapshot,,
admin,Risk Management,Temporary Restriction List,/risk-control/temporary-restriction-list,page_initialization,page initialization,GET,/admin/sys/config/compliance/status,,,,"accept,accept-language,client-id,client-version,d,lang,referer,sec-ch-ua,sec-ch-ua-mobile,sec-ch-ua-platform,t,user-agent,x-device-id",Header: browser session/runtime,200,True,"object; keys=effective_open,effective_reason,effective_status_msg",FAT admin authenticated browser session; exact permission/role mapping pending,No mutation observed in this discovery action,Not applicable for observed read interaction,Page/network response rendered; business data values not persisted,,,,UNDOCUMENTED_ACTIVE,YES,fat-admin-page-initialization.json network events 558; live-menu route and DOM control snapshot,,
admin,Risk Management,Temporary Restriction List,/risk-control/temporary-restriction-list,page_initialization,page initialization,POST,/admin/game/search,,,,"accept,accept-language,client-id,client-version,content-type,d,lang,referer,sec-ch-ua,sec-ch-ua-mobile,sec-ch-ua-platform,t,user-agent,x-device-id",Header: browser session/runtime,200,,unknown,FAT admin authenticated browser session; exact permission/role mapping pending,No mutation observed in this discovery action,Not applicable for observed read interaction,Page/network response rendered; business data values not persisted,admin/game,+游戏列表查询-owen-aliang,后台/game管理/游戏管理/+游戏列表查询-owen-aliang.bru,ACTIVE,YES,fat-admin-page-initialization.json network events 556; live-menu route and DOM control snapshot,,
admin,Risk Management,Temporary Restriction List,/risk-control/temporary-restriction-list,page_initialization,page initialization,POST,/admin/game/search,,,,"accept,accept-language,client-id,client-version,content-type,d,lang,referer,sec-ch-ua,sec-ch-ua-mobile,sec-ch-ua-platform,t,user-agent,x-device-id",Header: browser session/runtime,200,True,"object; keys=ids,list,page,page_size,s,t",FAT admin authenticated browser session; exact permission/role mapping pending,No mutation observed in this discovery action,Not applicable for observed read interaction,Page/network response rendered; business data values not persisted,admin/game,+游戏列表查询-owen-aliang,后台/game管理/游戏管理/+游戏列表查询-owen-aliang.bru,ACTIVE,YES,"fat-admin-page-initialization.json network events 562,563,564,565,566,567,568,569; live-menu route and DOM control snapshot",,
admin,Risk Management,Temporary Restriction List,/risk-control/temporary-restriction-list,page_initialization,page initialization,POST,/admin/gameclass/list,,,,"accept,accept-language,client-id,client-version,content-type,d,lang,referer,sec-ch-ua,sec-ch-ua-mobile,sec-ch-ua-platform,t,user-agent,x-device-id",Header: browser session/runtime,200,True,"object; keys=list,page,page_size,s,t",FAT admin authenticated browser session; exact permission/role mapping pending,No mutation observed in this discovery action,Not applicable for observed read interaction,Page/network response rendered; business data values not persisted,admin/game,+查询场馆列表-owen,后台/game管理/场馆管理/+查询场馆列表-owen.bru,ACTIVE,YES,fat-admin-page-initialization.json network events 560; live-menu route and DOM control snapshot,,
admin,Risk Management,Fund Transfer Record,/risk-control/up-down-score,page_initialization,page initialization,GET,/admin/me/detail,,,,"accept,accept-language,client-id,client-version,d,lang,referer,sec-ch-ua,sec-ch-ua-mobile,sec-ch-ua-platform,t,user-agent,x-device-id",Header: browser session/runtime,200,True,"object; keys=avatar,bind_time,button_permission_ids,cmpl,create_name,created_at,email,google_secret,group_id,id,last_login_ip,last_login_time,login_password,nickname,operator_name,pwd_edit_time,roles,sid,status,stores,updated_at,username",FAT admin authenticated browser session; exact permission/role mapping pending,No mutation observed in this discovery action,Not applicable for observed read interaction,Page/network response rendered; business data values not persisted,admin/other,后台账户详情(当前登陆信息)-seven,后台/后台账号管理/后台账户详情(当前登陆信息)-seven.bru,ACTIVE,YES,fat-admin-page-initialization.json network events 542; live-menu route and DOM control snapshot,,
admin,Risk Management,Fund Transfer Record,/risk-control/up-down-score,page_initialization,page initialization,GET,/admin/notify/audit/alarm,t,,,"accept,accept-language,client-id,client-version,d,lang,referer,sec-ch-ua,sec-ch-ua-mobile,sec-ch-ua-platform,t,user-agent,x-device-id",Query: route/filter/pagination values emitted by current UI state; Header: browser session/runtime,200,True,"object; keys=bonus_review_pending,feedback_pending,kyc_pending,mall_order_pending,withdraw_pending",FAT admin authenticated browser session; exact permission/role mapping pending,No mutation observed in this discovery action,Not applicable for observed read interaction,Page/network response rendered; business data values not persisted,admin/other,获取系统通知数量-wesley/owen,后台/系统管理/通知中心/获取系统通知数量-wesley-owen.bru,ACTIVE,YES,fat-admin-page-initialization.json network events 545; live-menu route and DOM control snapshot,,
admin,Risk Management,Fund Transfer Record,/risk-control/up-down-score,page_initialization,page initialization,GET,/admin/priv/check,path,,,"accept,accept-language,client-id,client-version,d,lang,referer,sec-ch-ua,sec-ch-ua-mobile,sec-ch-ua-platform,t,user-agent,x-device-id",Query: route/filter/pagination values emitted by current UI state; Header: browser session/runtime,200,True,object; keys=rights,FAT admin authenticated browser session; exact permission/role mapping pending,No mutation observed in this discovery action,Not applicable for observed read interaction,Page/network response rendered; business data values not persisted,admin/permission,权限检查,后台/系统管理/权限管理/权限检查.bru,ACTIVE,YES,fat-admin-page-initialization.json network events 543; live-menu route and DOM control snapshot,,
admin,Risk Management,Fund Transfer Record,/risk-control/up-down-score,page_initialization,page initialization,GET,/admin/sys/config/compliance/status,,,,"accept,accept-language,client-id,client-version,d,lang,referer,sec-ch-ua,sec-ch-ua-mobile,sec-ch-ua-platform,t,user-agent,x-device-id",Header: browser session/runtime,200,True,"object; keys=effective_open,effective_reason,effective_status_msg",FAT admin authenticated browser session; exact permission/role mapping pending,No mutation observed in this discovery action,Not applicable for observed read interaction,Page/network response rendered; business data values not persisted,,,,UNDOCUMENTED_ACTIVE,YES,fat-admin-page-initialization.json network events 544; live-menu route and DOM control snapshot,,
admin,Risk Management,Fund Transfer Record,/risk-control/up-down-score,page_initialization,page initialization,POST,/admin/finance/adjust/list,,,,"accept,accept-language,client-id,client-version,content-type,d,lang,referer,sec-ch-ua,sec-ch-ua-mobile,sec-ch-ua-platform,t,user-agent,x-device-id",Header: browser session/runtime,200,True,"object; keys=d,s,t",FAT admin authenticated browser session; exact permission/role mapping pending,No mutation observed in this discovery action,Not applicable for observed read interaction,Page/network response rendered; business data values not persisted,admin/finance,系统调整,代理管理后台/财务管理/财务报表/系统调整.bru,ACTIVE,YES,fat-admin-page-initialization.json network events 547; live-menu route and DOM control snapshot,,
admin,Risk Management,Fund Transfer Record,/risk-control/up-down-score,page_initialization,page initialization,POST,/admin/game/search,,,,"accept,accept-language,client-id,client-version,content-type,d,lang,referer,sec-ch-ua,sec-ch-ua-mobile,sec-ch-ua-platform,t,user-agent,x-device-id",Header: browser session/runtime,200,,unknown,FAT admin authenticated browser session; exact permission/role mapping pending,No mutation observed in this discovery action,Not applicable for observed read interaction,Page/network response rendered; business data values not persisted,admin/game,+游戏列表查询-owen-aliang,后台/game管理/游戏管理/+游戏列表查询-owen-aliang.bru,ACTIVE,YES,fat-admin-page-initialization.json network events 541; live-menu route and DOM control snapshot,,
admin,Risk Management,Fund Transfer Record,/risk-control/up-down-score,page_initialization,page initialization,POST,/admin/game/search,,,,"accept,accept-language,client-id,client-version,content-type,d,lang,referer,sec-ch-ua,sec-ch-ua-mobile,sec-ch-ua-platform,t,user-agent,x-device-id",Header: browser session/runtime,200,True,"object; keys=ids,list,page,page_size,s,t",FAT admin authenticated browser session; exact permission/role mapping pending,No mutation observed in this discovery action,Not applicable for observed read interaction,Page/network response rendered; business data values not persisted,admin/game,+游戏列表查询-owen-aliang,后台/game管理/游戏管理/+游戏列表查询-owen-aliang.bru,ACTIVE,YES,"fat-admin-page-initialization.json network events 548,549,550,551,552,553,554,555; live-menu route and DOM control snapshot",,
admin,Risk Management,Fund Transfer Record,/risk-control/up-down-score,page_initialization,page initialization,POST,/admin/gameclass/list,,,,"accept,accept-language,client-id,client-version,content-type,d,lang,referer,sec-ch-ua,sec-ch-ua-mobile,sec-ch-ua-platform,t,user-agent,x-device-id",Header: browser session/runtime,200,True,"object; keys=list,page,page_size,s,t",FAT admin authenticated browser session; exact permission/role mapping pending,No mutation observed in this discovery action,Not applicable for observed read interaction,Page/network response rendered; business data values not persisted,admin/game,+查询场馆列表-owen,后台/game管理/场馆管理/+查询场馆列表-owen.bru,ACTIVE,YES,fat-admin-page-initialization.json network events 546; live-menu route and DOM control snapshot,,
admin,Site Management,Domain Management,/site-management/domain-management,page_initialization,page initialization,GET,/admin/channel/promotion/domain/list,"page,page_size",,,"accept,accept-language,client-id,client-version,d,lang,referer,sec-ch-ua,sec-ch-ua-mobile,sec-ch-ua-platform,t,user-agent,x-device-id",Query: route/filter/pagination values emitted by current UI state; Header: browser session/runtime,200,True,"object; keys=d,s,t",FAT admin authenticated browser session; exact permission/role mapping pending,No mutation observed in this discovery action,Not applicable for observed read interaction,Page/network response rendered; business data values not persisted,admin/promo,列表,后台/渠道推广-域名管理/列表.bru,ACTIVE,YES,fat-admin-page-initialization.json network events 680; live-menu route and DOM control snapshot,,
admin,Site Management,Domain Management,/site-management/domain-management,page_initialization,page initialization,GET,/admin/me/detail,,,,"accept,accept-language,client-id,client-version,d,lang,referer,sec-ch-ua,sec-ch-ua-mobile,sec-ch-ua-platform,t,user-agent,x-device-id",Header: browser session/runtime,200,True,"object; keys=avatar,bind_time,button_permission_ids,cmpl,create_name,created_at,email,google_secret,group_id,id,last_login_ip,last_login_time,login_password,nickname,operator_name,pwd_edit_time,roles,sid,status,stores,updated_at,username",FAT admin authenticated browser session; exact permission/role mapping pending,No mutation observed in this discovery action,Not applicable for observed read interaction,Page/network response rendered; business data values not persisted,admin/other,后台账户详情(当前登陆信息)-seven,后台/后台账号管理/后台账户详情(当前登陆信息)-seven.bru,ACTIVE,YES,fat-admin-page-initialization.json network events 676; live-menu route and DOM control snapshot,,
admin,Site Management,Domain Management,/site-management/domain-management,page_initialization,page initialization,GET,/admin/notify/audit/alarm,t,,,"accept,accept-language,client-id,client-version,d,lang,referer,sec-ch-ua,sec-ch-ua-mobile,sec-ch-ua-platform,t,user-agent,x-device-id",Query: route/filter/pagination values emitted by current UI state; Header: browser session/runtime,200,True,"object; keys=bonus_review_pending,feedback_pending,kyc_pending,mall_order_pending,withdraw_pending",FAT admin authenticated browser session; exact permission/role mapping pending,No mutation observed in this discovery action,Not applicable for observed read interaction,Page/network response rendered; business data values not persisted,admin/other,获取系统通知数量-wesley/owen,后台/系统管理/通知中心/获取系统通知数量-wesley-owen.bru,ACTIVE,YES,fat-admin-page-initialization.json network events 679; live-menu route and DOM control snapshot,,
admin,Site Management,Domain Management,/site-management/domain-management,page_initialization,page initialization,GET,/admin/sys/config/compliance/status,,,,"accept,accept-language,client-id,client-version,d,lang,referer,sec-ch-ua,sec-ch-ua-mobile,sec-ch-ua-platform,t,user-agent,x-device-id",Header: browser session/runtime,200,True,"object; keys=effective_open,effective_reason,effective_status_msg",FAT admin authenticated browser session; exact permission/role mapping pending,No mutation observed in this discovery action,Not applicable for observed read interaction,Page/network response rendered; business data values not persisted,,,,UNDOCUMENTED_ACTIVE,YES,fat-admin-page-initialization.json network events 677; live-menu route and DOM control snapshot,,
admin,Site Management,Domain Management,/site-management/domain-management,page_initialization,page initialization,POST,/admin/game/search,,,,"accept,accept-language,client-id,client-version,content-type,d,lang,referer,sec-ch-ua,sec-ch-ua-mobile,sec-ch-ua-platform,t,user-agent,x-device-id",Header: browser session/runtime,200,,unknown,FAT admin authenticated browser session; exact permission/role mapping pending,No mutation observed in this discovery action,Not applicable for observed read interaction,Page/network response rendered; business data values not persisted,admin/game,+游戏列表查询-owen-aliang,后台/game管理/游戏管理/+游戏列表查询-owen-aliang.bru,ACTIVE,YES,fat-admin-page-initialization.json network events 675; live-menu route and DOM control snapshot,,
admin,Site Management,Domain Management,/site-management/domain-management,page_initialization,page initialization,POST,/admin/game/search,,,,"accept,accept-language,client-id,client-version,content-type,d,lang,referer,sec-ch-ua,sec-ch-ua-mobile,sec-ch-ua-platform,t,user-agent,x-device-id",Header: browser session/runtime,200,True,"object; keys=ids,list,page,page_size,s,t",FAT admin authenticated browser session; exact permission/role mapping pending,No mutation observed in this discovery action,Not applicable for observed read interaction,Page/network response rendered; business data values not persisted,admin/game,+游戏列表查询-owen-aliang,后台/game管理/游戏管理/+游戏列表查询-owen-aliang.bru,ACTIVE,YES,"fat-admin-page-initialization.json network events 681,682,683,684,685,686,687,688; live-menu route and DOM control snapshot",,
admin,Site Management,Domain Management,/site-management/domain-management,page_initialization,page initialization,POST,/admin/gameclass/list,,,,"accept,accept-language,client-id,client-version,content-type,d,lang,referer,sec-ch-ua,sec-ch-ua-mobile,sec-ch-ua-platform,t,user-agent,x-device-id",Header: browser session/runtime,200,True,"object; keys=list,page,page_size,s,t",FAT admin authenticated browser session; exact permission/role mapping pending,No mutation observed in this discovery action,Not applicable for observed read interaction,Page/network response rendered; business data values not persisted,admin/game,+查询场馆列表-owen,后台/game管理/场馆管理/+查询场馆列表-owen.bru,ACTIVE,YES,fat-admin-page-initialization.json network events 678; live-menu route and DOM control snapshot,,
admin,System,Bet Order Monitoring,/system/order-monitor,page_initialization,page initialization,GET,/admin/me/detail,,,,"accept,accept-language,client-id,client-version,d,lang,referer,sec-ch-ua,sec-ch-ua-mobile,sec-ch-ua-platform,t,user-agent,x-device-id",Header: browser session/runtime,200,True,"object; keys=avatar,bind_time,button_permission_ids,cmpl,create_name,created_at,email,google_secret,group_id,id,last_login_ip,last_login_time,login_password,nickname,operator_name,pwd_edit_time,roles,sid,status,stores,updated_at,username",FAT admin authenticated browser session; exact permission/role mapping pending,No mutation observed in this discovery action,Not applicable for observed read interaction,Page/network response rendered; business data values not persisted,admin/other,后台账户详情(当前登陆信息)-seven,后台/后台账号管理/后台账户详情(当前登陆信息)-seven.bru,ACTIVE,YES,fat-admin-page-initialization.json network events 818; live-menu route and DOM control snapshot,,
admin,System,Bet Order Monitoring,/system/order-monitor,page_initialization,page initialization,GET,/admin/notify/audit/alarm,t,,,"accept,accept-language,client-id,client-version,d,lang,referer,sec-ch-ua,sec-ch-ua-mobile,sec-ch-ua-platform,t,user-agent,x-device-id",Query: route/filter/pagination values emitted by current UI state; Header: browser session/runtime,200,True,"object; keys=bonus_review_pending,feedback_pending,kyc_pending,mall_order_pending,withdraw_pending",FAT admin authenticated browser session; exact permission/role mapping pending,No mutation observed in this discovery action,Not applicable for observed read interaction,Page/network response rendered; business data values not persisted,admin/other,获取系统通知数量-wesley/owen,后台/系统管理/通知中心/获取系统通知数量-wesley-owen.bru,ACTIVE,YES,fat-admin-page-initialization.json network events 821; live-menu route and DOM control snapshot,,
admin,System,Bet Order Monitoring,/system/order-monitor,page_initialization,page initialization,GET,/admin/reports/provider/order/compare/daily,"created_at_end,created_at_start,page,page_size",,,"accept,accept-language,client-id,client-version,d,lang,referer,sec-ch-ua,sec-ch-ua-mobile,sec-ch-ua-platform,t,user-agent,x-device-id",Query: route/filter/pagination values emitted by current UI state; Header: browser session/runtime,200,True,"object; keys=d,s,t",FAT admin authenticated browser session; exact permission/role mapping pending,No mutation observed in this discovery action,Not applicable for observed read interaction,Page/network response rendered; business data values not persisted,admin/report,列表,后台/报表/厂商注单对比日报/列表.bru,ACTIVE,YES,fat-admin-page-initialization.json network events 823; live-menu route and DOM control snapshot,,
admin,System,Bet Order Monitoring,/system/order-monitor,page_initialization,page initialization,GET,/admin/sys/config/compliance/status,,,,"accept,accept-language,client-id,client-version,d,lang,referer,sec-ch-ua,sec-ch-ua-mobile,sec-ch-ua-platform,t,user-agent,x-device-id",Header: browser session/runtime,200,True,"object; keys=effective_open,effective_reason,effective_status_msg",FAT admin authenticated browser session; exact permission/role mapping pending,No mutation observed in this discovery action,Not applicable for observed read interaction,Page/network response rendered; business data values not persisted,,,,UNDOCUMENTED_ACTIVE,YES,fat-admin-page-initialization.json network events 819; live-menu route and DOM control snapshot,,
admin,System,Bet Order Monitoring,/system/order-monitor,page_initialization,page initialization,POST,/admin/dict/venues,,,,"accept,accept-language,client-id,client-version,content-type,d,lang,referer,sec-ch-ua,sec-ch-ua-mobile,sec-ch-ua-platform,t,user-agent,x-device-id",Header: browser session/runtime,200,True,list,FAT admin authenticated browser session; exact permission/role mapping pending,No mutation observed in this discovery action,Not applicable for observed read interaction,Page/network response rendered; business data values not persisted,,,,UNDOCUMENTED_ACTIVE,YES,fat-admin-page-initialization.json network events 820; live-menu route and DOM control snapshot,,
admin,System,Bet Order Monitoring,/system/order-monitor,page_initialization,page initialization,POST,/admin/game/search,,,,"accept,accept-language,client-id,client-version,content-type,d,lang,referer,sec-ch-ua,sec-ch-ua-mobile,sec-ch-ua-platform,t,user-agent,x-device-id",Header: browser session/runtime,200,True,"object; keys=ids,list,page,page_size,s,t",FAT admin authenticated browser session; exact permission/role mapping pending,No mutation observed in this discovery action,Not applicable for observed read interaction,Page/network response rendered; business data values not persisted,admin/game,+游戏列表查询-owen-aliang,后台/game管理/游戏管理/+游戏列表查询-owen-aliang.bru,ACTIVE,YES,"fat-admin-page-initialization.json network events 824,825,826,827,828,829,830,831; live-menu route and DOM control snapshot",,
admin,System,Bet Order Monitoring,/system/order-monitor,page_initialization,page initialization,POST,/admin/gameclass/list,,,,"accept,accept-language,client-id,client-version,content-type,d,lang,referer,sec-ch-ua,sec-ch-ua-mobile,sec-ch-ua-platform,t,user-agent,x-device-id",Header: browser session/runtime,200,True,"object; keys=list,page,page_size,s,t",FAT admin authenticated browser session; exact permission/role mapping pending,No mutation observed in this discovery action,Not applicable for observed read interaction,Page/network response rendered; business data values not persisted,admin/game,+查询场馆列表-owen,后台/game管理/场馆管理/+查询场馆列表-owen.bru,ACTIVE,YES,fat-admin-page-initialization.json network events 822; live-menu route and DOM control snapshot,,
admin,System,Role Configuration,/system/role,page_initialization,page initialization,GET,/admin/group/list,"page,page_size",,,"accept,accept-language,client-id,client-version,d,lang,referer,sec-ch-ua,sec-ch-ua-mobile,sec-ch-ua-platform,t,user-agent,x-device-id",Query: route/filter/pagination values emitted by current UI state; Header: browser session/runtime,200,True,"object; keys=d,s,t",FAT admin authenticated browser session; exact permission/role mapping pending,No mutation observed in this discovery action,Not applicable for observed read interaction,Page/network response rendered; business data values not persisted,admin/permission,角色列表 --yasser,后台/系统管理/角色管理/角色列表 --yasser.bru,ACTIVE,YES,fat-admin-page-initialization.json network events 782; live-menu route and DOM control snapshot,,
admin,System,Role Configuration,/system/role,page_initialization,page initialization,GET,/admin/me/detail,,,,"accept,accept-language,client-id,client-version,d,lang,referer,sec-ch-ua,sec-ch-ua-mobile,sec-ch-ua-platform,t,user-agent,x-device-id",Header: browser session/runtime,200,True,"object; keys=avatar,bind_time,button_permission_ids,cmpl,create_name,created_at,email,google_secret,group_id,id,last_login_ip,last_login_time,login_password,nickname,operator_name,pwd_edit_time,roles,sid,status,stores,updated_at,username",FAT admin authenticated browser session; exact permission/role mapping pending,No mutation observed in this discovery action,Not applicable for observed read interaction,Page/network response rendered; business data values not persisted,admin/other,后台账户详情(当前登陆信息)-seven,后台/后台账号管理/后台账户详情(当前登陆信息)-seven.bru,ACTIVE,YES,fat-admin-page-initialization.json network events 778; live-menu route and DOM control snapshot,,
admin,System,Role Configuration,/system/role,page_initialization,page initialization,GET,/admin/notify/audit/alarm,t,,,"accept,accept-language,client-id,client-version,d,lang,referer,sec-ch-ua,sec-ch-ua-mobile,sec-ch-ua-platform,t,user-agent,x-device-id",Query: route/filter/pagination values emitted by current UI state; Header: browser session/runtime,200,True,"object; keys=bonus_review_pending,feedback_pending,kyc_pending,mall_order_pending,withdraw_pending",FAT admin authenticated browser session; exact permission/role mapping pending,No mutation observed in this discovery action,Not applicable for observed read interaction,Page/network response rendered; business data values not persisted,admin/other,获取系统通知数量-wesley/owen,后台/系统管理/通知中心/获取系统通知数量-wesley-owen.bru,ACTIVE,YES,fat-admin-page-initialization.json network events 781; live-menu route and DOM control snapshot,,
admin,System,Role Configuration,/system/role,page_initialization,page initialization,GET,/admin/sys/config/compliance/status,,,,"accept,accept-language,client-id,client-version,d,lang,referer,sec-ch-ua,sec-ch-ua-mobile,sec-ch-ua-platform,t,user-agent,x-device-id",Header: browser session/runtime,200,True,"object; keys=effective_open,effective_reason,effective_status_msg",FAT admin authenticated browser session; exact permission/role mapping pending,No mutation observed in this discovery action,Not applicable for observed read interaction,Page/network response rendered; business data values not persisted,,,,UNDOCUMENTED_ACTIVE,YES,fat-admin-page-initialization.json network events 779; live-menu route and DOM control snapshot,,
admin,System,Role Configuration,/system/role,page_initialization,page initialization,POST,/admin/game/search,,,,"accept,accept-language,client-id,client-version,content-type,d,lang,referer,sec-ch-ua,sec-ch-ua-mobile,sec-ch-ua-platform,t,user-agent,x-device-id",Header: browser session/runtime,200,,unknown,FAT admin authenticated browser session; exact permission/role mapping pending,No mutation observed in this discovery action,Not applicable for observed read interaction,Page/network response rendered; business data values not persisted,admin/game,+游戏列表查询-owen-aliang,后台/game管理/游戏管理/+游戏列表查询-owen-aliang.bru,ACTIVE,YES,fat-admin-page-initialization.json network events 777; live-menu route and DOM control snapshot,,
admin,System,Role Configuration,/system/role,page_initialization,page initialization,POST,/admin/game/search,,,,"accept,accept-language,client-id,client-version,content-type,d,lang,referer,sec-ch-ua,sec-ch-ua-mobile,sec-ch-ua-platform,t,user-agent,x-device-id",Header: browser session/runtime,200,True,"object; keys=ids,list,page,page_size,s,t",FAT admin authenticated browser session; exact permission/role mapping pending,No mutation observed in this discovery action,Not applicable for observed read interaction,Page/network response rendered; business data values not persisted,admin/game,+游戏列表查询-owen-aliang,后台/game管理/游戏管理/+游戏列表查询-owen-aliang.bru,ACTIVE,YES,"fat-admin-page-initialization.json network events 783,784,785,786,787,788,789,790; live-menu route and DOM control snapshot",,
admin,System,Role Configuration,/system/role,page_initialization,page initialization,POST,/admin/gameclass/list,,,,"accept,accept-language,client-id,client-version,content-type,d,lang,referer,sec-ch-ua,sec-ch-ua-mobile,sec-ch-ua-platform,t,user-agent,x-device-id",Header: browser session/runtime,200,True,"object; keys=list,page,page_size,s,t",FAT admin authenticated browser session; exact permission/role mapping pending,No mutation observed in this discovery action,Not applicable for observed read interaction,Page/network response rendered; business data values not persisted,admin/game,+查询场馆列表-owen,后台/game管理/场馆管理/+查询场馆列表-owen.bru,ACTIVE,YES,fat-admin-page-initialization.json network events 780; live-menu route and DOM control snapshot,,
admin,System,SMS Verification Code,/system/sms-otp,page_initialization,page initialization,GET,/admin/me/detail,,,,"accept,accept-language,client-id,client-version,d,lang,referer,sec-ch-ua,sec-ch-ua-mobile,sec-ch-ua-platform,t,user-agent,x-device-id",Header: browser session/runtime,200,True,"object; keys=avatar,bind_time,button_permission_ids,cmpl,create_name,created_at,email,google_secret,group_id,id,last_login_ip,last_login_time,login_password,nickname,operator_name,pwd_edit_time,roles,sid,status,stores,updated_at,username",FAT admin authenticated browser session; exact permission/role mapping pending,No mutation observed in this discovery action,Not applicable for observed read interaction,Page/network response rendered; business data values not persisted,admin/other,后台账户详情(当前登陆信息)-seven,后台/后台账号管理/后台账户详情(当前登陆信息)-seven.bru,ACTIVE,YES,fat-admin-page-initialization.json network events 805; live-menu route and DOM control snapshot,,
admin,System,SMS Verification Code,/system/sms-otp,page_initialization,page initialization,GET,/admin/notify/audit/alarm,t,,,"accept,accept-language,client-id,client-version,d,lang,referer,sec-ch-ua,sec-ch-ua-mobile,sec-ch-ua-platform,t,user-agent,x-device-id",Query: route/filter/pagination values emitted by current UI state; Header: browser session/runtime,200,True,"object; keys=bonus_review_pending,feedback_pending,kyc_pending,mall_order_pending,withdraw_pending",FAT admin authenticated browser session; exact permission/role mapping pending,No mutation observed in this discovery action,Not applicable for observed read interaction,Page/network response rendered; business data values not persisted,admin/other,获取系统通知数量-wesley/owen,后台/系统管理/通知中心/获取系统通知数量-wesley-owen.bru,ACTIVE,YES,fat-admin-page-initialization.json network events 808; live-menu route and DOM control snapshot,,
admin,System,SMS Verification Code,/system/sms-otp,page_initialization,page initialization,GET,/admin/sms/list,"end_time,page,page_size,start_time",,,"accept,accept-language,client-id,client-version,d,lang,referer,sec-ch-ua,sec-ch-ua-mobile,sec-ch-ua-platform,t,user-agent,x-device-id",Query: route/filter/pagination values emitted by current UI state; Header: browser session/runtime,200,True,"object; keys=d,t",FAT admin authenticated browser session; exact permission/role mapping pending,No mutation observed in this discovery action,Not applicable for observed read interaction,Page/network response rendered; business data values not persisted,admin/auth,短信列表-seven,后台/短信发送列表/短信列表-seven.bru,ACTIVE,YES,fat-admin-page-initialization.json network events 809; live-menu route and DOM control snapshot,,
admin,System,SMS Verification Code,/system/sms-otp,page_initialization,page initialization,GET,/admin/sys/config/compliance/status,,,,"accept,accept-language,client-id,client-version,d,lang,referer,sec-ch-ua,sec-ch-ua-mobile,sec-ch-ua-platform,t,user-agent,x-device-id",Header: browser session/runtime,200,True,"object; keys=effective_open,effective_reason,effective_status_msg",FAT admin authenticated browser session; exact permission/role mapping pending,No mutation observed in this discovery action,Not applicable for observed read interaction,Page/network response rendered; business data values not persisted,,,,UNDOCUMENTED_ACTIVE,YES,fat-admin-page-initialization.json network events 806; live-menu route and DOM control snapshot,,
admin,System,SMS Verification Code,/system/sms-otp,page_initialization,page initialization,POST,/admin/game/search,,,,"accept,accept-language,client-id,client-version,content-type,d,lang,referer,sec-ch-ua,sec-ch-ua-mobile,sec-ch-ua-platform,t,user-agent,x-device-id",Header: browser session/runtime,200,True,"object; keys=ids,list,page,page_size,s,t",FAT admin authenticated browser session; exact permission/role mapping pending,No mutation observed in this discovery action,Not applicable for observed read interaction,Page/network response rendered; business data values not persisted,admin/game,+游戏列表查询-owen-aliang,后台/game管理/游戏管理/+游戏列表查询-owen-aliang.bru,ACTIVE,YES,"fat-admin-page-initialization.json network events 810,811,812,813,814,815,816,817; live-menu route and DOM control snapshot",,
admin,System,SMS Verification Code,/system/sms-otp,page_initialization,page initialization,POST,/admin/gameclass/list,,,,"accept,accept-language,client-id,client-version,content-type,d,lang,referer,sec-ch-ua,sec-ch-ua-mobile,sec-ch-ua-platform,t,user-agent,x-device-id",Header: browser session/runtime,200,True,"object; keys=list,page,page_size,s,t",FAT admin authenticated browser session; exact permission/role mapping pending,No mutation observed in this discovery action,Not applicable for observed read interaction,Page/network response rendered; business data values not persisted,admin/game,+查询场馆列表-owen,后台/game管理/场馆管理/+查询场馆列表-owen.bru,ACTIVE,YES,fat-admin-page-initialization.json network events 807; live-menu route and DOM control snapshot,,
admin,System,Staff Configuration,/system/staff,page_initialization,page initialization,GET,/admin/group/list,"page,page_size",,,"accept,accept-language,client-id,client-version,d,lang,referer,sec-ch-ua,sec-ch-ua-mobile,sec-ch-ua-platform,t,user-agent,x-device-id",Query: route/filter/pagination values emitted by current UI state; Header: browser session/runtime,200,True,"object; keys=d,s,t",FAT admin authenticated browser session; exact permission/role mapping pending,No mutation observed in this discovery action,Not applicable for observed read interaction,Page/network response rendered; business data values not persisted,admin/permission,角色列表 --yasser,后台/系统管理/角色管理/角色列表 --yasser.bru,ACTIVE,YES,fat-admin-page-initialization.json network events 793; live-menu route and DOM control snapshot,,
admin,System,Staff Configuration,/system/staff,page_initialization,page initialization,GET,/admin/me/detail,,,,"accept,accept-language,client-id,client-version,d,lang,referer,sec-ch-ua,sec-ch-ua-mobile,sec-ch-ua-platform,t,user-agent,x-device-id",Header: browser session/runtime,200,True,"object; keys=avatar,bind_time,button_permission_ids,cmpl,create_name,created_at,email,google_secret,group_id,id,last_login_ip,last_login_time,login_password,nickname,operator_name,pwd_edit_time,roles,sid,status,stores,updated_at,username",FAT admin authenticated browser session; exact permission/role mapping pending,No mutation observed in this discovery action,Not applicable for observed read interaction,Page/network response rendered; business data values not persisted,admin/other,后台账户详情(当前登陆信息)-seven,后台/后台账号管理/后台账户详情(当前登陆信息)-seven.bru,ACTIVE,YES,fat-admin-page-initialization.json network events 791; live-menu route and DOM control snapshot,,
admin,System,Staff Configuration,/system/staff,page_initialization,page initialization,GET,/admin/notify/audit/alarm,t,,,"accept,accept-language,client-id,client-version,d,lang,referer,sec-ch-ua,sec-ch-ua-mobile,sec-ch-ua-platform,t,user-agent,x-device-id",Query: route/filter/pagination values emitted by current UI state; Header: browser session/runtime,200,True,"object; keys=bonus_review_pending,feedback_pending,kyc_pending,mall_order_pending,withdraw_pending",FAT admin authenticated browser session; exact permission/role mapping pending,No mutation observed in this discovery action,Not applicable for observed read interaction,Page/network response rendered; business data values not persisted,admin/other,获取系统通知数量-wesley/owen,后台/系统管理/通知中心/获取系统通知数量-wesley-owen.bru,ACTIVE,YES,fat-admin-page-initialization.json network events 794; live-menu route and DOM control snapshot,,
admin,System,Staff Configuration,/system/staff,page_initialization,page initialization,GET,/admin/sys/config/compliance/status,,,,"accept,accept-language,client-id,client-version,d,lang,referer,sec-ch-ua,sec-ch-ua-mobile,sec-ch-ua-platform,t,user-agent,x-device-id",Header: browser session/runtime,200,True,"object; keys=effective_open,effective_reason,effective_status_msg",FAT admin authenticated browser session; exact permission/role mapping pending,No mutation observed in this discovery action,Not applicable for observed read interaction,Page/network response rendered; business data values not persisted,,,,UNDOCUMENTED_ACTIVE,YES,fat-admin-page-initialization.json network events 792; live-menu route and DOM control snapshot,,
admin,System,Staff Configuration,/system/staff,page_initialization,page initialization,POST,/admin/game/search,,,,"accept,accept-language,client-id,client-version,content-type,d,lang,referer,sec-ch-ua,sec-ch-ua-mobile,sec-ch-ua-platform,t,user-agent,x-device-id",Header: browser session/runtime,200,True,"object; keys=ids,list,page,page_size,s,t",FAT admin authenticated browser session; exact permission/role mapping pending,No mutation observed in this discovery action,Not applicable for observed read interaction,Page/network response rendered; business data values not persisted,admin/game,+游戏列表查询-owen-aliang,后台/game管理/游戏管理/+游戏列表查询-owen-aliang.bru,ACTIVE,YES,"fat-admin-page-initialization.json network events 797,798,799,800,801,802,803,804; live-menu route and DOM control snapshot",,
admin,System,Staff Configuration,/system/staff,page_initialization,page initialization,POST,/admin/gameclass/list,,,,"accept,accept-language,client-id,client-version,content-type,d,lang,referer,sec-ch-ua,sec-ch-ua-mobile,sec-ch-ua-platform,t,user-agent,x-device-id",Header: browser session/runtime,200,True,"object; keys=list,page,page_size,s,t",FAT admin authenticated browser session; exact permission/role mapping pending,No mutation observed in this discovery action,Not applicable for observed read interaction,Page/network response rendered; business data values not persisted,admin/game,+查询场馆列表-owen,后台/game管理/场馆管理/+查询场馆列表-owen.bru,ACTIVE,YES,fat-admin-page-initialization.json network events 795; live-menu route and DOM control snapshot,,
admin,System,Staff Configuration,/system/staff,page_initialization,page initialization,POST,/admin/user/list,,,"page,page_size","accept,accept-language,client-id,client-version,content-type,d,lang,referer,sec-ch-ua,sec-ch-ua-mobile,sec-ch-ua-platform,t,user-agent,x-device-id",Body: page form/filter or UI defaults; Header: browser session/runtime,200,True,"object; keys=d,t",FAT admin authenticated browser session; exact permission/role mapping pending,No mutation observed in this discovery action,Not applicable for observed read interaction,Page/network response rendered; business data values not persisted,,,,UNDOCUMENTED_ACTIVE,YES,fat-admin-page-initialization.json network events 796; live-menu route and DOM control snapshot,,
admin,System,Whitelist,/whitelist/list,page_initialization,page initialization,GET,/admin/me/detail,,,,"accept,accept-language,client-id,client-version,d,lang,referer,sec-ch-ua,sec-ch-ua-mobile,sec-ch-ua-platform,t,user-agent,x-device-id",Header: browser session/runtime,200,True,"object; keys=avatar,bind_time,button_permission_ids,cmpl,create_name,created_at,email,google_secret,group_id,id,last_login_ip,last_login_time,login_password,nickname,operator_name,pwd_edit_time,roles,sid,status,stores,updated_at,username",FAT admin authenticated browser session; exact permission/role mapping pending,No mutation observed in this discovery action,Not applicable for observed read interaction,Page/network response rendered; business data values not persisted,admin/other,后台账户详情(当前登陆信息)-seven,后台/后台账号管理/后台账户详情(当前登陆信息)-seven.bru,ACTIVE,YES,fat-admin-page-initialization.json network events 832; live-menu route and DOM control snapshot,,
admin,System,Whitelist,/whitelist/list,page_initialization,page initialization,GET,/admin/notify/audit/alarm,t,,,"accept,accept-language,client-id,client-version,d,lang,referer,sec-ch-ua,sec-ch-ua-mobile,sec-ch-ua-platform,t,user-agent,x-device-id",Query: route/filter/pagination values emitted by current UI state; Header: browser session/runtime,200,True,"object; keys=bonus_review_pending,feedback_pending,kyc_pending,mall_order_pending,withdraw_pending",FAT admin authenticated browser session; exact permission/role mapping pending,No mutation observed in this discovery action,Not applicable for observed read interaction,Page/network response rendered; business data values not persisted,admin/other,获取系统通知数量-wesley/owen,后台/系统管理/通知中心/获取系统通知数量-wesley-owen.bru,ACTIVE,YES,fat-admin-page-initialization.json network events 834; live-menu route and DOM control snapshot,,
admin,System,Whitelist,/whitelist/list,page_initialization,page initialization,GET,/admin/sys/config/compliance/status,,,,"accept,accept-language,client-id,client-version,d,lang,referer,sec-ch-ua,sec-ch-ua-mobile,sec-ch-ua-platform,t,user-agent,x-device-id",Header: browser session/runtime,200,True,"object; keys=effective_open,effective_reason,effective_status_msg",FAT admin authenticated browser session; exact permission/role mapping pending,No mutation observed in this discovery action,Not applicable for observed read interaction,Page/network response rendered; business data values not persisted,,,,UNDOCUMENTED_ACTIVE,YES,fat-admin-page-initialization.json network events 833; live-menu route and DOM control snapshot,,
admin,System,Whitelist,/whitelist/list,page_initialization,page initialization,GET,/admin/whiteList/list,"end_time,page,page_size,start_time",,,"accept,accept-language,client-id,client-version,d,lang,referer,sec-ch-ua,sec-ch-ua-mobile,sec-ch-ua-platform,t,user-agent,x-device-id",Query: route/filter/pagination values emitted by current UI state; Header: browser session/runtime,200,True,"object; keys=d,page,page_size,t",FAT admin authenticated browser session; exact permission/role mapping pending,No mutation observed in this discovery action,Not applicable for observed read interaction,Page/network response rendered; business data values not persisted,admin/other,白名单列表 --yasser,后台/系统管理/白名单管理/白名单列表 --yasser.bru,ACTIVE,YES,fat-admin-page-initialization.json network events 836; live-menu route and DOM control snapshot,,
admin,System,Whitelist,/whitelist/list,page_initialization,page initialization,POST,/admin/game/search,,,,"accept,accept-language,client-id,client-version,content-type,d,lang,referer,sec-ch-ua,sec-ch-ua-mobile,sec-ch-ua-platform,t,user-agent,x-device-id",Header: browser session/runtime,200,True,"object; keys=ids,list,page,page_size,s,t",FAT admin authenticated browser session; exact permission/role mapping pending,No mutation observed in this discovery action,Not applicable for observed read interaction,Page/network response rendered; business data values not persisted,admin/game,+游戏列表查询-owen-aliang,后台/game管理/游戏管理/+游戏列表查询-owen-aliang.bru,ACTIVE,YES,"fat-admin-page-initialization.json network events 837,838,839,840,841,842,843,844; live-menu route and DOM control snapshot",,
admin,System,Whitelist,/whitelist/list,page_initialization,page initialization,POST,/admin/gameclass/list,,,,"accept,accept-language,client-id,client-version,content-type,d,lang,referer,sec-ch-ua,sec-ch-ua-mobile,sec-ch-ua-platform,t,user-agent,x-device-id",Header: browser session/runtime,200,True,"object; keys=list,page,page_size,s,t",FAT admin authenticated browser session; exact permission/role mapping pending,No mutation observed in this discovery action,Not applicable for observed read interaction,Page/network response rendered; business data values not persisted,admin/game,+查询场馆列表-owen,后台/game管理/场馆管理/+查询场馆列表-owen.bru,ACTIVE,YES,fat-admin-page-initialization.json network events 835; live-menu route and DOM control snapshot,,
admin,Login/Auth,Login,login,page_initialization,login flow,GET,/admin/me/detail,,,,"accept,accept-language,client-id,client-version,d,lang,referer,sec-ch-ua,sec-ch-ua-mobile,sec-ch-ua-platform,user-agent,x-device-id",Header: browser session/runtime,200,False,string,FAT admin authenticated browser session; exact permission/role mapping pending,No mutation observed in this discovery action,Not applicable for observed read interaction,Page/network response rendered; business data values not persisted,admin/other,后台账户详情(当前登陆信息)-seven,后台/后台账号管理/后台账户详情(当前登陆信息)-seven.bru,ACTIVE_FAILED,YES,fat-admin-page-initialization.json network events 1; live-menu route and DOM control snapshot,HTTP 200; business_status=False,Dependent interactions on this failed response require separate verification
admin,Login/Auth,Login,login,page_initialization,login flow,GET,/admin/me/detail,,,,"accept,accept-language,client-id,client-version,d,lang,referer,sec-ch-ua,sec-ch-ua-mobile,sec-ch-ua-platform,t,user-agent,x-device-id",Header: browser session/runtime,200,True,"object; keys=avatar,bind_time,button_permission_ids,cmpl,create_name,created_at,email,google_secret,group_id,id,last_login_ip,last_login_time,login_password,nickname,operator_name,pwd_edit_time,roles,sid,status,stores,updated_at,username",FAT admin authenticated browser session; exact permission/role mapping pending,No mutation observed in this discovery action,Not applicable for observed read interaction,Page/network response rendered; business data values not persisted,admin/other,后台账户详情(当前登陆信息)-seven,后台/后台账号管理/后台账户详情(当前登陆信息)-seven.bru,ACTIVE,YES,fat-admin-page-initialization.json network events 4; live-menu route and DOM control snapshot,,
admin,Login/Auth,Login,login,page_initialization,login flow,GET,/admin/notify/audit/alarm,t,,,"accept,accept-language,client-id,client-version,d,lang,referer,sec-ch-ua,sec-ch-ua-mobile,sec-ch-ua-platform,t,user-agent,x-device-id",Query: route/filter/pagination values emitted by current UI state; Header: browser session/runtime,200,True,"object; keys=bonus_review_pending,feedback_pending,kyc_pending,mall_order_pending,withdraw_pending",FAT admin authenticated browser session; exact permission/role mapping pending,No mutation observed in this discovery action,Not applicable for observed read interaction,Page/network response rendered; business data values not persisted,admin/other,获取系统通知数量-wesley/owen,后台/系统管理/通知中心/获取系统通知数量-wesley-owen.bru,ACTIVE,YES,fat-admin-page-initialization.json network events 7; live-menu route and DOM control snapshot,,
admin,Login/Auth,Login,login,page_initialization,login flow,GET,/admin/reports/bi/basic,report_type,,,"accept,accept-language,client-id,client-version,d,lang,referer,sec-ch-ua,sec-ch-ua-mobile,sec-ch-ua-platform,t,user-agent,x-device-id",Query: route/filter/pagination values emitted by current UI state; Header: browser session/runtime,200,True,"object; keys=arppu,arpu,balance,bets_deposit,bets_people,deposit_amount,deposit_people,dw_diff,ebingo_ggr,first_deposit,first_deposit_amount,game_ggr,ggr,injection_rate,login_count,new_deposit,new_deposit_amount,refill_deposit,refill_deposit_amount,reg_count,report_type,sports_ggr,valid_bet_amount,withdraw_amount,withdraw_people,ws_ggr",FAT admin authenticated browser session; exact permission/role mapping pending,No mutation observed in this discovery action,Not applicable for observed read interaction,Page/network response rendered; business data values not persisted,admin/report,首页BI,后台/报表/首页BI.bru,ACTIVE,YES,fat-admin-page-initialization.json network events 10; live-menu route and DOM control snapshot,,
admin,Login/Auth,Login,login,page_initialization,login flow,GET,/admin/reports/bi/chart,time_range,,,"accept,accept-language,client-id,client-version,d,lang,referer,sec-ch-ua,sec-ch-ua-mobile,sec-ch-ua-platform,t,user-agent,x-device-id",Query: route/filter/pagination values emitted by current UI state; Header: browser session/runtime,200,True,object; keys=d,FAT admin authenticated browser session; exact permission/role mapping pending,No mutation observed in this discovery action,Not applicable for observed read interaction,Page/network response rendered; business data values not persisted,,,,UNDOCUMENTED_ACTIVE,YES,fat-admin-page-initialization.json network events 9; live-menu route and DOM control snapshot,,
admin,Login/Auth,Login,login,page_initialization,login flow,GET,/admin/sys/config/compliance/status,,,,"accept,accept-language,client-id,client-version,d,lang,referer,sec-ch-ua,sec-ch-ua-mobile,sec-ch-ua-platform,t,user-agent,x-device-id",Header: browser session/runtime,200,True,"object; keys=effective_open,effective_reason,effective_status_msg",FAT admin authenticated browser session; exact permission/role mapping pending,No mutation observed in this discovery action,Not applicable for observed read interaction,Page/network response rendered; business data values not persisted,,,,UNDOCUMENTED_ACTIVE,YES,fat-admin-page-initialization.json network events 5; live-menu route and DOM control snapshot,,
admin,Login/Auth,Login,login,page_initialization,login flow,POST,/admin/game/search,,,,"accept,accept-language,client-id,client-version,content-type,d,lang,referer,sec-ch-ua,sec-ch-ua-mobile,sec-ch-ua-platform,t,user-agent,x-device-id",Header: browser session/runtime,200,True,"object; keys=ids,list,page,page_size,s,t",FAT admin authenticated browser session; exact permission/role mapping pending,No mutation observed in this discovery action,Not applicable for observed read interaction,Page/network response rendered; business data values not persisted,admin/game,+游戏列表查询-owen-aliang,后台/game管理/游戏管理/+游戏列表查询-owen-aliang.bru,ACTIVE,YES,"fat-admin-page-initialization.json network events 8,11,12,13,14,15; live-menu route and DOM control snapshot",,
admin,Login/Auth,Login,login,page_initialization,login flow,POST,/admin/gameclass/list,,,,"accept,accept-language,client-id,client-version,content-type,d,lang,referer,sec-ch-ua,sec-ch-ua-mobile,sec-ch-ua-platform,t,user-agent,x-device-id",Header: browser session/runtime,200,True,"object; keys=list,page,page_size,s,t",FAT admin authenticated browser session; exact permission/role mapping pending,No mutation observed in this discovery action,Not applicable for observed read interaction,Page/network response rendered; business data values not persisted,admin/game,+查询场馆列表-owen,后台/game管理/场馆管理/+查询场馆列表-owen.bru,ACTIVE,YES,fat-admin-page-initialization.json network events 6; live-menu route and DOM control snapshot,,
admin,Login/Auth,Login,login,page_initialization,login flow,POST,/admin/login,,,,"accept,accept-language,client-id,client-version,content-type,d,lang,referer,sec-ch-ua,sec-ch-ua-mobile,sec-ch-ua-platform,user-agent,x-device-id",Header: browser session/runtime,200,True,string,FAT admin authenticated browser session; exact permission/role mapping pending,No mutation observed in this discovery action,Not applicable for observed read interaction,Page/network response rendered; business data values not persisted,admin/auth,后端账号登陆-seven,后台/后台账号管理/后端账号登陆-seven.bru,ACTIVE,YES,fat-admin-page-initialization.json network events 3; live-menu route and DOM control snapshot,,
admin,Login/Auth,Login,login,page_initialization,login flow,POST,/admin/login/auth,,,,"accept,accept-language,client-id,client-version,content-type,d,lang,referer,sec-ch-ua,sec-ch-ua-mobile,sec-ch-ua-platform,user-agent,x-device-id",Header: browser session/runtime,200,True,number,FAT admin authenticated browser session; exact permission/role mapping pending,No mutation observed in this discovery action,Not applicable for observed read interaction,Page/network response rendered; business data values not persisted,admin/auth,后端账号登陆（前置验证）-seven,后台/后台账号管理/后端账号登陆（前置验证）-seven.bru,ACTIVE,YES,fat-admin-page-initialization.json network events 2; live-menu route and DOM control snapshot,,
admin,Agent Management,Agency statistical report,/agency-management/agency-statistical,button,Export,,,,,,,No request captured,,,unverified,FAT admin authenticated browser session; exact role/permission mapping pending,No mutation observed,Page loaded,No request captured,,,,DOCUMENTED_UNVERIFIED,CONTROL_PRESENT_NO_REQUEST,"fat-admin-explicit-read-actions.json execution status=SKIPPED_NOT_ACTIONABLE; exact selector {""role"": ""button"", ""name"": ""Export"", ""exact"": true}",,Control was not actionable in the fresh page state
admin,Agent Management,Agency statistical report,/agency-management/agency-statistical,button,Query,GET,/admin/reports/agency,"end_time,field,page,page_size,sort,start_time",,,"accept,accept-language,client-id,client-version,d,lang,referer,sec-ch-ua,sec-ch-ua-mobile,sec-ch-ua-platform,t,user-agent,x-device-id",Query: current page filter/pagination; Header: authenticated browser session/runtime,200,True,"object; keys=a,d,t",FAT admin authenticated browser session; exact role/permission mapping pending,No mutation observed; registered low-risk interaction,Page reloaded and Network reached quiet state before action,Action response captured; no business mutation observed,admin/report,代理统计报表,后台/代理管理/代理统计报表.bru,ACTIVE,YES,"fat-admin-explicit-read-actions.json Network events 448; exact selector {""role"": ""button"", ""name"": ""Query"", ""exact"": true}",,
admin,Agent Management,Agency statistical report,/agency-management/agency-statistical,button,Reset,GET,/admin/reports/agency,"end_time,field,page,page_size,sort,start_time",,,"accept,accept-language,client-id,client-version,d,lang,referer,sec-ch-ua,sec-ch-ua-mobile,sec-ch-ua-platform,t,user-agent,x-device-id",Query: current page filter/pagination; Header: authenticated browser session/runtime,200,True,"object; keys=a,d,t",FAT admin authenticated browser session; exact role/permission mapping pending,No mutation observed; registered low-risk interaction,Page reloaded and Network reached quiet state before action,Action response captured; no business mutation observed,admin/report,代理统计报表,后台/代理管理/代理统计报表.bru,ACTIVE,YES,"fat-admin-explicit-read-actions.json Network events 430; exact selector {""role"": ""button"", ""name"": ""Reset"", ""exact"": true}",,
admin,Game,Betting Record,/game/bet-orders,button,Query,POST,/admin/record/game,,,,"accept,accept-language,client-id,client-version,content-type,d,lang,referer,sec-ch-ua,sec-ch-ua-mobile,sec-ch-ua-platform,t,user-agent,x-device-id",Header: authenticated browser session/runtime,200,True,null,FAT admin authenticated browser session; exact role/permission mapping pending,No mutation observed; registered low-risk interaction,Page reloaded and Network reached quiet state before action,Action response captured; no business mutation observed,,,,UNDOCUMENTED_ACTIVE,YES,"fat-admin-explicit-read-actions.json Network events 2143; exact selector {""role"": ""button"", ""name"": ""Query"", ""exact"": true}",,
admin,Game,Betting Record,/game/bet-orders,button,Reset,POST,/admin/record/game,,,,"accept,accept-language,client-id,client-version,content-type,d,lang,referer,sec-ch-ua,sec-ch-ua-mobile,sec-ch-ua-platform,t,user-agent,x-device-id",Header: authenticated browser session/runtime,200,True,null,FAT admin authenticated browser session; exact role/permission mapping pending,No mutation observed; registered low-risk interaction,Page reloaded and Network reached quiet state before action,Action response captured; no business mutation observed,,,,UNDOCUMENTED_ACTIVE,YES,"fat-admin-explicit-read-actions.json Network events 2126; exact selector {""role"": ""button"", ""name"": ""Reset"", ""exact"": true}",,
admin,Game,FS 派发管理,/gamev2/freespin-grants,button,Export CSV,,,,,,,No request captured,,,unverified,FAT admin authenticated browser session; exact role/permission mapping pending,No mutation observed,Page loaded,No request captured,,,,DOCUMENTED_UNVERIFIED,CONTROL_PRESENT_NO_REQUEST,"fat-admin-explicit-read-actions.json execution status=SKIPPED_NOT_ACTIONABLE; exact selector {""role"": ""button"", ""name"": ""Export CSV"", ""exact"": true}",,Control was not actionable in the fresh page state
admin,Game,FS 派发管理,/gamev2/freespin-grants,button,Reset,,,,,,,No request captured,,,unverified,FAT admin authenticated browser session; exact role/permission mapping pending,No mutation observed,Page loaded,No request captured,,,,DOCUMENTED_UNVERIFIED,CONTROL_PRESENT_NO_REQUEST,"fat-admin-explicit-read-actions.json execution status=SKIPPED_NOT_ACTIONABLE; exact selector {""role"": ""button"", ""name"": ""Reset"", ""exact"": true}",,Control was not actionable in the fresh page state
admin,Game,FS 派发管理,/gamev2/freespin-grants,button,Search,,,,,,,No request captured,,,unverified,FAT admin authenticated browser session; exact role/permission mapping pending,No mutation observed,Page loaded,No request captured,,,,DOCUMENTED_UNVERIFIED,CONTROL_PRESENT_NO_REQUEST,"fat-admin-explicit-read-actions.json execution status=SKIPPED_NOT_ACTIONABLE; exact selector {""role"": ""button"", ""name"": ""Search"", ""exact"": true}",,Control was not actionable in the fresh page state
admin,Game,FS 批量派发纪录,/gamev2/freespin-import-logs,button,Reset,,,,,,,No request captured,,,unverified,FAT admin authenticated browser session; exact role/permission mapping pending,No mutation observed,Page loaded,No request captured,,,,DOCUMENTED_UNVERIFIED,CONTROL_PRESENT_NO_REQUEST,"fat-admin-explicit-read-actions.json execution status=SKIPPED_NOT_ACTIONABLE; exact selector {""role"": ""button"", ""name"": ""Reset"", ""exact"": true}",,Control was not actionable in the fresh page state
admin,Game,FS 批量派发纪录,/gamev2/freespin-import-logs,button,Search,,,,,,,No request captured,,,unverified,FAT admin authenticated browser session; exact role/permission mapping pending,No mutation observed,Page loaded,No request captured,,,,DOCUMENTED_UNVERIFIED,CONTROL_PRESENT_NO_REQUEST,"fat-admin-explicit-read-actions.json execution status=SKIPPED_NOT_ACTIONABLE; exact selector {""role"": ""button"", ""name"": ""Search"", ""exact"": true}",,Control was not actionable in the fresh page state
admin,Game,Game List Management,/gamev2/game-management,button,Export,,,,,,,No request captured,,,unverified,FAT admin authenticated browser session; exact role/permission mapping pending,No mutation observed,Page loaded,No request captured,,,,DOCUMENTED_UNVERIFIED,CONTROL_PRESENT_NO_REQUEST,"fat-admin-explicit-read-actions.json execution status=SKIPPED_NOT_ACTIONABLE; exact selector {""role"": ""button"", ""name"": ""Export"", ""exact"": true}",,Control was not actionable in the fresh page state
admin,Game,Game List Management,/gamev2/game-management,button,Query,POST,/admin/game/search,,,,"accept,accept-language,client-id,client-version,content-type,d,lang,referer,sec-ch-ua,sec-ch-ua-mobile,sec-ch-ua-platform,t,user-agent,x-device-id",Header: authenticated browser session/runtime,200,True,"object; keys=ids,list,page,page_size,s,t",FAT admin authenticated browser session; exact role/permission mapping pending,No mutation observed; registered low-risk interaction,Page reloaded and Network reached quiet state before action,Action response captured; no business mutation observed,admin/game,+游戏列表查询-owen-aliang,后台/game管理/游戏管理/+游戏列表查询-owen-aliang.bru,ACTIVE,YES,"fat-admin-explicit-read-actions.json Network events 2266; exact selector {""role"": ""button"", ""name"": ""Query"", ""exact"": true}",,
admin,Game,Game List Management,/gamev2/game-management,button,Reset,POST,/admin/game/dicttypetag/list,,,,"accept,accept-language,client-id,client-version,content-type,d,lang,referer,sec-ch-ua,sec-ch-ua-mobile,sec-ch-ua-platform,t,user-agent,x-device-id",Header: authenticated browser session/runtime,200,True,"object; keys=list,page,page_size,s,t",FAT admin authenticated browser session; exact role/permission mapping pending,No mutation observed; registered low-risk interaction,Page reloaded and Network reached quiet state before action,Action response captured; no business mutation observed,admin/game,+获取 <类型标签> 列表-owen,后台/game管理/游戏管理/+获取 -类型标签- 列表-owen.bru,ACTIVE,YES,"fat-admin-explicit-read-actions.json Network events 2241; exact selector {""role"": ""button"", ""name"": ""Reset"", ""exact"": true}",,
admin,Game,Game List Management,/gamev2/game-management,button,Reset,POST,/admin/game/dictweighttag/list,,,,"accept,accept-language,client-id,client-version,content-type,d,lang,referer,sec-ch-ua,sec-ch-ua-mobile,sec-ch-ua-platform,t,user-agent,x-device-id",Header: authenticated browser session/runtime,200,True,"object; keys=list,page,page_size,s,t",FAT admin authenticated browser session; exact role/permission mapping pending,No mutation observed; registered low-risk interaction,Page reloaded and Network reached quiet state before action,Action response captured; no business mutation observed,admin/game,+获取 <权重标签> 列表-owen,后台/game管理/游戏管理/+获取 -权重标签- 列表-owen.bru,ACTIVE,YES,"fat-admin-explicit-read-actions.json Network events 2240; exact selector {""role"": ""button"", ""name"": ""Reset"", ""exact"": true}",,
admin,Game,Game List Management,/gamev2/game-management,button,Reset,POST,/admin/game/search,,,,"accept,accept-language,client-id,client-version,content-type,d,lang,referer,sec-ch-ua,sec-ch-ua-mobile,sec-ch-ua-platform,t,user-agent,x-device-id",Header: authenticated browser session/runtime,200,True,"object; keys=ids,list,page,page_size,s,t",FAT admin authenticated browser session; exact role/permission mapping pending,No mutation observed; registered low-risk interaction,Page reloaded and Network reached quiet state before action,Action response captured; no business mutation observed,admin/game,+游戏列表查询-owen-aliang,后台/game管理/游戏管理/+游戏列表查询-owen-aliang.bru,ACTIVE,YES,"fat-admin-explicit-read-actions.json Network events 2244; exact selector {""role"": ""button"", ""name"": ""Reset"", ""exact"": true}",,
admin,Game,Game List Management,/gamev2/game-management,button,Reset,POST,/admin/gameclass/list,,,,"accept,accept-language,client-id,client-version,content-type,d,lang,referer,sec-ch-ua,sec-ch-ua-mobile,sec-ch-ua-platform,t,user-agent,x-device-id",Header: authenticated browser session/runtime,200,True,"object; keys=list,page,page_size,s,t",FAT admin authenticated browser session; exact role/permission mapping pending,No mutation observed; registered low-risk interaction,Page reloaded and Network reached quiet state before action,Action response captured; no business mutation observed,admin/game,+查询场馆列表-owen,后台/game管理/场馆管理/+查询场馆列表-owen.bru,ACTIVE,YES,"fat-admin-explicit-read-actions.json Network events 2242; exact selector {""role"": ""button"", ""name"": ""Reset"", ""exact"": true}",,
admin,Game,Game List Management,/gamev2/game-management,button,Reset,POST,/admin/platform/search,,,,"accept,accept-language,client-id,client-version,content-type,d,lang,referer,sec-ch-ua,sec-ch-ua-mobile,sec-ch-ua-platform,t,user-agent,x-device-id",Header: authenticated browser session/runtime,200,True,"object; keys=list,page,page_size,s,t",FAT admin authenticated browser session; exact role/permission mapping pending,No mutation observed; registered low-risk interaction,Page reloaded and Network reached quiet state before action,Action response captured; no business mutation observed,admin/game,+查询厂商列表-owen,后台/game管理/厂商管理/+查询厂商列表-owen.bru,ACTIVE,YES,"fat-admin-explicit-read-actions.json Network events 2243; exact selector {""role"": ""button"", ""name"": ""Reset"", ""exact"": true}",,
admin,Game,Provider Management,/gamev2/manufacturer-management,button,Query,POST,/admin/platform/search,,,,"accept,accept-language,client-id,client-version,content-type,d,lang,referer,sec-ch-ua,sec-ch-ua-mobile,sec-ch-ua-platform,t,user-agent,x-device-id",Header: authenticated browser session/runtime,200,True,"object; keys=list,page,page_size,s,t",FAT admin authenticated browser session; exact role/permission mapping pending,No mutation observed; registered low-risk interaction,Page reloaded and Network reached quiet state before action,Action response captured; no business mutation observed,admin/game,+查询厂商列表-owen,后台/game管理/厂商管理/+查询厂商列表-owen.bru,ACTIVE,YES,"fat-admin-explicit-read-actions.json Network events 2218; exact selector {""role"": ""button"", ""name"": ""Query"", ""exact"": true}",,
admin,Game,Provider Management,/gamev2/manufacturer-management,button,Reset,POST,/admin/game/dicttypetag/list,,,,"accept,accept-language,client-id,client-version,content-type,d,lang,referer,sec-ch-ua,sec-ch-ua-mobile,sec-ch-ua-platform,t,user-agent,x-device-id",Header: authenticated browser session/runtime,200,True,"object; keys=list,page,page_size,s,t",FAT admin authenticated browser session; exact role/permission mapping pending,No mutation observed; registered low-risk interaction,Page reloaded and Network reached quiet state before action,Action response captured; no business mutation observed,admin/game,+获取 <类型标签> 列表-owen,后台/game管理/游戏管理/+获取 -类型标签- 列表-owen.bru,ACTIVE,YES,"fat-admin-explicit-read-actions.json Network events 2198; exact selector {""role"": ""button"", ""name"": ""Reset"", ""exact"": true}",,
admin,Game,Provider Management,/gamev2/manufacturer-management,button,Reset,POST,/admin/platform/search,,,,"accept,accept-language,client-id,client-version,content-type,d,lang,referer,sec-ch-ua,sec-ch-ua-mobile,sec-ch-ua-platform,t,user-agent,x-device-id",Header: authenticated browser session/runtime,200,True,"object; keys=list,page,page_size,s,t",FAT admin authenticated browser session; exact role/permission mapping pending,No mutation observed; registered low-risk interaction,Page reloaded and Network reached quiet state before action,Action response captured; no business mutation observed,admin/game,+查询厂商列表-owen,后台/game管理/厂商管理/+查询厂商列表-owen.bru,ACTIVE,YES,"fat-admin-explicit-read-actions.json Network events 2199; exact selector {""role"": ""button"", ""name"": ""Reset"", ""exact"": true}",,
admin,Game,Venue Management,/gamev2/venue-settings,button,Query,POST,/admin/gameclass/list,,,,"accept,accept-language,client-id,client-version,content-type,d,lang,referer,sec-ch-ua,sec-ch-ua-mobile,sec-ch-ua-platform,t,user-agent,x-device-id",Header: authenticated browser session/runtime,200,True,"object; keys=list,page,page_size,s,t",FAT admin authenticated browser session; exact role/permission mapping pending,No mutation observed; registered low-risk interaction,Page reloaded and Network reached quiet state before action,Action response captured; no business mutation observed,admin/game,+查询场馆列表-owen,后台/game管理/场馆管理/+查询场馆列表-owen.bru,ACTIVE,YES,"fat-admin-explicit-read-actions.json Network events 2179; exact selector {""role"": ""button"", ""name"": ""Query"", ""exact"": true}",,
admin,Game,Venue Management,/gamev2/venue-settings,button,Reset,POST,/admin/gameclass/list,,,,"accept,accept-language,client-id,client-version,content-type,d,lang,referer,sec-ch-ua,sec-ch-ua-mobile,sec-ch-ua-platform,t,user-agent,x-device-id",Header: authenticated browser session/runtime,200,True,"object; keys=list,page,page_size,s,t",FAT admin authenticated browser session; exact role/permission mapping pending,No mutation observed; registered low-risk interaction,Page reloaded and Network reached quiet state before action,Action response captured; no business mutation observed,admin/game,+查询场馆列表-owen,后台/game管理/场馆管理/+查询场馆列表-owen.bru,ACTIVE,YES,"fat-admin-explicit-read-actions.json Network events 2161; exact selector {""role"": ""button"", ""name"": ""Reset"", ""exact"": true}",,
admin,Home,Home,/home,button,Reset,GET,/admin/reports/bi/basic,report_type,,,"accept,accept-language,client-id,client-version,d,lang,referer,sec-ch-ua,sec-ch-ua-mobile,sec-ch-ua-platform,t,user-agent,x-device-id",Query: current page filter/pagination; Header: authenticated browser session/runtime,200,True,"object; keys=arppu,arpu,balance,bets_deposit,bets_people,deposit_amount,deposit_people,dw_diff,ebingo_ggr,first_deposit,first_deposit_amount,game_ggr,ggr,injection_rate,login_count,new_deposit,new_deposit_amount,refill_deposit,refill_deposit_amount,reg_count,report_type,sports_ggr,valid_bet_amount,withdraw_amount,withdraw_people,ws_ggr",FAT admin authenticated browser session; exact role/permission mapping pending,No mutation observed; registered low-risk interaction,Page reloaded and Network reached quiet state before action,Action response captured; no business mutation observed,admin/report,首页BI,后台/报表/首页BI.bru,ACTIVE,YES,"fat-admin-explicit-read-actions.json Network events 31; exact selector {""role"": ""button"", ""name"": ""Reset"", ""exact"": true}",,
admin,Home,Home,/home,button,Search,GET,/admin/reports/bi/basic,report_type,,,"accept,accept-language,client-id,client-version,d,lang,referer,sec-ch-ua,sec-ch-ua-mobile,sec-ch-ua-platform,t,user-agent,x-device-id",Query: current page filter/pagination; Header: authenticated browser session/runtime,200,True,"object; keys=arppu,arpu,balance,bets_deposit,bets_people,deposit_amount,deposit_people,dw_diff,ebingo_ggr,first_deposit,first_deposit_amount,game_ggr,ggr,injection_rate,login_count,new_deposit,new_deposit_amount,refill_deposit,refill_deposit_amount,reg_count,report_type,sports_ggr,valid_bet_amount,withdraw_amount,withdraw_people,ws_ggr",FAT admin authenticated browser session; exact role/permission mapping pending,No mutation observed; registered low-risk interaction,Page reloaded and Network reached quiet state before action,Action response captured; no business mutation observed,admin/report,首页BI,后台/报表/首页BI.bru,ACTIVE,YES,"fat-admin-explicit-read-actions.json Network events 50; exact selector {""role"": ""button"", ""name"": ""Search"", ""exact"": true}",,
admin,KYC,KYC,/kyc,button,Query,POST,/admin/kyc/list,,,,"accept,accept-language,client-id,client-version,content-type,d,lang,referer,sec-ch-ua,sec-ch-ua-mobile,sec-ch-ua-platform,t,user-agent,x-device-id",Header: authenticated browser session/runtime,200,True,"object; keys=d,s,t",FAT admin authenticated browser session; exact role/permission mapping pending,No mutation observed; registered low-risk interaction,Page reloaded and Network reached quiet state before action,Action response captured; no business mutation observed,admin/kyc,获取 kyc 列表 - double/owen,后台/kyc/获取 kyc 列表 - double-owen.bru,ACTIVE,YES,"fat-admin-explicit-read-actions.json Network events 88; exact selector {""role"": ""button"", ""name"": ""Query"", ""exact"": true}",,
admin,KYC,KYC,/kyc,button,Reset,POST,/admin/kyc/list,,,,"accept,accept-language,client-id,client-version,content-type,d,lang,referer,sec-ch-ua,sec-ch-ua-mobile,sec-ch-ua-platform,t,user-agent,x-device-id",Header: authenticated browser session/runtime,200,True,"object; keys=d,s,t",FAT admin authenticated browser session; exact role/permission mapping pending,No mutation observed; registered low-risk interaction,Page reloaded and Network reached quiet state before action,Action response captured; no business mutation observed,admin/kyc,获取 kyc 列表 - double/owen,后台/kyc/获取 kyc 列表 - double-owen.bru,ACTIVE,YES,"fat-admin-explicit-read-actions.json Network events 69; exact selector {""role"": ""button"", ""name"": ""Reset"", ""exact"": true}",,
admin,Logs,Logs,/logs/list,button,Export,,,,,,,No request captured,,,unverified,FAT admin authenticated browser session; exact role/permission mapping pending,No mutation observed,Page loaded,No request captured,,,,DOCUMENTED_UNVERIFIED,CONTROL_PRESENT_NO_REQUEST,"fat-admin-explicit-read-actions.json execution status=SKIPPED_NOT_ACTIONABLE; exact selector {""role"": ""button"", ""name"": ""Export"", ""exact"": true}",,Control was not actionable in the fresh page state
admin,Logs,Logs,/logs/list,button,Query,GET,/admin/log/list,"end_time,page,page_size,start_time",,,"accept,accept-language,client-id,client-version,d,lang,referer,sec-ch-ua,sec-ch-ua-mobile,sec-ch-ua-platform,t,user-agent,x-device-id",Query: current page filter/pagination; Header: authenticated browser session/runtime,200,True,"object; keys=d,s,t",FAT admin authenticated browser session; exact role/permission mapping pending,No mutation observed; registered low-risk interaction,Page reloaded and Network reached quiet state before action,Action response captured; no business mutation observed,admin/other,操作日志,代理管理后台/系统/操作日志.bru,ACTIVE,YES,"fat-admin-explicit-read-actions.json Network events 124; exact selector {""role"": ""button"", ""name"": ""Query"", ""exact"": true}",,
admin,Logs,Logs,/logs/list,button,Reset,GET,/admin/log/list,"end_time,page,page_size,start_time",,,"accept,accept-language,client-id,client-version,d,lang,referer,sec-ch-ua,sec-ch-ua-mobile,sec-ch-ua-platform,t,user-agent,x-device-id",Query: current page filter/pagination; Header: authenticated browser session/runtime,200,True,"object; keys=d,s,t",FAT admin authenticated browser session; exact role/permission mapping pending,No mutation observed; registered low-risk interaction,Page reloaded and Network reached quiet state before action,Action response captured; no business mutation observed,admin/other,操作日志,代理管理后台/系统/操作日志.bru,ACTIVE,YES,"fat-admin-explicit-read-actions.json Network events 106; exact selector {""role"": ""button"", ""name"": ""Reset"", ""exact"": true}",,
admin,Member Management,Member,/member-center/list,button,Batch query,,,,,,,No request captured,,,unverified,FAT admin authenticated browser session; exact role/permission mapping pending,No mutation observed,Page loaded,No request captured,,,,DOCUMENTED_UNVERIFIED,CONTROL_PRESENT_NO_REQUEST,"fat-admin-explicit-read-actions.json execution status=SKIPPED_NOT_ACTIONABLE; exact selector {""role"": ""button"", ""name"": ""Batch query"", ""exact"": true}",,Control was not actionable in the fresh page state
admin,Member Management,Member,/member-center/list,button,Export,,,,,,,No request captured,,,unverified,FAT admin authenticated browser session; exact role/permission mapping pending,No mutation observed,Page loaded,No request captured,,,,DOCUMENTED_UNVERIFIED,CONTROL_PRESENT_NO_REQUEST,"fat-admin-explicit-read-actions.json execution status=SKIPPED_NOT_ACTIONABLE; exact selector {""role"": ""button"", ""name"": ""Export"", ""exact"": true}",,Control was not actionable in the fresh page state
admin,Member Management,Member,/member-center/list,button,Query,POST,/admin/member/list,,,"end_time,page,page_size,start_time","accept,accept-language,client-id,client-version,content-type,d,lang,referer,sec-ch-ua,sec-ch-ua-mobile,sec-ch-ua-platform,t,user-agent,x-device-id",Body: current page form/filter and UI defaults; Header: authenticated browser session/runtime,200,True,"object; keys=d,page,page_size,summary,t",FAT admin authenticated browser session; exact role/permission mapping pending,No mutation observed; registered low-risk interaction,Page reloaded and Network reached quiet state before action,Action response captured; no business mutation observed,,,,UNDOCUMENTED_ACTIVE,YES,"fat-admin-explicit-read-actions.json Network events 198; exact selector {""role"": ""button"", ""name"": ""Query"", ""exact"": true}",,
admin,Member Management,Member,/member-center/list,button,Reset,GET,/admin/channel/manage/dict,,,,"accept,accept-language,client-id,client-version,d,lang,referer,sec-ch-ua,sec-ch-ua-mobile,sec-ch-ua-platform,t,user-agent,x-device-id",Header: authenticated browser session/runtime,200,True,list,FAT admin authenticated browser session; exact role/permission mapping pending,No mutation observed; registered low-risk interaction,Page reloaded and Network reached quiet state before action,Action response captured; no business mutation observed,admin/other,渠道管理字典-todo,后台/运营管理/推广管理/渠道管理/渠道管理字典-todo.bru,ACTIVE,YES,"fat-admin-explicit-read-actions.json Network events 178; exact selector {""role"": ""button"", ""name"": ""Reset"", ""exact"": true}",,
admin,Member Management,Member,/member-center/list,button,Reset,POST,/admin/member/list,,,"end_time,page,page_size,start_time","accept,accept-language,client-id,client-version,content-type,d,lang,referer,sec-ch-ua,sec-ch-ua-mobile,sec-ch-ua-platform,t,user-agent,x-device-id",Body: current page form/filter and UI defaults; Header: authenticated browser session/runtime,200,True,"object; keys=d,page,page_size,summary,t",FAT admin authenticated browser session; exact role/permission mapping pending,No mutation observed; registered low-risk interaction,Page reloaded and Network reached quiet state before action,Action response captured; no business mutation observed,,,,UNDOCUMENTED_ACTIVE,YES,"fat-admin-explicit-read-actions.json Network events 179; exact selector {""role"": ""button"", ""name"": ""Reset"", ""exact"": true}",,
admin,Member Management,Member,/member-center/list,button,View Details,GET,/admin/finance/member/wallet,uid,,,"accept,accept-language,client-id,client-version,d,lang,referer,sec-ch-ua,sec-ch-ua-mobile,sec-ch-ua-platform,t,user-agent,x-device-id",Query: current page filter/pagination; Header: authenticated browser session/runtime,200,True,"object; keys=balance,locked,uid,withdrawable",FAT admin authenticated browser session; exact role/permission mapping pending,No mutation observed; registered low-risk interaction,Page reloaded and Network reached quiet state before action,Action response captured; no business mutation observed,admin/finance,会员钱包 - wesley,后台/会员列表/会员钱包 - wesley.bru,ACTIVE,YES,"fat-admin-explicit-read-actions.json Network events 237; exact selector {""role"": ""button"", ""name"": ""View Details"", ""exact"": true}",,
admin,Member Management,Member,/member-center/list,button,View Details,GET,/admin/kyc/detail,uid,,,"accept,accept-language,client-id,client-version,d,lang,referer,sec-ch-ua,sec-ch-ua-mobile,sec-ch-ua-platform,t,user-agent,x-device-id",Query: current page filter/pagination; Header: authenticated browser session/runtime,200,True,"object; keys=attachments,birthday,blacklist_status,comment,country_code,created_at,current_address,external_information,extra_details,first_name,gender,id_number,id_type,issue,issue_fields,issue_msg,kyc_status,last_name,member,middle_name,nationality,nature_of_work,nearest_branch,occupation,ocr,ocr_result,ocr_status,permanent_address,phone,place_of_birth,review_times,reviewer,same_uids,same_uids_count,sid,signature_id,source_of_income,status,tokens,uid,updated_at,user_message,version",FAT admin authenticated browser session; exact role/permission mapping pending,No mutation observed; registered low-risk interaction,Page reloaded and Network reached quiet state before action,Action response captured; no business mutation observed,admin/kyc,获取 kyc 详情 - double,后台/kyc/获取 kyc 详情 - double.bru,ACTIVE,YES,"fat-admin-explicit-read-actions.json Network events 235; exact selector {""role"": ""button"", ""name"": ""View Details"", ""exact"": true}",,
admin,Member Management,Member,/member-center/list,button,View Details,GET,/admin/member/detail,uid,,,"accept,accept-language,client-id,client-version,d,lang,referer,sec-ch-ua,sec-ch-ua-mobile,sec-ch-ua-platform,t,user-agent,x-device-id",Query: current page filter/pagination; Header: authenticated browser session/runtime,200,True,"object; keys=activity_gift,agent_opened_at,agent_settle_type,associated_parties,available_balance,available_coin,avatar,balance,banned_state,bet_amount,bet_count,betting_turnover,block_state,buy_feature_finished,change_count,channel_name,created_at,created_note,currency_type,customer_channels,deposit_amount,deposit_count,deposit_multiple,deposit_multiple_type,difference,direct_referral_count,email,gender,ggr,has_login_password,indirect_referral_count,is_agent,last_changed_at,last_login_at,last_login_device,left_turnover,left_turnover_count,locked,nickname,note,parent_uid,phone,platform_deposit_multiple,referral_code,risk_level,risk_tag,sid,source,status,store_name,tags,tester,third_party_name,third_party_ty,tokens_balance,total_up,uid,unavailable_balance,updated_at,upline_count,username,version,vip_category,vip_level,vip_manual_level,vip_score,visit_count,wallet,win_amount,withdraw_method,withdrawable_balance,withdrawal_amount,withdrawal_count,xp",FAT admin authenticated browser session; exact role/permission mapping pending,No mutation observed; registered low-risk interaction,Page reloaded and Network reached quiet state before action,Action response captured; no business mutation observed,admin/member,会员详情 - seven/double,后台/会员列表/会员详情 - seven-double.bru,ACTIVE,YES,"fat-admin-explicit-read-actions.json Network events 238; exact selector {""role"": ""button"", ""name"": ""View Details"", ""exact"": true}",,
admin,Member Management,Member,/member-center/list,button,View Details,GET,/admin/priv/check,path,,,"accept,accept-language,client-id,client-version,d,lang,referer,sec-ch-ua,sec-ch-ua-mobile,sec-ch-ua-platform,t,user-agent,x-device-id",Query: current page filter/pagination; Header: authenticated browser session/runtime,200,True,object; keys=rights,FAT admin authenticated browser session; exact role/permission mapping pending,No mutation observed; registered low-risk interaction,Page reloaded and Network reached quiet state before action,Action response captured; no business mutation observed,admin/permission,权限检查,后台/系统管理/权限管理/权限检查.bru,ACTIVE,YES,"fat-admin-explicit-read-actions.json Network events 236; exact selector {""role"": ""button"", ""name"": ""View Details"", ""exact"": true}",,
admin,Member Management,Inviter Transfer Records,/member-management/inviter-transfer-records,button,Export,,,,,,,No request captured,,,unverified,FAT admin authenticated browser session; exact role/permission mapping pending,No mutation observed,Page loaded,No request captured,,,,DOCUMENTED_UNVERIFIED,CONTROL_PRESENT_NO_REQUEST,"fat-admin-explicit-read-actions.json execution status=SKIPPED_NOT_ACTIONABLE; exact selector {""role"": ""button"", ""name"": ""Export"", ""exact"": true}",,Control was not actionable in the fresh page state
admin,Member Management,Inviter Transfer Records,/member-management/inviter-transfer-records,button,Query,GET,/admin/promo/invite/friends/transfer/list,"page,page_size",,,"accept,accept-language,client-id,client-version,d,lang,referer,sec-ch-ua,sec-ch-ua-mobile,sec-ch-ua-platform,t,user-agent,x-device-id",Query: current page filter/pagination; Header: authenticated browser session/runtime,200,True,"object; keys=d,t",FAT admin authenticated browser session; exact role/permission mapping pending,No mutation observed; registered low-risk interaction,Page reloaded and Network reached quiet state before action,Action response captured; no business mutation observed,admin/promo,好友转线列表,后台/运营管理/邀请好友/好友转线列表.bru,ACTIVE,YES,"fat-admin-explicit-read-actions.json Network events 395; exact selector {""role"": ""button"", ""name"": ""Query"", ""exact"": true}",,
admin,Member Management,Inviter Transfer Records,/member-management/inviter-transfer-records,button,Reset,GET,/admin/promo/invite/friends/transfer/list,"page,page_size",,,"accept,accept-language,client-id,client-version,d,lang,referer,sec-ch-ua,sec-ch-ua-mobile,sec-ch-ua-platform,t,user-agent,x-device-id",Query: current page filter/pagination; Header: authenticated browser session/runtime,200,True,"object; keys=d,t",FAT admin authenticated browser session; exact role/permission mapping pending,No mutation observed; registered low-risk interaction,Page reloaded and Network reached quiet state before action,Action response captured; no business mutation observed,admin/promo,好友转线列表,后台/运营管理/邀请好友/好友转线列表.bru,ACTIVE,YES,"fat-admin-explicit-read-actions.json Network events 377; exact selector {""role"": ""button"", ""name"": ""Reset"", ""exact"": true}",,
admin,Member Management,VIP Check-in Log,/member-management/vip-checkin-log,button,Export,,,,,,,No request captured,,,unverified,FAT admin authenticated browser session; exact role/permission mapping pending,No mutation observed,Page loaded,No request captured,,,,DOCUMENTED_UNVERIFIED,CONTROL_PRESENT_NO_REQUEST,"fat-admin-explicit-read-actions.json execution status=SKIPPED_NOT_ACTIONABLE; exact selector {""role"": ""button"", ""name"": ""Export"", ""exact"": true}",,Control was not actionable in the fresh page state
admin,Member Management,VIP Check-in Log,/member-management/vip-checkin-log,button,Query,GET,/admin/promo/vip/sign/in/list,"end_time,page,page_size,start_time",,,"accept,accept-language,client-id,client-version,d,lang,referer,sec-ch-ua,sec-ch-ua-mobile,sec-ch-ua-platform,t,user-agent,x-device-id",Query: current page filter/pagination; Header: authenticated browser session/runtime,200,True,"object; keys=a,d,t",FAT admin authenticated browser session; exact role/permission mapping pending,No mutation observed; registered low-risk interaction,Page reloaded and Network reached quiet state before action,Action response captured; no business mutation observed,admin/promo,每日签到列表,后台/Vipv2/每日签到列表.bru,ACTIVE,YES,"fat-admin-explicit-read-actions.json Network events 342; exact selector {""role"": ""button"", ""name"": ""Query"", ""exact"": true}",,
admin,Member Management,VIP Check-in Log,/member-management/vip-checkin-log,button,Reset,GET,/admin/promo/vip/sign/in/list,"end_time,page,page_size,start_time",,,"accept,accept-language,client-id,client-version,d,lang,referer,sec-ch-ua,sec-ch-ua-mobile,sec-ch-ua-platform,t,user-agent,x-device-id",Query: current page filter/pagination; Header: authenticated browser session/runtime,200,True,"object; keys=a,d,t",FAT admin authenticated browser session; exact role/permission mapping pending,No mutation observed; registered low-risk interaction,Page reloaded and Network reached quiet state before action,Action response captured; no business mutation observed,admin/promo,每日签到列表,后台/Vipv2/每日签到列表.bru,ACTIVE,YES,"fat-admin-explicit-read-actions.json Network events 324; exact selector {""role"": ""button"", ""name"": ""Reset"", ""exact"": true}",,
admin,Member Management,VIP Config,/member-management/vip-config,button,System Overview,,,,,,,No request captured,,,unverified,FAT admin authenticated browser session; exact role/permission mapping pending,No mutation observed,Page loaded,No request captured,,,,DOCUMENTED_UNVERIFIED,CONTROL_PRESENT_NO_REQUEST,"fat-admin-explicit-read-actions.json execution status=SKIPPED_NOT_ACTIONABLE; exact selector {""role"": ""button"", ""name"": ""System Overview"", ""exact"": true}",,Control was not actionable in the fresh page state
admin,Member Management,VIP Rewards,/member-management/vip-rewards,button,Export Excel,,,,,,,No request captured,,,unverified,FAT admin authenticated browser session; exact role/permission mapping pending,No mutation observed,Page loaded,No request captured,,,,DOCUMENTED_UNVERIFIED,CONTROL_PRESENT_NO_REQUEST,"fat-admin-explicit-read-actions.json execution status=SKIPPED_NOT_ACTIONABLE; exact selector {""role"": ""button"", ""name"": ""Export Excel"", ""exact"": true}",,Control was not actionable in the fresh page state
admin,Member Management,VIP Rewards,/member-management/vip-rewards,button,Reset,,,,,,,No request captured,,,unverified,FAT admin authenticated browser session; exact role/permission mapping pending,No mutation observed,Page loaded,No request captured,,,,DOCUMENTED_UNVERIFIED,CONTROL_PRESENT_NO_REQUEST,"fat-admin-explicit-read-actions.json execution status=SKIPPED_NOT_ACTIONABLE; exact selector {""role"": ""button"", ""name"": ""Reset"", ""exact"": true}",,Control was not actionable in the fresh page state
admin,Member Management,VIP Rewards,/member-management/vip-rewards,button,Search,,,,,,,No request captured,,,unverified,FAT admin authenticated browser session; exact role/permission mapping pending,No mutation observed,Page loaded,No request captured,,,,DOCUMENTED_UNVERIFIED,CONTROL_PRESENT_NO_REQUEST,"fat-admin-explicit-read-actions.json execution status=SKIPPED_NOT_ACTIONABLE; exact selector {""role"": ""button"", ""name"": ""Search"", ""exact"": true}",,Control was not actionable in the fresh page state
admin,Operation Management,Promotion Spend Audit,/operations/activity-expenditure-audit,button,Export,,,,,,,No request captured,,,unverified,FAT admin authenticated browser session; exact role/permission mapping pending,No mutation observed,Page loaded,No request captured,,,,DOCUMENTED_UNVERIFIED,CONTROL_PRESENT_NO_REQUEST,"fat-admin-explicit-read-actions.json execution status=SKIPPED_NOT_ACTIONABLE; exact selector {""role"": ""button"", ""name"": ""Export"", ""exact"": true}",,Control was not actionable in the fresh page state
admin,Operation Management,Promotion Spend Audit,/operations/activity-expenditure-audit,button,Query,GET,/admin/bonus/review/list,"created_end_at,created_start_at,page,page_size",,,"accept,accept-language,client-id,client-version,d,lang,referer,sec-ch-ua,sec-ch-ua-mobile,sec-ch-ua-platform,t,user-agent,x-device-id",Query: current page filter/pagination; Header: authenticated browser session/runtime,200,True,"object; keys=d,t",FAT admin authenticated browser session; exact role/permission mapping pending,No mutation observed; registered low-risk interaction,Page reloaded and Network reached quiet state before action,Action response captured; no business mutation observed,admin/other,待审订单列表 - felix.bru,后台/礼金/待审订单列表 - felix.bru,ACTIVE,YES,"fat-admin-explicit-read-actions.json Network events 1346; exact selector {""role"": ""button"", ""name"": ""Query"", ""exact"": true}",,
admin,Operation Management,Promotion Spend Audit,/operations/activity-expenditure-audit,button,Query,GET,/admin/notify/audit/alarm,t,,,"accept,accept-language,client-id,client-version,d,lang,referer,sec-ch-ua,sec-ch-ua-mobile,sec-ch-ua-platform,t,user-agent,x-device-id",Query: current page filter/pagination; Header: authenticated browser session/runtime,200,True,"object; keys=bonus_review_pending,feedback_pending,kyc_pending,mall_order_pending,withdraw_pending",FAT admin authenticated browser session; exact role/permission mapping pending,No mutation observed; registered low-risk interaction,Page reloaded and Network reached quiet state before action,Action response captured; no business mutation observed,admin/other,获取系统通知数量-wesley/owen,后台/系统管理/通知中心/获取系统通知数量-wesley-owen.bru,ACTIVE,YES,"fat-admin-explicit-read-actions.json Network events 1345; exact selector {""role"": ""button"", ""name"": ""Query"", ""exact"": true}",,
admin,Operation Management,Promotion Spend Audit,/operations/activity-expenditure-audit,button,Reset,GET,/admin/bonus/review/list,"created_end_at,created_start_at,page,page_size",,,"accept,accept-language,client-id,client-version,d,lang,referer,sec-ch-ua,sec-ch-ua-mobile,sec-ch-ua-platform,t,user-agent,x-device-id",Query: current page filter/pagination; Header: authenticated browser session/runtime,200,True,"object; keys=d,t",FAT admin authenticated browser session; exact role/permission mapping pending,No mutation observed; registered low-risk interaction,Page reloaded and Network reached quiet state before action,Action response captured; no business mutation observed,admin/other,待审订单列表 - felix.bru,后台/礼金/待审订单列表 - felix.bru,ACTIVE,YES,"fat-admin-explicit-read-actions.json Network events 1327; exact selector {""role"": ""button"", ""name"": ""Reset"", ""exact"": true}",,
admin,Operation Management,Promotion List,/operations/activity-list,button,Export,,,,,,,No request captured,,,unverified,FAT admin authenticated browser session; exact role/permission mapping pending,No mutation observed,Page loaded,No request captured,,,,DOCUMENTED_UNVERIFIED,CONTROL_PRESENT_NO_REQUEST,"fat-admin-explicit-read-actions.json execution status=SKIPPED_NOT_ACTIONABLE; exact selector {""role"": ""button"", ""name"": ""Export"", ""exact"": true}",,Control was not actionable in the fresh page state
admin,Operation Management,Promotion List,/operations/activity-list,button,Query,GET,/admin/promo/list,"page,page_size",,,"accept,accept-language,client-id,client-version,d,lang,referer,sec-ch-ua,sec-ch-ua-mobile,sec-ch-ua-platform,t,user-agent,x-device-id",Query: current page filter/pagination; Header: authenticated browser session/runtime,200,True,"object; keys=d,s,t,update_users",FAT admin authenticated browser session; exact role/permission mapping pending,No mutation observed; registered low-risk interaction,Page reloaded and Network reached quiet state before action,Action response captured; no business mutation observed,admin/promo,活动列表 - felix,后台/活动/活动列表 - felix.bru,ACTIVE,YES,"fat-admin-explicit-read-actions.json Network events 1232; exact selector {""role"": ""button"", ""name"": ""Query"", ""exact"": true}",,
admin,Operation Management,Promotion List,/operations/activity-list,button,Reset,GET,/admin/promo/list,"page,page_size",,,"accept,accept-language,client-id,client-version,d,lang,referer,sec-ch-ua,sec-ch-ua-mobile,sec-ch-ua-platform,t,user-agent,x-device-id",Query: current page filter/pagination; Header: authenticated browser session/runtime,200,True,"object; keys=d,s,t,update_users",FAT admin authenticated browser session; exact role/permission mapping pending,No mutation observed; registered low-risk interaction,Page reloaded and Network reached quiet state before action,Action response captured; no business mutation observed,admin/promo,活动列表 - felix,后台/活动/活动列表 - felix.bru,ACTIVE,YES,"fat-admin-explicit-read-actions.json Network events 1213; exact selector {""role"": ""button"", ""name"": ""Reset"", ""exact"": true}",,
admin,Operation Management,Promotion List,/operations/activity-list,button,Reset,POST,/admin/user/list,,,"page,page_size","accept,accept-language,client-id,client-version,content-type,d,lang,referer,sec-ch-ua,sec-ch-ua-mobile,sec-ch-ua-platform,t,user-agent,x-device-id",Body: current page form/filter and UI defaults; Header: authenticated browser session/runtime,200,True,"object; keys=d,t",FAT admin authenticated browser session; exact role/permission mapping pending,No mutation observed; registered low-risk interaction,Page reloaded and Network reached quiet state before action,Action response captured; no business mutation observed,,,,UNDOCUMENTED_ACTIVE,YES,"fat-admin-explicit-read-actions.json Network events 1212; exact selector {""role"": ""button"", ""name"": ""Reset"", ""exact"": true}",,
admin,Operation Management,Promotion List,/operations/activity-list,button,View Give Record,GET,/admin/promo/turntable/reward/give/list,"activity_id,page,page_size",,,"accept,accept-language,client-id,client-version,d,lang,referer,sec-ch-ua,sec-ch-ua-mobile,sec-ch-ua-platform,t,user-agent,x-device-id",Query: current page filter/pagination; Header: authenticated browser session/runtime,200,True,"object; keys=items,summary,t",FAT admin authenticated browser session; exact role/permission mapping pending,No mutation observed; registered low-risk interaction,Page reloaded and Network reached quiet state before action,Action response captured; no business mutation observed,unknown/report,发放报表,活动/后台-活动管理/大转盘/发放报表.bru,ACTIVE,YES,"fat-admin-explicit-read-actions.json Network events 1289; exact selector {""role"": ""button"", ""name"": ""View Give Record"", ""exact"": true}",,
admin,Operation Management,Promotion List,/operations/activity-list,button,View Report,GET,/admin/promo/flip/card/report,"activity_id,page,page_size,state,ymd",,,"accept,accept-language,client-id,client-version,d,lang,referer,sec-ch-ua,sec-ch-ua-mobile,sec-ch-ua-platform,t,user-agent,x-device-id",Query: current page filter/pagination; Header: authenticated browser session/runtime,200,True,"object; keys=d,day_list,page_total,t,total",FAT admin authenticated browser session; exact role/permission mapping pending,No mutation observed; registered low-risk interaction,Page reloaded and Network reached quiet state before action,Action response captured; no business mutation observed,,,,UNDOCUMENTED_ACTIVE,YES,"fat-admin-explicit-read-actions.json Network events 1269,1270; exact selector {""role"": ""button"", ""name"": ""View Report"", ""exact"": true}",,
admin,Operation Management,Promotion List,/operations/activity-list,button,View Rotation Record,GET,/admin/promo/turntable/reward/goods/list,pid,,,"accept,accept-language,client-id,client-version,d,lang,referer,sec-ch-ua,sec-ch-ua-mobile,sec-ch-ua-platform,t,user-agent,x-device-id",Query: current page filter/pagination; Header: authenticated browser session/runtime,200,True,object; keys=d,FAT admin authenticated browser session; exact role/permission mapping pending,No mutation observed; registered low-risk interaction,Page reloaded and Network reached quiet state before action,Action response captured; no business mutation observed,unknown/promo,大转盘-奖励商品列表,活动/后台-活动管理/大转盘/大转盘-奖励商品列表.bru,ACTIVE,YES,"fat-admin-explicit-read-actions.json Network events 1308; exact selector {""role"": ""button"", ""name"": ""View Rotation Record"", ""exact"": true}",,
admin,Operation Management,Promotion List,/operations/activity-list,button,View Rotation Record,GET,/admin/promo/turntable/reward/lottery/list,"activity_id,page,page_size",,,"accept,accept-language,client-id,client-version,d,lang,referer,sec-ch-ua,sec-ch-ua-mobile,sec-ch-ua-platform,t,user-agent,x-device-id",Query: current page filter/pagination; Header: authenticated browser session/runtime,200,True,"object; keys=bonus_items,day_list,summary,t",FAT admin authenticated browser session; exact role/permission mapping pending,No mutation observed; registered low-risk interaction,Page reloaded and Network reached quiet state before action,Action response captured; no business mutation observed,,,,UNDOCUMENTED_ACTIVE,YES,"fat-admin-explicit-read-actions.json Network events 1309; exact selector {""role"": ""button"", ""name"": ""View Rotation Record"", ""exact"": true}",,
admin,Operation Management,Client Configuration,/operations/client-config,button,Query,POST,/admin/banner/list,,,,"accept,accept-language,client-id,client-version,content-type,d,lang,referer,sec-ch-ua,sec-ch-ua-mobile,sec-ch-ua-platform,t,user-agent,x-device-id",Header: authenticated browser session/runtime,200,True,"object; keys=d,s,t",FAT admin authenticated browser session; exact role/permission mapping pending,No mutation observed; registered low-risk interaction,Page reloaded and Network reached quiet state before action,Action response captured; no business mutation observed,admin/other,轮播图列表,后台/轮播图-首页弹窗/轮播图列表.bru,ACTIVE,YES,"fat-admin-explicit-read-actions.json Network events 1061; exact selector {""role"": ""button"", ""name"": ""Query"", ""exact"": true}",,
admin,Operation Management,Client Configuration,/operations/client-config,button,Reset,POST,/admin/banner/list,,,,"accept,accept-language,client-id,client-version,content-type,d,lang,referer,sec-ch-ua,sec-ch-ua-mobile,sec-ch-ua-platform,t,user-agent,x-device-id",Header: authenticated browser session/runtime,200,True,"object; keys=d,s,t",FAT admin authenticated browser session; exact role/permission mapping pending,No mutation observed; registered low-risk interaction,Page reloaded and Network reached quiet state before action,Action response captured; no business mutation observed,admin/other,轮播图列表,后台/轮播图-首页弹窗/轮播图列表.bru,ACTIVE,YES,"fat-admin-explicit-read-actions.json Network events 1041; exact selector {""role"": ""button"", ""name"": ""Reset"", ""exact"": true}",,
admin,Operation Management,Daily Report,/operations/daily-reports,button,Export,,,,,,,No request captured,,,unverified,FAT admin authenticated browser session; exact role/permission mapping pending,No mutation observed,Page loaded,No request captured,,,,DOCUMENTED_UNVERIFIED,CONTROL_PRESENT_NO_REQUEST,"fat-admin-explicit-read-actions.json execution status=SKIPPED_NOT_ACTIONABLE; exact selector {""role"": ""button"", ""name"": ""Export"", ""exact"": true}",,Control was not actionable in the fresh page state
admin,Operation Management,Daily Report,/operations/daily-reports,button,Query,GET,/admin/reports/channel,"end_time,page,page_size,start_time",,,"accept,accept-language,client-id,client-version,d,lang,referer,sec-ch-ua,sec-ch-ua-mobile,sec-ch-ua-platform,t,user-agent,x-device-id",Query: current page filter/pagination; Header: authenticated browser session/runtime,200,True,"object; keys=d,t",FAT admin authenticated browser session; exact role/permission mapping pending,No mutation observed; registered low-risk interaction,Page reloaded and Network reached quiet state before action,Action response captured; no business mutation observed,admin/report,渠道日报表-sandy,后台/报表/渠道报表/渠道日报表-sandy.bru,ACTIVE,YES,"fat-admin-explicit-read-actions.json Network events 1003; exact selector {""role"": ""button"", ""name"": ""Query"", ""exact"": true}",,
admin,Operation Management,Daily Report,/operations/daily-reports,button,Reset,GET,/admin/channel/dict,ty,,,"accept,accept-language,client-id,client-version,d,lang,referer,sec-ch-ua,sec-ch-ua-mobile,sec-ch-ua-platform,t,user-agent,x-device-id",Query: current page filter/pagination; Header: authenticated browser session/runtime,200,True,list,FAT admin authenticated browser session; exact role/permission mapping pending,No mutation observed; registered low-risk interaction,Page reloaded and Network reached quiet state before action,Action response captured; no business mutation observed,admin/report,渠道字典,后台/报表/渠道字典.bru,ACTIVE,YES,"fat-admin-explicit-read-actions.json Network events 983; exact selector {""role"": ""button"", ""name"": ""Reset"", ""exact"": true}",,
admin,Operation Management,Daily Report,/operations/daily-reports,button,Reset,GET,/admin/reports/channel,"end_time,page,page_size,start_time",,,"accept,accept-language,client-id,client-version,d,lang,referer,sec-ch-ua,sec-ch-ua-mobile,sec-ch-ua-platform,t,user-agent,x-device-id",Query: current page filter/pagination; Header: authenticated browser session/runtime,200,True,"object; keys=d,t",FAT admin authenticated browser session; exact role/permission mapping pending,No mutation observed; registered low-risk interaction,Page reloaded and Network reached quiet state before action,Action response captured; no business mutation observed,admin/report,渠道日报表-sandy,后台/报表/渠道报表/渠道日报表-sandy.bru,ACTIVE,YES,"fat-admin-explicit-read-actions.json Network events 984; exact selector {""role"": ""button"", ""name"": ""Reset"", ""exact"": true}",,
admin,Operation Management,Friend Invite,/operations/friend-invite,button,Export,,,,,,,No request captured,,,unverified,FAT admin authenticated browser session; exact role/permission mapping pending,No mutation observed,Page loaded,No request captured,,,,DOCUMENTED_UNVERIFIED,CONTROL_PRESENT_NO_REQUEST,"fat-admin-explicit-read-actions.json execution status=SKIPPED_NOT_ACTIONABLE; exact selector {""role"": ""button"", ""name"": ""Export"", ""exact"": true}",,Control was not actionable in the fresh page state
admin,Operation Management,Friend Invite,/operations/friend-invite,button,Query,GET,/admin/promo/invite/base/list,"created_end_at,created_start_at,page,page_size",,,"accept,accept-language,client-id,client-version,d,lang,referer,sec-ch-ua,sec-ch-ua-mobile,sec-ch-ua-platform,t,user-agent,x-device-id",Query: current page filter/pagination; Header: authenticated browser session/runtime,200,True,"object; keys=d,sub_total,t,total",FAT admin authenticated browser session; exact role/permission mapping pending,No mutation observed; registered low-risk interaction,Page reloaded and Network reached quiet state before action,Action response captured; no business mutation observed,admin/promo,邀请基础奖励列表,后台/运营管理/邀请好友/邀请基础奖励列表.bru,ACTIVE,YES,"fat-admin-explicit-read-actions.json Network events 1523; exact selector {""role"": ""button"", ""name"": ""Query"", ""exact"": true}",,
admin,Operation Management,Friend Invite,/operations/friend-invite,button,Reset,GET,/admin/promo/invite/base/list,"created_end_at,created_start_at,page,page_size",,,"accept,accept-language,client-id,client-version,d,lang,referer,sec-ch-ua,sec-ch-ua-mobile,sec-ch-ua-platform,t,user-agent,x-device-id",Query: current page filter/pagination; Header: authenticated browser session/runtime,200,True,"object; keys=d,sub_total,t,total",FAT admin authenticated browser session; exact role/permission mapping pending,No mutation observed; registered low-risk interaction,Page reloaded and Network reached quiet state before action,Action response captured; no business mutation observed,admin/promo,邀请基础奖励列表,后台/运营管理/邀请好友/邀请基础奖励列表.bru,ACTIVE,YES,"fat-admin-explicit-read-actions.json Network events 1505; exact selector {""role"": ""button"", ""name"": ""Reset"", ""exact"": true}",,
admin,Operation Management,Home Sections Config,/operations/home-sections,button,Preview,,,,,,,No request captured,,,unverified,FAT admin authenticated browser session; exact role/permission mapping pending,No mutation observed,Page loaded,No request captured,,,,DOCUMENTED_UNVERIFIED,CONTROL_PRESENT_NO_REQUEST,"fat-admin-explicit-read-actions.json execution status=SKIPPED_NOT_ACTIONABLE; exact selector {""role"": ""button"", ""name"": ""Preview"", ""exact"": true}",,Control was not actionable in the fresh page state
admin,Operation Management,Home Sections Config,/operations/home-sections,button,Refresh,,,,,,,No request captured,,,unverified,FAT admin authenticated browser session; exact role/permission mapping pending,No mutation observed,Page loaded,No request captured,,,,DOCUMENTED_UNVERIFIED,CONTROL_PRESENT_NO_REQUEST,"fat-admin-explicit-read-actions.json execution status=SKIPPED_NOT_ACTIONABLE; exact selector {""role"": ""button"", ""name"": ""Refresh"", ""exact"": true}",,Control was not actionable in the fresh page state
admin,Operation Management,Member station message,/operations/in-site-message,button,Export,,,,,,,No request captured,,,unverified,FAT admin authenticated browser session; exact role/permission mapping pending,No mutation observed,Page loaded,No request captured,,,,DOCUMENTED_UNVERIFIED,CONTROL_PRESENT_NO_REQUEST,"fat-admin-explicit-read-actions.json execution status=SKIPPED_NOT_ACTIONABLE; exact selector {""role"": ""button"", ""name"": ""Export"", ""exact"": true}",,Control was not actionable in the fresh page state
admin,Operation Management,Member station message,/operations/in-site-message,button,Query,GET,/admin/message/list,"is_batch,page,page_size",,,"accept,accept-language,client-id,client-version,d,lang,referer,sec-ch-ua,sec-ch-ua-mobile,sec-ch-ua-platform,t,user-agent,x-device-id",Query: current page filter/pagination; Header: authenticated browser session/runtime,200,True,"object; keys=d,page,page_size,t",FAT admin authenticated browser session; exact role/permission mapping pending,No mutation observed; registered low-risk interaction,Page reloaded and Network reached quiet state before action,Action response captured; no business mutation observed,admin/other,已阅读名单-todo,后台/运营管理/站内信管理/已阅读名单-todo.bru,ACTIVE,YES,"fat-admin-explicit-read-actions.json Network events 1452; exact selector {""role"": ""button"", ""name"": ""Query"", ""exact"": true}",,
admin,Operation Management,Member station message,/operations/in-site-message,button,Reset,GET,/admin/message/list,"is_batch,page,page_size",,,"accept,accept-language,client-id,client-version,d,lang,referer,sec-ch-ua,sec-ch-ua-mobile,sec-ch-ua-platform,t,user-agent,x-device-id",Query: current page filter/pagination; Header: authenticated browser session/runtime,200,True,"object; keys=d,page,page_size,t",FAT admin authenticated browser session; exact role/permission mapping pending,No mutation observed; registered low-risk interaction,Page reloaded and Network reached quiet state before action,Action response captured; no business mutation observed,admin/other,已阅读名单-todo,后台/运营管理/站内信管理/已阅读名单-todo.bru,ACTIVE,YES,"fat-admin-explicit-read-actions.json Network events 1434; exact selector {""role"": ""button"", ""name"": ""Reset"", ""exact"": true}",,
admin,Operation Management,Member station message,/operations/in-site-message,button,View,GET,/admin/message/reads,"message_id,page,page_size",,,"accept,accept-language,client-id,client-version,d,lang,referer,sec-ch-ua,sec-ch-ua-mobile,sec-ch-ua-platform,t,user-agent,x-device-id",Query: current page filter/pagination; Header: authenticated browser session/runtime,200,True,"object; keys=d,page,page_size,t",FAT admin authenticated browser session; exact role/permission mapping pending,No mutation observed; registered low-risk interaction,Page reloaded and Network reached quiet state before action,Action response captured; no business mutation observed,,,,UNDOCUMENTED_ACTIVE,YES,"fat-admin-explicit-read-actions.json Network events 1487; exact selector {""role"": ""button"", ""name"": ""View"", ""exact"": true}",,
admin,Operation Management,Jackpot Board,/operations/jackpot-board,button,Export,,,,,,,No request captured,,,unverified,FAT admin authenticated browser session; exact role/permission mapping pending,No mutation observed,Page loaded,No request captured,,,,DOCUMENTED_UNVERIFIED,CONTROL_PRESENT_NO_REQUEST,"fat-admin-explicit-read-actions.json execution status=SKIPPED_NOT_ACTIONABLE; exact selector {""role"": ""button"", ""name"": ""Export"", ""exact"": true}",,Control was not actionable in the fresh page state
admin,Operation Management,Jackpot Board,/operations/jackpot-board,button,Query,GET,/admin/hotBetNotice/list,"end_time,page,page_size,sort,sort_field,start_time",,,"accept,accept-language,client-id,client-version,d,lang,referer,sec-ch-ua,sec-ch-ua-mobile,sec-ch-ua-platform,t,user-agent,x-device-id",Query: current page filter/pagination; Header: authenticated browser session/runtime,200,True,"object; keys=d,page,page_size,t",FAT admin authenticated browser session; exact role/permission mapping pending,No mutation observed; registered low-risk interaction,Page reloaded and Network reached quiet state before action,Action response captured; no business mutation observed,admin/other,爆彩列表查询,后台/爆彩/爆彩列表查询.bru,ACTIVE,YES,"fat-admin-explicit-read-actions.json Network events 1582; exact selector {""role"": ""button"", ""name"": ""Query"", ""exact"": true}",,
admin,Operation Management,Jackpot Board,/operations/jackpot-board,button,Reset,GET,/admin/hotBetNotice/list,"end_time,page,page_size,sort,sort_field,start_time",,,"accept,accept-language,client-id,client-version,d,lang,referer,sec-ch-ua,sec-ch-ua-mobile,sec-ch-ua-platform,t,user-agent,x-device-id",Query: current page filter/pagination; Header: authenticated browser session/runtime,200,True,"object; keys=d,page,page_size,t",FAT admin authenticated browser session; exact role/permission mapping pending,No mutation observed; registered low-risk interaction,Page reloaded and Network reached quiet state before action,Action response captured; no business mutation observed,admin/other,爆彩列表查询,后台/爆彩/爆彩列表查询.bru,ACTIVE,YES,"fat-admin-explicit-read-actions.json Network events 1561; exact selector {""role"": ""button"", ""name"": ""Reset"", ""exact"": true}",,
admin,Operation Management,Market Management,/operations/mall-management,button,Export,,,,,,,No request captured,,,unverified,FAT admin authenticated browser session; exact role/permission mapping pending,No mutation observed,Page loaded,No request captured,,,,DOCUMENTED_UNVERIFIED,CONTROL_PRESENT_NO_REQUEST,"fat-admin-explicit-read-actions.json execution status=SKIPPED_NOT_ACTIONABLE; exact selector {""role"": ""button"", ""name"": ""Export"", ""exact"": true}",,Control was not actionable in the fresh page state
admin,Operation Management,Market Management,/operations/mall-management,button,Query,GET,/admin/mall/goods/list,"page,page_size",,,"accept,accept-language,client-id,client-version,d,lang,referer,sec-ch-ua,sec-ch-ua-mobile,sec-ch-ua-platform,t,user-agent,x-device-id",Query: current page filter/pagination; Header: authenticated browser session/runtime,200,True,"object; keys=d,s,t",FAT admin authenticated browser session; exact role/permission mapping pending,No mutation observed; registered low-risk interaction,Page reloaded and Network reached quiet state before action,Action response captured; no business mutation observed,admin/other,获取产品列表-todo,后台/商城管理/获取产品列表-todo.bru,ACTIVE,YES,"fat-admin-explicit-read-actions.json Network events 1157; exact selector {""role"": ""button"", ""name"": ""Query"", ""exact"": true}",,
admin,Operation Management,Market Management,/operations/mall-management,button,Reset,GET,/admin/mall/goods/list,"page,page_size",,,"accept,accept-language,client-id,client-version,d,lang,referer,sec-ch-ua,sec-ch-ua-mobile,sec-ch-ua-platform,t,user-agent,x-device-id",Query: current page filter/pagination; Header: authenticated browser session/runtime,200,True,"object; keys=d,s,t",FAT admin authenticated browser session; exact role/permission mapping pending,No mutation observed; registered low-risk interaction,Page reloaded and Network reached quiet state before action,Action response captured; no business mutation observed,admin/other,获取产品列表-todo,后台/商城管理/获取产品列表-todo.bru,ACTIVE,YES,"fat-admin-explicit-read-actions.json Network events 1139; exact selector {""role"": ""button"", ""name"": ""Reset"", ""exact"": true}",,
admin,Operation Management,Market Management,/operations/mall-management,button,View,GET,/admin/mall/order/list,"end_submit_at,page,page_size,product_id,start_submit_at",,,"accept,accept-language,client-id,client-version,d,lang,referer,sec-ch-ua,sec-ch-ua-mobile,sec-ch-ua-platform,t,user-agent,x-device-id",Query: current page filter/pagination; Header: authenticated browser session/runtime,200,True,"object; keys=list,sub,sum,total",FAT admin authenticated browser session; exact role/permission mapping pending,No mutation observed; registered low-risk interaction,Page reloaded and Network reached quiet state before action,Action response captured; no business mutation observed,admin/other,商城订单列表-todo,后台/商城订单记录/商城订单列表-todo.bru,ACTIVE,YES,"fat-admin-explicit-read-actions.json Network events 1193; exact selector {""role"": ""button"", ""name"": ""View"", ""exact"": true}",,
admin,Operation Management,Market Management,/operations/mall-management,button,View,GET,/admin/notify/audit/alarm,t,,,"accept,accept-language,client-id,client-version,d,lang,referer,sec-ch-ua,sec-ch-ua-mobile,sec-ch-ua-platform,t,user-agent,x-device-id",Query: current page filter/pagination; Header: authenticated browser session/runtime,200,True,"object; keys=bonus_review_pending,feedback_pending,kyc_pending,mall_order_pending,withdraw_pending",FAT admin authenticated browser session; exact role/permission mapping pending,No mutation observed; registered low-risk interaction,Page reloaded and Network reached quiet state before action,Action response captured; no business mutation observed,admin/other,获取系统通知数量-wesley/owen,后台/系统管理/通知中心/获取系统通知数量-wesley-owen.bru,ACTIVE,YES,"fat-admin-explicit-read-actions.json Network events 1192; exact selector {""role"": ""button"", ""name"": ""View"", ""exact"": true}",,
admin,Operation Management,Marquee Management,/operations/marquee-management,button,Query,GET,/admin/marquee/list,"page,page_size,ty",,,"accept,accept-language,client-id,client-version,d,lang,referer,sec-ch-ua,sec-ch-ua-mobile,sec-ch-ua-platform,t,user-agent,x-device-id",Query: current page filter/pagination; Header: authenticated browser session/runtime,200,True,"object; keys=d,t",FAT admin authenticated browser session; exact role/permission mapping pending,No mutation observed; registered low-risk interaction,Page reloaded and Network reached quiet state before action,Action response captured; no business mutation observed,admin/other,列表,后台/跑马灯/列表.bru,ACTIVE,YES,"fat-admin-explicit-read-actions.json Network events 1660; exact selector {""role"": ""button"", ""name"": ""Query"", ""exact"": true}",,
admin,Operation Management,Marquee Management,/operations/marquee-management,button,Reset,GET,/admin/marquee/list,"page,page_size,ty",,,"accept,accept-language,client-id,client-version,d,lang,referer,sec-ch-ua,sec-ch-ua-mobile,sec-ch-ua-platform,t,user-agent,x-device-id",Query: current page filter/pagination; Header: authenticated browser session/runtime,200,True,"object; keys=d,t",FAT admin authenticated browser session; exact role/permission mapping pending,No mutation observed; registered low-risk interaction,Page reloaded and Network reached quiet state before action,Action response captured; no business mutation observed,admin/other,列表,后台/跑马灯/列表.bru,ACTIVE,YES,"fat-admin-explicit-read-actions.json Network events 1639; exact selector {""role"": ""button"", ""name"": ""Reset"", ""exact"": true}",,
admin,Operation Management,Material Management,/operations/material-management,button,Details,,,,,,,No request captured,,,unverified,FAT admin authenticated browser session; exact role/permission mapping pending,No mutation observed,Page loaded,No request captured,,,,DOCUMENTED_UNVERIFIED,CONTROL_PRESENT_NO_REQUEST,"fat-admin-explicit-read-actions.json execution status=CLICKED; exact selector {""role"": ""button"", ""name"": ""Details"", ""exact"": true}",,Click produced no XHR/fetch; navigation/DOM effect requires follow-up
admin,Operation Management,Material Management,/operations/material-management,button,Query,POST,/admin/ad/material/list,,,,"accept,accept-language,client-id,client-version,content-type,d,lang,referer,sec-ch-ua,sec-ch-ua-mobile,sec-ch-ua-platform,t,user-agent,x-device-id",Header: authenticated browser session/runtime,200,True,"object; keys=d,s,t",FAT admin authenticated browser session; exact role/permission mapping pending,No mutation observed; registered low-risk interaction,Page reloaded and Network reached quiet state before action,Action response captured; no business mutation observed,admin/other,素材列表,后台/运营管理/客户端管理/素材管理/素材列表.bru,ACTIVE,YES,"fat-admin-explicit-read-actions.json Network events 1102; exact selector {""role"": ""button"", ""name"": ""Query"", ""exact"": true}",,
admin,Operation Management,Material Management,/operations/material-management,button,Reset,GET,/admin/ad/material/platform/menu,,,,"accept,accept-language,client-id,client-version,d,lang,referer,sec-ch-ua,sec-ch-ua-mobile,sec-ch-ua-platform,t,user-agent,x-device-id",Header: authenticated browser session/runtime,200,True,list,FAT admin authenticated browser session; exact role/permission mapping pending,No mutation observed; registered low-risk interaction,Page reloaded and Network reached quiet state before action,Action response captured; no business mutation observed,admin/other,素材管理支持的平台枚举,后台/运营管理/客户端管理/素材管理/素材管理支持的平台枚举.bru,ACTIVE,YES,"fat-admin-explicit-read-actions.json Network events 1081; exact selector {""role"": ""button"", ""name"": ""Reset"", ""exact"": true}",,
admin,Operation Management,Material Management,/operations/material-management,button,Reset,POST,/admin/ad/material/list,,,,"accept,accept-language,client-id,client-version,content-type,d,lang,referer,sec-ch-ua,sec-ch-ua-mobile,sec-ch-ua-platform,t,user-agent,x-device-id",Header: authenticated browser session/runtime,200,True,"object; keys=d,s,t",FAT admin authenticated browser session; exact role/permission mapping pending,No mutation observed; registered low-risk interaction,Page reloaded and Network reached quiet state before action,Action response captured; no business mutation observed,admin/other,素材列表,后台/运营管理/客户端管理/素材管理/素材列表.bru,ACTIVE,YES,"fat-admin-explicit-read-actions.json Network events 1082; exact selector {""role"": ""button"", ""name"": ""Reset"", ""exact"": true}",,
admin,Operation Management,Message Templates,/operations/message-templates,button,Export,,,,,,,No request captured,,,unverified,FAT admin authenticated browser session; exact role/permission mapping pending,No mutation observed,Page loaded,No request captured,,,,DOCUMENTED_UNVERIFIED,CONTROL_PRESENT_NO_REQUEST,"fat-admin-explicit-read-actions.json execution status=SKIPPED_NOT_ACTIONABLE; exact selector {""role"": ""button"", ""name"": ""Export"", ""exact"": true}",,Control was not actionable in the fresh page state
admin,Operation Management,Message Templates,/operations/message-templates,button,Query,GET,/admin/message/templates/list,"page,page_size",,,"accept,accept-language,client-id,client-version,d,lang,referer,sec-ch-ua,sec-ch-ua-mobile,sec-ch-ua-platform,t,user-agent,x-device-id",Query: current page filter/pagination; Header: authenticated browser session/runtime,200,True,"object; keys=d,s,t",FAT admin authenticated browser session; exact role/permission mapping pending,No mutation observed; registered low-risk interaction,Page reloaded and Network reached quiet state before action,Action response captured; no business mutation observed,admin/other,获取消息模板列表-todo,后台/运营管理/消息模板/获取消息模板列表-todo.bru,ACTIVE,YES,"fat-admin-explicit-read-actions.json Network events 1399; exact selector {""role"": ""button"", ""name"": ""Query"", ""exact"": true}",,
admin,Operation Management,Message Templates,/operations/message-templates,button,Reset,GET,/admin/message/templates/list,"page,page_size",,,"accept,accept-language,client-id,client-version,d,lang,referer,sec-ch-ua,sec-ch-ua-mobile,sec-ch-ua-platform,t,user-agent,x-device-id",Query: current page filter/pagination; Header: authenticated browser session/runtime,200,True,"object; keys=d,s,t",FAT admin authenticated browser session; exact role/permission mapping pending,No mutation observed; registered low-risk interaction,Page reloaded and Network reached quiet state before action,Action response captured; no business mutation observed,admin/other,获取消息模板列表-todo,后台/运营管理/消息模板/获取消息模板列表-todo.bru,ACTIVE,YES,"fat-admin-explicit-read-actions.json Network events 1381; exact selector {""role"": ""button"", ""name"": ""Reset"", ""exact"": true}",,
admin,Operation Management,Ops tools,/operations/ops-tools,button,Export,,,,,,,No request captured,,,unverified,FAT admin authenticated browser session; exact role/permission mapping pending,No mutation observed,Page loaded,No request captured,,,,DOCUMENTED_UNVERIFIED,CONTROL_PRESENT_NO_REQUEST,"fat-admin-explicit-read-actions.json execution status=SKIPPED_NOT_ACTIONABLE; exact selector {""role"": ""button"", ""name"": ""Export"", ""exact"": true}",,Control was not actionable in the fresh page state
admin,Operation Management,Recharge Template,/operations/recharge-template,button,Reset,GET,/admin/channel/promotion/deposit/list,"page,page_size",,,"accept,accept-language,client-id,client-version,d,lang,referer,sec-ch-ua,sec-ch-ua-mobile,sec-ch-ua-platform,t,user-agent,x-device-id",Query: current page filter/pagination; Header: authenticated browser session/runtime,200,True,"object; keys=d,t",FAT admin authenticated browser session; exact role/permission mapping pending,No mutation observed; registered low-risk interaction,Page reloaded and Network reached quiet state before action,Action response captured; no business mutation observed,admin/finance,充值模版列表,后台/渠道推广-充值模版/充值模版列表.bru,ACTIVE,YES,"fat-admin-explicit-read-actions.json Network events 964; exact selector {""role"": ""button"", ""name"": ""Reset"", ""exact"": true}",,
admin,Operation Management,Recharge Template,/operations/recharge-template,button,Search,GET,/admin/channel/promotion/deposit/list,"page,page_size",,,"accept,accept-language,client-id,client-version,d,lang,referer,sec-ch-ua,sec-ch-ua-mobile,sec-ch-ua-platform,t,user-agent,x-device-id",Query: current page filter/pagination; Header: authenticated browser session/runtime,200,True,"object; keys=d,t",FAT admin authenticated browser session; exact role/permission mapping pending,No mutation observed; registered low-risk interaction,Page reloaded and Network reached quiet state before action,Action response captured; no business mutation observed,admin/finance,充值模版列表,后台/渠道推广-充值模版/充值模版列表.bru,ACTIVE,YES,"fat-admin-explicit-read-actions.json Network events 946; exact selector {""role"": ""button"", ""name"": ""Search"", ""exact"": true}",,
admin,Finance Management,Bet Management,/payment/betting-slip/list,button,Query,POST,/admin/record/bet,,,,"accept,accept-language,client-id,client-version,content-type,d,lang,referer,sec-ch-ua,sec-ch-ua-mobile,sec-ch-ua-platform,t,user-agent,x-device-id",Header: authenticated browser session/runtime,200,True,"object; keys=a,d,fd,s,t",FAT admin authenticated browser session; exact role/permission mapping pending,No mutation observed; registered low-risk interaction,Page reloaded and Network reached quiet state before action,Action response captured; no business mutation observed,admin/finance,游戏记录-wesley,后台/财务管理/注单管理/游戏记录-wesley.bru,ACTIVE,YES,"fat-admin-explicit-read-actions.json Network events 817; exact selector {""role"": ""button"", ""name"": ""Query"", ""exact"": true}",,
admin,Finance Management,Bet Management,/payment/betting-slip/list,button,Reset,POST,/admin/record/bet,,,,"accept,accept-language,client-id,client-version,content-type,d,lang,referer,sec-ch-ua,sec-ch-ua-mobile,sec-ch-ua-platform,t,user-agent,x-device-id",Header: authenticated browser session/runtime,200,True,"object; keys=a,d,fd,s,t",FAT admin authenticated browser session; exact role/permission mapping pending,No mutation observed; registered low-risk interaction,Page reloaded and Network reached quiet state before action,Action response captured; no business mutation observed,admin/finance,游戏记录-wesley,后台/财务管理/注单管理/游戏记录-wesley.bru,ACTIVE,YES,"fat-admin-explicit-read-actions.json Network events 799; exact selector {""role"": ""button"", ""name"": ""Reset"", ""exact"": true}",,
admin,Finance Management,Payment Channels,/payment/channel-ordersV2,button,Query,GET,/admin/finance/payment/platform/list,"mode,page,page_size",,,"accept,accept-language,client-id,client-version,d,lang,referer,sec-ch-ua,sec-ch-ua-mobile,sec-ch-ua-platform,t,user-agent,x-device-id",Query: current page filter/pagination; Header: authenticated browser session/runtime,200,True,"object; keys=d,s,t",FAT admin authenticated browser session; exact role/permission mapping pending,No mutation observed; registered low-risk interaction,Page reloaded and Network reached quiet state before action,Action response captured; no business mutation observed,admin/finance,支付平台列表,后台/财务管理/支付渠道/支付平台列表.bru,ACTIVE,YES,"fat-admin-explicit-read-actions.json Network events 892; exact selector {""role"": ""button"", ""name"": ""Query"", ""exact"": true}",,
admin,Finance Management,Payment Channels,/payment/channel-ordersV2,button,Reset,GET,/admin/finance/payment/platform/list,"mode,page,page_size",,,"accept,accept-language,client-id,client-version,d,lang,referer,sec-ch-ua,sec-ch-ua-mobile,sec-ch-ua-platform,t,user-agent,x-device-id",Query: current page filter/pagination; Header: authenticated browser session/runtime,200,True,"object; keys=d,s,t",FAT admin authenticated browser session; exact role/permission mapping pending,No mutation observed; registered low-risk interaction,Page reloaded and Network reached quiet state before action,Action response captured; no business mutation observed,admin/finance,支付平台列表,后台/财务管理/支付渠道/支付平台列表.bru,ACTIVE,YES,"fat-admin-explicit-read-actions.json Network events 874; exact selector {""role"": ""button"", ""name"": ""Reset"", ""exact"": true}",,
admin,Finance Management,Recharge Card Order,/payment/recharge-card-orders/list,button,Query,POST,/admin/finance/lazada/order/list,,,,"accept,accept-language,client-id,client-version,content-type,d,lang,referer,sec-ch-ua,sec-ch-ua-mobile,sec-ch-ua-platform,t,user-agent,x-device-id",Header: authenticated browser session/runtime,200,True,"object; keys=all,list,page,sub,total",FAT admin authenticated browser session; exact role/permission mapping pending,No mutation observed; registered low-risk interaction,Page reloaded and Network reached quiet state before action,Action response captured; no business mutation observed,admin/finance,lazada-订单列表-owen,后台/财务管理/lazada订单/lazada-订单列表-owen.bru,ACTIVE,YES,"fat-admin-explicit-read-actions.json Network events 928; exact selector {""role"": ""button"", ""name"": ""Query"", ""exact"": true}",,
admin,Finance Management,Recharge Card Order,/payment/recharge-card-orders/list,button,Reset,POST,/admin/finance/lazada/order/list,,,,"accept,accept-language,client-id,client-version,content-type,d,lang,referer,sec-ch-ua,sec-ch-ua-mobile,sec-ch-ua-platform,t,user-agent,x-device-id",Header: authenticated browser session/runtime,200,True,"object; keys=all,list,page,sub,total",FAT admin authenticated browser session; exact role/permission mapping pending,No mutation observed; registered low-risk interaction,Page reloaded and Network reached quiet state before action,Action response captured; no business mutation observed,admin/finance,lazada-订单列表-owen,后台/财务管理/lazada订单/lazada-订单列表-owen.bru,ACTIVE,YES,"fat-admin-explicit-read-actions.json Network events 910; exact selector {""role"": ""button"", ""name"": ""Reset"", ""exact"": true}",,
admin,Finance Management,Deposit Record,/payment/recharge-orders/list,button,Export,,,,,,,No request captured,,,unverified,FAT admin authenticated browser session; exact role/permission mapping pending,No mutation observed,Page loaded,No request captured,,,,DOCUMENTED_UNVERIFIED,CONTROL_PRESENT_NO_REQUEST,"fat-admin-explicit-read-actions.json execution status=SKIPPED_NOT_ACTIONABLE; exact selector {""role"": ""button"", ""name"": ""Export"", ""exact"": true}",,Control was not actionable in the fresh page state
admin,Finance Management,Deposit Record,/payment/recharge-orders/list,button,Query,POST,/admin/finance/deposit/list,,,,"accept,accept-language,client-id,client-version,content-type,d,lang,referer,sec-ch-ua,sec-ch-ua-mobile,sec-ch-ua-platform,t,user-agent,x-device-id",Header: authenticated browser session/runtime,200,True,"object; keys=d,s,summary,t",FAT admin authenticated browser session; exact role/permission mapping pending,No mutation observed; registered low-risk interaction,Page reloaded and Network reached quiet state before action,Action response captured; no business mutation observed,admin/finance,充值列表-wesley,后台/财务管理/存款记录/充值列表-wesley.bru,ACTIVE,YES,"fat-admin-explicit-read-actions.json Network events 707; exact selector {""role"": ""button"", ""name"": ""Query"", ""exact"": true}",,
admin,Finance Management,Deposit Record,/payment/recharge-orders/list,button,Reset,POST,/admin/finance/deposit/list,,,,"accept,accept-language,client-id,client-version,content-type,d,lang,referer,sec-ch-ua,sec-ch-ua-mobile,sec-ch-ua-platform,t,user-agent,x-device-id",Header: authenticated browser session/runtime,200,True,"object; keys=d,s,summary,t",FAT admin authenticated browser session; exact role/permission mapping pending,No mutation observed; registered low-risk interaction,Page reloaded and Network reached quiet state before action,Action response captured; no business mutation observed,admin/finance,充值列表-wesley,后台/财务管理/存款记录/充值列表-wesley.bru,ACTIVE,YES,"fat-admin-explicit-read-actions.json Network events 688; exact selector {""role"": ""button"", ""name"": ""Reset"", ""exact"": true}",,
admin,Finance Management,Member Wallet Transactions,/payment/transaction-orders,button,Query,POST,/admin/finance/transaction/list,,,,"accept,accept-language,client-id,client-version,content-type,d,lang,referer,sec-ch-ua,sec-ch-ua-mobile,sec-ch-ua-platform,t,user-agent,x-device-id",Header: authenticated browser session/runtime,200,True,"object; keys=d,s,t",FAT admin authenticated browser session; exact role/permission mapping pending,No mutation observed; registered low-risk interaction,Page reloaded and Network reached quiet state before action,Action response captured; no business mutation observed,admin/finance,账变列表- wesley,后台/财务管理/会员钱包账变/账变列表- wesley.bru,ACTIVE,YES,"fat-admin-explicit-read-actions.json Network events 856; exact selector {""role"": ""button"", ""name"": ""Query"", ""exact"": true}",,
admin,Finance Management,Member Wallet Transactions,/payment/transaction-orders,button,Reset,GET,/admin/finance/transaction/types,,,,"accept,accept-language,client-id,client-version,d,lang,referer,sec-ch-ua,sec-ch-ua-mobile,sec-ch-ua-platform,t,user-agent,x-device-id",Header: authenticated browser session/runtime,200,True,list,FAT admin authenticated browser session; exact role/permission mapping pending,No mutation observed; registered low-risk interaction,Page reloaded and Network reached quiet state before action,Action response captured; no business mutation observed,admin/finance,账变类型- wesley,后台/财务管理/会员钱包账变/账变类型- wesley.bru,ACTIVE,YES,"fat-admin-explicit-read-actions.json Network events 836; exact selector {""role"": ""button"", ""name"": ""Reset"", ""exact"": true}",,
admin,Finance Management,Member Wallet Transactions,/payment/transaction-orders,button,Reset,POST,/admin/finance/transaction/list,,,,"accept,accept-language,client-id,client-version,content-type,d,lang,referer,sec-ch-ua,sec-ch-ua-mobile,sec-ch-ua-platform,t,user-agent,x-device-id",Header: authenticated browser session/runtime,200,True,"object; keys=d,s,t",FAT admin authenticated browser session; exact role/permission mapping pending,No mutation observed; registered low-risk interaction,Page reloaded and Network reached quiet state before action,Action response captured; no business mutation observed,admin/finance,账变列表- wesley,后台/财务管理/会员钱包账变/账变列表- wesley.bru,ACTIVE,YES,"fat-admin-explicit-read-actions.json Network events 837; exact selector {""role"": ""button"", ""name"": ""Reset"", ""exact"": true}",,
admin,Finance Management,Withdrawal Record,/payment/withdraw-orders/list,button,Export,,,,,,,No request captured,,,unverified,FAT admin authenticated browser session; exact role/permission mapping pending,No mutation observed,Page loaded,No request captured,,,,DOCUMENTED_UNVERIFIED,CONTROL_PRESENT_NO_REQUEST,"fat-admin-explicit-read-actions.json execution status=SKIPPED_NOT_ACTIONABLE; exact selector {""role"": ""button"", ""name"": ""Export"", ""exact"": true}",,Control was not actionable in the fresh page state
admin,Finance Management,Withdrawal Record,/payment/withdraw-orders/list,button,Query,POST,/admin/finance/withdraw/list,,,,"accept,accept-language,client-id,client-version,content-type,d,lang,referer,sec-ch-ua,sec-ch-ua-mobile,sec-ch-ua-platform,t,user-agent,x-device-id",Header: authenticated browser session/runtime,200,True,"object; keys=d,s,summary,t",FAT admin authenticated browser session; exact role/permission mapping pending,No mutation observed; registered low-risk interaction,Page reloaded and Network reached quiet state before action,Action response captured; no business mutation observed,admin/finance,提现列表-wesley,后台/财务管理/提现记录/提现列表-wesley.bru,ACTIVE,YES,"fat-admin-explicit-read-actions.json Network events 763; exact selector {""role"": ""button"", ""name"": ""Query"", ""exact"": true}",,
admin,Finance Management,Withdrawal Record,/payment/withdraw-orders/list,button,Reset,POST,/admin/finance/withdraw/list,,,,"accept,accept-language,client-id,client-version,content-type,d,lang,referer,sec-ch-ua,sec-ch-ua-mobile,sec-ch-ua-platform,t,user-agent,x-device-id",Header: authenticated browser session/runtime,200,True,"object; keys=d,s,summary,t",FAT admin authenticated browser session; exact role/permission mapping pending,No mutation observed; registered low-risk interaction,Page reloaded and Network reached quiet state before action,Action response captured; no business mutation observed,admin/finance,提现列表-wesley,后台/财务管理/提现记录/提现列表-wesley.bru,ACTIVE,YES,"fat-admin-explicit-read-actions.json Network events 744; exact selector {""role"": ""button"", ""name"": ""Reset"", ""exact"": true}",,
admin,Promo Marketing,Channel Management,/promo-marketing/channels,button,Export,,,,,,,No request captured,,,unverified,FAT admin authenticated browser session; exact role/permission mapping pending,No mutation observed,Page loaded,No request captured,,,,DOCUMENTED_UNVERIFIED,CONTROL_PRESENT_NO_REQUEST,"fat-admin-explicit-read-actions.json execution status=SKIPPED_NOT_ACTIONABLE; exact selector {""role"": ""button"", ""name"": ""Export"", ""exact"": true}",,Control was not actionable in the fresh page state
admin,Promo Marketing,Channel Management,/promo-marketing/channels,button,Query,GET,/admin/channel/manage/list,"page,page_size",,,"accept,accept-language,client-id,client-version,d,lang,referer,sec-ch-ua,sec-ch-ua-mobile,sec-ch-ua-platform,t,user-agent,x-device-id",Query: current page filter/pagination; Header: authenticated browser session/runtime,200,True,"object; keys=d,s,t",FAT admin authenticated browser session; exact role/permission mapping pending,No mutation observed; registered low-risk interaction,Page reloaded and Network reached quiet state before action,Action response captured; no business mutation observed,admin/other,渠道管理列表-todo,后台/运营管理/推广管理/渠道管理/渠道管理列表-todo.bru,ACTIVE,YES,"fat-admin-explicit-read-actions.json Network events 1937; exact selector {""role"": ""button"", ""name"": ""Query"", ""exact"": true}",,
admin,Promo Marketing,Channel Management,/promo-marketing/channels,button,Reset,GET,/admin/channel/manage/list,"page,page_size",,,"accept,accept-language,client-id,client-version,d,lang,referer,sec-ch-ua,sec-ch-ua-mobile,sec-ch-ua-platform,t,user-agent,x-device-id",Query: current page filter/pagination; Header: authenticated browser session/runtime,200,True,"object; keys=d,s,t",FAT admin authenticated browser session; exact role/permission mapping pending,No mutation observed; registered low-risk interaction,Page reloaded and Network reached quiet state before action,Action response captured; no business mutation observed,admin/other,渠道管理列表-todo,后台/运营管理/推广管理/渠道管理/渠道管理列表-todo.bru,ACTIVE,YES,"fat-admin-explicit-read-actions.json Network events 1918; exact selector {""role"": ""button"", ""name"": ""Reset"", ""exact"": true}",,
admin,Promo Marketing,First Deposit Daily Active Analysis,/promo-marketing/first-deposit-daily-active,button,Reset,,,,,,,No request captured,,,unverified,FAT admin authenticated browser session; exact role/permission mapping pending,No mutation observed,Page loaded,No request captured,,,,DOCUMENTED_UNVERIFIED,CONTROL_PRESENT_NO_REQUEST,"fat-admin-explicit-read-actions.json execution status=SKIPPED_NOT_ACTIONABLE; exact selector {""role"": ""button"", ""name"": ""Reset"", ""exact"": true}",,Control was not actionable in the fresh page state
admin,Promo Marketing,First Deposit Daily Active Analysis,/promo-marketing/first-deposit-daily-active,button,Search,,,,,,,No request captured,,,unverified,FAT admin authenticated browser session; exact role/permission mapping pending,No mutation observed,Page loaded,No request captured,,,,DOCUMENTED_UNVERIFIED,CONTROL_PRESENT_NO_REQUEST,"fat-admin-explicit-read-actions.json execution status=SKIPPED_NOT_ACTIONABLE; exact selector {""role"": ""button"", ""name"": ""Search"", ""exact"": true}",,Control was not actionable in the fresh page state
admin,Promo Marketing,Promo Data,/promo-marketing/promotion-data,button,Reset,GET,/admin/channel/promoData/list,"day,page,page_size",,,"accept,accept-language,client-id,client-version,d,lang,referer,sec-ch-ua,sec-ch-ua-mobile,sec-ch-ua-platform,t,user-agent,x-device-id",Query: current page filter/pagination; Header: authenticated browser session/runtime,200,True,"object; keys=d,t",FAT admin authenticated browser session; exact role/permission mapping pending,No mutation observed; registered low-risk interaction,Page reloaded and Network reached quiet state before action,Action response captured; no business mutation observed,admin/promo,推广数据列表-todo,后台/运营管理/推广管理/推广数据/推广数据列表-todo.bru,ACTIVE,YES,"fat-admin-explicit-read-actions.json Network events 2073; exact selector {""role"": ""button"", ""name"": ""Reset"", ""exact"": true}",,
admin,Promo Marketing,Promo Data,/promo-marketing/promotion-data,button,Search,,,,,,,No request captured,,,unverified,FAT admin authenticated browser session; exact role/permission mapping pending,No mutation observed,Page loaded,No request captured,,,,DOCUMENTED_UNVERIFIED,CONTROL_PRESENT_NO_REQUEST,"fat-admin-explicit-read-actions.json execution status=SKIPPED_NOT_ACTIONABLE; exact selector {""role"": ""button"", ""name"": ""Search"", ""exact"": true}",,Control was not actionable in the fresh page state
admin,Promo Marketing,Promo Marketing Report,/promo-marketing/statistical-reports,button,Reset,GET,/admin/channel/promotion/satistic,"end_time,page,page_size,start_time",,,"accept,accept-language,client-id,client-version,d,lang,referer,sec-ch-ua,sec-ch-ua-mobile,sec-ch-ua-platform,t,user-agent,x-device-id",Query: current page filter/pagination; Header: authenticated browser session/runtime,200,True,"object; keys=d,s,t",FAT admin authenticated browser session; exact role/permission mapping pending,No mutation observed; registered low-risk interaction,Page reloaded and Network reached quiet state before action,Action response captured; no business mutation observed,,,,UNDOCUMENTED_ACTIVE,YES,"fat-admin-explicit-read-actions.json Network events 1994; exact selector {""role"": ""button"", ""name"": ""Reset"", ""exact"": true}",,
admin,Promo Marketing,Promo Marketing Report,/promo-marketing/statistical-reports,button,Search,,,,,,,No request captured,,,unverified,FAT admin authenticated browser session; exact role/permission mapping pending,No mutation observed,Page loaded,No request captured,,,,DOCUMENTED_UNVERIFIED,CONTROL_PRESENT_NO_REQUEST,"fat-admin-explicit-read-actions.json execution status=SKIPPED_NOT_ACTIONABLE; exact selector {""role"": ""button"", ""name"": ""Search"", ""exact"": true}",,Control was not actionable in the fresh page state
admin,Report Management,Game Platform Reports,/report-management/game-platform-report/list,button,Export,,,,,,,No request captured,,,unverified,FAT admin authenticated browser session; exact role/permission mapping pending,No mutation observed,Page loaded,No request captured,,,,DOCUMENTED_UNVERIFIED,CONTROL_PRESENT_NO_REQUEST,"fat-admin-explicit-read-actions.json execution status=SKIPPED_NOT_ACTIONABLE; exact selector {""role"": ""button"", ""name"": ""Export"", ""exact"": true}",,Control was not actionable in the fresh page state
admin,Report Management,Game Platform Reports,/report-management/game-platform-report/list,button,Query,GET,/admin/reports/venue/node,"end_time,field,page,page_size,start_time",,,"accept,accept-language,client-id,client-version,d,lang,referer,sec-ch-ua,sec-ch-ua-mobile,sec-ch-ua-platform,t,user-agent,x-device-id",Query: current page filter/pagination; Header: authenticated browser session/runtime,200,True,"object; keys=a,d,s,t",FAT admin authenticated browser session; exact role/permission mapping pending,No mutation observed; registered low-risk interaction,Page reloaded and Network reached quiet state before action,Action response captured; no business mutation observed,admin/game,厂商线路报表,后台/报表/游戏平台报表/厂商线路报表.bru,ACTIVE,YES,"fat-admin-explicit-read-actions.json Network events 631; exact selector {""role"": ""button"", ""name"": ""Query"", ""exact"": true}",,
admin,Report Management,Game Platform Reports,/report-management/game-platform-report/list,button,Reset,GET,/admin/reports/venue/node,"end_time,field,page,page_size,start_time",,,"accept,accept-language,client-id,client-version,d,lang,referer,sec-ch-ua,sec-ch-ua-mobile,sec-ch-ua-platform,t,user-agent,x-device-id",Query: current page filter/pagination; Header: authenticated browser session/runtime,200,True,"object; keys=a,d,s,t",FAT admin authenticated browser session; exact role/permission mapping pending,No mutation observed; registered low-risk interaction,Page reloaded and Network reached quiet state before action,Action response captured; no business mutation observed,admin/game,厂商线路报表,后台/报表/游戏平台报表/厂商线路报表.bru,ACTIVE,YES,"fat-admin-explicit-read-actions.json Network events 610; exact selector {""role"": ""button"", ""name"": ""Reset"", ""exact"": true}",,
admin,Report Management,Game Reports,/report-management/game-reports/list,button,Export,,,,,,,No request captured,,,unverified,FAT admin authenticated browser session; exact role/permission mapping pending,No mutation observed,Page loaded,No request captured,,,,DOCUMENTED_UNVERIFIED,CONTROL_PRESENT_NO_REQUEST,"fat-admin-explicit-read-actions.json execution status=SKIPPED_NOT_ACTIONABLE; exact selector {""role"": ""button"", ""name"": ""Export"", ""exact"": true}",,Control was not actionable in the fresh page state
admin,Report Management,Game Reports,/report-management/game-reports/list,button,Query,GET,/admin/reports/game/node,"end_time,field,page,page_size,start_time",,,"accept,accept-language,client-id,client-version,d,lang,referer,sec-ch-ua,sec-ch-ua-mobile,sec-ch-ua-platform,t,user-agent,x-device-id",Query: current page filter/pagination; Header: authenticated browser session/runtime,200,True,"object; keys=a,d,s,t",FAT admin authenticated browser session; exact role/permission mapping pending,No mutation observed; registered low-risk interaction,Page reloaded and Network reached quiet state before action,Action response captured; no business mutation observed,admin/game,游戏线路报表,后台/报表/游戏报表/游戏线路报表.bru,ACTIVE,YES,"fat-admin-explicit-read-actions.json Network events 507; exact selector {""role"": ""button"", ""name"": ""Query"", ""exact"": true}",,
admin,Report Management,Game Reports,/report-management/game-reports/list,button,Reset,GET,/admin/reports/game/node,"end_time,field,page,page_size,start_time",,,"accept,accept-language,client-id,client-version,d,lang,referer,sec-ch-ua,sec-ch-ua-mobile,sec-ch-ua-platform,t,user-agent,x-device-id",Query: current page filter/pagination; Header: authenticated browser session/runtime,200,True,"object; keys=a,d,s,t",FAT admin authenticated browser session; exact role/permission mapping pending,No mutation observed; registered low-risk interaction,Page reloaded and Network reached quiet state before action,Action response captured; no business mutation observed,admin/game,游戏线路报表,后台/报表/游戏报表/游戏线路报表.bru,ACTIVE,YES,"fat-admin-explicit-read-actions.json Network events 486; exact selector {""role"": ""button"", ""name"": ""Reset"", ""exact"": true}",,
admin,Report Management,Game Type Reports,/report-management/game-types-report/list,button,Export,,,,,,,No request captured,,,unverified,FAT admin authenticated browser session; exact role/permission mapping pending,No mutation observed,Page loaded,No request captured,,,,DOCUMENTED_UNVERIFIED,CONTROL_PRESENT_NO_REQUEST,"fat-admin-explicit-read-actions.json execution status=SKIPPED_NOT_ACTIONABLE; exact selector {""role"": ""button"", ""name"": ""Export"", ""exact"": true}",,Control was not actionable in the fresh page state
admin,Report Management,Game Type Reports,/report-management/game-types-report/list,button,Query,GET,/admin/reports/gameclass/node,"end_time,field,page,page_size,start_time",,,"accept,accept-language,client-id,client-version,d,lang,referer,sec-ch-ua,sec-ch-ua-mobile,sec-ch-ua-platform,t,user-agent,x-device-id",Query: current page filter/pagination; Header: authenticated browser session/runtime,200,True,"object; keys=a,d,s,t",FAT admin authenticated browser session; exact role/permission mapping pending,No mutation observed; registered low-risk interaction,Page reloaded and Network reached quiet state before action,Action response captured; no business mutation observed,admin/game,游戏类型线路报表,后台/报表/游戏类型报表/游戏类型线路报表.bru,ACTIVE,YES,"fat-admin-explicit-read-actions.json Network events 569; exact selector {""role"": ""button"", ""name"": ""Query"", ""exact"": true}",,
admin,Report Management,Game Type Reports,/report-management/game-types-report/list,button,Reset,GET,/admin/reports/gameclass/node,"end_time,field,page,page_size,start_time",,,"accept,accept-language,client-id,client-version,d,lang,referer,sec-ch-ua,sec-ch-ua-mobile,sec-ch-ua-platform,t,user-agent,x-device-id",Query: current page filter/pagination; Header: authenticated browser session/runtime,200,True,"object; keys=a,d,s,t",FAT admin authenticated browser session; exact role/permission mapping pending,No mutation observed; registered low-risk interaction,Page reloaded and Network reached quiet state before action,Action response captured; no business mutation observed,admin/game,游戏类型线路报表,后台/报表/游戏类型报表/游戏类型线路报表.bru,ACTIVE,YES,"fat-admin-explicit-read-actions.json Network events 548; exact selector {""role"": ""button"", ""name"": ""Reset"", ""exact"": true}",,
admin,Report Management,Member Daily Game Stats,/report-management/member-daily-game-stats,button,Export,,,,,,,No request captured,,,unverified,FAT admin authenticated browser session; exact role/permission mapping pending,No mutation observed,Page loaded,No request captured,,,,DOCUMENTED_UNVERIFIED,CONTROL_PRESENT_NO_REQUEST,"fat-admin-explicit-read-actions.json execution status=SKIPPED_NOT_ACTIONABLE; exact selector {""role"": ""button"", ""name"": ""Export"", ""exact"": true}",,Control was not actionable in the fresh page state
admin,Risk Management,Deposit/Withdrawal Approval,/risk-control/dw-audit,button,Export to Excel,,,,,,,No request captured,,,unverified,FAT admin authenticated browser session; exact role/permission mapping pending,No mutation observed,Page loaded,No request captured,,,,DOCUMENTED_UNVERIFIED,CONTROL_PRESENT_NO_REQUEST,"fat-admin-explicit-read-actions.json execution status=SKIPPED_NOT_ACTIONABLE; exact selector {""role"": ""button"", ""name"": ""Export to Excel"", ""exact"": true}",,Control was not actionable in the fresh page state
admin,Risk Management,Deposit/Withdrawal Approval,/risk-control/dw-audit,button,Query,GET,/admin/notify/audit/alarm,t,,,"accept,accept-language,client-id,client-version,d,lang,referer,sec-ch-ua,sec-ch-ua-mobile,sec-ch-ua-platform,t,user-agent,x-device-id",Query: current page filter/pagination; Header: authenticated browser session/runtime,200,True,"object; keys=bonus_review_pending,feedback_pending,kyc_pending,mall_order_pending,withdraw_pending",FAT admin authenticated browser session; exact role/permission mapping pending,No mutation observed; registered low-risk interaction,Page reloaded and Network reached quiet state before action,Action response captured; no business mutation observed,admin/other,获取系统通知数量-wesley/owen,后台/系统管理/通知中心/获取系统通知数量-wesley-owen.bru,ACTIVE,YES,"fat-admin-explicit-read-actions.json Network events 1754; exact selector {""role"": ""button"", ""name"": ""Query"", ""exact"": true}",,
admin,Risk Management,Deposit/Withdrawal Approval,/risk-control/dw-audit,button,Query,POST,/admin/finance/withdraw/risk/audit/list,,,,"accept,accept-language,client-id,client-version,content-type,d,lang,referer,sec-ch-ua,sec-ch-ua-mobile,sec-ch-ua-platform,t,user-agent,x-device-id",Header: authenticated browser session/runtime,200,True,"object; keys=d,s,summary,t",FAT admin authenticated browser session; exact role/permission mapping pending,No mutation observed; registered low-risk interaction,Page reloaded and Network reached quiet state before action,Action response captured; no business mutation observed,,,,UNDOCUMENTED_ACTIVE,YES,"fat-admin-explicit-read-actions.json Network events 1755; exact selector {""role"": ""button"", ""name"": ""Query"", ""exact"": true}",,
admin,Risk Management,Deposit/Withdrawal Approval,/risk-control/dw-audit,button,Reset,POST,/admin/finance/withdraw/risk/audit/list,,,,"accept,accept-language,client-id,client-version,content-type,d,lang,referer,sec-ch-ua,sec-ch-ua-mobile,sec-ch-ua-platform,t,user-agent,x-device-id",Header: authenticated browser session/runtime,200,True,"object; keys=d,s,summary,t",FAT admin authenticated browser session; exact role/permission mapping pending,No mutation observed; registered low-risk interaction,Page reloaded and Network reached quiet state before action,Action response captured; no business mutation observed,,,,UNDOCUMENTED_ACTIVE,YES,"fat-admin-explicit-read-actions.json Network events 1735; exact selector {""role"": ""button"", ""name"": ""Reset"", ""exact"": true}",,
admin,Risk Management,Risk Logs,/risk-control/risk-logs,button,Query,GET,/admin/member/risk/log,"created_end_time,created_start_time,page,page_size",,,"accept,accept-language,client-id,client-version,d,lang,referer,sec-ch-ua,sec-ch-ua-mobile,sec-ch-ua-platform,t,user-agent,x-device-id",Query: current page filter/pagination; Header: authenticated browser session/runtime,200,True,"object; keys=d,t",FAT admin authenticated browser session; exact role/permission mapping pending,No mutation observed; registered low-risk interaction,Page reloaded and Network reached quiet state before action,Action response captured; no business mutation observed,admin/member,风控日志,后台/会员列表/风控日志.bru,ACTIVE,YES,"fat-admin-explicit-read-actions.json Network events 1899; exact selector {""role"": ""button"", ""name"": ""Query"", ""exact"": true}",,
admin,Risk Management,Risk Logs,/risk-control/risk-logs,button,Reset,GET,/admin/member/risk/log,"created_end_time,created_start_time,page,page_size",,,"accept,accept-language,client-id,client-version,d,lang,referer,sec-ch-ua,sec-ch-ua-mobile,sec-ch-ua-platform,t,user-agent,x-device-id",Query: current page filter/pagination; Header: authenticated browser session/runtime,200,True,"object; keys=d,t",FAT admin authenticated browser session; exact role/permission mapping pending,No mutation observed; registered low-risk interaction,Page reloaded and Network reached quiet state before action,Action response captured; no business mutation observed,admin/member,风控日志,后台/会员列表/风控日志.bru,ACTIVE,YES,"fat-admin-explicit-read-actions.json Network events 1881; exact selector {""role"": ""button"", ""name"": ""Reset"", ""exact"": true}",,
admin,Risk Management,Temporary Restriction List,/risk-control/temporary-restriction-list,button,Reset,,,,,,,No request captured,,,unverified,FAT admin authenticated browser session; exact role/permission mapping pending,No mutation observed,Page loaded,No request captured,,,,DOCUMENTED_UNVERIFIED,CONTROL_PRESENT_NO_REQUEST,"fat-admin-explicit-read-actions.json execution status=SKIPPED_NOT_ACTIONABLE; exact selector {""role"": ""button"", ""name"": ""Reset"", ""exact"": true}",,Control was not actionable in the fresh page state
admin,Risk Management,Temporary Restriction List,/risk-control/temporary-restriction-list,button,Search,,,,,,,No request captured,,,unverified,FAT admin authenticated browser session; exact role/permission mapping pending,No mutation observed,Page loaded,No request captured,,,,DOCUMENTED_UNVERIFIED,CONTROL_PRESENT_NO_REQUEST,"fat-admin-explicit-read-actions.json execution status=SKIPPED_NOT_ACTIONABLE; exact selector {""role"": ""button"", ""name"": ""Search"", ""exact"": true}",,Control was not actionable in the fresh page state
admin,Risk Management,Fund Transfer Record,/risk-control/up-down-score,button,Export to Excel,,,,,,,No request captured,,,unverified,FAT admin authenticated browser session; exact role/permission mapping pending,No mutation observed,Page loaded,No request captured,,,,DOCUMENTED_UNVERIFIED,CONTROL_PRESENT_NO_REQUEST,"fat-admin-explicit-read-actions.json execution status=SKIPPED_NOT_ACTIONABLE; exact selector {""role"": ""button"", ""name"": ""Export to Excel"", ""exact"": true}",,Control was not actionable in the fresh page state
admin,Risk Management,Fund Transfer Record,/risk-control/up-down-score,button,Query,POST,/admin/finance/adjust/list,,,,"accept,accept-language,client-id,client-version,content-type,d,lang,referer,sec-ch-ua,sec-ch-ua-mobile,sec-ch-ua-platform,t,user-agent,x-device-id",Header: authenticated browser session/runtime,200,True,"object; keys=d,s,t",FAT admin authenticated browser session; exact role/permission mapping pending,No mutation observed; registered low-risk interaction,Page reloaded and Network reached quiet state before action,Action response captured; no business mutation observed,admin/finance,系统调整,代理管理后台/财务管理/财务报表/系统调整.bru,ACTIVE,YES,"fat-admin-explicit-read-actions.json Network events 1811; exact selector {""role"": ""button"", ""name"": ""Query"", ""exact"": true}",,
admin,Risk Management,Fund Transfer Record,/risk-control/up-down-score,button,Reset,POST,/admin/finance/adjust/list,,,,"accept,accept-language,client-id,client-version,content-type,d,lang,referer,sec-ch-ua,sec-ch-ua-mobile,sec-ch-ua-platform,t,user-agent,x-device-id",Header: authenticated browser session/runtime,200,True,"object; keys=d,s,t",FAT admin authenticated browser session; exact role/permission mapping pending,No mutation observed; registered low-risk interaction,Page reloaded and Network reached quiet state before action,Action response captured; no business mutation observed,admin/finance,系统调整,代理管理后台/财务管理/财务报表/系统调整.bru,ACTIVE,YES,"fat-admin-explicit-read-actions.json Network events 1792; exact selector {""role"": ""button"", ""name"": ""Reset"", ""exact"": true}",,
admin,Site Management,Domain Management,/site-management/domain-management,button,Reset,GET,/admin/channel/promotion/domain/list,"page,page_size",,,"accept,accept-language,client-id,client-version,d,lang,referer,sec-ch-ua,sec-ch-ua-mobile,sec-ch-ua-platform,t,user-agent,x-device-id",Query: current page filter/pagination; Header: authenticated browser session/runtime,200,True,"object; keys=d,s,t",FAT admin authenticated browser session; exact role/permission mapping pending,No mutation observed; registered low-risk interaction,Page reloaded and Network reached quiet state before action,Action response captured; no business mutation observed,admin/promo,列表,后台/渠道推广-域名管理/列表.bru,ACTIVE,YES,"fat-admin-explicit-read-actions.json Network events 2109; exact selector {""role"": ""button"", ""name"": ""Reset"", ""exact"": true}",,
admin,Site Management,Domain Management,/site-management/domain-management,button,Search,GET,/admin/channel/promotion/domain/list,"page,page_size",,,"accept,accept-language,client-id,client-version,d,lang,referer,sec-ch-ua,sec-ch-ua-mobile,sec-ch-ua-platform,t,user-agent,x-device-id",Query: current page filter/pagination; Header: authenticated browser session/runtime,200,True,"object; keys=d,s,t",FAT admin authenticated browser session; exact role/permission mapping pending,No mutation observed; registered low-risk interaction,Page reloaded and Network reached quiet state before action,Action response captured; no business mutation observed,admin/promo,列表,后台/渠道推广-域名管理/列表.bru,ACTIVE,YES,"fat-admin-explicit-read-actions.json Network events 2091; exact selector {""role"": ""button"", ""name"": ""Search"", ""exact"": true}",,
admin,System,Bet Order Monitoring,/system/order-monitor,button,Query,GET,/admin/reports/provider/order/compare/daily,"created_at_end,created_at_start,page,page_size",,,"accept,accept-language,client-id,client-version,d,lang,referer,sec-ch-ua,sec-ch-ua-mobile,sec-ch-ua-platform,t,user-agent,x-device-id",Query: current page filter/pagination; Header: authenticated browser session/runtime,200,True,"object; keys=d,s,t",FAT admin authenticated browser session; exact role/permission mapping pending,No mutation observed; registered low-risk interaction,Page reloaded and Network reached quiet state before action,Action response captured; no business mutation observed,admin/report,列表,后台/报表/厂商注单对比日报/列表.bru,ACTIVE,YES,"fat-admin-explicit-read-actions.json Network events 2499; exact selector {""role"": ""button"", ""name"": ""Query"", ""exact"": true}",,
admin,System,Bet Order Monitoring,/system/order-monitor,button,Reset,GET,/admin/reports/provider/order/compare/daily,"created_at_end,created_at_start,page,page_size",,,"accept,accept-language,client-id,client-version,d,lang,referer,sec-ch-ua,sec-ch-ua-mobile,sec-ch-ua-platform,t,user-agent,x-device-id",Query: current page filter/pagination; Header: authenticated browser session/runtime,200,True,"object; keys=d,s,t",FAT admin authenticated browser session; exact role/permission mapping pending,No mutation observed; registered low-risk interaction,Page reloaded and Network reached quiet state before action,Action response captured; no business mutation observed,admin/report,列表,后台/报表/厂商注单对比日报/列表.bru,ACTIVE,YES,"fat-admin-explicit-read-actions.json Network events 2480; exact selector {""role"": ""button"", ""name"": ""Reset"", ""exact"": true}",,
admin,System,SMS Verification Code,/system/sms-otp,button,Query,GET,/admin/sms/list,"end_time,page,page_size,start_time",,,"accept,accept-language,client-id,client-version,d,lang,referer,sec-ch-ua,sec-ch-ua-mobile,sec-ch-ua-platform,t,user-agent,x-device-id",Query: current page filter/pagination; Header: authenticated browser session/runtime,200,True,"object; keys=d,t",FAT admin authenticated browser session; exact role/permission mapping pending,No mutation observed; registered low-risk interaction,Page reloaded and Network reached quiet state before action,Action response captured; no business mutation observed,admin/auth,短信列表-seven,后台/短信发送列表/短信列表-seven.bru,ACTIVE,YES,"fat-admin-explicit-read-actions.json Network events 2461; exact selector {""role"": ""button"", ""name"": ""Query"", ""exact"": true}",,
admin,System,SMS Verification Code,/system/sms-otp,button,Reset,GET,/admin/sms/list,"end_time,page,page_size,start_time",,,"accept,accept-language,client-id,client-version,d,lang,referer,sec-ch-ua,sec-ch-ua-mobile,sec-ch-ua-platform,t,user-agent,x-device-id",Query: current page filter/pagination; Header: authenticated browser session/runtime,200,True,"object; keys=d,t",FAT admin authenticated browser session; exact role/permission mapping pending,No mutation observed; registered low-risk interaction,Page reloaded and Network reached quiet state before action,Action response captured; no business mutation observed,admin/auth,短信列表-seven,后台/短信发送列表/短信列表-seven.bru,ACTIVE,YES,"fat-admin-explicit-read-actions.json Network events 2443; exact selector {""role"": ""button"", ""name"": ""Reset"", ""exact"": true}",,
admin,System,Staff Configuration,/system/staff,button,Query,POST,/admin/user/list,,,"page,page_size","accept,accept-language,client-id,client-version,content-type,d,lang,referer,sec-ch-ua,sec-ch-ua-mobile,sec-ch-ua-platform,t,user-agent,x-device-id",Body: current page form/filter and UI defaults; Header: authenticated browser session/runtime,200,True,"object; keys=d,t",FAT admin authenticated browser session; exact role/permission mapping pending,No mutation observed; registered low-risk interaction,Page reloaded and Network reached quiet state before action,Action response captured; no business mutation observed,,,,UNDOCUMENTED_ACTIVE,YES,"fat-admin-explicit-read-actions.json Network events 2425; exact selector {""role"": ""button"", ""name"": ""Query"", ""exact"": true}",,
admin,System,Staff Configuration,/system/staff,button,Reset,POST,/admin/user/list,,,"page,page_size","accept,accept-language,client-id,client-version,content-type,d,lang,referer,sec-ch-ua,sec-ch-ua-mobile,sec-ch-ua-platform,t,user-agent,x-device-id",Body: current page form/filter and UI defaults; Header: authenticated browser session/runtime,200,True,"object; keys=d,t",FAT admin authenticated browser session; exact role/permission mapping pending,No mutation observed; registered low-risk interaction,Page reloaded and Network reached quiet state before action,Action response captured; no business mutation observed,,,,UNDOCUMENTED_ACTIVE,YES,"fat-admin-explicit-read-actions.json Network events 2406; exact selector {""role"": ""button"", ""name"": ""Reset"", ""exact"": true}",,
admin,System,Whitelist,/whitelist/list,button,Query,GET,/admin/whiteList/list,"end_time,page,page_size,start_time",,,"accept,accept-language,client-id,client-version,d,lang,referer,sec-ch-ua,sec-ch-ua-mobile,sec-ch-ua-platform,t,user-agent,x-device-id",Query: current page filter/pagination; Header: authenticated browser session/runtime,200,True,"object; keys=d,page,page_size,t",FAT admin authenticated browser session; exact role/permission mapping pending,No mutation observed; registered low-risk interaction,Page reloaded and Network reached quiet state before action,Action response captured; no business mutation observed,admin/other,白名单列表 --yasser,后台/系统管理/白名单管理/白名单列表 --yasser.bru,ACTIVE,YES,"fat-admin-explicit-read-actions.json Network events 2535; exact selector {""role"": ""button"", ""name"": ""Query"", ""exact"": true}",,
admin,System,Whitelist,/whitelist/list,button,Reset,GET,/admin/whiteList/list,"end_time,page,page_size,start_time",,,"accept,accept-language,client-id,client-version,d,lang,referer,sec-ch-ua,sec-ch-ua-mobile,sec-ch-ua-platform,t,user-agent,x-device-id",Query: current page filter/pagination; Header: authenticated browser session/runtime,200,True,"object; keys=d,page,page_size,t",FAT admin authenticated browser session; exact role/permission mapping pending,No mutation observed; registered low-risk interaction,Page reloaded and Network reached quiet state before action,Action response captured; no business mutation observed,admin/other,白名单列表 --yasser,后台/系统管理/白名单管理/白名单列表 --yasser.bru,ACTIVE,YES,"fat-admin-explicit-read-actions.json Network events 2517; exact selector {""role"": ""button"", ""name"": ""Reset"", ""exact"": true}",,
admin,Game,FS 派发管理,/gamev2/freespin-grants,tab,FS Grants,,,,,,,No request captured,,,unverified,FAT admin authenticated browser session; exact role/permission mapping pending,No mutation observed,Page loaded,No request captured,,,,DOCUMENTED_UNVERIFIED,CONTROL_PRESENT_NO_REQUEST,"fat-admin-explicit-read-actions.json execution status=CLICKED; exact selector {""role"": ""tab"", ""name"": ""FS Grants"", ""exact"": true}",,Click produced no XHR/fetch; navigation/DOM effect requires follow-up
admin,Game,FS 批量派发纪录,/gamev2/freespin-import-logs,tab,FS Batch Distribution Records,,,,,,,No request captured,,,unverified,FAT admin authenticated browser session; exact role/permission mapping pending,No mutation observed,Page loaded,No request captured,,,,DOCUMENTED_UNVERIFIED,CONTROL_PRESENT_NO_REQUEST,"fat-admin-explicit-read-actions.json execution status=CLICKED; exact selector {""role"": ""tab"", ""name"": ""FS Batch Distribution Records"", ""exact"": true}",,Click produced no XHR/fetch; navigation/DOM effect requires follow-up
admin,Game,Game List Management,/gamev2/game-management,pagination,2,POST,/admin/game/search,,,,"accept,accept-language,client-id,client-version,content-type,d,lang,referer,sec-ch-ua,sec-ch-ua-mobile,sec-ch-ua-platform,t,user-agent,x-device-id",Header: authenticated browser session/runtime,200,True,"object; keys=ids,list,page,page_size,s,t",FAT admin authenticated browser session; exact role/permission mapping pending,No mutation observed; registered low-risk interaction,Page reloaded and Network reached quiet state before action,Action response captured; no business mutation observed,admin/game,+游戏列表查询-owen-aliang,后台/game管理/游戏管理/+游戏列表查询-owen-aliang.bru,ACTIVE,YES,"fat-admin-explicit-read-actions.json Network events 1697; exact selector {""locator"": "".ant-pagination a, .ant-pagination button"", ""accessible_name"": ""2""}",,
admin,Game,Game List Management,/gamev2/game-management,pagination,287,POST,/admin/game/search,,,,"accept,accept-language,client-id,client-version,content-type,d,lang,referer,sec-ch-ua,sec-ch-ua-mobile,sec-ch-ua-platform,t,user-agent,x-device-id",Header: authenticated browser session/runtime,200,True,"object; keys=ids,list,page,page_size,s,t",FAT admin authenticated browser session; exact role/permission mapping pending,No mutation observed; registered low-risk interaction,Page reloaded and Network reached quiet state before action,Action response captured; no business mutation observed,admin/game,+游戏列表查询-owen-aliang,后台/game管理/游戏管理/+游戏列表查询-owen-aliang.bru,ACTIVE,YES,"fat-admin-explicit-read-actions.json Network events 1807; exact selector {""locator"": "".ant-pagination a, .ant-pagination button"", ""accessible_name"": ""287""}",,
admin,Game,Game List Management,/gamev2/game-management,pagination,3,POST,/admin/game/search,,,,"accept,accept-language,client-id,client-version,content-type,d,lang,referer,sec-ch-ua,sec-ch-ua-mobile,sec-ch-ua-platform,t,user-agent,x-device-id",Header: authenticated browser session/runtime,200,True,"object; keys=ids,list,page,page_size,s,t",FAT admin authenticated browser session; exact role/permission mapping pending,No mutation observed; registered low-risk interaction,Page reloaded and Network reached quiet state before action,Action response captured; no business mutation observed,admin/game,+游戏列表查询-owen-aliang,后台/game管理/游戏管理/+游戏列表查询-owen-aliang.bru,ACTIVE,YES,"fat-admin-explicit-read-actions.json Network events 1719; exact selector {""locator"": "".ant-pagination a, .ant-pagination button"", ""accessible_name"": ""3""}",,
admin,Game,Game List Management,/gamev2/game-management,pagination,4,POST,/admin/game/search,,,,"accept,accept-language,client-id,client-version,content-type,d,lang,referer,sec-ch-ua,sec-ch-ua-mobile,sec-ch-ua-platform,t,user-agent,x-device-id",Header: authenticated browser session/runtime,200,True,"object; keys=ids,list,page,page_size,s,t",FAT admin authenticated browser session; exact role/permission mapping pending,No mutation observed; registered low-risk interaction,Page reloaded and Network reached quiet state before action,Action response captured; no business mutation observed,admin/game,+游戏列表查询-owen-aliang,后台/game管理/游戏管理/+游戏列表查询-owen-aliang.bru,ACTIVE,YES,"fat-admin-explicit-read-actions.json Network events 1741; exact selector {""locator"": "".ant-pagination a, .ant-pagination button"", ""accessible_name"": ""4""}",,
admin,Game,Game List Management,/gamev2/game-management,pagination,5,POST,/admin/game/search,,,,"accept,accept-language,client-id,client-version,content-type,d,lang,referer,sec-ch-ua,sec-ch-ua-mobile,sec-ch-ua-platform,t,user-agent,x-device-id",Header: authenticated browser session/runtime,200,True,"object; keys=ids,list,page,page_size,s,t",FAT admin authenticated browser session; exact role/permission mapping pending,No mutation observed; registered low-risk interaction,Page reloaded and Network reached quiet state before action,Action response captured; no business mutation observed,admin/game,+游戏列表查询-owen-aliang,后台/game管理/游戏管理/+游戏列表查询-owen-aliang.bru,ACTIVE,YES,"fat-admin-explicit-read-actions.json Network events 1763; exact selector {""locator"": "".ant-pagination a, .ant-pagination button"", ""accessible_name"": ""5""}",,
admin,Game,Game List Management,/gamev2/game-management,pagination,•••,POST,/admin/game/search,,,,"accept,accept-language,client-id,client-version,content-type,d,lang,referer,sec-ch-ua,sec-ch-ua-mobile,sec-ch-ua-platform,t,user-agent,x-device-id",Header: authenticated browser session/runtime,200,True,"object; keys=ids,list,page,page_size,s,t",FAT admin authenticated browser session; exact role/permission mapping pending,No mutation observed; registered low-risk interaction,Page reloaded and Network reached quiet state before action,Action response captured; no business mutation observed,admin/game,+游戏列表查询-owen-aliang,后台/game管理/游戏管理/+游戏列表查询-owen-aliang.bru,ACTIVE,YES,"fat-admin-explicit-read-actions.json Network events 1785; exact selector {""locator"": "".ant-pagination a, .ant-pagination button"", ""accessible_name"": ""•••""}",,
admin,Game,Provider Management,/gamev2/manufacturer-management,pagination,2,POST,/admin/platform/search,,,,"accept,accept-language,client-id,client-version,content-type,d,lang,referer,sec-ch-ua,sec-ch-ua-mobile,sec-ch-ua-platform,t,user-agent,x-device-id",Header: authenticated browser session/runtime,200,True,"object; keys=list,page,page_size,s,t",FAT admin authenticated browser session; exact role/permission mapping pending,No mutation observed; registered low-risk interaction,Page reloaded and Network reached quiet state before action,Action response captured; no business mutation observed,admin/game,+查询厂商列表-owen,后台/game管理/厂商管理/+查询厂商列表-owen.bru,ACTIVE,YES,"fat-admin-explicit-read-actions.json Network events 1675; exact selector {""locator"": "".ant-pagination a, .ant-pagination button"", ""accessible_name"": ""2""}",,
admin,Logs,Logs,/logs/list,pagination,2,GET,/admin/log/list,"end_time,page,page_size,start_time",,,"accept,accept-language,client-id,client-version,d,lang,referer,sec-ch-ua,sec-ch-ua-mobile,sec-ch-ua-platform,t,user-agent,x-device-id",Query: current page filter/pagination; Header: authenticated browser session/runtime,200,True,"object; keys=d,s,t",FAT admin authenticated browser session; exact role/permission mapping pending,No mutation observed; registered low-risk interaction,Page reloaded and Network reached quiet state before action,Action response captured; no business mutation observed,admin/other,操作日志,代理管理后台/系统/操作日志.bru,ACTIVE,YES,"fat-admin-explicit-read-actions.json Network events 30; exact selector {""locator"": "".ant-pagination a, .ant-pagination button"", ""accessible_name"": ""2""}",,
admin,Logs,Logs,/logs/list,pagination,3,GET,/admin/log/list,"end_time,page,page_size,start_time",,,"accept,accept-language,client-id,client-version,d,lang,referer,sec-ch-ua,sec-ch-ua-mobile,sec-ch-ua-platform,t,user-agent,x-device-id",Query: current page filter/pagination; Header: authenticated browser session/runtime,200,True,"object; keys=d,s,t",FAT admin authenticated browser session; exact role/permission mapping pending,No mutation observed; registered low-risk interaction,Page reloaded and Network reached quiet state before action,Action response captured; no business mutation observed,admin/other,操作日志,代理管理后台/系统/操作日志.bru,ACTIVE,YES,"fat-admin-explicit-read-actions.json Network events 48; exact selector {""locator"": "".ant-pagination a, .ant-pagination button"", ""accessible_name"": ""3""}",,
admin,Logs,Logs,/logs/list,pagination,4,GET,/admin/log/list,"end_time,page,page_size,start_time",,,"accept,accept-language,client-id,client-version,d,lang,referer,sec-ch-ua,sec-ch-ua-mobile,sec-ch-ua-platform,t,user-agent,x-device-id",Query: current page filter/pagination; Header: authenticated browser session/runtime,200,True,"object; keys=d,s,t",FAT admin authenticated browser session; exact role/permission mapping pending,No mutation observed; registered low-risk interaction,Page reloaded and Network reached quiet state before action,Action response captured; no business mutation observed,admin/other,操作日志,代理管理后台/系统/操作日志.bru,ACTIVE,YES,"fat-admin-explicit-read-actions.json Network events 66; exact selector {""locator"": "".ant-pagination a, .ant-pagination button"", ""accessible_name"": ""4""}",,
admin,Logs,Logs,/logs/list,pagination,5,GET,/admin/log/list,"end_time,page,page_size,start_time",,,"accept,accept-language,client-id,client-version,d,lang,referer,sec-ch-ua,sec-ch-ua-mobile,sec-ch-ua-platform,t,user-agent,x-device-id",Query: current page filter/pagination; Header: authenticated browser session/runtime,200,True,"object; keys=d,s,t",FAT admin authenticated browser session; exact role/permission mapping pending,No mutation observed; registered low-risk interaction,Page reloaded and Network reached quiet state before action,Action response captured; no business mutation observed,admin/other,操作日志,代理管理后台/系统/操作日志.bru,ACTIVE,YES,"fat-admin-explicit-read-actions.json Network events 84; exact selector {""locator"": "".ant-pagination a, .ant-pagination button"", ""accessible_name"": ""5""}",,
admin,Logs,Logs,/logs/list,pagination,6,GET,/admin/log/list,"end_time,page,page_size,start_time",,,"accept,accept-language,client-id,client-version,d,lang,referer,sec-ch-ua,sec-ch-ua-mobile,sec-ch-ua-platform,t,user-agent,x-device-id",Query: current page filter/pagination; Header: authenticated browser session/runtime,200,True,"object; keys=d,s,t",FAT admin authenticated browser session; exact role/permission mapping pending,No mutation observed; registered low-risk interaction,Page reloaded and Network reached quiet state before action,Action response captured; no business mutation observed,admin/other,操作日志,代理管理后台/系统/操作日志.bru,ACTIVE,YES,"fat-admin-explicit-read-actions.json Network events 102; exact selector {""locator"": "".ant-pagination a, .ant-pagination button"", ""accessible_name"": ""6""}",,
admin,Operation Management,Promotion Spend Audit,/operations/activity-expenditure-audit,tab,Approved Bonus,GET,/admin/bonus/review/noneed/list,"created_end_at,created_start_at,page,page_size",,,"accept,accept-language,client-id,client-version,d,lang,referer,sec-ch-ua,sec-ch-ua-mobile,sec-ch-ua-platform,t,user-agent,x-device-id",Query: current page filter/pagination; Header: authenticated browser session/runtime,200,True,"object; keys=d,summary,t",FAT admin authenticated browser session; exact role/permission mapping pending,No mutation observed; registered low-risk interaction,Page reloaded and Network reached quiet state before action,Action response captured; no business mutation observed,admin/other,导出过审礼金列表 - felix.bru,后台/礼金/导出过审礼金列表 - felix.bru,ACTIVE,YES,"fat-admin-explicit-read-actions.json Network events 1271; exact selector {""role"": ""tab"", ""name"": ""Approved Bonus"", ""exact"": true}",,
admin,Operation Management,Promotion List,/operations/activity-list,tab,Limited-Time Event (Active),,,,,,,No request captured,,,unverified,FAT admin authenticated browser session; exact role/permission mapping pending,No mutation observed,Page loaded,No request captured,,,,DOCUMENTED_UNVERIFIED,CONTROL_PRESENT_NO_REQUEST,"fat-admin-explicit-read-actions.json execution status=CLICKED; exact selector {""role"": ""tab"", ""name"": ""Limited-Time Event (Active)"", ""exact"": true}",,Click produced no XHR/fetch; navigation/DOM effect requires follow-up
admin,Operation Management,Promotion List,/operations/activity-list,tab,Limited-Time Event (Expired),GET,/admin/promo/list,"page,page_size,state",,,"accept,accept-language,client-id,client-version,d,lang,referer,sec-ch-ua,sec-ch-ua-mobile,sec-ch-ua-platform,t,user-agent,x-device-id",Query: current page filter/pagination; Header: authenticated browser session/runtime,200,True,"object; keys=d,s,t,update_users",FAT admin authenticated browser session; exact role/permission mapping pending,No mutation observed; registered low-risk interaction,Page reloaded and Network reached quiet state before action,Action response captured; no business mutation observed,admin/promo,活动列表 - felix,后台/活动/活动列表 - felix.bru,ACTIVE,YES,"fat-admin-explicit-read-actions.json Network events 1234; exact selector {""role"": ""tab"", ""name"": ""Limited-Time Event (Expired)"", ""exact"": true}",,
admin,Operation Management,Promotion List,/operations/activity-list,tab,Limited-Time Event (Expired),POST,/admin/user/list,,,"page,page_size","accept,accept-language,client-id,client-version,content-type,d,lang,referer,sec-ch-ua,sec-ch-ua-mobile,sec-ch-ua-platform,t,user-agent,x-device-id",Body: current page form/filter and UI defaults; Header: authenticated browser session/runtime,200,True,"object; keys=d,t",FAT admin authenticated browser session; exact role/permission mapping pending,No mutation observed; registered low-risk interaction,Page reloaded and Network reached quiet state before action,Action response captured; no business mutation observed,,,,UNDOCUMENTED_ACTIVE,YES,"fat-admin-explicit-read-actions.json Network events 1233; exact selector {""role"": ""tab"", ""name"": ""Limited-Time Event (Expired)"", ""exact"": true}",,
admin,Operation Management,Promotion List,/operations/activity-list,tab,VIP Task Center,POST,/admin/promo/task/list,,,,"accept,accept-language,client-id,client-version,content-type,d,lang,referer,sec-ch-ua,sec-ch-ua-mobile,sec-ch-ua-platform,t,user-agent,x-device-id",Header: authenticated browser session/runtime,200,True,"object; keys=d,s,t",FAT admin authenticated browser session; exact role/permission mapping pending,No mutation observed; registered low-risk interaction,Page reloaded and Network reached quiet state before action,Action response captured; no business mutation observed,,,,UNDOCUMENTED_ACTIVE,YES,"fat-admin-explicit-read-actions.json Network events 1253; exact selector {""role"": ""tab"", ""name"": ""VIP Task Center"", ""exact"": true}",,
admin,Operation Management,Ad Tracking/Buried Point,/operations/advertisement-tracking,tab,Full-site Tracking,GET,/admin/buriedPoint/list,"page,page_size,ty",,,"accept,accept-language,client-id,client-version,d,lang,referer,sec-ch-ua,sec-ch-ua-mobile,sec-ch-ua-platform,t,user-agent,x-device-id",Query: current page filter/pagination; Header: authenticated browser session/runtime,200,True,"object; keys=d,s,t",FAT admin authenticated browser session; exact role/permission mapping pending,No mutation observed; registered low-risk interaction,Page reloaded and Network reached quiet state before action,Action response captured; no business mutation observed,admin/other,埋点列表-todo,后台/埋点/埋点列表-todo.bru,ACTIVE,YES,"fat-admin-explicit-read-actions.json Network events 1308; exact selector {""role"": ""tab"", ""name"": ""Full-site Tracking"", ""exact"": true}",,
admin,Operation Management,Ad Tracking/Buried Point,/operations/advertisement-tracking,tab,Specific Tracking Point,,,,,,,No request captured,,,unverified,FAT admin authenticated browser session; exact role/permission mapping pending,No mutation observed,Page loaded,No request captured,,,,DOCUMENTED_UNVERIFIED,CONTROL_PRESENT_NO_REQUEST,"fat-admin-explicit-read-actions.json execution status=CLICKED; exact selector {""role"": ""tab"", ""name"": ""Specific Tracking Point"", ""exact"": true}",,Click produced no XHR/fetch; navigation/DOM effect requires follow-up
admin,Operation Management,Client Configuration,/operations/client-config,tab,Compliance Switch,,,,,,,No request captured,,,unverified,FAT admin authenticated browser session; exact role/permission mapping pending,No mutation observed,Page loaded,No request captured,,,,DOCUMENTED_UNVERIFIED,CONTROL_PRESENT_NO_REQUEST,"fat-admin-explicit-read-actions.json execution status=CLICKED; exact selector {""role"": ""tab"", ""name"": ""Compliance Switch"", ""exact"": true}",,Click produced no XHR/fetch; navigation/DOM effect requires follow-up
admin,Operation Management,Client Configuration,/operations/client-config,tab,FAQ,,,,,,,No request captured,,,unverified,FAT admin authenticated browser session; exact role/permission mapping pending,No mutation observed,Page loaded,No request captured,,,,DOCUMENTED_UNVERIFIED,CONTROL_PRESENT_NO_REQUEST,"fat-admin-explicit-read-actions.json execution status=CLICKED; exact selector {""role"": ""tab"", ""name"": ""FAQ"", ""exact"": true}",,Click produced no XHR/fetch; navigation/DOM effect requires follow-up
admin,Operation Management,Client Configuration,/operations/client-config,tab,Privacy Policy,,,,,,,No request captured,,,unverified,FAT admin authenticated browser session; exact role/permission mapping pending,No mutation observed,Page loaded,No request captured,,,,DOCUMENTED_UNVERIFIED,CONTROL_PRESENT_NO_REQUEST,"fat-admin-explicit-read-actions.json execution status=CLICKED; exact selector {""role"": ""tab"", ""name"": ""Privacy Policy"", ""exact"": true}",,Click produced no XHR/fetch; navigation/DOM effect requires follow-up
admin,Operation Management,Client Configuration,/operations/client-config,tab,Shop Client,GET,/admin/shop/gs/list,"page,page_size",,,"accept,accept-language,client-id,client-version,d,lang,referer,sec-ch-ua,sec-ch-ua-mobile,sec-ch-ua-platform,t,user-agent,x-device-id",Query: current page filter/pagination; Header: authenticated browser session/runtime,200,True,object; keys=list,FAT admin authenticated browser session; exact role/permission mapping pending,No mutation observed; registered low-risk interaction,Page reloaded and Network reached quiet state before action,Action response captured; no business mutation observed,admin/other,门店列表,后台/运营管理/客户端管理/门店客户端/门店列表.bru,ACTIVE,YES,"fat-admin-explicit-read-actions.json Network events 921; exact selector {""role"": ""tab"", ""name"": ""Shop Client"", ""exact"": true}",,
admin,Operation Management,Client Configuration,/operations/client-config,tab,Terms of Services,,,,,,,No request captured,,,unverified,FAT admin authenticated browser session; exact role/permission mapping pending,No mutation observed,Page loaded,No request captured,,,,DOCUMENTED_UNVERIFIED,CONTROL_PRESENT_NO_REQUEST,"fat-admin-explicit-read-actions.json execution status=CLICKED; exact selector {""role"": ""tab"", ""name"": ""Terms of Services"", ""exact"": true}",,Click produced no XHR/fetch; navigation/DOM effect requires follow-up
admin,Operation Management,Client Configuration,/operations/client-config,tab,VIP,,,,,,,No request captured,,,unverified,FAT admin authenticated browser session; exact role/permission mapping pending,No mutation observed,Page loaded,No request captured,,,,DOCUMENTED_UNVERIFIED,CONTROL_PRESENT_NO_REQUEST,"fat-admin-explicit-read-actions.json execution status=CLICKED; exact selector {""role"": ""tab"", ""name"": ""VIP"", ""exact"": true}",,Click produced no XHR/fetch; navigation/DOM effect requires follow-up
admin,Operation Management,Client Configuration,/operations/client-config,tab,glife1,POST,/admin/banner/list,,,,"accept,accept-language,client-id,client-version,content-type,d,lang,referer,sec-ch-ua,sec-ch-ua-mobile,sec-ch-ua-platform,t,user-agent,x-device-id",Header: authenticated browser session/runtime,200,True,"object; keys=d,s,t",FAT admin authenticated browser session; exact role/permission mapping pending,No mutation observed; registered low-risk interaction,Page reloaded and Network reached quiet state before action,Action response captured; no business mutation observed,admin/other,轮播图列表,后台/轮播图-首页弹窗/轮播图列表.bru,ACTIVE,YES,"fat-admin-explicit-read-actions.json Network events 1020; exact selector {""role"": ""tab"", ""name"": ""glife1"", ""exact"": true}",,
admin,Operation Management,Client Configuration,/operations/client-config,tab,glife2,POST,/admin/banner/list,,,,"accept,accept-language,client-id,client-version,content-type,d,lang,referer,sec-ch-ua,sec-ch-ua-mobile,sec-ch-ua-platform,t,user-agent,x-device-id",Header: authenticated browser session/runtime,200,True,"object; keys=d,s,t",FAT admin authenticated browser session; exact role/permission mapping pending,No mutation observed; registered low-risk interaction,Page reloaded and Network reached quiet state before action,Action response captured; no business mutation observed,admin/other,轮播图列表,后台/轮播图-首页弹窗/轮播图列表.bru,ACTIVE,YES,"fat-admin-explicit-read-actions.json Network events 1040; exact selector {""role"": ""tab"", ""name"": ""glife2"", ""exact"": true}",,
admin,Operation Management,Client Configuration,/operations/client-config,tab,h5/app Filplay,POST,/admin/banner/list,,,,"accept,accept-language,client-id,client-version,content-type,d,lang,referer,sec-ch-ua,sec-ch-ua-mobile,sec-ch-ua-platform,t,user-agent,x-device-id",Header: authenticated browser session/runtime,200,True,"object; keys=d,s,t",FAT admin authenticated browser session; exact role/permission mapping pending,No mutation observed; registered low-risk interaction,Page reloaded and Network reached quiet state before action,Action response captured; no business mutation observed,admin/other,轮播图列表,后台/轮播图-首页弹窗/轮播图列表.bru,ACTIVE,YES,"fat-admin-explicit-read-actions.json Network events 1000; exact selector {""role"": ""tab"", ""name"": ""h5/app Filplay"", ""exact"": true}",,
admin,Operation Management,Client Configuration,/operations/client-config,tab,h5/app Filslots,POST,/admin/banner/list,,,,"accept,accept-language,client-id,client-version,content-type,d,lang,referer,sec-ch-ua,sec-ch-ua-mobile,sec-ch-ua-platform,t,user-agent,x-device-id",Header: authenticated browser session/runtime,200,True,"object; keys=d,s,t",FAT admin authenticated browser session; exact role/permission mapping pending,No mutation observed; registered low-risk interaction,Page reloaded and Network reached quiet state before action,Action response captured; no business mutation observed,admin/other,轮播图列表,后台/轮播图-首页弹窗/轮播图列表.bru,ACTIVE,YES,"fat-admin-explicit-read-actions.json Network events 980; exact selector {""role"": ""tab"", ""name"": ""h5/app Filslots"", ""exact"": true}",,
admin,Operation Management,Client Configuration,/operations/client-config,tab,h5/app Flibet,,,,,,,No request captured,,,unverified,FAT admin authenticated browser session; exact role/permission mapping pending,No mutation observed,Page loaded,No request captured,,,,DOCUMENTED_UNVERIFIED,CONTROL_PRESENT_NO_REQUEST,"fat-admin-explicit-read-actions.json execution status=CLICKED; exact selector {""role"": ""tab"", ""name"": ""h5/app Flibet"", ""exact"": true}",,Click produced no XHR/fetch; navigation/DOM effect requires follow-up
admin,Operation Management,Client Configuration,/operations/client-config,tab,h5/app Fligame,POST,/admin/banner/list,,,,"accept,accept-language,client-id,client-version,content-type,d,lang,referer,sec-ch-ua,sec-ch-ua-mobile,sec-ch-ua-platform,t,user-agent,x-device-id",Header: authenticated browser session/runtime,200,True,"object; keys=d,s,t",FAT admin authenticated browser session; exact role/permission mapping pending,No mutation observed; registered low-risk interaction,Page reloaded and Network reached quiet state before action,Action response captured; no business mutation observed,admin/other,轮播图列表,后台/轮播图-首页弹窗/轮播图列表.bru,ACTIVE,YES,"fat-admin-explicit-read-actions.json Network events 960; exact selector {""role"": ""tab"", ""name"": ""h5/app Fligame"", ""exact"": true}",,
admin,Operation Management,Client Configuration,/operations/client-config,tab,lazada,POST,/admin/banner/list,,,,"accept,accept-language,client-id,client-version,content-type,d,lang,referer,sec-ch-ua,sec-ch-ua-mobile,sec-ch-ua-platform,t,user-agent,x-device-id",Header: authenticated browser session/runtime,200,True,"object; keys=d,s,t",FAT admin authenticated browser session; exact role/permission mapping pending,No mutation observed; registered low-risk interaction,Page reloaded and Network reached quiet state before action,Action response captured; no business mutation observed,admin/other,轮播图列表,后台/轮播图-首页弹窗/轮播图列表.bru,ACTIVE,YES,"fat-admin-explicit-read-actions.json Network events 1080; exact selector {""role"": ""tab"", ""name"": ""lazada"", ""exact"": true}",,
admin,Operation Management,Client Configuration,/operations/client-config,tab,maya,POST,/admin/banner/list,,,,"accept,accept-language,client-id,client-version,content-type,d,lang,referer,sec-ch-ua,sec-ch-ua-mobile,sec-ch-ua-platform,t,user-agent,x-device-id",Header: authenticated browser session/runtime,200,True,"object; keys=d,s,t",FAT admin authenticated browser session; exact role/permission mapping pending,No mutation observed; registered low-risk interaction,Page reloaded and Network reached quiet state before action,Action response captured; no business mutation observed,admin/other,轮播图列表,后台/轮播图-首页弹窗/轮播图列表.bru,ACTIVE,YES,"fat-admin-explicit-read-actions.json Network events 1060; exact selector {""role"": ""tab"", ""name"": ""maya"", ""exact"": true}",,
admin,Operation Management,Client Configuration,/operations/client-config,tab,pagor声明,POST,/admin/banner/list,,,,"accept,accept-language,client-id,client-version,content-type,d,lang,referer,sec-ch-ua,sec-ch-ua-mobile,sec-ch-ua-platform,t,user-agent,x-device-id",Header: authenticated browser session/runtime,200,True,"object; keys=d,s,t",FAT admin authenticated browser session; exact role/permission mapping pending,No mutation observed; registered low-risk interaction,Page reloaded and Network reached quiet state before action,Action response captured; no business mutation observed,admin/other,轮播图列表,后台/轮播图-首页弹窗/轮播图列表.bru,ACTIVE,YES,"fat-admin-explicit-read-actions.json Network events 730; exact selector {""role"": ""tab"", ""name"": ""pagor声明"", ""exact"": true}",,
admin,Operation Management,Client Configuration,/operations/client-config,tab,rewards(welfare),,,,,,,No request captured,,,unverified,FAT admin authenticated browser session; exact role/permission mapping pending,No mutation observed,Page loaded,No request captured,,,,DOCUMENTED_UNVERIFIED,CONTROL_PRESENT_NO_REQUEST,"fat-admin-explicit-read-actions.json execution status=CLICKED; exact selector {""role"": ""tab"", ""name"": ""rewards(welfare)"", ""exact"": true}",,Click produced no XHR/fetch; navigation/DOM effect requires follow-up
admin,Operation Management,Client Configuration,/operations/client-config,tab,三方登录开关,,,,,,,No request captured,,,unverified,FAT admin authenticated browser session; exact role/permission mapping pending,No mutation observed,Page loaded,No request captured,,,,DOCUMENTED_UNVERIFIED,CONTROL_PRESENT_NO_REQUEST,"fat-admin-explicit-read-actions.json execution status=CLICKED; exact selector {""role"": ""tab"", ""name"": ""三方登录开关"", ""exact"": true}",,Click produced no XHR/fetch; navigation/DOM effect requires follow-up
admin,Operation Management,Client Configuration,/operations/client-config,tab,中间banner,POST,/admin/banner/list,,,,"accept,accept-language,client-id,client-version,content-type,d,lang,referer,sec-ch-ua,sec-ch-ua-mobile,sec-ch-ua-platform,t,user-agent,x-device-id",Header: authenticated browser session/runtime,200,True,"object; keys=d,s,t",FAT admin authenticated browser session; exact role/permission mapping pending,No mutation observed; registered low-risk interaction,Page reloaded and Network reached quiet state before action,Action response captured; no business mutation observed,admin/other,轮播图列表,后台/轮播图-首页弹窗/轮播图列表.bru,ACTIVE,YES,"fat-admin-explicit-read-actions.json Network events 590; exact selector {""role"": ""tab"", ""name"": ""中间banner"", ""exact"": true}",,
admin,Operation Management,Client Configuration,/operations/client-config,tab,充值倍率设置,,,,,,,No request captured,,,unverified,FAT admin authenticated browser session; exact role/permission mapping pending,No mutation observed,Page loaded,No request captured,,,,DOCUMENTED_UNVERIFIED,CONTROL_PRESENT_NO_REQUEST,"fat-admin-explicit-read-actions.json execution status=CLICKED; exact selector {""role"": ""tab"", ""name"": ""充值倍率设置"", ""exact"": true}",,Click produced no XHR/fetch; navigation/DOM effect requires follow-up
admin,Operation Management,Client Configuration,/operations/client-config,tab,加载页banner,POST,/admin/banner/list,,,,"accept,accept-language,client-id,client-version,content-type,d,lang,referer,sec-ch-ua,sec-ch-ua-mobile,sec-ch-ua-platform,t,user-agent,x-device-id",Header: authenticated browser session/runtime,200,True,"object; keys=d,s,t",FAT admin authenticated browser session; exact role/permission mapping pending,No mutation observed; registered low-risk interaction,Page reloaded and Network reached quiet state before action,Action response captured; no business mutation observed,admin/other,轮播图列表,后台/轮播图-首页弹窗/轮播图列表.bru,ACTIVE,YES,"fat-admin-explicit-read-actions.json Network events 610; exact selector {""role"": ""tab"", ""name"": ""加载页banner"", ""exact"": true}",,
admin,Operation Management,Client Configuration,/operations/client-config,tab,底部公示,POST,/admin/banner/list,,,,"accept,accept-language,client-id,client-version,content-type,d,lang,referer,sec-ch-ua,sec-ch-ua-mobile,sec-ch-ua-platform,t,user-agent,x-device-id",Header: authenticated browser session/runtime,200,True,"object; keys=d,s,t",FAT admin authenticated browser session; exact role/permission mapping pending,No mutation observed; registered low-risk interaction,Page reloaded and Network reached quiet state before action,Action response captured; no business mutation observed,admin/other,轮播图列表,后台/轮播图-首页弹窗/轮播图列表.bru,ACTIVE,YES,"fat-admin-explicit-read-actions.json Network events 690; exact selector {""role"": ""tab"", ""name"": ""底部公示"", ""exact"": true}",,
admin,Operation Management,Client Configuration,/operations/client-config,tab,版本号管理,GET,/admin/client/version/list,"page,page_size",,,"accept,accept-language,client-id,client-version,d,lang,referer,sec-ch-ua,sec-ch-ua-mobile,sec-ch-ua-platform,t,user-agent,x-device-id",Query: current page filter/pagination; Header: authenticated browser session/runtime,200,True,"object; keys=d,t",FAT admin authenticated browser session; exact role/permission mapping pending,No mutation observed; registered low-risk interaction,Page reloaded and Network reached quiet state before action,Action response captured; no business mutation observed,admin/other,版本管理列表,后台/运营管理/客户端管理/版本号管理/版本管理列表.bru,ACTIVE,YES,"fat-admin-explicit-read-actions.json Network events 710; exact selector {""role"": ""tab"", ""name"": ""版本号管理"", ""exact"": true}",,
admin,Operation Management,Client Configuration,/operations/client-config,tab,登录素材,,,,,,,No request captured,,,unverified,FAT admin authenticated browser session; exact role/permission mapping pending,No mutation observed,Page loaded,No request captured,,,,DOCUMENTED_UNVERIFIED,CONTROL_PRESENT_NO_REQUEST,"fat-admin-explicit-read-actions.json execution status=CLICKED; exact selector {""role"": ""tab"", ""name"": ""登录素材"", ""exact"": true}",,Click produced no XHR/fetch; navigation/DOM effect requires follow-up
admin,Operation Management,Client Configuration,/operations/client-config,tab,站点logo,POST,/admin/banner/list,,,,"accept,accept-language,client-id,client-version,content-type,d,lang,referer,sec-ch-ua,sec-ch-ua-mobile,sec-ch-ua-platform,t,user-agent,x-device-id",Header: authenticated browser session/runtime,200,True,"object; keys=d,s,t",FAT admin authenticated browser session; exact role/permission mapping pending,No mutation observed; registered low-risk interaction,Page reloaded and Network reached quiet state before action,Action response captured; no business mutation observed,admin/other,轮播图列表,后台/轮播图-首页弹窗/轮播图列表.bru,ACTIVE,YES,"fat-admin-explicit-read-actions.json Network events 630; exact selector {""role"": ""tab"", ""name"": ""站点logo"", ""exact"": true}",,
admin,Operation Management,Client Configuration,/operations/client-config,tab,自媒体号,POST,/admin/banner/list,,,,"accept,accept-language,client-id,client-version,content-type,d,lang,referer,sec-ch-ua,sec-ch-ua-mobile,sec-ch-ua-platform,t,user-agent,x-device-id",Header: authenticated browser session/runtime,200,True,"object; keys=d,s,t",FAT admin authenticated browser session; exact role/permission mapping pending,No mutation observed; registered low-risk interaction,Page reloaded and Network reached quiet state before action,Action response captured; no business mutation observed,admin/other,轮播图列表,后台/轮播图-首页弹窗/轮播图列表.bru,ACTIVE,YES,"fat-admin-explicit-read-actions.json Network events 670; exact selector {""role"": ""tab"", ""name"": ""自媒体号"", ""exact"": true}",,
admin,Operation Management,Client Configuration,/operations/client-config,tab,顶部banner,,,,,,,No request captured,,,unverified,FAT admin authenticated browser session; exact role/permission mapping pending,No mutation observed,Page loaded,No request captured,,,,DOCUMENTED_UNVERIFIED,CONTROL_PRESENT_NO_REQUEST,"fat-admin-explicit-read-actions.json execution status=CLICKED; exact selector {""role"": ""tab"", ""name"": ""顶部banner"", ""exact"": true}",,Click produced no XHR/fetch; navigation/DOM effect requires follow-up
admin,Operation Management,Client Configuration,/operations/client-config,tab,首页弹窗,POST,/admin/banner/list,,,,"accept,accept-language,client-id,client-version,content-type,d,lang,referer,sec-ch-ua,sec-ch-ua-mobile,sec-ch-ua-platform,t,user-agent,x-device-id",Header: authenticated browser session/runtime,200,True,"object; keys=d,s,t",FAT admin authenticated browser session; exact role/permission mapping pending,No mutation observed; registered low-risk interaction,Page reloaded and Network reached quiet state before action,Action response captured; no business mutation observed,admin/other,轮播图列表,后台/轮播图-首页弹窗/轮播图列表.bru,ACTIVE,YES,"fat-admin-explicit-read-actions.json Network events 650; exact selector {""role"": ""tab"", ""name"": ""首页弹窗"", ""exact"": true}",,
admin,Operation Management,Daily Report,/operations/daily-reports,tab,Source Performance,,,,,,,No request captured,,,unverified,FAT admin authenticated browser session; exact role/permission mapping pending,No mutation observed,Page loaded,No request captured,,,,DOCUMENTED_UNVERIFIED,CONTROL_PRESENT_NO_REQUEST,"fat-admin-explicit-read-actions.json execution status=CLICKED; exact selector {""role"": ""tab"", ""name"": ""Source Performance"", ""exact"": true}",,Click produced no XHR/fetch; navigation/DOM effect requires follow-up
admin,Operation Management,Friend Invite,/operations/friend-invite,tab,Basic Reward,,,,,,,No request captured,,,unverified,FAT admin authenticated browser session; exact role/permission mapping pending,No mutation observed,Page loaded,No request captured,,,,DOCUMENTED_UNVERIFIED,CONTROL_PRESENT_NO_REQUEST,"fat-admin-explicit-read-actions.json execution status=SKIPPED_NOT_ACTIONABLE; exact selector {""role"": ""tab"", ""name"": ""Basic Reward"", ""exact"": true}",,Control was not actionable in the fresh page state
admin,Operation Management,Friend Invite,/operations/friend-invite,tab,Commission,,,,,,,No request captured,,,unverified,FAT admin authenticated browser session; exact role/permission mapping pending,No mutation observed,Page loaded,No request captured,,,,DOCUMENTED_UNVERIFIED,CONTROL_PRESENT_NO_REQUEST,"fat-admin-explicit-read-actions.json execution status=SKIPPED_NOT_ACTIONABLE; exact selector {""role"": ""tab"", ""name"": ""Commission"", ""exact"": true}",,Control was not actionable in the fresh page state
admin,Operation Management,Friend Invite,/operations/friend-invite,tab,Milestone,,,,,,,No request captured,,,unverified,FAT admin authenticated browser session; exact role/permission mapping pending,No mutation observed,Page loaded,No request captured,,,,DOCUMENTED_UNVERIFIED,CONTROL_PRESENT_NO_REQUEST,"fat-admin-explicit-read-actions.json execution status=SKIPPED_NOT_ACTIONABLE; exact selector {""role"": ""tab"", ""name"": ""Milestone"", ""exact"": true}",,Control was not actionable in the fresh page state
admin,Operation Management,Member station message,/operations/in-site-message,pagination,2,GET,/admin/message/list,"is_batch,page,page_size",,,"accept,accept-language,client-id,client-version,d,lang,referer,sec-ch-ua,sec-ch-ua-mobile,sec-ch-ua-platform,t,user-agent,x-device-id",Query: current page filter/pagination; Header: authenticated browser session/runtime,200,True,"object; keys=d,page,page_size,t",FAT admin authenticated browser session; exact role/permission mapping pending,No mutation observed; registered low-risk interaction,Page reloaded and Network reached quiet state before action,Action response captured; no business mutation observed,admin/other,已阅读名单-todo,后台/运营管理/站内信管理/已阅读名单-todo.bru,ACTIVE,YES,"fat-admin-explicit-read-actions.json Network events 1396; exact selector {""locator"": "".ant-pagination a, .ant-pagination button"", ""accessible_name"": ""2""}",,
admin,Operation Management,Member station message,/operations/in-site-message,pagination,3,GET,/admin/message/list,"is_batch,page,page_size",,,"accept,accept-language,client-id,client-version,d,lang,referer,sec-ch-ua,sec-ch-ua-mobile,sec-ch-ua-platform,t,user-agent,x-device-id",Query: current page filter/pagination; Header: authenticated browser session/runtime,200,True,"object; keys=d,page,page_size,t",FAT admin authenticated browser session; exact role/permission mapping pending,No mutation observed; registered low-risk interaction,Page reloaded and Network reached quiet state before action,Action response captured; no business mutation observed,admin/other,已阅读名单-todo,后台/运营管理/站内信管理/已阅读名单-todo.bru,ACTIVE,YES,"fat-admin-explicit-read-actions.json Network events 1414; exact selector {""locator"": "".ant-pagination a, .ant-pagination button"", ""accessible_name"": ""3""}",,
admin,Operation Management,Member station message,/operations/in-site-message,pagination,4,GET,/admin/message/list,"is_batch,page,page_size",,,"accept,accept-language,client-id,client-version,d,lang,referer,sec-ch-ua,sec-ch-ua-mobile,sec-ch-ua-platform,t,user-agent,x-device-id",Query: current page filter/pagination; Header: authenticated browser session/runtime,200,True,"object; keys=d,page,page_size,t",FAT admin authenticated browser session; exact role/permission mapping pending,No mutation observed; registered low-risk interaction,Page reloaded and Network reached quiet state before action,Action response captured; no business mutation observed,admin/other,已阅读名单-todo,后台/运营管理/站内信管理/已阅读名单-todo.bru,ACTIVE,YES,"fat-admin-explicit-read-actions.json Network events 1432; exact selector {""locator"": "".ant-pagination a, .ant-pagination button"", ""accessible_name"": ""4""}",,
admin,Operation Management,Member station message,/operations/in-site-message,tab,Batch Send Records,,,,,,,No request captured,,,unverified,FAT admin authenticated browser session; exact role/permission mapping pending,No mutation observed,Page loaded,No request captured,,,,DOCUMENTED_UNVERIFIED,CONTROL_PRESENT_NO_REQUEST,"fat-admin-explicit-read-actions.json execution status=CLICKED; exact selector {""role"": ""tab"", ""name"": ""Batch Send Records"", ""exact"": true}",,Click produced no XHR/fetch; navigation/DOM effect requires follow-up
admin,Operation Management,Member station message,/operations/in-site-message,tab,Single Send Record,GET,/admin/message/list,"is_batch,page,page_size",,,"accept,accept-language,client-id,client-version,d,lang,referer,sec-ch-ua,sec-ch-ua-mobile,sec-ch-ua-platform,t,user-agent,x-device-id",Query: current page filter/pagination; Header: authenticated browser session/runtime,200,True,"object; keys=d,page,page_size,t",FAT admin authenticated browser session; exact role/permission mapping pending,No mutation observed; registered low-risk interaction,Page reloaded and Network reached quiet state before action,Action response captured; no business mutation observed,admin/other,已阅读名单-todo,后台/运营管理/站内信管理/已阅读名单-todo.bru,ACTIVE,YES,"fat-admin-explicit-read-actions.json Network events 1378; exact selector {""role"": ""tab"", ""name"": ""Single Send Record"", ""exact"": true}",,
admin,Operation Management,Market Management,/operations/mall-management,pagination,2,GET,/admin/mall/goods/list,"page,page_size",,,"accept,accept-language,client-id,client-version,d,lang,referer,sec-ch-ua,sec-ch-ua-mobile,sec-ch-ua-platform,t,user-agent,x-device-id",Query: current page filter/pagination; Header: authenticated browser session/runtime,200,True,"object; keys=d,s,t",FAT admin authenticated browser session; exact role/permission mapping pending,No mutation observed; registered low-risk interaction,Page reloaded and Network reached quiet state before action,Action response captured; no business mutation observed,admin/other,获取产品列表-todo,后台/商城管理/获取产品列表-todo.bru,ACTIVE,YES,"fat-admin-explicit-read-actions.json Network events 1196; exact selector {""locator"": "".ant-pagination a, .ant-pagination button"", ""accessible_name"": ""2""}",,
admin,Operation Management,Market Management,/operations/mall-management,tab,Maeket Management,,,,,,,No request captured,,,unverified,FAT admin authenticated browser session; exact role/permission mapping pending,No mutation observed,Page loaded,No request captured,,,,DOCUMENTED_UNVERIFIED,CONTROL_PRESENT_NO_REQUEST,"fat-admin-explicit-read-actions.json execution status=CLICKED; exact selector {""role"": ""tab"", ""name"": ""Maeket Management"", ""exact"": true}",,Click produced no XHR/fetch; navigation/DOM effect requires follow-up
admin,Operation Management,Market Management,/operations/mall-management,tab,oken Transaction Summary,POST,/admin/finance/tokens/transaction/list,,,,"accept,accept-language,client-id,client-version,content-type,d,lang,referer,sec-ch-ua,sec-ch-ua-mobile,sec-ch-ua-platform,t,user-agent,x-device-id",Header: authenticated browser session/runtime,200,True,"object; keys=a,d,page,page_size,t",FAT admin authenticated browser session; exact role/permission mapping pending,No mutation observed; registered low-risk interaction,Page reloaded and Network reached quiet state before action,Action response captured; no business mutation observed,,,,UNDOCUMENTED_ACTIVE,YES,"fat-admin-explicit-read-actions.json Network events 1178; exact selector {""role"": ""tab"", ""name"": ""oken Transaction Summary"", ""exact"": true}",,
admin,Operation Management,Market Management,/operations/mall-management,tab,oken Transaction Summary,POST,/admin/promo/task/list,,,,"accept,accept-language,client-id,client-version,content-type,d,lang,referer,sec-ch-ua,sec-ch-ua-mobile,sec-ch-ua-platform,t,user-agent,x-device-id",Header: authenticated browser session/runtime,200,True,"object; keys=d,s,t",FAT admin authenticated browser session; exact role/permission mapping pending,No mutation observed; registered low-risk interaction,Page reloaded and Network reached quiet state before action,Action response captured; no business mutation observed,,,,UNDOCUMENTED_ACTIVE,YES,"fat-admin-explicit-read-actions.json Network events 1177; exact selector {""role"": ""tab"", ""name"": ""oken Transaction Summary"", ""exact"": true}",,
admin,Operation Management,Material Management,/operations/material-management,pagination,2,POST,/admin/ad/material/list,,,,"accept,accept-language,client-id,client-version,content-type,d,lang,referer,sec-ch-ua,sec-ch-ua-mobile,sec-ch-ua-platform,t,user-agent,x-device-id",Header: authenticated browser session/runtime,200,,unknown,FAT admin authenticated browser session; exact role/permission mapping pending,No mutation observed; registered low-risk interaction,Page reloaded and Network reached quiet state before action,Action response captured; no business mutation observed,admin/other,素材列表,后台/运营管理/客户端管理/素材管理/素材列表.bru,ACTIVE,YES,"fat-admin-explicit-read-actions.json Network events 1100; exact selector {""locator"": "".ant-pagination a, .ant-pagination button"", ""accessible_name"": ""2""}",,
admin,Operation Management,Material Management,/operations/material-management,pagination,3,GET,/admin/ad/material/platform/menu,,,,"accept,accept-language,client-id,client-version,d,lang,referer,sec-ch-ua,sec-ch-ua-mobile,sec-ch-ua-platform,t,user-agent,x-device-id",Header: authenticated browser session/runtime,200,True,list,FAT admin authenticated browser session; exact role/permission mapping pending,No mutation observed; registered low-risk interaction,Page reloaded and Network reached quiet state before action,Action response captured; no business mutation observed,admin/other,素材管理支持的平台枚举,后台/运营管理/客户端管理/素材管理/素材管理支持的平台枚举.bru,ACTIVE,YES,"fat-admin-explicit-read-actions.json Network events 1121; exact selector {""locator"": "".ant-pagination a, .ant-pagination button"", ""accessible_name"": ""3""}",,
admin,Operation Management,Material Management,/operations/material-management,pagination,3,POST,/admin/ad/material/list,,,,"accept,accept-language,client-id,client-version,content-type,d,lang,referer,sec-ch-ua,sec-ch-ua-mobile,sec-ch-ua-platform,t,user-agent,x-device-id",Header: authenticated browser session/runtime,200,True,"object; keys=d,s,t",FAT admin authenticated browser session; exact role/permission mapping pending,No mutation observed; registered low-risk interaction,Page reloaded and Network reached quiet state before action,Action response captured; no business mutation observed,admin/other,素材列表,后台/运营管理/客户端管理/素材管理/素材列表.bru,ACTIVE,YES,"fat-admin-explicit-read-actions.json Network events 1120; exact selector {""locator"": "".ant-pagination a, .ant-pagination button"", ""accessible_name"": ""3""}",,
admin,Operation Management,Material Management,/operations/material-management,pagination,4,GET,/admin/ad/material/platform/menu,,,,"accept,accept-language,client-id,client-version,d,lang,referer,sec-ch-ua,sec-ch-ua-mobile,sec-ch-ua-platform,t,user-agent,x-device-id",Header: authenticated browser session/runtime,200,True,list,FAT admin authenticated browser session; exact role/permission mapping pending,No mutation observed; registered low-risk interaction,Page reloaded and Network reached quiet state before action,Action response captured; no business mutation observed,admin/other,素材管理支持的平台枚举,后台/运营管理/客户端管理/素材管理/素材管理支持的平台枚举.bru,ACTIVE,YES,"fat-admin-explicit-read-actions.json Network events 1142; exact selector {""locator"": "".ant-pagination a, .ant-pagination button"", ""accessible_name"": ""4""}",,
admin,Operation Management,Material Management,/operations/material-management,pagination,4,POST,/admin/ad/material/list,,,,"accept,accept-language,client-id,client-version,content-type,d,lang,referer,sec-ch-ua,sec-ch-ua-mobile,sec-ch-ua-platform,t,user-agent,x-device-id",Header: authenticated browser session/runtime,200,True,"object; keys=d,s,t",FAT admin authenticated browser session; exact role/permission mapping pending,No mutation observed; registered low-risk interaction,Page reloaded and Network reached quiet state before action,Action response captured; no business mutation observed,admin/other,素材列表,后台/运营管理/客户端管理/素材管理/素材列表.bru,ACTIVE,YES,"fat-admin-explicit-read-actions.json Network events 1141; exact selector {""locator"": "".ant-pagination a, .ant-pagination button"", ""accessible_name"": ""4""}",,
admin,Operation Management,Message Templates,/operations/message-templates,pagination,2,GET,/admin/message/templates/list,"page,page_size",,,"accept,accept-language,client-id,client-version,d,lang,referer,sec-ch-ua,sec-ch-ua-mobile,sec-ch-ua-platform,t,user-agent,x-device-id",Query: current page filter/pagination; Header: authenticated browser session/runtime,200,True,"object; keys=d,s,t",FAT admin authenticated browser session; exact role/permission mapping pending,No mutation observed; registered low-risk interaction,Page reloaded and Network reached quiet state before action,Action response captured; no business mutation observed,admin/other,获取消息模板列表-todo,后台/运营管理/消息模板/获取消息模板列表-todo.bru,ACTIVE,YES,"fat-admin-explicit-read-actions.json Network events 1343; exact selector {""locator"": "".ant-pagination a, .ant-pagination button"", ""accessible_name"": ""2""}",,
admin,Operation Management,Message Templates,/operations/message-templates,tab,System Message Template,,,,,,,No request captured,,,unverified,FAT admin authenticated browser session; exact role/permission mapping pending,No mutation observed,Page loaded,No request captured,,,,DOCUMENTED_UNVERIFIED,CONTROL_PRESENT_NO_REQUEST,"fat-admin-explicit-read-actions.json execution status=CLICKED; exact selector {""role"": ""tab"", ""name"": ""System Message Template"", ""exact"": true}",,Click produced no XHR/fetch; navigation/DOM effect requires follow-up
admin,Finance Management,Bet Management,/payment/betting-slip/list,tab,ALL,,,,,,,No request captured,,,unverified,FAT admin authenticated browser session; exact role/permission mapping pending,No mutation observed,Page loaded,No request captured,,,,DOCUMENTED_UNVERIFIED,CONTROL_PRESENT_NO_REQUEST,"fat-admin-explicit-read-actions.json execution status=SKIPPED_NOT_ACTIONABLE; exact selector {""role"": ""tab"", ""name"": ""ALL"", ""exact"": true}",,Control was not actionable in the fresh page state
admin,Finance Management,Bet Management,/payment/betting-slip/list,tab,Fishing,POST,/admin/record/bet,,,,"accept,accept-language,client-id,client-version,content-type,d,lang,referer,sec-ch-ua,sec-ch-ua-mobile,sec-ch-ua-platform,t,user-agent,x-device-id",Header: authenticated browser session/runtime,200,True,"object; keys=a,d,fd,s,t",FAT admin authenticated browser session; exact role/permission mapping pending,No mutation observed; registered low-risk interaction,Page reloaded and Network reached quiet state before action,Action response captured; no business mutation observed,admin/finance,游戏记录-wesley,后台/财务管理/注单管理/游戏记录-wesley.bru,ACTIVE,YES,"fat-admin-explicit-read-actions.json Network events 302; exact selector {""role"": ""tab"", ""name"": ""Fishing"", ""exact"": true}",,
admin,Finance Management,Bet Management,/payment/betting-slip/list,tab,Live Casino,POST,/admin/record/bet,,,,"accept,accept-language,client-id,client-version,content-type,d,lang,referer,sec-ch-ua,sec-ch-ua-mobile,sec-ch-ua-platform,t,user-agent,x-device-id",Header: authenticated browser session/runtime,200,True,"object; keys=a,d,fd,s,t",FAT admin authenticated browser session; exact role/permission mapping pending,No mutation observed; registered low-risk interaction,Page reloaded and Network reached quiet state before action,Action response captured; no business mutation observed,admin/finance,游戏记录-wesley,后台/财务管理/注单管理/游戏记录-wesley.bru,ACTIVE,YES,"fat-admin-explicit-read-actions.json Network events 284; exact selector {""role"": ""tab"", ""name"": ""Live Casino"", ""exact"": true}",,
admin,Finance Management,Bet Management,/payment/betting-slip/list,tab,Lottery,POST,/admin/record/bet,,,,"accept,accept-language,client-id,client-version,content-type,d,lang,referer,sec-ch-ua,sec-ch-ua-mobile,sec-ch-ua-platform,t,user-agent,x-device-id",Header: authenticated browser session/runtime,200,True,"object; keys=a,d,fd,s,t",FAT admin authenticated browser session; exact role/permission mapping pending,No mutation observed; registered low-risk interaction,Page reloaded and Network reached quiet state before action,Action response captured; no business mutation observed,admin/finance,游戏记录-wesley,后台/财务管理/注单管理/游戏记录-wesley.bru,ACTIVE,YES,"fat-admin-explicit-read-actions.json Network events 392; exact selector {""role"": ""tab"", ""name"": ""Lottery"", ""exact"": true}",,
admin,Finance Management,Bet Management,/payment/betting-slip/list,tab,Mini Games,POST,/admin/record/bet,,,,"accept,accept-language,client-id,client-version,content-type,d,lang,referer,sec-ch-ua,sec-ch-ua-mobile,sec-ch-ua-platform,t,user-agent,x-device-id",Header: authenticated browser session/runtime,200,True,"object; keys=a,d,fd,s,t",FAT admin authenticated browser session; exact role/permission mapping pending,No mutation observed; registered low-risk interaction,Page reloaded and Network reached quiet state before action,Action response captured; no business mutation observed,admin/finance,游戏记录-wesley,后台/财务管理/注单管理/游戏记录-wesley.bru,ACTIVE,YES,"fat-admin-explicit-read-actions.json Network events 374; exact selector {""role"": ""tab"", ""name"": ""Mini Games"", ""exact"": true}",,
admin,Finance Management,Bet Management,/payment/betting-slip/list,tab,Platform Bet Slip Management,,,,,,,No request captured,,,unverified,FAT admin authenticated browser session; exact role/permission mapping pending,No mutation observed,Page loaded,No request captured,,,,DOCUMENTED_UNVERIFIED,CONTROL_PRESENT_NO_REQUEST,"fat-admin-explicit-read-actions.json execution status=CLICKED; exact selector {""role"": ""tab"", ""name"": ""Platform Bet Slip Management"", ""exact"": true}",,Click produced no XHR/fetch; navigation/DOM effect requires follow-up
admin,Finance Management,Bet Management,/payment/betting-slip/list,tab,Slot,POST,/admin/record/bet,,,,"accept,accept-language,client-id,client-version,content-type,d,lang,referer,sec-ch-ua,sec-ch-ua-mobile,sec-ch-ua-platform,t,user-agent,x-device-id",Header: authenticated browser session/runtime,200,True,"object; keys=a,d,fd,s,t",FAT admin authenticated browser session; exact role/permission mapping pending,No mutation observed; registered low-risk interaction,Page reloaded and Network reached quiet state before action,Action response captured; no business mutation observed,admin/finance,游戏记录-wesley,后台/财务管理/注单管理/游戏记录-wesley.bru,ACTIVE,YES,"fat-admin-explicit-read-actions.json Network events 320; exact selector {""role"": ""tab"", ""name"": ""Slot"", ""exact"": true}",,
admin,Finance Management,Bet Management,/payment/betting-slip/list,tab,Sports,POST,/admin/record/bet,,,,"accept,accept-language,client-id,client-version,content-type,d,lang,referer,sec-ch-ua,sec-ch-ua-mobile,sec-ch-ua-platform,t,user-agent,x-device-id",Header: authenticated browser session/runtime,200,True,"object; keys=a,d,fd,s,t",FAT admin authenticated browser session; exact role/permission mapping pending,No mutation observed; registered low-risk interaction,Page reloaded and Network reached quiet state before action,Action response captured; no business mutation observed,admin/finance,游戏记录-wesley,后台/财务管理/注单管理/游戏记录-wesley.bru,ACTIVE,YES,"fat-admin-explicit-read-actions.json Network events 338; exact selector {""role"": ""tab"", ""name"": ""Sports"", ""exact"": true}",,
admin,Finance Management,Bet Management,/payment/betting-slip/list,tab,Table Games,POST,/admin/record/bet,,,,"accept,accept-language,client-id,client-version,content-type,d,lang,referer,sec-ch-ua,sec-ch-ua-mobile,sec-ch-ua-platform,t,user-agent,x-device-id",Header: authenticated browser session/runtime,200,True,"object; keys=a,d,fd,s,t",FAT admin authenticated browser session; exact role/permission mapping pending,No mutation observed; registered low-risk interaction,Page reloaded and Network reached quiet state before action,Action response captured; no business mutation observed,admin/finance,游戏记录-wesley,后台/财务管理/注单管理/游戏记录-wesley.bru,ACTIVE,YES,"fat-admin-explicit-read-actions.json Network events 356; exact selector {""role"": ""tab"", ""name"": ""Table Games"", ""exact"": true}",,
admin,Finance Management,Payment Channels,/payment/channel-ordersV2,tab,Deposit Channel Config,,,,,,,No request captured,,,unverified,FAT admin authenticated browser session; exact role/permission mapping pending,No mutation observed,Page loaded,No request captured,,,,DOCUMENTED_UNVERIFIED,CONTROL_PRESENT_NO_REQUEST,"fat-admin-explicit-read-actions.json execution status=CLICKED; exact selector {""role"": ""tab"", ""name"": ""Deposit Channel Config"", ""exact"": true}",,Click produced no XHR/fetch; navigation/DOM effect requires follow-up
admin,Finance Management,Payment Channels,/payment/channel-ordersV2,tab,Deposit Merchant Config,GET,/admin/finance/payment/channel/list,"mode,page,page_size",,,"accept,accept-language,client-id,client-version,d,lang,referer,sec-ch-ua,sec-ch-ua-mobile,sec-ch-ua-platform,t,user-agent,x-device-id",Query: current page filter/pagination; Header: authenticated browser session/runtime,200,True,"object; keys=d,s,t",FAT admin authenticated browser session; exact role/permission mapping pending,No mutation observed; registered low-risk interaction,Page reloaded and Network reached quiet state before action,Action response captured; no business mutation observed,admin/finance,支付渠道通道列表,后台/财务管理/支付渠道/支付渠道通道列表.bru,ACTIVE,YES,"fat-admin-explicit-read-actions.json Network events 444; exact selector {""role"": ""tab"", ""name"": ""Deposit Merchant Config"", ""exact"": true}",,
admin,Finance Management,Payment Channels,/payment/channel-ordersV2,tab,Withdrawal Channel Config,GET,/admin/finance/payment/platform/list,"mode,page,page_size",,,"accept,accept-language,client-id,client-version,d,lang,referer,sec-ch-ua,sec-ch-ua-mobile,sec-ch-ua-platform,t,user-agent,x-device-id",Query: current page filter/pagination; Header: authenticated browser session/runtime,200,True,"object; keys=d,s,t",FAT admin authenticated browser session; exact role/permission mapping pending,No mutation observed; registered low-risk interaction,Page reloaded and Network reached quiet state before action,Action response captured; no business mutation observed,admin/finance,支付平台列表,后台/财务管理/支付渠道/支付平台列表.bru,ACTIVE,YES,"fat-admin-explicit-read-actions.json Network events 462; exact selector {""role"": ""tab"", ""name"": ""Withdrawal Channel Config"", ""exact"": true}",,
admin,Finance Management,Payment Channels,/payment/channel-ordersV2,tab,提现商户配置,GET,/admin/finance/payment/channel/list,"mode,page,page_size",,,"accept,accept-language,client-id,client-version,d,lang,referer,sec-ch-ua,sec-ch-ua-mobile,sec-ch-ua-platform,t,user-agent,x-device-id",Query: current page filter/pagination; Header: authenticated browser session/runtime,200,True,"object; keys=d,s,t",FAT admin authenticated browser session; exact role/permission mapping pending,No mutation observed; registered low-risk interaction,Page reloaded and Network reached quiet state before action,Action response captured; no business mutation observed,admin/finance,支付渠道通道列表,后台/财务管理/支付渠道/支付渠道通道列表.bru,ACTIVE,YES,"fat-admin-explicit-read-actions.json Network events 480; exact selector {""role"": ""tab"", ""name"": ""提现商户配置"", ""exact"": true}",,
admin,Finance Management,Payment Channels,/payment/channel-ordersV2,tab,银行列表,GET,/admin/finance/payment/bank/list,"page,page_size",,,"accept,accept-language,client-id,client-version,d,lang,referer,sec-ch-ua,sec-ch-ua-mobile,sec-ch-ua-platform,t,user-agent,x-device-id",Query: current page filter/pagination; Header: authenticated browser session/runtime,200,True,"object; keys=d,s,t",FAT admin authenticated browser session; exact role/permission mapping pending,No mutation observed; registered low-risk interaction,Page reloaded and Network reached quiet state before action,Action response captured; no business mutation observed,admin/finance,银行卡列表,后台/财务管理/银行卡/银行卡列表.bru,ACTIVE,YES,"fat-admin-explicit-read-actions.json Network events 498; exact selector {""role"": ""tab"", ""name"": ""银行列表"", ""exact"": true}",,
admin,Finance Management,Recharge Card Order,/payment/recharge-card-orders/list,tab,Lazada Orders,,,,,,,No request captured,,,unverified,FAT admin authenticated browser session; exact role/permission mapping pending,No mutation observed,Page loaded,No request captured,,,,DOCUMENTED_UNVERIFIED,CONTROL_PRESENT_NO_REQUEST,"fat-admin-explicit-read-actions.json execution status=CLICKED; exact selector {""role"": ""tab"", ""name"": ""Lazada Orders"", ""exact"": true}",,Click produced no XHR/fetch; navigation/DOM effect requires follow-up
admin,Finance Management,Recharge Card Order,/payment/recharge-card-orders/list,tab,Token Mall Orders,GET,/admin/filcoin/order/list,"end_submit_at,page,page_size,start_submit_at",,,"accept,accept-language,client-id,client-version,d,lang,referer,sec-ch-ua,sec-ch-ua-mobile,sec-ch-ua-platform,t,user-agent,x-device-id",Query: current page filter/pagination; Header: authenticated browser session/runtime,200,True,"object; keys=list,sub,sum,total",FAT admin authenticated browser session; exact role/permission mapping pending,No mutation observed; registered low-risk interaction,Page reloaded and Network reached quiet state before action,Action response captured; no business mutation observed,admin/finance,代币商城订单列表-todo,后台/财务管理/代币商城订单/代币商城订单列表-todo.bru,ACTIVE,YES,"fat-admin-explicit-read-actions.json Network events 533; exact selector {""role"": ""tab"", ""name"": ""Token Mall Orders"", ""exact"": true}",,
admin,Promo Marketing,Channel Management,/promo-marketing/channels,pagination,2,GET,/admin/channel/manage/list,"page,page_size",,,"accept,accept-language,client-id,client-version,d,lang,referer,sec-ch-ua,sec-ch-ua-mobile,sec-ch-ua-platform,t,user-agent,x-device-id",Query: current page filter/pagination; Header: authenticated browser session/runtime,200,True,"object; keys=d,s,t",FAT admin authenticated browser session; exact role/permission mapping pending,No mutation observed; registered low-risk interaction,Page reloaded and Network reached quiet state before action,Action response captured; no business mutation observed,admin/other,渠道管理列表-todo,后台/运营管理/推广管理/渠道管理/渠道管理列表-todo.bru,ACTIVE,YES,"fat-admin-explicit-read-actions.json Network events 1597; exact selector {""locator"": "".ant-pagination a, .ant-pagination button"", ""accessible_name"": ""2""}",,
admin,Promo Marketing,Channel Management,/promo-marketing/channels,pagination,3,GET,/admin/channel/manage/list,"page,page_size",,,"accept,accept-language,client-id,client-version,d,lang,referer,sec-ch-ua,sec-ch-ua-mobile,sec-ch-ua-platform,t,user-agent,x-device-id",Query: current page filter/pagination; Header: authenticated browser session/runtime,200,True,"object; keys=d,s,t",FAT admin authenticated browser session; exact role/permission mapping pending,No mutation observed; registered low-risk interaction,Page reloaded and Network reached quiet state before action,Action response captured; no business mutation observed,admin/other,渠道管理列表-todo,后台/运营管理/推广管理/渠道管理/渠道管理列表-todo.bru,ACTIVE,YES,"fat-admin-explicit-read-actions.json Network events 1616; exact selector {""locator"": "".ant-pagination a, .ant-pagination button"", ""accessible_name"": ""3""}",,
admin,Promo Marketing,Promo Data,/promo-marketing/promotion-data,pagination,2,GET,/admin/channel/promoData/list,"day,page,page_size",,,"accept,accept-language,client-id,client-version,d,lang,referer,sec-ch-ua,sec-ch-ua-mobile,sec-ch-ua-platform,t,user-agent,x-device-id",Query: current page filter/pagination; Header: authenticated browser session/runtime,200,True,"object; keys=d,t",FAT admin authenticated browser session; exact role/permission mapping pending,No mutation observed; registered low-risk interaction,Page reloaded and Network reached quiet state before action,Action response captured; no business mutation observed,admin/promo,推广数据列表-todo,后台/运营管理/推广管理/推广数据/推广数据列表-todo.bru,ACTIVE,YES,"fat-admin-explicit-read-actions.json Network events 1636; exact selector {""locator"": "".ant-pagination a, .ant-pagination button"", ""accessible_name"": ""2""}",,
admin,Promo Marketing,Promo Data,/promo-marketing/promotion-data,pagination,3,GET,/admin/channel/promoData/list,"day,page,page_size",,,"accept,accept-language,client-id,client-version,d,lang,referer,sec-ch-ua,sec-ch-ua-mobile,sec-ch-ua-platform,t,user-agent,x-device-id",Query: current page filter/pagination; Header: authenticated browser session/runtime,200,True,"object; keys=d,t",FAT admin authenticated browser session; exact role/permission mapping pending,No mutation observed; registered low-risk interaction,Page reloaded and Network reached quiet state before action,Action response captured; no business mutation observed,admin/promo,推广数据列表-todo,后台/运营管理/推广管理/推广数据/推广数据列表-todo.bru,ACTIVE,YES,"fat-admin-explicit-read-actions.json Network events 1656; exact selector {""locator"": "".ant-pagination a, .ant-pagination button"", ""accessible_name"": ""3""}",,
admin,Report Management,Game Platform Reports,/report-management/game-platform-report/list,pagination,2,GET,/admin/reports/venue/node,"end_time,field,page,page_size,start_time",,,"accept,accept-language,client-id,client-version,d,lang,referer,sec-ch-ua,sec-ch-ua-mobile,sec-ch-ua-platform,t,user-agent,x-device-id",Query: current page filter/pagination; Header: authenticated browser session/runtime,200,True,"object; keys=a,d,s,t",FAT admin authenticated browser session; exact role/permission mapping pending,No mutation observed; registered low-risk interaction,Page reloaded and Network reached quiet state before action,Action response captured; no business mutation observed,admin/game,厂商线路报表,后台/报表/游戏平台报表/厂商线路报表.bru,ACTIVE,YES,"fat-admin-explicit-read-actions.json Network events 228; exact selector {""locator"": "".ant-pagination a, .ant-pagination button"", ""accessible_name"": ""2""}",,
admin,Report Management,Game Platform Reports,/report-management/game-platform-report/list,pagination,3,GET,/admin/reports/venue/node,"end_time,field,page,page_size,start_time",,,"accept,accept-language,client-id,client-version,d,lang,referer,sec-ch-ua,sec-ch-ua-mobile,sec-ch-ua-platform,t,user-agent,x-device-id",Query: current page filter/pagination; Header: authenticated browser session/runtime,200,True,"object; keys=a,d,s,t",FAT admin authenticated browser session; exact role/permission mapping pending,No mutation observed; registered low-risk interaction,Page reloaded and Network reached quiet state before action,Action response captured; no business mutation observed,admin/game,厂商线路报表,后台/报表/游戏平台报表/厂商线路报表.bru,ACTIVE,YES,"fat-admin-explicit-read-actions.json Network events 249; exact selector {""locator"": "".ant-pagination a, .ant-pagination button"", ""accessible_name"": ""3""}",,
admin,Report Management,Game Reports,/report-management/game-reports/list,pagination,2,GET,/admin/reports/game/node,"end_time,field,page,page_size,start_time",,,"accept,accept-language,client-id,client-version,d,lang,referer,sec-ch-ua,sec-ch-ua-mobile,sec-ch-ua-platform,t,user-agent,x-device-id",Query: current page filter/pagination; Header: authenticated browser session/runtime,200,True,"object; keys=a,d,s,t",FAT admin authenticated browser session; exact role/permission mapping pending,No mutation observed; registered low-risk interaction,Page reloaded and Network reached quiet state before action,Action response captured; no business mutation observed,admin/game,游戏线路报表,后台/报表/游戏报表/游戏线路报表.bru,ACTIVE,YES,"fat-admin-explicit-read-actions.json Network events 123; exact selector {""locator"": "".ant-pagination a, .ant-pagination button"", ""accessible_name"": ""2""}",,
admin,Report Management,Game Reports,/report-management/game-reports/list,pagination,3,GET,/admin/reports/game/node,"end_time,field,page,page_size,start_time",,,"accept,accept-language,client-id,client-version,d,lang,referer,sec-ch-ua,sec-ch-ua-mobile,sec-ch-ua-platform,t,user-agent,x-device-id",Query: current page filter/pagination; Header: authenticated browser session/runtime,200,True,"object; keys=a,d,s,t",FAT admin authenticated browser session; exact role/permission mapping pending,No mutation observed; registered low-risk interaction,Page reloaded and Network reached quiet state before action,Action response captured; no business mutation observed,admin/game,游戏线路报表,后台/报表/游戏报表/游戏线路报表.bru,ACTIVE,YES,"fat-admin-explicit-read-actions.json Network events 144; exact selector {""locator"": "".ant-pagination a, .ant-pagination button"", ""accessible_name"": ""3""}",,
admin,Report Management,Game Reports,/report-management/game-reports/list,pagination,4,GET,/admin/reports/game/node,"end_time,field,page,page_size,start_time",,,"accept,accept-language,client-id,client-version,d,lang,referer,sec-ch-ua,sec-ch-ua-mobile,sec-ch-ua-platform,t,user-agent,x-device-id",Query: current page filter/pagination; Header: authenticated browser session/runtime,200,True,"object; keys=a,d,s,t",FAT admin authenticated browser session; exact role/permission mapping pending,No mutation observed; registered low-risk interaction,Page reloaded and Network reached quiet state before action,Action response captured; no business mutation observed,admin/game,游戏线路报表,后台/报表/游戏报表/游戏线路报表.bru,ACTIVE,YES,"fat-admin-explicit-read-actions.json Network events 165; exact selector {""locator"": "".ant-pagination a, .ant-pagination button"", ""accessible_name"": ""4""}",,
admin,Report Management,Game Type Reports,/report-management/game-types-report/list,pagination,2,GET,/admin/reports/gameclass/node,"end_time,field,page,page_size,start_time",,,"accept,accept-language,client-id,client-version,d,lang,referer,sec-ch-ua,sec-ch-ua-mobile,sec-ch-ua-platform,t,user-agent,x-device-id",Query: current page filter/pagination; Header: authenticated browser session/runtime,200,True,"object; keys=a,d,s,t",FAT admin authenticated browser session; exact role/permission mapping pending,No mutation observed; registered low-risk interaction,Page reloaded and Network reached quiet state before action,Action response captured; no business mutation observed,admin/game,游戏类型线路报表,后台/报表/游戏类型报表/游戏类型线路报表.bru,ACTIVE,YES,"fat-admin-explicit-read-actions.json Network events 186; exact selector {""locator"": "".ant-pagination a, .ant-pagination button"", ""accessible_name"": ""2""}",,
admin,Report Management,Game Type Reports,/report-management/game-types-report/list,pagination,3,GET,/admin/reports/gameclass/node,"end_time,field,page,page_size,start_time",,,"accept,accept-language,client-id,client-version,d,lang,referer,sec-ch-ua,sec-ch-ua-mobile,sec-ch-ua-platform,t,user-agent,x-device-id",Query: current page filter/pagination; Header: authenticated browser session/runtime,200,True,"object; keys=a,d,s,t",FAT admin authenticated browser session; exact role/permission mapping pending,No mutation observed; registered low-risk interaction,Page reloaded and Network reached quiet state before action,Action response captured; no business mutation observed,admin/game,游戏类型线路报表,后台/报表/游戏类型报表/游戏类型线路报表.bru,ACTIVE,YES,"fat-admin-explicit-read-actions.json Network events 207; exact selector {""locator"": "".ant-pagination a, .ant-pagination button"", ""accessible_name"": ""3""}",,
admin,Risk Management,Deposit/Withdrawal Approval,/risk-control/dw-audit,tab,Deposit Order,GET,/admin/finance/payment/deposit/channels,,,,"accept,accept-language,client-id,client-version,d,lang,referer,sec-ch-ua,sec-ch-ua-mobile,sec-ch-ua-platform,t,user-agent,x-device-id",Header: authenticated browser session/runtime,200,True,list,FAT admin authenticated browser session; exact role/permission mapping pending,No mutation observed; registered low-risk interaction,Page reloaded and Network reached quiet state before action,Action response captured; no business mutation observed,admin/finance,支付渠道列表-cold,后台/财务管理/存款记录/支付渠道列表-cold.bru,ACTIVE,YES,"fat-admin-explicit-read-actions.json Network events 1522; exact selector {""role"": ""tab"", ""name"": ""Deposit Order"", ""exact"": true}",,
admin,Risk Management,Deposit/Withdrawal Approval,/risk-control/dw-audit,tab,Deposit Order,POST,/admin/finance/deposit/risk/list,,,,"accept,accept-language,client-id,client-version,content-type,d,lang,referer,sec-ch-ua,sec-ch-ua-mobile,sec-ch-ua-platform,t,user-agent,x-device-id",Header: authenticated browser session/runtime,200,True,"object; keys=d,s,summary,t",FAT admin authenticated browser session; exact role/permission mapping pending,No mutation observed; registered low-risk interaction,Page reloaded and Network reached quiet state before action,Action response captured; no business mutation observed,,,,UNDOCUMENTED_ACTIVE,YES,"fat-admin-explicit-read-actions.json Network events 1523; exact selector {""role"": ""tab"", ""name"": ""Deposit Order"", ""exact"": true}",,
admin,Risk Management,Deposit/Withdrawal Approval,/risk-control/dw-audit,tab,Withdrawal Order,GET,/admin/finance/payment/withdraw/channels,,,,"accept,accept-language,client-id,client-version,d,lang,referer,sec-ch-ua,sec-ch-ua-mobile,sec-ch-ua-platform,t,user-agent,x-device-id",Header: authenticated browser session/runtime,200,True,list,FAT admin authenticated browser session; exact role/permission mapping pending,No mutation observed; registered low-risk interaction,Page reloaded and Network reached quiet state before action,Action response captured; no business mutation observed,admin/finance,提现渠道列表-cold,合规/财务管理/财务记录/提现渠道列表-cold.bru,ACTIVE,YES,"fat-admin-explicit-read-actions.json Network events 1502; exact selector {""role"": ""tab"", ""name"": ""Withdrawal Order"", ""exact"": true}",,
admin,Risk Management,Deposit/Withdrawal Approval,/risk-control/dw-audit,tab,Withdrawal Order,POST,/admin/finance/withdraw/risk/list,,,,"accept,accept-language,client-id,client-version,content-type,d,lang,referer,sec-ch-ua,sec-ch-ua-mobile,sec-ch-ua-platform,t,user-agent,x-device-id",Header: authenticated browser session/runtime,200,True,"object; keys=d,s,summary,t",FAT admin authenticated browser session; exact role/permission mapping pending,No mutation observed; registered low-risk interaction,Page reloaded and Network reached quiet state before action,Action response captured; no business mutation observed,,,,UNDOCUMENTED_ACTIVE,YES,"fat-admin-explicit-read-actions.json Network events 1503; exact selector {""role"": ""tab"", ""name"": ""Withdrawal Order"", ""exact"": true}",,
admin,Risk Management,Temporary Restriction List,/risk-control/temporary-restriction-list,pagination,2,GET,/admin/finance/withdraws/limit/list,"page,page_size",,,"accept,accept-language,client-id,client-version,d,lang,referer,sec-ch-ua,sec-ch-ua-mobile,sec-ch-ua-platform,t,user-agent,x-device-id",Query: current page filter/pagination; Header: authenticated browser session/runtime,200,True,"object; keys=conf,d,s,t",FAT admin authenticated browser session; exact role/permission mapping pending,No mutation observed; registered low-risk interaction,Page reloaded and Network reached quiet state before action,Action response captured; no business mutation observed,admin/finance,大量小額提款檢查列表,后台/风控管理/大量小額提款檢查/大量小額提款檢查列表.bru,ACTIVE,YES,"fat-admin-explicit-read-actions.json Network events 1578; exact selector {""locator"": "".ant-pagination a, .ant-pagination button"", ""accessible_name"": ""2""}",,
admin,Risk Management,Fund Transfer Record,/risk-control/up-down-score,tab,Credit Records,,,,,,,No request captured,,,unverified,FAT admin authenticated browser session; exact role/permission mapping pending,No mutation observed,Page loaded,No request captured,,,,DOCUMENTED_UNVERIFIED,CONTROL_PRESENT_NO_REQUEST,"fat-admin-explicit-read-actions.json execution status=CLICKED; exact selector {""role"": ""tab"", ""name"": ""Credit Records"", ""exact"": true}",,Click produced no XHR/fetch; navigation/DOM effect requires follow-up
admin,Risk Management,Fund Transfer Record,/risk-control/up-down-score,tab,Debit Records,POST,/admin/finance/adjust/list,,,,"accept,accept-language,client-id,client-version,content-type,d,lang,referer,sec-ch-ua,sec-ch-ua-mobile,sec-ch-ua-platform,t,user-agent,x-device-id",Header: authenticated browser session/runtime,200,True,"object; keys=d,s,t",FAT admin authenticated browser session; exact role/permission mapping pending,No mutation observed; registered low-risk interaction,Page reloaded and Network reached quiet state before action,Action response captured; no business mutation observed,admin/finance,系统调整,代理管理后台/财务管理/财务报表/系统调整.bru,ACTIVE,YES,"fat-admin-explicit-read-actions.json Network events 1560; exact selector {""role"": ""tab"", ""name"": ""Debit Records"", ""exact"": true}",,
admin,System,Bet Order Monitoring,/system/order-monitor,pagination,2,GET,/admin/reports/provider/order/compare/daily,"created_at_end,created_at_start,page,page_size",,,"accept,accept-language,client-id,client-version,d,lang,referer,sec-ch-ua,sec-ch-ua-mobile,sec-ch-ua-platform,t,user-agent,x-device-id",Query: current page filter/pagination; Header: authenticated browser session/runtime,200,True,"object; keys=d,s,t",FAT admin authenticated browser session; exact role/permission mapping pending,No mutation observed; registered low-risk interaction,Page reloaded and Network reached quiet state before action,Action response captured; no business mutation observed,admin/report,列表,后台/报表/厂商注单对比日报/列表.bru,ACTIVE,YES,"fat-admin-explicit-read-actions.json Network events 2068; exact selector {""locator"": "".ant-pagination a, .ant-pagination button"", ""accessible_name"": ""2""}",,
admin,System,Bet Order Monitoring,/system/order-monitor,pagination,3,GET,/admin/reports/provider/order/compare/daily,"created_at_end,created_at_start,page,page_size",,,"accept,accept-language,client-id,client-version,d,lang,referer,sec-ch-ua,sec-ch-ua-mobile,sec-ch-ua-platform,t,user-agent,x-device-id",Query: current page filter/pagination; Header: authenticated browser session/runtime,200,True,"object; keys=d,s,t",FAT admin authenticated browser session; exact role/permission mapping pending,No mutation observed; registered low-risk interaction,Page reloaded and Network reached quiet state before action,Action response captured; no business mutation observed,admin/report,列表,后台/报表/厂商注单对比日报/列表.bru,ACTIVE,YES,"fat-admin-explicit-read-actions.json Network events 2087; exact selector {""locator"": "".ant-pagination a, .ant-pagination button"", ""accessible_name"": ""3""}",,
admin,System,Bet Order Monitoring,/system/order-monitor,pagination,4,GET,/admin/reports/provider/order/compare/daily,"created_at_end,created_at_start,page,page_size",,,"accept,accept-language,client-id,client-version,d,lang,referer,sec-ch-ua,sec-ch-ua-mobile,sec-ch-ua-platform,t,user-agent,x-device-id",Query: current page filter/pagination; Header: authenticated browser session/runtime,200,True,"object; keys=d,s,t",FAT admin authenticated browser session; exact role/permission mapping pending,No mutation observed; registered low-risk interaction,Page reloaded and Network reached quiet state before action,Action response captured; no business mutation observed,admin/report,列表,后台/报表/厂商注单对比日报/列表.bru,ACTIVE,YES,"fat-admin-explicit-read-actions.json Network events 2106; exact selector {""locator"": "".ant-pagination a, .ant-pagination button"", ""accessible_name"": ""4""}",,
admin,System,SMS Verification Code,/system/sms-otp,pagination,15,GET,/admin/sms/list,"end_time,page,page_size,start_time",,,"accept,accept-language,client-id,client-version,d,lang,referer,sec-ch-ua,sec-ch-ua-mobile,sec-ch-ua-platform,t,user-agent,x-device-id",Query: current page filter/pagination; Header: authenticated browser session/runtime,200,True,"object; keys=d,t",FAT admin authenticated browser session; exact role/permission mapping pending,No mutation observed; registered low-risk interaction,Page reloaded and Network reached quiet state before action,Action response captured; no business mutation observed,admin/auth,短信列表-seven,后台/短信发送列表/短信列表-seven.bru,ACTIVE,YES,"fat-admin-explicit-read-actions.json Network events 2049; exact selector {""locator"": "".ant-pagination a, .ant-pagination button"", ""accessible_name"": ""15""}",,
admin,System,SMS Verification Code,/system/sms-otp,pagination,2,GET,/admin/sms/list,"end_time,page,page_size,start_time",,,"accept,accept-language,client-id,client-version,d,lang,referer,sec-ch-ua,sec-ch-ua-mobile,sec-ch-ua-platform,t,user-agent,x-device-id",Query: current page filter/pagination; Header: authenticated browser session/runtime,200,True,"object; keys=d,t",FAT admin authenticated browser session; exact role/permission mapping pending,No mutation observed; registered low-risk interaction,Page reloaded and Network reached quiet state before action,Action response captured; no business mutation observed,admin/auth,短信列表-seven,后台/短信发送列表/短信列表-seven.bru,ACTIVE,YES,"fat-admin-explicit-read-actions.json Network events 1959; exact selector {""locator"": "".ant-pagination a, .ant-pagination button"", ""accessible_name"": ""2""}",,
admin,System,SMS Verification Code,/system/sms-otp,pagination,3,GET,/admin/sms/list,"end_time,page,page_size,start_time",,,"accept,accept-language,client-id,client-version,d,lang,referer,sec-ch-ua,sec-ch-ua-mobile,sec-ch-ua-platform,t,user-agent,x-device-id",Query: current page filter/pagination; Header: authenticated browser session/runtime,200,True,"object; keys=d,t",FAT admin authenticated browser session; exact role/permission mapping pending,No mutation observed; registered low-risk interaction,Page reloaded and Network reached quiet state before action,Action response captured; no business mutation observed,admin/auth,短信列表-seven,后台/短信发送列表/短信列表-seven.bru,ACTIVE,YES,"fat-admin-explicit-read-actions.json Network events 1977; exact selector {""locator"": "".ant-pagination a, .ant-pagination button"", ""accessible_name"": ""3""}",,
admin,System,SMS Verification Code,/system/sms-otp,pagination,4,GET,/admin/sms/list,"end_time,page,page_size,start_time",,,"accept,accept-language,client-id,client-version,d,lang,referer,sec-ch-ua,sec-ch-ua-mobile,sec-ch-ua-platform,t,user-agent,x-device-id",Query: current page filter/pagination; Header: authenticated browser session/runtime,200,True,"object; keys=d,t",FAT admin authenticated browser session; exact role/permission mapping pending,No mutation observed; registered low-risk interaction,Page reloaded and Network reached quiet state before action,Action response captured; no business mutation observed,admin/auth,短信列表-seven,后台/短信发送列表/短信列表-seven.bru,ACTIVE,YES,"fat-admin-explicit-read-actions.json Network events 1995; exact selector {""locator"": "".ant-pagination a, .ant-pagination button"", ""accessible_name"": ""4""}",,
admin,System,SMS Verification Code,/system/sms-otp,pagination,5,GET,/admin/sms/list,"end_time,page,page_size,start_time",,,"accept,accept-language,client-id,client-version,d,lang,referer,sec-ch-ua,sec-ch-ua-mobile,sec-ch-ua-platform,t,user-agent,x-device-id",Query: current page filter/pagination; Header: authenticated browser session/runtime,200,True,"object; keys=d,t",FAT admin authenticated browser session; exact role/permission mapping pending,No mutation observed; registered low-risk interaction,Page reloaded and Network reached quiet state before action,Action response captured; no business mutation observed,admin/auth,短信列表-seven,后台/短信发送列表/短信列表-seven.bru,ACTIVE,YES,"fat-admin-explicit-read-actions.json Network events 2013; exact selector {""locator"": "".ant-pagination a, .ant-pagination button"", ""accessible_name"": ""5""}",,
admin,System,SMS Verification Code,/system/sms-otp,pagination,•••,GET,/admin/sms/list,"end_time,page,page_size,start_time",,,"accept,accept-language,client-id,client-version,d,lang,referer,sec-ch-ua,sec-ch-ua-mobile,sec-ch-ua-platform,t,user-agent,x-device-id",Query: current page filter/pagination; Header: authenticated browser session/runtime,200,True,"object; keys=d,t",FAT admin authenticated browser session; exact role/permission mapping pending,No mutation observed; registered low-risk interaction,Page reloaded and Network reached quiet state before action,Action response captured; no business mutation observed,admin/auth,短信列表-seven,后台/短信发送列表/短信列表-seven.bru,ACTIVE,YES,"fat-admin-explicit-read-actions.json Network events 2031; exact selector {""locator"": "".ant-pagination a, .ant-pagination button"", ""accessible_name"": ""•••""}",,
admin,System,Staff Configuration,/system/staff,pagination,2,POST,/admin/user/list,,,"page,page_size","accept,accept-language,client-id,client-version,content-type,d,lang,referer,sec-ch-ua,sec-ch-ua-mobile,sec-ch-ua-platform,t,user-agent,x-device-id",Body: current page form/filter and UI defaults; Header: authenticated browser session/runtime,200,True,"object; keys=d,t",FAT admin authenticated browser session; exact role/permission mapping pending,No mutation observed; registered low-risk interaction,Page reloaded and Network reached quiet state before action,Action response captured; no business mutation observed,,,,UNDOCUMENTED_ACTIVE,YES,"fat-admin-explicit-read-actions.json Network events 1865; exact selector {""locator"": "".ant-pagination a, .ant-pagination button"", ""accessible_name"": ""2""}",,
admin,System,Staff Configuration,/system/staff,pagination,3,POST,/admin/user/list,,,"page,page_size","accept,accept-language,client-id,client-version,content-type,d,lang,referer,sec-ch-ua,sec-ch-ua-mobile,sec-ch-ua-platform,t,user-agent,x-device-id",Body: current page form/filter and UI defaults; Header: authenticated browser session/runtime,200,True,"object; keys=d,t",FAT admin authenticated browser session; exact role/permission mapping pending,No mutation observed; registered low-risk interaction,Page reloaded and Network reached quiet state before action,Action response captured; no business mutation observed,,,,UNDOCUMENTED_ACTIVE,YES,"fat-admin-explicit-read-actions.json Network events 1884; exact selector {""locator"": "".ant-pagination a, .ant-pagination button"", ""accessible_name"": ""3""}",,
admin,System,Staff Configuration,/system/staff,pagination,4,POST,/admin/user/list,,,"page,page_size","accept,accept-language,client-id,client-version,content-type,d,lang,referer,sec-ch-ua,sec-ch-ua-mobile,sec-ch-ua-platform,t,user-agent,x-device-id",Body: current page form/filter and UI defaults; Header: authenticated browser session/runtime,200,True,"object; keys=d,t",FAT admin authenticated browser session; exact role/permission mapping pending,No mutation observed; registered low-risk interaction,Page reloaded and Network reached quiet state before action,Action response captured; no business mutation observed,,,,UNDOCUMENTED_ACTIVE,YES,"fat-admin-explicit-read-actions.json Network events 1903; exact selector {""locator"": "".ant-pagination a, .ant-pagination button"", ""accessible_name"": ""4""}",,
admin,System,Staff Configuration,/system/staff,pagination,5,POST,/admin/user/list,,,"page,page_size","accept,accept-language,client-id,client-version,content-type,d,lang,referer,sec-ch-ua,sec-ch-ua-mobile,sec-ch-ua-platform,t,user-agent,x-device-id",Body: current page form/filter and UI defaults; Header: authenticated browser session/runtime,200,True,"object; keys=d,t",FAT admin authenticated browser session; exact role/permission mapping pending,No mutation observed; registered low-risk interaction,Page reloaded and Network reached quiet state before action,Action response captured; no business mutation observed,,,,UNDOCUMENTED_ACTIVE,YES,"fat-admin-explicit-read-actions.json Network events 1922; exact selector {""locator"": "".ant-pagination a, .ant-pagination button"", ""accessible_name"": ""5""}",,
admin,System,Staff Configuration,/system/staff,pagination,6,POST,/admin/user/list,,,"page,page_size","accept,accept-language,client-id,client-version,content-type,d,lang,referer,sec-ch-ua,sec-ch-ua-mobile,sec-ch-ua-platform,t,user-agent,x-device-id",Body: current page form/filter and UI defaults; Header: authenticated browser session/runtime,200,True,"object; keys=d,t",FAT admin authenticated browser session; exact role/permission mapping pending,No mutation observed; registered low-risk interaction,Page reloaded and Network reached quiet state before action,Action response captured; no business mutation observed,,,,UNDOCUMENTED_ACTIVE,YES,"fat-admin-explicit-read-actions.json Network events 1941; exact selector {""locator"": "".ant-pagination a, .ant-pagination button"", ""accessible_name"": ""6""}",,
admin,Agent Management,Agency statistical report,/agency-management/agency-statistical,filter_submit,Apply registered filters via Query,GET,/admin/reports/agency,"end_time,field,page,page_size,sort,start_time,user_name",,,"accept,accept-language,client-id,client-version,d,lang,referer,sec-ch-ua,sec-ch-ua-mobile,sec-ch-ua-platform,t,user-agent,x-device-id",Query: current page filter/pagination; Header: authenticated browser session/runtime,200,True,"object; keys=a,d,t",FAT admin authenticated browser session; exact role/permission mapping pending,No mutation observed; registered low-risk interaction,Page reloaded and Network reached quiet state before action,Action response captured; no business mutation observed,admin/report,代理统计报表,后台/代理管理/代理统计报表.bru,ACTIVE,YES,fat-admin-explicit-read-actions.json Network events 147; exact selector registered Query/Search selector from explicit action inventory,,
admin,Agent Management,Agency statistical report,/agency-management/agency-statistical,input,End Date,,,,,,,No request captured,,,unverified,FAT admin authenticated browser session; exact role/permission mapping pending,No mutation observed,Page loaded,No request captured,,,,DOCUMENTED_UNVERIFIED,CONTROL_PRESENT_NO_REQUEST,"fat-admin-explicit-read-actions.json execution status=INTERACTED; exact selector {""locator"": ""input, textarea"", ""placeholder_or_name"": ""End Date""}",,Click produced no XHR/fetch; navigation/DOM effect requires follow-up
admin,Agent Management,Agency statistical report,/agency-management/agency-statistical,input,Page Size,,,,,,,No request captured,,,unverified,FAT admin authenticated browser session; exact role/permission mapping pending,No mutation observed,Page loaded,No request captured,,,,DOCUMENTED_UNVERIFIED,CONTROL_PRESENT_NO_REQUEST,"fat-admin-explicit-read-actions.json execution status=SKIPPED_NOT_ACTIONABLE; exact selector {""locator"": ""input, textarea"", ""placeholder_or_name"": ""Page Size""}",,Control was not actionable in the fresh page state
admin,Agent Management,Agency statistical report,/agency-management/agency-statistical,select,Page Size,,,,,,,No request captured,,,unverified,FAT admin authenticated browser session; exact role/permission mapping pending,No mutation observed,Page loaded,No request captured,,,,DOCUMENTED_UNVERIFIED,CONTROL_PRESENT_NO_REQUEST,"fat-admin-explicit-read-actions.json execution status=SKIPPED_NOT_ACTIONABLE; exact selector {""locator"": "".ant-layout-content .ant-select"", ""visible_text"": ""Page Size""}",,Control was not actionable in the fresh page state
admin,Agent Management,Agency statistical report,/agency-management/agency-statistical,input,Please enter the agent account,,,,,,,No request captured,,,unverified,FAT admin authenticated browser session; exact role/permission mapping pending,No mutation observed,Page loaded,No request captured,,,,DOCUMENTED_UNVERIFIED,CONTROL_PRESENT_NO_REQUEST,"fat-admin-explicit-read-actions.json execution status=INTERACTED; exact selector {""locator"": ""input, textarea"", ""placeholder_or_name"": ""Please enter the agent account""}",,Click produced no XHR/fetch; navigation/DOM effect requires follow-up
admin,Agent Management,Agency statistical report,/agency-management/agency-statistical,input,Start Date,,,,,,,No request captured,,,unverified,FAT admin authenticated browser session; exact role/permission mapping pending,No mutation observed,Page loaded,No request captured,,,,DOCUMENTED_UNVERIFIED,CONTROL_PRESENT_NO_REQUEST,"fat-admin-explicit-read-actions.json execution status=INTERACTED; exact selector {""locator"": ""input, textarea"", ""placeholder_or_name"": ""Start Date""}",,Click produced no XHR/fetch; navigation/DOM effect requires follow-up
admin,Game,Betting Record,/game/bet-orders,filter_submit,Apply registered filters via Query,POST,/admin/record/game,,,,"accept,accept-language,client-id,client-version,content-type,d,lang,referer,sec-ch-ua,sec-ch-ua-mobile,sec-ch-ua-platform,t,user-agent,x-device-id",Header: authenticated browser session/runtime,200,True,"object; keys=a,d,fd,s,t",FAT admin authenticated browser session; exact role/permission mapping pending,No mutation observed; registered low-risk interaction,Page reloaded and Network reached quiet state before action,Action response captured; no business mutation observed,,,,UNDOCUMENTED_ACTIVE,YES,fat-admin-explicit-read-actions.json Network events 843; exact selector registered Query/Search selector from explicit action inventory,,
admin,Game,Betting Record,/game/bet-orders,input,End Date,,,,,,,No request captured,,,unverified,FAT admin authenticated browser session; exact role/permission mapping pending,No mutation observed,Page loaded,No request captured,,,,DOCUMENTED_UNVERIFIED,CONTROL_PRESENT_NO_REQUEST,"fat-admin-explicit-read-actions.json execution status=INTERACTED; exact selector {""locator"": ""input, textarea"", ""placeholder_or_name"": ""End Date""}",,Click produced no XHR/fetch; navigation/DOM effect requires follow-up
admin,Game,Betting Record,/game/bet-orders,input,Please enter,,,,,,,No request captured,,,unverified,FAT admin authenticated browser session; exact role/permission mapping pending,No mutation observed,Page loaded,No request captured,,,,DOCUMENTED_UNVERIFIED,CONTROL_PRESENT_NO_REQUEST,"fat-admin-explicit-read-actions.json execution status=INTERACTED; exact selector {""locator"": ""input, textarea"", ""placeholder_or_name"": ""Please enter""}",,Click produced no XHR/fetch; navigation/DOM effect requires follow-up
admin,Game,Betting Record,/game/bet-orders,select,Please select,,,,,,,No request captured,,,unverified,FAT admin authenticated browser session; exact role/permission mapping pending,No mutation observed,Page loaded,No request captured,,,,DOCUMENTED_UNVERIFIED,CONTROL_PRESENT_NO_REQUEST,"fat-admin-explicit-read-actions.json execution status=INTERACTED; exact selector {""locator"": "".ant-layout-content .ant-select"", ""visible_text"": ""Please select""}",,Click produced no XHR/fetch; navigation/DOM effect requires follow-up
admin,Game,Betting Record,/game/bet-orders,select,Select,,,,,,,No request captured,,,unverified,FAT admin authenticated browser session; exact role/permission mapping pending,No mutation observed,Page loaded,No request captured,,,,DOCUMENTED_UNVERIFIED,CONTROL_PRESENT_NO_REQUEST,"fat-admin-explicit-read-actions.json execution status=INTERACTED; exact selector {""locator"": "".ant-layout-content .ant-select"", ""visible_text"": ""Select""}",,Click produced no XHR/fetch; navigation/DOM effect requires follow-up
admin,Game,Betting Record,/game/bet-orders,input,Start Date,,,,,,,No request captured,,,unverified,FAT admin authenticated browser session; exact role/permission mapping pending,No mutation observed,Page loaded,No request captured,,,,DOCUMENTED_UNVERIFIED,CONTROL_PRESENT_NO_REQUEST,"fat-admin-explicit-read-actions.json execution status=INTERACTED; exact selector {""locator"": ""input, textarea"", ""placeholder_or_name"": ""Start Date""}",,Click produced no XHR/fetch; navigation/DOM effect requires follow-up
admin,Game,FS 派发管理,/gamev2/freespin-grants,select,All,,,,,,,No request captured,,,unverified,FAT admin authenticated browser session; exact role/permission mapping pending,No mutation observed,Page loaded,No request captured,,,,DOCUMENTED_UNVERIFIED,CONTROL_PRESENT_NO_REQUEST,"fat-admin-explicit-read-actions.json execution status=INTERACTED; exact selector {""locator"": "".ant-layout-content .ant-select"", ""visible_text"": ""All""}",,Click produced no XHR/fetch; navigation/DOM effect requires follow-up
admin,Game,FS 派发管理,/gamev2/freespin-grants,input,End Time,,,,,,,No request captured,,,unverified,FAT admin authenticated browser session; exact role/permission mapping pending,No mutation observed,Page loaded,No request captured,,,,DOCUMENTED_UNVERIFIED,CONTROL_PRESENT_NO_REQUEST,"fat-admin-explicit-read-actions.json execution status=INTERACTED; exact selector {""locator"": ""input, textarea"", ""placeholder_or_name"": ""End Time""}",,Click produced no XHR/fetch; navigation/DOM effect requires follow-up
admin,Game,FS 派发管理,/gamev2/freespin-grants,input,Enter batch ID,,,,,,,No request captured,,,unverified,FAT admin authenticated browser session; exact role/permission mapping pending,No mutation observed,Page loaded,No request captured,,,,DOCUMENTED_UNVERIFIED,CONTROL_PRESENT_NO_REQUEST,"fat-admin-explicit-read-actions.json execution status=INTERACTED; exact selector {""locator"": ""input, textarea"", ""placeholder_or_name"": ""Enter batch ID""}",,Click produced no XHR/fetch; navigation/DOM effect requires follow-up
admin,Game,FS 派发管理,/gamev2/freespin-grants,select,Enter or select activity,,,,,,,No request captured,,,unverified,FAT admin authenticated browser session; exact role/permission mapping pending,No mutation observed,Page loaded,No request captured,,,,DOCUMENTED_UNVERIFIED,CONTROL_PRESENT_NO_REQUEST,"fat-admin-explicit-read-actions.json execution status=INTERACTED; exact selector {""locator"": "".ant-layout-content .ant-select"", ""visible_text"": ""Enter or select activity""}",,Click produced no XHR/fetch; navigation/DOM effect requires follow-up
admin,Game,FS 派发管理,/gamev2/freespin-grants,select,Enter or select vendor,,,,,,,No request captured,,,unverified,FAT admin authenticated browser session; exact role/permission mapping pending,No mutation observed,Page loaded,No request captured,,,,DOCUMENTED_UNVERIFIED,CONTROL_PRESENT_NO_REQUEST,"fat-admin-explicit-read-actions.json execution status=INTERACTED; exact selector {""locator"": "".ant-layout-content .ant-select"", ""visible_text"": ""Enter or select vendor""}",,Click produced no XHR/fetch; navigation/DOM effect requires follow-up
admin,Game,FS 派发管理,/gamev2/freespin-grants,input,Enter phone number,,,,,,,No request captured,,,unverified,FAT admin authenticated browser session; exact role/permission mapping pending,No mutation observed,Page loaded,No request captured,,,,DOCUMENTED_UNVERIFIED,CONTROL_PRESENT_NO_REQUEST,"fat-admin-explicit-read-actions.json execution status=INTERACTED; exact selector {""locator"": ""input, textarea"", ""placeholder_or_name"": ""Enter phone number""}",,Click produced no XHR/fetch; navigation/DOM effect requires follow-up
admin,Game,FS 派发管理,/gamev2/freespin-grants,input,Enter username,,,,,,,No request captured,,,unverified,FAT admin authenticated browser session; exact role/permission mapping pending,No mutation observed,Page loaded,No request captured,,,,DOCUMENTED_UNVERIFIED,CONTROL_PRESENT_NO_REQUEST,"fat-admin-explicit-read-actions.json execution status=INTERACTED; exact selector {""locator"": ""input, textarea"", ""placeholder_or_name"": ""Enter username""}",,Click produced no XHR/fetch; navigation/DOM effect requires follow-up
admin,Game,FS 派发管理,/gamev2/freespin-grants,input,Page Size,,,,,,,No request captured,,,unverified,FAT admin authenticated browser session; exact role/permission mapping pending,No mutation observed,Page loaded,No request captured,,,,DOCUMENTED_UNVERIFIED,CONTROL_PRESENT_NO_REQUEST,"fat-admin-explicit-read-actions.json execution status=SKIPPED_NOT_ACTIONABLE; exact selector {""locator"": ""input, textarea"", ""placeholder_or_name"": ""Page Size""}",,Control was not actionable in the fresh page state
admin,Game,FS 派发管理,/gamev2/freespin-grants,select,Page Size,,,,,,,No request captured,,,unverified,FAT admin authenticated browser session; exact role/permission mapping pending,No mutation observed,Page loaded,No request captured,,,,DOCUMENTED_UNVERIFIED,CONTROL_PRESENT_NO_REQUEST,"fat-admin-explicit-read-actions.json execution status=SKIPPED_NOT_ACTIONABLE; exact selector {""locator"": "".ant-layout-content .ant-select"", ""visible_text"": ""Page Size""}",,Control was not actionable in the fresh page state
admin,Game,FS 派发管理,/gamev2/freespin-grants,input,Start Time,,,,,,,No request captured,,,unverified,FAT admin authenticated browser session; exact role/permission mapping pending,No mutation observed,Page loaded,No request captured,,,,DOCUMENTED_UNVERIFIED,CONTROL_PRESENT_NO_REQUEST,"fat-admin-explicit-read-actions.json execution status=INTERACTED; exact selector {""locator"": ""input, textarea"", ""placeholder_or_name"": ""Start Time""}",,Click produced no XHR/fetch; navigation/DOM effect requires follow-up
admin,Game,FS 派发管理,/gamev2/freespin-grants,input,VE...,,,,,,,No request captured,,,unverified,FAT admin authenticated browser session; exact role/permission mapping pending,No mutation observed,Page loaded,No request captured,,,,DOCUMENTED_UNVERIFIED,CONTROL_PRESENT_NO_REQUEST,"fat-admin-explicit-read-actions.json execution status=INTERACTED; exact selector {""locator"": ""input, textarea"", ""placeholder_or_name"": ""VE...""}",,Click produced no XHR/fetch; navigation/DOM effect requires follow-up
admin,Game,FS 批量派发纪录,/gamev2/freespin-import-logs,input,End Time,,,,,,,No request captured,,,unverified,FAT admin authenticated browser session; exact role/permission mapping pending,No mutation observed,Page loaded,No request captured,,,,DOCUMENTED_UNVERIFIED,CONTROL_PRESENT_NO_REQUEST,"fat-admin-explicit-read-actions.json execution status=INTERACTED; exact selector {""locator"": ""input, textarea"", ""placeholder_or_name"": ""End Time""}",,Click produced no XHR/fetch; navigation/DOM effect requires follow-up
admin,Game,FS 批量派发纪录,/gamev2/freespin-import-logs,input,Enter distributor,,,,,,,No request captured,,,unverified,FAT admin authenticated browser session; exact role/permission mapping pending,No mutation observed,Page loaded,No request captured,,,,DOCUMENTED_UNVERIFIED,CONTROL_PRESENT_NO_REQUEST,"fat-admin-explicit-read-actions.json execution status=INTERACTED; exact selector {""locator"": ""input, textarea"", ""placeholder_or_name"": ""Enter distributor""}",,Click produced no XHR/fetch; navigation/DOM effect requires follow-up
admin,Game,FS 批量派发纪录,/gamev2/freespin-import-logs,input,Start Time,,,,,,,No request captured,,,unverified,FAT admin authenticated browser session; exact role/permission mapping pending,No mutation observed,Page loaded,No request captured,,,,DOCUMENTED_UNVERIFIED,CONTROL_PRESENT_NO_REQUEST,"fat-admin-explicit-read-actions.json execution status=INTERACTED; exact selector {""locator"": ""input, textarea"", ""placeholder_or_name"": ""Start Time""}",,Click produced no XHR/fetch; navigation/DOM effect requires follow-up
admin,Game,Game List Management,/gamev2/game-management,input,"""ID can only be searched exactly, supports batch query, separated by commas, 1–5000 characters in length""",,,,,,,No request captured,,,unverified,FAT admin authenticated browser session; exact role/permission mapping pending,No mutation observed,Page loaded,No request captured,,,,DOCUMENTED_UNVERIFIED,CONTROL_PRESENT_NO_REQUEST,"fat-admin-explicit-read-actions.json execution status=INTERACTED; exact selector {""locator"": ""input, textarea"", ""placeholder_or_name"": ""\""ID can only be searched exactly, supports batch query, separated by commas, 1–5000 characters in length\""""}",,Click produced no XHR/fetch; navigation/DOM effect requires follow-up
admin,Game,Game List Management,/gamev2/game-management,input,"""Name supports fuzzy search (within 100 characters)""",,,,,,,No request captured,,,unverified,FAT admin authenticated browser session; exact role/permission mapping pending,No mutation observed,Page loaded,No request captured,,,,DOCUMENTED_UNVERIFIED,CONTROL_PRESENT_NO_REQUEST,"fat-admin-explicit-read-actions.json execution status=INTERACTED; exact selector {""locator"": ""input, textarea"", ""placeholder_or_name"": ""\""Name supports fuzzy search (within 100 characters)\""""}",,Click produced no XHR/fetch; navigation/DOM effect requires follow-up
admin,Game,Game List Management,/gamev2/game-management,filter_submit,Apply registered filters via Query,POST,/admin/game/search,,,,"accept,accept-language,client-id,client-version,content-type,d,lang,referer,sec-ch-ua,sec-ch-ua-mobile,sec-ch-ua-platform,t,user-agent,x-device-id",Header: authenticated browser session/runtime,200,False,string,FAT admin authenticated browser session; exact role/permission mapping pending,No mutation observed; registered low-risk interaction,Page reloaded and Network reached quiet state before action,Action response captured; no business mutation observed,admin/game,+游戏列表查询-owen-aliang,后台/game管理/游戏管理/+游戏列表查询-owen-aliang.bru,ACTIVE_FAILED,YES,fat-admin-explicit-read-actions.json Network events 902; exact selector registered Query/Search selector from explicit action inventory,HTTP 200; business_status=False,Dependent interactions require separate verification
admin,Game,Game List Management,/gamev2/game-management,input,End Date,,,,,,,No request captured,,,unverified,FAT admin authenticated browser session; exact role/permission mapping pending,No mutation observed,Page loaded,No request captured,,,,DOCUMENTED_UNVERIFIED,CONTROL_PRESENT_NO_REQUEST,"fat-admin-explicit-read-actions.json execution status=INTERACTED; exact selector {""locator"": ""input, textarea"", ""placeholder_or_name"": ""End Date""}",,Click produced no XHR/fetch; navigation/DOM effect requires follow-up
admin,Game,Game List Management,/gamev2/game-management,input,Page,,,,,,,No request captured,,,unverified,FAT admin authenticated browser session; exact role/permission mapping pending,No mutation observed,Page loaded,No request captured,,,,DOCUMENTED_UNVERIFIED,CONTROL_PRESENT_NO_REQUEST,"fat-admin-explicit-read-actions.json execution status=SKIPPED_NOT_ACTIONABLE; exact selector {""locator"": ""input, textarea"", ""placeholder_or_name"": ""Page""}",,Control was not actionable in the fresh page state
admin,Game,Game List Management,/gamev2/game-management,input,Page Size,,,,,,,No request captured,,,unverified,FAT admin authenticated browser session; exact role/permission mapping pending,No mutation observed,Page loaded,No request captured,,,,DOCUMENTED_UNVERIFIED,CONTROL_PRESENT_NO_REQUEST,"fat-admin-explicit-read-actions.json execution status=SKIPPED_NOT_ACTIONABLE; exact selector {""locator"": ""input, textarea"", ""placeholder_or_name"": ""Page Size""}",,Control was not actionable in the fresh page state
admin,Game,Game List Management,/gamev2/game-management,select,Page Size,,,,,,,No request captured,,,unverified,FAT admin authenticated browser session; exact role/permission mapping pending,No mutation observed,Page loaded,No request captured,,,,DOCUMENTED_UNVERIFIED,CONTROL_PRESENT_NO_REQUEST,"fat-admin-explicit-read-actions.json execution status=SKIPPED_NOT_ACTIONABLE; exact selector {""locator"": "".ant-layout-content .ant-select"", ""visible_text"": ""Page Size""}",,Control was not actionable in the fresh page state
admin,Game,Game List Management,/gamev2/game-management,select,Please select,,,,,,,No request captured,,,unverified,FAT admin authenticated browser session; exact role/permission mapping pending,No mutation observed,Page loaded,No request captured,,,,DOCUMENTED_UNVERIFIED,CONTROL_PRESENT_NO_REQUEST,"fat-admin-explicit-read-actions.json execution status=INTERACTED; exact selector {""locator"": "".ant-layout-content .ant-select"", ""visible_text"": ""Please select""}",,Click produced no XHR/fetch; navigation/DOM effect requires follow-up
admin,Game,Game List Management,/gamev2/game-management,input,Select all,,,,,,,No request captured,,,unverified,FAT admin authenticated browser session; exact role/permission mapping pending,No mutation observed,Page loaded,No request captured,,,,DOCUMENTED_UNVERIFIED,CONTROL_PRESENT_NO_REQUEST,"fat-admin-explicit-read-actions.json execution status=SKIPPED_NOT_ACTIONABLE; exact selector {""locator"": ""input, textarea"", ""placeholder_or_name"": ""Select all""}",,Control was not actionable in the fresh page state
admin,Game,Game List Management,/gamev2/game-management,input,Start Date,,,,,,,No request captured,,,unverified,FAT admin authenticated browser session; exact role/permission mapping pending,No mutation observed,Page loaded,No request captured,,,,DOCUMENTED_UNVERIFIED,CONTROL_PRESENT_NO_REQUEST,"fat-admin-explicit-read-actions.json execution status=INTERACTED; exact selector {""locator"": ""input, textarea"", ""placeholder_or_name"": ""Start Date""}",,Click produced no XHR/fetch; navigation/DOM effect requires follow-up
admin,Game,Game List Management,/gamev2/game-management,input,checkbox,,,,,,,No request captured,,,unverified,FAT admin authenticated browser session; exact role/permission mapping pending,No mutation observed,Page loaded,No request captured,,,,DOCUMENTED_UNVERIFIED,CONTROL_PRESENT_NO_REQUEST,"fat-admin-explicit-read-actions.json execution status=SKIPPED_NOT_ACTIONABLE; exact selector {""locator"": ""input, textarea"", ""placeholder_or_name"": ""checkbox""}",,Control was not actionable in the fresh page state
admin,Game,Provider Management,/gamev2/manufacturer-management,filter_submit,Apply registered filters via Query,POST,/admin/platform/search,,,,"accept,accept-language,client-id,client-version,content-type,d,lang,referer,sec-ch-ua,sec-ch-ua-mobile,sec-ch-ua-platform,t,user-agent,x-device-id",Header: authenticated browser session/runtime,200,True,"object; keys=list,page,page_size,s,t",FAT admin authenticated browser session; exact role/permission mapping pending,No mutation observed; registered low-risk interaction,Page reloaded and Network reached quiet state before action,Action response captured; no business mutation observed,admin/game,+查询厂商列表-owen,后台/game管理/厂商管理/+查询厂商列表-owen.bru,ACTIVE,YES,fat-admin-explicit-read-actions.json Network events 880; exact selector registered Query/Search selector from explicit action inventory,,
admin,Game,Provider Management,/gamev2/manufacturer-management,input,End Date,,,,,,,No request captured,,,unverified,FAT admin authenticated browser session; exact role/permission mapping pending,No mutation observed,Page loaded,No request captured,,,,DOCUMENTED_UNVERIFIED,CONTROL_PRESENT_NO_REQUEST,"fat-admin-explicit-read-actions.json execution status=INTERACTED; exact selector {""locator"": ""input, textarea"", ""placeholder_or_name"": ""End Date""}",,Click produced no XHR/fetch; navigation/DOM effect requires follow-up
admin,Game,Provider Management,/gamev2/manufacturer-management,input,Name supports fuzzy search (within 100 characters),,,,,,,No request captured,,,unverified,FAT admin authenticated browser session; exact role/permission mapping pending,No mutation observed,Page loaded,No request captured,,,,DOCUMENTED_UNVERIFIED,CONTROL_PRESENT_NO_REQUEST,"fat-admin-explicit-read-actions.json execution status=SKIPPED_NOT_ACTIONABLE; exact selector {""locator"": ""input, textarea"", ""placeholder_or_name"": ""Name supports fuzzy search (within 100 characters)""}",,Control was not actionable in the fresh page state
admin,Game,Provider Management,/gamev2/manufacturer-management,input,Page,,,,,,,No request captured,,,unverified,FAT admin authenticated browser session; exact role/permission mapping pending,No mutation observed,Page loaded,No request captured,,,,DOCUMENTED_UNVERIFIED,CONTROL_PRESENT_NO_REQUEST,"fat-admin-explicit-read-actions.json execution status=SKIPPED_NOT_ACTIONABLE; exact selector {""locator"": ""input, textarea"", ""placeholder_or_name"": ""Page""}",,Control was not actionable in the fresh page state
admin,Game,Provider Management,/gamev2/manufacturer-management,input,Page Size,,,,,,,No request captured,,,unverified,FAT admin authenticated browser session; exact role/permission mapping pending,No mutation observed,Page loaded,No request captured,,,,DOCUMENTED_UNVERIFIED,CONTROL_PRESENT_NO_REQUEST,"fat-admin-explicit-read-actions.json execution status=SKIPPED_NOT_ACTIONABLE; exact selector {""locator"": ""input, textarea"", ""placeholder_or_name"": ""Page Size""}",,Control was not actionable in the fresh page state
admin,Game,Provider Management,/gamev2/manufacturer-management,select,Page Size,,,,,,,No request captured,,,unverified,FAT admin authenticated browser session; exact role/permission mapping pending,No mutation observed,Page loaded,No request captured,,,,DOCUMENTED_UNVERIFIED,CONTROL_PRESENT_NO_REQUEST,"fat-admin-explicit-read-actions.json execution status=SKIPPED_NOT_ACTIONABLE; exact selector {""locator"": "".ant-layout-content .ant-select"", ""visible_text"": ""Page Size""}",,Control was not actionable in the fresh page state
admin,Game,Provider Management,/gamev2/manufacturer-management,select,Please select,,,,,,,No request captured,,,unverified,FAT admin authenticated browser session; exact role/permission mapping pending,No mutation observed,Page loaded,No request captured,,,,DOCUMENTED_UNVERIFIED,CONTROL_PRESENT_NO_REQUEST,"fat-admin-explicit-read-actions.json execution status=INTERACTED; exact selector {""locator"": "".ant-layout-content .ant-select"", ""visible_text"": ""Please select""}",,Click produced no XHR/fetch; navigation/DOM effect requires follow-up
admin,Game,Provider Management,/gamev2/manufacturer-management,input,Start Date,,,,,,,No request captured,,,unverified,FAT admin authenticated browser session; exact role/permission mapping pending,No mutation observed,Page loaded,No request captured,,,,DOCUMENTED_UNVERIFIED,CONTROL_PRESENT_NO_REQUEST,"fat-admin-explicit-read-actions.json execution status=INTERACTED; exact selector {""locator"": ""input, textarea"", ""placeholder_or_name"": ""Start Date""}",,Click produced no XHR/fetch; navigation/DOM effect requires follow-up
admin,Game,Venue Management,/gamev2/venue-settings,filter_submit,Apply registered filters via Query,POST,/admin/gameclass/list,,,,"accept,accept-language,client-id,client-version,content-type,d,lang,referer,sec-ch-ua,sec-ch-ua-mobile,sec-ch-ua-platform,t,user-agent,x-device-id",Header: authenticated browser session/runtime,200,True,"object; keys=list,page,page_size,s,t",FAT admin authenticated browser session; exact role/permission mapping pending,No mutation observed; registered low-risk interaction,Page reloaded and Network reached quiet state before action,Action response captured; no business mutation observed,admin/game,+查询场馆列表-owen,后台/game管理/场馆管理/+查询场馆列表-owen.bru,ACTIVE,YES,fat-admin-explicit-read-actions.json Network events 861; exact selector registered Query/Search selector from explicit action inventory,,
admin,Game,Venue Management,/gamev2/venue-settings,input,End Date,,,,,,,No request captured,,,unverified,FAT admin authenticated browser session; exact role/permission mapping pending,No mutation observed,Page loaded,No request captured,,,,DOCUMENTED_UNVERIFIED,CONTROL_PRESENT_NO_REQUEST,"fat-admin-explicit-read-actions.json execution status=INTERACTED; exact selector {""locator"": ""input, textarea"", ""placeholder_or_name"": ""End Date""}",,Click produced no XHR/fetch; navigation/DOM effect requires follow-up
admin,Game,Venue Management,/gamev2/venue-settings,input,Name supports fuzzy search (within 100 characters),,,,,,,No request captured,,,unverified,FAT admin authenticated browser session; exact role/permission mapping pending,No mutation observed,Page loaded,No request captured,,,,DOCUMENTED_UNVERIFIED,CONTROL_PRESENT_NO_REQUEST,"fat-admin-explicit-read-actions.json execution status=SKIPPED_NOT_ACTIONABLE; exact selector {""locator"": ""input, textarea"", ""placeholder_or_name"": ""Name supports fuzzy search (within 100 characters)""}",,Control was not actionable in the fresh page state
admin,Game,Venue Management,/gamev2/venue-settings,input,Page Size,,,,,,,No request captured,,,unverified,FAT admin authenticated browser session; exact role/permission mapping pending,No mutation observed,Page loaded,No request captured,,,,DOCUMENTED_UNVERIFIED,CONTROL_PRESENT_NO_REQUEST,"fat-admin-explicit-read-actions.json execution status=SKIPPED_NOT_ACTIONABLE; exact selector {""locator"": ""input, textarea"", ""placeholder_or_name"": ""Page Size""}",,Control was not actionable in the fresh page state
admin,Game,Venue Management,/gamev2/venue-settings,select,Page Size,,,,,,,No request captured,,,unverified,FAT admin authenticated browser session; exact role/permission mapping pending,No mutation observed,Page loaded,No request captured,,,,DOCUMENTED_UNVERIFIED,CONTROL_PRESENT_NO_REQUEST,"fat-admin-explicit-read-actions.json execution status=SKIPPED_NOT_ACTIONABLE; exact selector {""locator"": "".ant-layout-content .ant-select"", ""visible_text"": ""Page Size""}",,Control was not actionable in the fresh page state
admin,Game,Venue Management,/gamev2/venue-settings,input,Start Date,,,,,,,No request captured,,,unverified,FAT admin authenticated browser session; exact role/permission mapping pending,No mutation observed,Page loaded,No request captured,,,,DOCUMENTED_UNVERIFIED,CONTROL_PRESENT_NO_REQUEST,"fat-admin-explicit-read-actions.json execution status=INTERACTED; exact selector {""locator"": ""input, textarea"", ""placeholder_or_name"": ""Start Date""}",,Click produced no XHR/fetch; navigation/DOM effect requires follow-up
admin,Home,Home,/home,filter_submit,Apply registered filters via Search,GET,/admin/reports/bi/basic,report_type,,,"accept,accept-language,client-id,client-version,d,lang,referer,sec-ch-ua,sec-ch-ua-mobile,sec-ch-ua-platform,t,user-agent,x-device-id",Query: current page filter/pagination; Header: authenticated browser session/runtime,200,True,"object; keys=arppu,arpu,balance,bets_deposit,bets_people,deposit_amount,deposit_people,dw_diff,ebingo_ggr,first_deposit,first_deposit_amount,game_ggr,ggr,injection_rate,login_count,new_deposit,new_deposit_amount,refill_deposit,refill_deposit_amount,reg_count,report_type,sports_ggr,valid_bet_amount,withdraw_amount,withdraw_people,ws_ggr",FAT admin authenticated browser session; exact role/permission mapping pending,No mutation observed; registered low-risk interaction,Page reloaded and Network reached quiet state before action,Action response captured; no business mutation observed,admin/report,首页BI,后台/报表/首页BI.bru,ACTIVE,YES,fat-admin-explicit-read-actions.json Network events 23; exact selector registered Query/Search selector from explicit action inventory,,
admin,Home,Home,/home,input,Year/Month/Day,,,,,,,No request captured,,,unverified,FAT admin authenticated browser session; exact role/permission mapping pending,No mutation observed,Page loaded,No request captured,,,,DOCUMENTED_UNVERIFIED,CONTROL_PRESENT_NO_REQUEST,"fat-admin-explicit-read-actions.json execution status=SKIPPED_NOT_FILTER_CONTEXT; exact selector {""locator"": ""input, textarea"", ""placeholder_or_name"": ""Year/Month/Day""}",,Control was not actionable in the fresh page state
admin,KYC,KYC,/kyc,input,End Date,,,,,,,No request captured,,,unverified,FAT admin authenticated browser session; exact role/permission mapping pending,No mutation observed,Page loaded,No request captured,,,,DOCUMENTED_UNVERIFIED,CONTROL_PRESENT_NO_REQUEST,"fat-admin-explicit-read-actions.json execution status=INTERACTED; exact selector {""locator"": ""input, textarea"", ""placeholder_or_name"": ""End Date""}",,Click produced no XHR/fetch; navigation/DOM effect requires follow-up
admin,KYC,KYC,/kyc,input,Please Enter First Name,,,,,,,No request captured,,,unverified,FAT admin authenticated browser session; exact role/permission mapping pending,No mutation observed,Page loaded,No request captured,,,,DOCUMENTED_UNVERIFIED,CONTROL_PRESENT_NO_REQUEST,"fat-admin-explicit-read-actions.json execution status=INTERACTED; exact selector {""locator"": ""input, textarea"", ""placeholder_or_name"": ""Please Enter First Name""}",,Click produced no XHR/fetch; navigation/DOM effect requires follow-up
admin,KYC,KYC,/kyc,input,Please Enter Last Name,,,,,,,No request captured,,,unverified,FAT admin authenticated browser session; exact role/permission mapping pending,No mutation observed,Page loaded,No request captured,,,,DOCUMENTED_UNVERIFIED,CONTROL_PRESENT_NO_REQUEST,"fat-admin-explicit-read-actions.json execution status=INTERACTED; exact selector {""locator"": ""input, textarea"", ""placeholder_or_name"": ""Please Enter Last Name""}",,Click produced no XHR/fetch; navigation/DOM effect requires follow-up
admin,KYC,KYC,/kyc,input,Please Enter Middle Name,,,,,,,No request captured,,,unverified,FAT admin authenticated browser session; exact role/permission mapping pending,No mutation observed,Page loaded,No request captured,,,,DOCUMENTED_UNVERIFIED,CONTROL_PRESENT_NO_REQUEST,"fat-admin-explicit-read-actions.json execution status=INTERACTED; exact selector {""locator"": ""input, textarea"", ""placeholder_or_name"": ""Please Enter Middle Name""}",,Click produced no XHR/fetch; navigation/DOM effect requires follow-up
admin,KYC,KYC,/kyc,input,Please Enter Phone Number,,,,,,,No request captured,,,unverified,FAT admin authenticated browser session; exact role/permission mapping pending,No mutation observed,Page loaded,No request captured,,,,DOCUMENTED_UNVERIFIED,CONTROL_PRESENT_NO_REQUEST,"fat-admin-explicit-read-actions.json execution status=INTERACTED; exact selector {""locator"": ""input, textarea"", ""placeholder_or_name"": ""Please Enter Phone Number""}",,Click produced no XHR/fetch; navigation/DOM effect requires follow-up
admin,KYC,KYC,/kyc,input,Please Enter Registration IP,,,,,,,No request captured,,,unverified,FAT admin authenticated browser session; exact role/permission mapping pending,No mutation observed,Page loaded,No request captured,,,,DOCUMENTED_UNVERIFIED,CONTROL_PRESENT_NO_REQUEST,"fat-admin-explicit-read-actions.json execution status=INTERACTED; exact selector {""locator"": ""input, textarea"", ""placeholder_or_name"": ""Please Enter Registration IP""}",,Click produced no XHR/fetch; navigation/DOM effect requires follow-up
admin,KYC,KYC,/kyc,input,Start Date,,,,,,,No request captured,,,unverified,FAT admin authenticated browser session; exact role/permission mapping pending,No mutation observed,Page loaded,No request captured,,,,DOCUMENTED_UNVERIFIED,CONTROL_PRESENT_NO_REQUEST,"fat-admin-explicit-read-actions.json execution status=INTERACTED; exact selector {""locator"": ""input, textarea"", ""placeholder_or_name"": ""Start Date""}",,Click produced no XHR/fetch; navigation/DOM effect requires follow-up
admin,KYC,KYC,/kyc,select,Under Review,,,,,,,No request captured,,,unverified,FAT admin authenticated browser session; exact role/permission mapping pending,No mutation observed,Page loaded,No request captured,,,,DOCUMENTED_UNVERIFIED,CONTROL_PRESENT_NO_REQUEST,"fat-admin-explicit-read-actions.json execution status=INTERACTED; exact selector {""locator"": "".ant-layout-content .ant-select"", ""visible_text"": ""Under Review""}",,Click produced no XHR/fetch; navigation/DOM effect requires follow-up
admin,Logs,Logs,/logs/list,input,End Date,,,,,,,No request captured,,,unverified,FAT admin authenticated browser session; exact role/permission mapping pending,No mutation observed,Page loaded,No request captured,,,,DOCUMENTED_UNVERIFIED,CONTROL_PRESENT_NO_REQUEST,"fat-admin-explicit-read-actions.json execution status=INTERACTED; exact selector {""locator"": ""input, textarea"", ""placeholder_or_name"": ""End Date""}",,Click produced no XHR/fetch; navigation/DOM effect requires follow-up
admin,Logs,Logs,/logs/list,input,Page,,,,,,,No request captured,,,unverified,FAT admin authenticated browser session; exact role/permission mapping pending,No mutation observed,Page loaded,No request captured,,,,DOCUMENTED_UNVERIFIED,CONTROL_PRESENT_NO_REQUEST,"fat-admin-explicit-read-actions.json execution status=SKIPPED_NOT_ACTIONABLE; exact selector {""locator"": ""input, textarea"", ""placeholder_or_name"": ""Page""}",,Control was not actionable in the fresh page state
admin,Logs,Logs,/logs/list,input,Page Size,,,,,,,No request captured,,,unverified,FAT admin authenticated browser session; exact role/permission mapping pending,No mutation observed,Page loaded,No request captured,,,,DOCUMENTED_UNVERIFIED,CONTROL_PRESENT_NO_REQUEST,"fat-admin-explicit-read-actions.json execution status=SKIPPED_NOT_ACTIONABLE; exact selector {""locator"": ""input, textarea"", ""placeholder_or_name"": ""Page Size""}",,Control was not actionable in the fresh page state
admin,Logs,Logs,/logs/list,select,Page Size,,,,,,,No request captured,,,unverified,FAT admin authenticated browser session; exact role/permission mapping pending,No mutation observed,Page loaded,No request captured,,,,DOCUMENTED_UNVERIFIED,CONTROL_PRESENT_NO_REQUEST,"fat-admin-explicit-read-actions.json execution status=SKIPPED_NOT_ACTIONABLE; exact selector {""locator"": "".ant-layout-content .ant-select"", ""visible_text"": ""Page Size""}",,Control was not actionable in the fresh page state
admin,Logs,Logs,/logs/list,select,Please select,,,,,,,No request captured,,,unverified,FAT admin authenticated browser session; exact role/permission mapping pending,No mutation observed,Page loaded,No request captured,,,,DOCUMENTED_UNVERIFIED,CONTROL_PRESENT_NO_REQUEST,"fat-admin-explicit-read-actions.json execution status=INTERACTED; exact selector {""locator"": "".ant-layout-content .ant-select"", ""visible_text"": ""Please select""}",,Click produced no XHR/fetch; navigation/DOM effect requires follow-up
admin,Logs,Logs,/logs/list,input,Start Date,,,,,,,No request captured,,,unverified,FAT admin authenticated browser session; exact role/permission mapping pending,No mutation observed,Page loaded,No request captured,,,,DOCUMENTED_UNVERIFIED,CONTROL_PRESENT_NO_REQUEST,"fat-admin-explicit-read-actions.json execution status=INTERACTED; exact selector {""locator"": ""input, textarea"", ""placeholder_or_name"": ""Start Date""}",,Click produced no XHR/fetch; navigation/DOM effect requires follow-up
admin,Logs,Logs,/logs/list,input,"Supports batch query, 1–5000 characters, separated by commas",,,,,,,No request captured,,,unverified,FAT admin authenticated browser session; exact role/permission mapping pending,No mutation observed,Page loaded,No request captured,,,,DOCUMENTED_UNVERIFIED,CONTROL_PRESENT_NO_REQUEST,"fat-admin-explicit-read-actions.json execution status=INTERACTED; exact selector {""locator"": ""input, textarea"", ""placeholder_or_name"": ""Supports batch query, 1–5000 characters, separated by commas""}",,Click produced no XHR/fetch; navigation/DOM effect requires follow-up
admin,Member Management,Member,/member-center/list,select,All,,,,,,,No request captured,,,unverified,FAT admin authenticated browser session; exact role/permission mapping pending,No mutation observed,Page loaded,No request captured,,,,DOCUMENTED_UNVERIFIED,CONTROL_PRESENT_NO_REQUEST,"fat-admin-explicit-read-actions.json execution status=ERROR; exact selector {""locator"": "".ant-layout-content .ant-select"", ""visible_text"": ""All""}","TimeoutError: locator.click: Timeout 2000ms exceeded.
Call log:
[2m  - waiting for locator('.ant-select-dropdown:visible .ant-select-item-option:not(.ant-select-item-option-disabled)').first()[22m
[2m    - locator resolved to <div title=""Basic"" aria-selected=""true"" data-item=""[object Object]"" class=""ant-select-item ant-select-item-option ant-pro-filed-search-select-option ant-select-item-option-active ant-select-item-option-selected"">…</div>[22m
[2m  - attempting click action[22m
[2m    - waiting for element to be visible, enabled and stable[22m
[2m    - element is visible, enabled and stable[22m
[2m    - scrolling into view if needed[22m
[2m    - done scrolling[22m
[2m    - <input value="""" type=""text"" id=""parent_phone"" placeholder=""Please enter"" class=""ant-input css-jcwvac""/> from <div id=""root"">…</div> subtree intercepts pointer events[22m
[2m  - retrying click action[22m
[2m    - waiting for element to be visible, enabled and stable[22m
[2m    - element is not stable[22m
[2m  - retrying click action[22m
[2m    - waiting 20ms[22m
[2m    2 × waiting for element to be visible, enabled and stable[22m
[2m      - element is not stable[22m
[2m    - retrying click action[22m
[2m      - waiting 100ms[22m
[2m    4 × waiting for element to be visible, enabled and stable[22m
[2m      - element is not visible[22m
[2m    - retrying click action[22m
[2m      - waiting 500ms[22m",Click produced no XHR/fetch; navigation/DOM effect requires follow-up
admin,Member Management,Member,/member-center/list,select,Channel Filter,,,,,,,No request captured,,,unverified,FAT admin authenticated browser session; exact role/permission mapping pending,No mutation observed,Page loaded,No request captured,,,,DOCUMENTED_UNVERIFIED,CONTROL_PRESENT_NO_REQUEST,"fat-admin-explicit-read-actions.json execution status=ERROR; exact selector {""locator"": "".ant-layout-content .ant-select"", ""visible_text"": ""Channel Filter""}","TimeoutError: locator.click: Timeout 2000ms exceeded.
Call log:
[2m  - waiting for locator('.ant-select-dropdown:visible .ant-select-item-option:not(.ant-select-item-option-disabled)').first()[22m
[2m    - locator resolved to <div title=""All"" aria-selected=""true"" data-item=""[object Object]"" class=""ant-select-item ant-select-item-option ant-pro-filed-search-select-option ant-select-item-option-active ant-select-item-option-selected"">…</div>[22m
[2m  - attempting click action[22m
[2m    - waiting for element to be visible, enabled and stable[22m
[2m    - element is visible, enabled and stable[22m
[2m    - scrolling into view if needed[22m
[2m    - done scrolling[22m
[2m    - <div class=""ant-col ant-col-6 ant-pro-query-filter-row-split css-jcwvac css-jcwvac"">…</div> from <div id=""root"">…</div> subtree intercepts pointer events[22m
[2m  - retrying click action[22m
[2m    - waiting for element to be visible, enabled and stable[22m
[2m    - element is not stable[22m
[2m  - retrying click action[22m
[2m    - waiting 20ms[22m
[2m    2 × waiting for element to be visible, enabled and stable[22m
[2m      - element is not stable[22m
[2m    - retrying click action[22m
[2m      - waiting 100ms[22m
[2m    4 × waiting for element to be visible, enabled and stable[22m
[2m      - element is not visible[22m
[2m    - retrying click action[22m
[2m      - waiting 500ms[22m",Click produced no XHR/fetch; navigation/DOM effect requires follow-up
admin,Member Management,Member,/member-center/list,input,End Date,,,,,,,No request captured,,,unverified,FAT admin authenticated browser session; exact role/permission mapping pending,No mutation observed,Page loaded,No request captured,,,,DOCUMENTED_UNVERIFIED,CONTROL_PRESENT_NO_REQUEST,"fat-admin-explicit-read-actions.json execution status=INTERACTED; exact selector {""locator"": ""input, textarea"", ""placeholder_or_name"": ""End Date""}",,Click produced no XHR/fetch; navigation/DOM effect requires follow-up
admin,Member Management,Member,/member-center/list,input,Maximum Value,,,,,,,No request captured,,,unverified,FAT admin authenticated browser session; exact role/permission mapping pending,No mutation observed,Page loaded,No request captured,,,,DOCUMENTED_UNVERIFIED,CONTROL_PRESENT_NO_REQUEST,"fat-admin-explicit-read-actions.json execution status=INTERACTED; exact selector {""locator"": ""input, textarea"", ""placeholder_or_name"": ""Maximum Value""}",,Click produced no XHR/fetch; navigation/DOM effect requires follow-up
admin,Member Management,Member,/member-center/list,input,Minimum Value,,,,,,,No request captured,,,unverified,FAT admin authenticated browser session; exact role/permission mapping pending,No mutation observed,Page loaded,No request captured,,,,DOCUMENTED_UNVERIFIED,CONTROL_PRESENT_NO_REQUEST,"fat-admin-explicit-read-actions.json execution status=INTERACTED; exact selector {""locator"": ""input, textarea"", ""placeholder_or_name"": ""Minimum Value""}",,Click produced no XHR/fetch; navigation/DOM effect requires follow-up
admin,Member Management,Member,/member-center/list,input,Page Size,,,,,,,No request captured,,,unverified,FAT admin authenticated browser session; exact role/permission mapping pending,No mutation observed,Page loaded,No request captured,,,,DOCUMENTED_UNVERIFIED,CONTROL_PRESENT_NO_REQUEST,"fat-admin-explicit-read-actions.json execution status=SKIPPED_NOT_ACTIONABLE; exact selector {""locator"": ""input, textarea"", ""placeholder_or_name"": ""Page Size""}",,Control was not actionable in the fresh page state
admin,Member Management,Member,/member-center/list,select,Page Size,,,,,,,No request captured,,,unverified,FAT admin authenticated browser session; exact role/permission mapping pending,No mutation observed,Page loaded,No request captured,,,,DOCUMENTED_UNVERIFIED,CONTROL_PRESENT_NO_REQUEST,"fat-admin-explicit-read-actions.json execution status=SKIPPED_NOT_ACTIONABLE; exact selector {""locator"": "".ant-layout-content .ant-select"", ""visible_text"": ""Page Size""}",,Control was not actionable in the fresh page state
admin,Member Management,Member,/member-center/list,input,Please enter,,,,,,,No request captured,,,unverified,FAT admin authenticated browser session; exact role/permission mapping pending,No mutation observed,Page loaded,No request captured,,,,DOCUMENTED_UNVERIFIED,CONTROL_PRESENT_NO_REQUEST,"fat-admin-explicit-read-actions.json execution status=INTERACTED; exact selector {""locator"": ""input, textarea"", ""placeholder_or_name"": ""Please enter""}",,Click produced no XHR/fetch; navigation/DOM effect requires follow-up
admin,Member Management,Member,/member-center/list,select,Please select,,,,,,,No request captured,,,unverified,FAT admin authenticated browser session; exact role/permission mapping pending,No mutation observed,Page loaded,No request captured,,,,DOCUMENTED_UNVERIFIED,CONTROL_PRESENT_NO_REQUEST,"fat-admin-explicit-read-actions.json execution status=INTERACTED; exact selector {""locator"": "".ant-layout-content .ant-select"", ""visible_text"": ""Please select""}",,Click produced no XHR/fetch; navigation/DOM effect requires follow-up
admin,Member Management,Member,/member-center/list,input,Start Date,,,,,,,No request captured,,,unverified,FAT admin authenticated browser session; exact role/permission mapping pending,No mutation observed,Page loaded,No request captured,,,,DOCUMENTED_UNVERIFIED,CONTROL_PRESENT_NO_REQUEST,"fat-admin-explicit-read-actions.json execution status=INTERACTED; exact selector {""locator"": ""input, textarea"", ""placeholder_or_name"": ""Start Date""}",,Click produced no XHR/fetch; navigation/DOM effect requires follow-up
admin,Member Management,Inviter Transfer Records,/member-management/inviter-transfer-records,filter_submit,Apply registered filters via Query,GET,/admin/promo/invite/friends/transfer/list,"page,page_size,phone",,,"accept,accept-language,client-id,client-version,d,lang,referer,sec-ch-ua,sec-ch-ua-mobile,sec-ch-ua-platform,t,user-agent,x-device-id",Query: current page filter/pagination; Header: authenticated browser session/runtime,200,True,"object; keys=d,t",FAT admin authenticated browser session; exact role/permission mapping pending,No mutation observed; registered low-risk interaction,Page reloaded and Network reached quiet state before action,Action response captured; no business mutation observed,admin/promo,好友转线列表,后台/运营管理/邀请好友/好友转线列表.bru,ACTIVE,YES,fat-admin-explicit-read-actions.json Network events 129; exact selector registered Query/Search selector from explicit action inventory,,
admin,Member Management,Inviter Transfer Records,/member-management/inviter-transfer-records,input,End time,,,,,,,No request captured,,,unverified,FAT admin authenticated browser session; exact role/permission mapping pending,No mutation observed,Page loaded,No request captured,,,,DOCUMENTED_UNVERIFIED,CONTROL_PRESENT_NO_REQUEST,"fat-admin-explicit-read-actions.json execution status=INTERACTED; exact selector {""locator"": ""input, textarea"", ""placeholder_or_name"": ""End time""}",,Click produced no XHR/fetch; navigation/DOM effect requires follow-up
admin,Member Management,Inviter Transfer Records,/member-management/inviter-transfer-records,input,Enter phone number,,,,,,,No request captured,,,unverified,FAT admin authenticated browser session; exact role/permission mapping pending,No mutation observed,Page loaded,No request captured,,,,DOCUMENTED_UNVERIFIED,CONTROL_PRESENT_NO_REQUEST,"fat-admin-explicit-read-actions.json execution status=INTERACTED; exact selector {""locator"": ""input, textarea"", ""placeholder_or_name"": ""Enter phone number""}",,Click produced no XHR/fetch; navigation/DOM effect requires follow-up
admin,Member Management,Inviter Transfer Records,/member-management/inviter-transfer-records,input,Page Size,,,,,,,No request captured,,,unverified,FAT admin authenticated browser session; exact role/permission mapping pending,No mutation observed,Page loaded,No request captured,,,,DOCUMENTED_UNVERIFIED,CONTROL_PRESENT_NO_REQUEST,"fat-admin-explicit-read-actions.json execution status=SKIPPED_NOT_ACTIONABLE; exact selector {""locator"": ""input, textarea"", ""placeholder_or_name"": ""Page Size""}",,Control was not actionable in the fresh page state
admin,Member Management,Inviter Transfer Records,/member-management/inviter-transfer-records,select,Page Size,,,,,,,No request captured,,,unverified,FAT admin authenticated browser session; exact role/permission mapping pending,No mutation observed,Page loaded,No request captured,,,,DOCUMENTED_UNVERIFIED,CONTROL_PRESENT_NO_REQUEST,"fat-admin-explicit-read-actions.json execution status=SKIPPED_NOT_ACTIONABLE; exact selector {""locator"": "".ant-layout-content .ant-select"", ""visible_text"": ""Page Size""}",,Control was not actionable in the fresh page state
admin,Member Management,Inviter Transfer Records,/member-management/inviter-transfer-records,input,Start time,,,,,,,No request captured,,,unverified,FAT admin authenticated browser session; exact role/permission mapping pending,No mutation observed,Page loaded,No request captured,,,,DOCUMENTED_UNVERIFIED,CONTROL_PRESENT_NO_REQUEST,"fat-admin-explicit-read-actions.json execution status=INTERACTED; exact selector {""locator"": ""input, textarea"", ""placeholder_or_name"": ""Start time""}",,Click produced no XHR/fetch; navigation/DOM effect requires follow-up
admin,Member Management,VIP Check-in Log,/member-management/vip-checkin-log,filter_submit,Apply registered filters via Query,GET,/admin/promo/vip/sign/in/list,"end_time,page,page_size,start_time,username,vip",,,"accept,accept-language,client-id,client-version,d,lang,referer,sec-ch-ua,sec-ch-ua-mobile,sec-ch-ua-platform,t,user-agent,x-device-id",Query: current page filter/pagination; Header: authenticated browser session/runtime,200,True,"object; keys=a,d,t",FAT admin authenticated browser session; exact role/permission mapping pending,No mutation observed; registered low-risk interaction,Page reloaded and Network reached quiet state before action,Action response captured; no business mutation observed,admin/promo,每日签到列表,后台/Vipv2/每日签到列表.bru,ACTIVE,YES,fat-admin-explicit-read-actions.json Network events 111; exact selector registered Query/Search selector from explicit action inventory,,
admin,Member Management,VIP Check-in Log,/member-management/vip-checkin-log,input,Page Size,,,,,,,No request captured,,,unverified,FAT admin authenticated browser session; exact role/permission mapping pending,No mutation observed,Page loaded,No request captured,,,,DOCUMENTED_UNVERIFIED,CONTROL_PRESENT_NO_REQUEST,"fat-admin-explicit-read-actions.json execution status=SKIPPED_NOT_ACTIONABLE; exact selector {""locator"": ""input, textarea"", ""placeholder_or_name"": ""Page Size""}",,Control was not actionable in the fresh page state
admin,Member Management,VIP Check-in Log,/member-management/vip-checkin-log,select,Page Size,,,,,,,No request captured,,,unverified,FAT admin authenticated browser session; exact role/permission mapping pending,No mutation observed,Page loaded,No request captured,,,,DOCUMENTED_UNVERIFIED,CONTROL_PRESENT_NO_REQUEST,"fat-admin-explicit-read-actions.json execution status=SKIPPED_NOT_ACTIONABLE; exact selector {""locator"": "".ant-layout-content .ant-select"", ""visible_text"": ""Page Size""}",,Control was not actionable in the fresh page state
admin,Member Management,VIP Check-in Log,/member-management/vip-checkin-log,input,Please enter,,,,,,,No request captured,,,unverified,FAT admin authenticated browser session; exact role/permission mapping pending,No mutation observed,Page loaded,No request captured,,,,DOCUMENTED_UNVERIFIED,CONTROL_PRESENT_NO_REQUEST,"fat-admin-explicit-read-actions.json execution status=INTERACTED; exact selector {""locator"": ""input, textarea"", ""placeholder_or_name"": ""Please enter""}",,Click produced no XHR/fetch; navigation/DOM effect requires follow-up
admin,Member Management,VIP Check-in Log,/member-management/vip-checkin-log,select,VIP,,,,,,,No request captured,,,unverified,FAT admin authenticated browser session; exact role/permission mapping pending,No mutation observed,Page loaded,No request captured,,,,DOCUMENTED_UNVERIFIED,CONTROL_PRESENT_NO_REQUEST,"fat-admin-explicit-read-actions.json execution status=INTERACTED; exact selector {""locator"": "".ant-layout-content .ant-select"", ""visible_text"": ""VIP""}",,Click produced no XHR/fetch; navigation/DOM effect requires follow-up
admin,Member Management,VIP Rewards,/member-management/vip-rewards,input,End date,,,,,,,No request captured,,,unverified,FAT admin authenticated browser session; exact role/permission mapping pending,No mutation observed,Page loaded,No request captured,,,,DOCUMENTED_UNVERIFIED,CONTROL_PRESENT_NO_REQUEST,"fat-admin-explicit-read-actions.json execution status=INTERACTED; exact selector {""locator"": ""input, textarea"", ""placeholder_or_name"": ""End date""}",,Click produced no XHR/fetch; navigation/DOM effect requires follow-up
admin,Member Management,VIP Rewards,/member-management/vip-rewards,input,Member Account,,,,,,,No request captured,,,unverified,FAT admin authenticated browser session; exact role/permission mapping pending,No mutation observed,Page loaded,No request captured,,,,DOCUMENTED_UNVERIFIED,CONTROL_PRESENT_NO_REQUEST,"fat-admin-explicit-read-actions.json execution status=INTERACTED; exact selector {""locator"": ""input, textarea"", ""placeholder_or_name"": ""Member Account""}",,Click produced no XHR/fetch; navigation/DOM effect requires follow-up
admin,Member Management,VIP Rewards,/member-management/vip-rewards,input,Member UID,,,,,,,No request captured,,,unverified,FAT admin authenticated browser session; exact role/permission mapping pending,No mutation observed,Page loaded,No request captured,,,,DOCUMENTED_UNVERIFIED,CONTROL_PRESENT_NO_REQUEST,"fat-admin-explicit-read-actions.json execution status=INTERACTED; exact selector {""locator"": ""input, textarea"", ""placeholder_or_name"": ""Member UID""}",,Click produced no XHR/fetch; navigation/DOM effect requires follow-up
admin,Member Management,VIP Rewards,/member-management/vip-rewards,select,Please Select,,,,,,,No request captured,,,unverified,FAT admin authenticated browser session; exact role/permission mapping pending,No mutation observed,Page loaded,No request captured,,,,DOCUMENTED_UNVERIFIED,CONTROL_PRESENT_NO_REQUEST,"fat-admin-explicit-read-actions.json execution status=INTERACTED; exact selector {""locator"": "".ant-layout-content .ant-select"", ""visible_text"": ""Please Select""}",,Click produced no XHR/fetch; navigation/DOM effect requires follow-up
admin,Member Management,VIP Rewards,/member-management/vip-rewards,input,Start date,,,,,,,No request captured,,,unverified,FAT admin authenticated browser session; exact role/permission mapping pending,No mutation observed,Page loaded,No request captured,,,,DOCUMENTED_UNVERIFIED,CONTROL_PRESENT_NO_REQUEST,"fat-admin-explicit-read-actions.json execution status=INTERACTED; exact selector {""locator"": ""input, textarea"", ""placeholder_or_name"": ""Start date""}",,Click produced no XHR/fetch; navigation/DOM effect requires follow-up
admin,Operation Management,Promotion Spend Audit,/operations/activity-expenditure-audit,filter_submit,Apply registered filters via Query,GET,/admin/bonus/review/list,"activity_id,created_end_at,created_start_at,max_bonus,min_bonus,page,page_size",,,"accept,accept-language,client-id,client-version,d,lang,referer,sec-ch-ua,sec-ch-ua-mobile,sec-ch-ua-platform,t,user-agent,x-device-id",Query: current page filter/pagination; Header: authenticated browser session/runtime,200,True,"object; keys=d,t",FAT admin authenticated browser session; exact role/permission mapping pending,No mutation observed; registered low-risk interaction,Page reloaded and Network reached quiet state before action,Action response captured; no business mutation observed,admin/other,待审订单列表 - felix.bru,后台/礼金/待审订单列表 - felix.bru,ACTIVE,YES,fat-admin-explicit-read-actions.json Network events 488; exact selector registered Query/Search selector from explicit action inventory,,
admin,Operation Management,Promotion Spend Audit,/operations/activity-expenditure-audit,filter_submit,Apply registered filters via Query,GET,/admin/notify/audit/alarm,t,,,"accept,accept-language,client-id,client-version,d,lang,referer,sec-ch-ua,sec-ch-ua-mobile,sec-ch-ua-platform,t,user-agent,x-device-id",Query: current page filter/pagination; Header: authenticated browser session/runtime,200,True,"object; keys=bonus_review_pending,feedback_pending,kyc_pending,mall_order_pending,withdraw_pending",FAT admin authenticated browser session; exact role/permission mapping pending,No mutation observed; registered low-risk interaction,Page reloaded and Network reached quiet state before action,Action response captured; no business mutation observed,admin/other,获取系统通知数量-wesley/owen,后台/系统管理/通知中心/获取系统通知数量-wesley-owen.bru,ACTIVE,YES,fat-admin-explicit-read-actions.json Network events 487; exact selector registered Query/Search selector from explicit action inventory,,
admin,Operation Management,Promotion Spend Audit,/operations/activity-expenditure-audit,input,Custom selection,,,,,,,No request captured,,,unverified,FAT admin authenticated browser session; exact role/permission mapping pending,No mutation observed,Page loaded,No request captured,,,,DOCUMENTED_UNVERIFIED,CONTROL_PRESENT_NO_REQUEST,"fat-admin-explicit-read-actions.json execution status=SKIPPED_NOT_ACTIONABLE; exact selector {""locator"": ""input, textarea"", ""placeholder_or_name"": ""Custom selection""}",,Control was not actionable in the fresh page state
admin,Operation Management,Promotion Spend Audit,/operations/activity-expenditure-audit,input,End Date,,,,,,,No request captured,,,unverified,FAT admin authenticated browser session; exact role/permission mapping pending,No mutation observed,Page loaded,No request captured,,,,DOCUMENTED_UNVERIFIED,CONTROL_PRESENT_NO_REQUEST,"fat-admin-explicit-read-actions.json execution status=INTERACTED; exact selector {""locator"": ""input, textarea"", ""placeholder_or_name"": ""End Date""}",,Click produced no XHR/fetch; navigation/DOM effect requires follow-up
admin,Operation Management,Promotion Spend Audit,/operations/activity-expenditure-audit,input,Maximum Amount,,,,,,,No request captured,,,unverified,FAT admin authenticated browser session; exact role/permission mapping pending,No mutation observed,Page loaded,No request captured,,,,DOCUMENTED_UNVERIFIED,CONTROL_PRESENT_NO_REQUEST,"fat-admin-explicit-read-actions.json execution status=INTERACTED; exact selector {""locator"": ""input, textarea"", ""placeholder_or_name"": ""Maximum Amount""}",,Click produced no XHR/fetch; navigation/DOM effect requires follow-up
admin,Operation Management,Promotion Spend Audit,/operations/activity-expenditure-audit,input,Minimum Amount,,,,,,,No request captured,,,unverified,FAT admin authenticated browser session; exact role/permission mapping pending,No mutation observed,Page loaded,No request captured,,,,DOCUMENTED_UNVERIFIED,CONTROL_PRESENT_NO_REQUEST,"fat-admin-explicit-read-actions.json execution status=INTERACTED; exact selector {""locator"": ""input, textarea"", ""placeholder_or_name"": ""Minimum Amount""}",,Click produced no XHR/fetch; navigation/DOM effect requires follow-up
admin,Operation Management,Promotion Spend Audit,/operations/activity-expenditure-audit,input,Start Date,,,,,,,No request captured,,,unverified,FAT admin authenticated browser session; exact role/permission mapping pending,No mutation observed,Page loaded,No request captured,,,,DOCUMENTED_UNVERIFIED,CONTROL_PRESENT_NO_REQUEST,"fat-admin-explicit-read-actions.json execution status=INTERACTED; exact selector {""locator"": ""input, textarea"", ""placeholder_or_name"": ""Start Date""}",,Click produced no XHR/fetch; navigation/DOM effect requires follow-up
admin,Operation Management,Promotion Spend Audit,/operations/activity-expenditure-audit,input,"Supports batch query, 1–5000 characters, separated by commas",,,,,,,No request captured,,,unverified,FAT admin authenticated browser session; exact role/permission mapping pending,No mutation observed,Page loaded,No request captured,,,,DOCUMENTED_UNVERIFIED,CONTROL_PRESENT_NO_REQUEST,"fat-admin-explicit-read-actions.json execution status=INTERACTED; exact selector {""locator"": ""input, textarea"", ""placeholder_or_name"": ""Supports batch query, 1–5000 characters, separated by commas""}",,Click produced no XHR/fetch; navigation/DOM effect requires follow-up
admin,Operation Management,Promotion List,/operations/activity-list,filter_submit,Apply registered filters via Query,GET,/admin/promo/list,"activity_id,page,page_size,state,updated_name",,,"accept,accept-language,client-id,client-version,d,lang,referer,sec-ch-ua,sec-ch-ua-mobile,sec-ch-ua-platform,t,user-agent,x-device-id",Query: current page filter/pagination; Header: authenticated browser session/runtime,200,True,"object; keys=d,s,t,update_users",FAT admin authenticated browser session; exact role/permission mapping pending,No mutation observed; registered low-risk interaction,Page reloaded and Network reached quiet state before action,Action response captured; no business mutation observed,admin/promo,活动列表 - felix,后台/活动/活动列表 - felix.bru,ACTIVE,YES,fat-admin-explicit-read-actions.json Network events 469; exact selector registered Query/Search selector from explicit action inventory,,
admin,Operation Management,Promotion List,/operations/activity-list,input,End Date,,,,,,,No request captured,,,unverified,FAT admin authenticated browser session; exact role/permission mapping pending,No mutation observed,Page loaded,No request captured,,,,DOCUMENTED_UNVERIFIED,CONTROL_PRESENT_NO_REQUEST,"fat-admin-explicit-read-actions.json execution status=INTERACTED; exact selector {""locator"": ""input, textarea"", ""placeholder_or_name"": ""End Date""}",,Click produced no XHR/fetch; navigation/DOM effect requires follow-up
admin,Operation Management,Promotion List,/operations/activity-list,input,Page Size,,,,,,,No request captured,,,unverified,FAT admin authenticated browser session; exact role/permission mapping pending,No mutation observed,Page loaded,No request captured,,,,DOCUMENTED_UNVERIFIED,CONTROL_PRESENT_NO_REQUEST,"fat-admin-explicit-read-actions.json execution status=SKIPPED_NOT_ACTIONABLE; exact selector {""locator"": ""input, textarea"", ""placeholder_or_name"": ""Page Size""}",,Control was not actionable in the fresh page state
admin,Operation Management,Promotion List,/operations/activity-list,select,Page Size,,,,,,,No request captured,,,unverified,FAT admin authenticated browser session; exact role/permission mapping pending,No mutation observed,Page loaded,No request captured,,,,DOCUMENTED_UNVERIFIED,CONTROL_PRESENT_NO_REQUEST,"fat-admin-explicit-read-actions.json execution status=SKIPPED_NOT_ACTIONABLE; exact selector {""locator"": "".ant-layout-content .ant-select"", ""visible_text"": ""Page Size""}",,Control was not actionable in the fresh page state
admin,Operation Management,Promotion List,/operations/activity-list,input,Please enter,,,,,,,No request captured,,,unverified,FAT admin authenticated browser session; exact role/permission mapping pending,No mutation observed,Page loaded,No request captured,,,,DOCUMENTED_UNVERIFIED,CONTROL_PRESENT_NO_REQUEST,"fat-admin-explicit-read-actions.json execution status=INTERACTED; exact selector {""locator"": ""input, textarea"", ""placeholder_or_name"": ""Please enter""}",,Click produced no XHR/fetch; navigation/DOM effect requires follow-up
admin,Operation Management,Promotion List,/operations/activity-list,select,Please select,,,,,,,No request captured,,,unverified,FAT admin authenticated browser session; exact role/permission mapping pending,No mutation observed,Page loaded,No request captured,,,,DOCUMENTED_UNVERIFIED,CONTROL_PRESENT_NO_REQUEST,"fat-admin-explicit-read-actions.json execution status=INTERACTED; exact selector {""locator"": "".ant-layout-content .ant-select"", ""visible_text"": ""Please select""}",,Click produced no XHR/fetch; navigation/DOM effect requires follow-up
admin,Operation Management,Promotion List,/operations/activity-list,select,Please select operator,,,,,,,No request captured,,,unverified,FAT admin authenticated browser session; exact role/permission mapping pending,No mutation observed,Page loaded,No request captured,,,,DOCUMENTED_UNVERIFIED,CONTROL_PRESENT_NO_REQUEST,"fat-admin-explicit-read-actions.json execution status=INTERACTED; exact selector {""locator"": "".ant-layout-content .ant-select"", ""visible_text"": ""Please select operator""}",,Click produced no XHR/fetch; navigation/DOM effect requires follow-up
admin,Operation Management,Promotion List,/operations/activity-list,input,Start Date,,,,,,,No request captured,,,unverified,FAT admin authenticated browser session; exact role/permission mapping pending,No mutation observed,Page loaded,No request captured,,,,DOCUMENTED_UNVERIFIED,CONTROL_PRESENT_NO_REQUEST,"fat-admin-explicit-read-actions.json execution status=INTERACTED; exact selector {""locator"": ""input, textarea"", ""placeholder_or_name"": ""Start Date""}",,Click produced no XHR/fetch; navigation/DOM effect requires follow-up
admin,Operation Management,Ad Tracking/Buried Point,/operations/advertisement-tracking,input,Page Size,,,,,,,No request captured,,,unverified,FAT admin authenticated browser session; exact role/permission mapping pending,No mutation observed,Page loaded,No request captured,,,,DOCUMENTED_UNVERIFIED,CONTROL_PRESENT_NO_REQUEST,"fat-admin-explicit-read-actions.json execution status=SKIPPED_NOT_ACTIONABLE; exact selector {""locator"": ""input, textarea"", ""placeholder_or_name"": ""Page Size""}",,Control was not actionable in the fresh page state
admin,Operation Management,Ad Tracking/Buried Point,/operations/advertisement-tracking,select,Page Size,,,,,,,No request captured,,,unverified,FAT admin authenticated browser session; exact role/permission mapping pending,No mutation observed,Page loaded,No request captured,,,,DOCUMENTED_UNVERIFIED,CONTROL_PRESENT_NO_REQUEST,"fat-admin-explicit-read-actions.json execution status=SKIPPED_NOT_ACTIONABLE; exact selector {""locator"": "".ant-layout-content .ant-select"", ""visible_text"": ""Page Size""}",,Control was not actionable in the fresh page state
admin,Operation Management,Client Configuration,/operations/client-config,filter_submit,Apply registered filters via Query,POST,/admin/banner/list,,,,"accept,accept-language,client-id,client-version,content-type,d,lang,referer,sec-ch-ua,sec-ch-ua-mobile,sec-ch-ua-platform,t,user-agent,x-device-id",Header: authenticated browser session/runtime,200,True,"object; keys=d,s,t",FAT admin authenticated browser session; exact role/permission mapping pending,No mutation observed; registered low-risk interaction,Page reloaded and Network reached quiet state before action,Action response captured; no business mutation observed,admin/other,轮播图列表,后台/轮播图-首页弹窗/轮播图列表.bru,ACTIVE,YES,fat-admin-explicit-read-actions.json Network events 412; exact selector registered Query/Search selector from explicit action inventory,,
admin,Operation Management,Client Configuration,/operations/client-config,input,End Date,,,,,,,No request captured,,,unverified,FAT admin authenticated browser session; exact role/permission mapping pending,No mutation observed,Page loaded,No request captured,,,,DOCUMENTED_UNVERIFIED,CONTROL_PRESENT_NO_REQUEST,"fat-admin-explicit-read-actions.json execution status=INTERACTED; exact selector {""locator"": ""input, textarea"", ""placeholder_or_name"": ""End Date""}",,Click produced no XHR/fetch; navigation/DOM effect requires follow-up
admin,Operation Management,Client Configuration,/operations/client-config,input,Page Size,,,,,,,No request captured,,,unverified,FAT admin authenticated browser session; exact role/permission mapping pending,No mutation observed,Page loaded,No request captured,,,,DOCUMENTED_UNVERIFIED,CONTROL_PRESENT_NO_REQUEST,"fat-admin-explicit-read-actions.json execution status=SKIPPED_NOT_ACTIONABLE; exact selector {""locator"": ""input, textarea"", ""placeholder_or_name"": ""Page Size""}",,Control was not actionable in the fresh page state
admin,Operation Management,Client Configuration,/operations/client-config,select,Page Size,,,,,,,No request captured,,,unverified,FAT admin authenticated browser session; exact role/permission mapping pending,No mutation observed,Page loaded,No request captured,,,,DOCUMENTED_UNVERIFIED,CONTROL_PRESENT_NO_REQUEST,"fat-admin-explicit-read-actions.json execution status=SKIPPED_NOT_ACTIONABLE; exact selector {""locator"": "".ant-layout-content .ant-select"", ""visible_text"": ""Page Size""}",,Control was not actionable in the fresh page state
admin,Operation Management,Client Configuration,/operations/client-config,input,Please enter,,,,,,,No request captured,,,unverified,FAT admin authenticated browser session; exact role/permission mapping pending,No mutation observed,Page loaded,No request captured,,,,DOCUMENTED_UNVERIFIED,CONTROL_PRESENT_NO_REQUEST,"fat-admin-explicit-read-actions.json execution status=INTERACTED; exact selector {""locator"": ""input, textarea"", ""placeholder_or_name"": ""Please enter""}",,Click produced no XHR/fetch; navigation/DOM effect requires follow-up
admin,Operation Management,Client Configuration,/operations/client-config,select,Please select,,,,,,,No request captured,,,unverified,FAT admin authenticated browser session; exact role/permission mapping pending,No mutation observed,Page loaded,No request captured,,,,DOCUMENTED_UNVERIFIED,CONTROL_PRESENT_NO_REQUEST,"fat-admin-explicit-read-actions.json execution status=INTERACTED; exact selector {""locator"": "".ant-layout-content .ant-select"", ""visible_text"": ""Please select""}",,Click produced no XHR/fetch; navigation/DOM effect requires follow-up
admin,Operation Management,Client Configuration,/operations/client-config,input,Start Date,,,,,,,No request captured,,,unverified,FAT admin authenticated browser session; exact role/permission mapping pending,No mutation observed,Page loaded,No request captured,,,,DOCUMENTED_UNVERIFIED,CONTROL_PRESENT_NO_REQUEST,"fat-admin-explicit-read-actions.json execution status=INTERACTED; exact selector {""locator"": ""input, textarea"", ""placeholder_or_name"": ""Start Date""}",,Click produced no XHR/fetch; navigation/DOM effect requires follow-up
admin,Operation Management,Daily Report,/operations/daily-reports,filter_submit,Apply registered filters via Query,GET,/admin/reports/channel,"channel_id,end_time,page,page_size,start_time",,,"accept,accept-language,client-id,client-version,d,lang,referer,sec-ch-ua,sec-ch-ua-mobile,sec-ch-ua-platform,t,user-agent,x-device-id",Query: current page filter/pagination; Header: authenticated browser session/runtime,200,True,"object; keys=d,t",FAT admin authenticated browser session; exact role/permission mapping pending,No mutation observed; registered low-risk interaction,Page reloaded and Network reached quiet state before action,Action response captured; no business mutation observed,admin/report,渠道日报表-sandy,后台/报表/渠道报表/渠道日报表-sandy.bru,ACTIVE,YES,fat-admin-explicit-read-actions.json Network events 392; exact selector registered Query/Search selector from explicit action inventory,,
admin,Operation Management,Daily Report,/operations/daily-reports,select,Channel Filter,,,,,,,No request captured,,,unverified,FAT admin authenticated browser session; exact role/permission mapping pending,No mutation observed,Page loaded,No request captured,,,,DOCUMENTED_UNVERIFIED,CONTROL_PRESENT_NO_REQUEST,"fat-admin-explicit-read-actions.json execution status=INTERACTED; exact selector {""locator"": "".ant-layout-content .ant-select"", ""visible_text"": ""Channel Filter""}",,Click produced no XHR/fetch; navigation/DOM effect requires follow-up
admin,Operation Management,Daily Report,/operations/daily-reports,input,End Date,,,,,,,No request captured,,,unverified,FAT admin authenticated browser session; exact role/permission mapping pending,No mutation observed,Page loaded,No request captured,,,,DOCUMENTED_UNVERIFIED,CONTROL_PRESENT_NO_REQUEST,"fat-admin-explicit-read-actions.json execution status=INTERACTED; exact selector {""locator"": ""input, textarea"", ""placeholder_or_name"": ""End Date""}",,Click produced no XHR/fetch; navigation/DOM effect requires follow-up
admin,Operation Management,Daily Report,/operations/daily-reports,input,Start Date,,,,,,,No request captured,,,unverified,FAT admin authenticated browser session; exact role/permission mapping pending,No mutation observed,Page loaded,No request captured,,,,DOCUMENTED_UNVERIFIED,CONTROL_PRESENT_NO_REQUEST,"fat-admin-explicit-read-actions.json execution status=INTERACTED; exact selector {""locator"": ""input, textarea"", ""placeholder_or_name"": ""Start Date""}",,Click produced no XHR/fetch; navigation/DOM effect requires follow-up
admin,Operation Management,Friend Invite,/operations/friend-invite,filter_submit,Apply registered filters via Query,GET,/admin/promo/invite/base/list,"created_end_at,created_start_at,page,page_size,phone",,,"accept,accept-language,client-id,client-version,d,lang,referer,sec-ch-ua,sec-ch-ua-mobile,sec-ch-ua-platform,t,user-agent,x-device-id",Query: current page filter/pagination; Header: authenticated browser session/runtime,200,True,"object; keys=d,sub_total,t,total",FAT admin authenticated browser session; exact role/permission mapping pending,No mutation observed; registered low-risk interaction,Page reloaded and Network reached quiet state before action,Action response captured; no business mutation observed,admin/promo,邀请基础奖励列表,后台/运营管理/邀请好友/邀请基础奖励列表.bru,ACTIVE,YES,fat-admin-explicit-read-actions.json Network events 559; exact selector registered Query/Search selector from explicit action inventory,,
admin,Operation Management,Friend Invite,/operations/friend-invite,input,Please enter,,,,,,,No request captured,,,unverified,FAT admin authenticated browser session; exact role/permission mapping pending,No mutation observed,Page loaded,No request captured,,,,DOCUMENTED_UNVERIFIED,CONTROL_PRESENT_NO_REQUEST,"fat-admin-explicit-read-actions.json execution status=INTERACTED; exact selector {""locator"": ""input, textarea"", ""placeholder_or_name"": ""Please enter""}",,Click produced no XHR/fetch; navigation/DOM effect requires follow-up
admin,Operation Management,Friend Invite,/operations/friend-invite,input,Please select,,,,,,,No request captured,,,unverified,FAT admin authenticated browser session; exact role/permission mapping pending,No mutation observed,Page loaded,No request captured,,,,DOCUMENTED_UNVERIFIED,CONTROL_PRESENT_NO_REQUEST,"fat-admin-explicit-read-actions.json execution status=INTERACTED; exact selector {""locator"": ""input, textarea"", ""placeholder_or_name"": ""Please select""}",,Click produced no XHR/fetch; navigation/DOM effect requires follow-up
admin,Operation Management,Member station message,/operations/in-site-message,input,End Date,,,,,,,No request captured,,,unverified,FAT admin authenticated browser session; exact role/permission mapping pending,No mutation observed,Page loaded,No request captured,,,,DOCUMENTED_UNVERIFIED,CONTROL_PRESENT_NO_REQUEST,"fat-admin-explicit-read-actions.json execution status=INTERACTED; exact selector {""locator"": ""input, textarea"", ""placeholder_or_name"": ""End Date""}",,Click produced no XHR/fetch; navigation/DOM effect requires follow-up
admin,Operation Management,Member station message,/operations/in-site-message,input,Page,,,,,,,No request captured,,,unverified,FAT admin authenticated browser session; exact role/permission mapping pending,No mutation observed,Page loaded,No request captured,,,,DOCUMENTED_UNVERIFIED,CONTROL_PRESENT_NO_REQUEST,"fat-admin-explicit-read-actions.json execution status=SKIPPED_NOT_ACTIONABLE; exact selector {""locator"": ""input, textarea"", ""placeholder_or_name"": ""Page""}",,Control was not actionable in the fresh page state
admin,Operation Management,Member station message,/operations/in-site-message,input,Page Size,,,,,,,No request captured,,,unverified,FAT admin authenticated browser session; exact role/permission mapping pending,No mutation observed,Page loaded,No request captured,,,,DOCUMENTED_UNVERIFIED,CONTROL_PRESENT_NO_REQUEST,"fat-admin-explicit-read-actions.json execution status=SKIPPED_NOT_ACTIONABLE; exact selector {""locator"": ""input, textarea"", ""placeholder_or_name"": ""Page Size""}",,Control was not actionable in the fresh page state
admin,Operation Management,Member station message,/operations/in-site-message,select,Page Size,,,,,,,No request captured,,,unverified,FAT admin authenticated browser session; exact role/permission mapping pending,No mutation observed,Page loaded,No request captured,,,,DOCUMENTED_UNVERIFIED,CONTROL_PRESENT_NO_REQUEST,"fat-admin-explicit-read-actions.json execution status=SKIPPED_NOT_ACTIONABLE; exact selector {""locator"": "".ant-layout-content .ant-select"", ""visible_text"": ""Page Size""}",,Control was not actionable in the fresh page state
admin,Operation Management,Member station message,/operations/in-site-message,input,Please Enter Trigger User,,,,,,,No request captured,,,unverified,FAT admin authenticated browser session; exact role/permission mapping pending,No mutation observed,Page loaded,No request captured,,,,DOCUMENTED_UNVERIFIED,CONTROL_PRESENT_NO_REQUEST,"fat-admin-explicit-read-actions.json execution status=INTERACTED; exact selector {""locator"": ""input, textarea"", ""placeholder_or_name"": ""Please Enter Trigger User""}",,Click produced no XHR/fetch; navigation/DOM effect requires follow-up
admin,Operation Management,Member station message,/operations/in-site-message,input,Start Date,,,,,,,No request captured,,,unverified,FAT admin authenticated browser session; exact role/permission mapping pending,No mutation observed,Page loaded,No request captured,,,,DOCUMENTED_UNVERIFIED,CONTROL_PRESENT_NO_REQUEST,"fat-admin-explicit-read-actions.json execution status=INTERACTED; exact selector {""locator"": ""input, textarea"", ""placeholder_or_name"": ""Start Date""}",,Click produced no XHR/fetch; navigation/DOM effect requires follow-up
admin,Operation Management,Member station message,/operations/in-site-message,input,"Supports batch query, 1–5000 characters, separated by commas",,,,,,,No request captured,,,unverified,FAT admin authenticated browser session; exact role/permission mapping pending,No mutation observed,Page loaded,No request captured,,,,DOCUMENTED_UNVERIFIED,CONTROL_PRESENT_NO_REQUEST,"fat-admin-explicit-read-actions.json execution status=INTERACTED; exact selector {""locator"": ""input, textarea"", ""placeholder_or_name"": ""Supports batch query, 1–5000 characters, separated by commas""}",,Click produced no XHR/fetch; navigation/DOM effect requires follow-up
admin,Operation Management,Jackpot Board,/operations/jackpot-board,filter_submit,Apply registered filters via Query,GET,/admin/hotBetNotice/list,"end_time,game_code,multiplier_max,multiplier_min,page,page_size,sort,sort_field,start_time,username",,,"accept,accept-language,client-id,client-version,d,lang,referer,sec-ch-ua,sec-ch-ua-mobile,sec-ch-ua-platform,t,user-agent,x-device-id",Query: current page filter/pagination; Header: authenticated browser session/runtime,200,True,"object; keys=d,page,page_size,t",FAT admin authenticated browser session; exact role/permission mapping pending,No mutation observed; registered low-risk interaction,Page reloaded and Network reached quiet state before action,Action response captured; no business mutation observed,admin/other,爆彩列表查询,后台/爆彩/爆彩列表查询.bru,ACTIVE,YES,fat-admin-explicit-read-actions.json Network events 580; exact selector registered Query/Search selector from explicit action inventory,,
admin,Operation Management,Jackpot Board,/operations/jackpot-board,input,End Date,,,,,,,No request captured,,,unverified,FAT admin authenticated browser session; exact role/permission mapping pending,No mutation observed,Page loaded,No request captured,,,,DOCUMENTED_UNVERIFIED,CONTROL_PRESENT_NO_REQUEST,"fat-admin-explicit-read-actions.json execution status=INTERACTED; exact selector {""locator"": ""input, textarea"", ""placeholder_or_name"": ""End Date""}",,Click produced no XHR/fetch; navigation/DOM effect requires follow-up
admin,Operation Management,Jackpot Board,/operations/jackpot-board,input,Max,,,,,,,No request captured,,,unverified,FAT admin authenticated browser session; exact role/permission mapping pending,No mutation observed,Page loaded,No request captured,,,,DOCUMENTED_UNVERIFIED,CONTROL_PRESENT_NO_REQUEST,"fat-admin-explicit-read-actions.json execution status=INTERACTED; exact selector {""locator"": ""input, textarea"", ""placeholder_or_name"": ""Max""}",,Click produced no XHR/fetch; navigation/DOM effect requires follow-up
admin,Operation Management,Jackpot Board,/operations/jackpot-board,input,Min,,,,,,,No request captured,,,unverified,FAT admin authenticated browser session; exact role/permission mapping pending,No mutation observed,Page loaded,No request captured,,,,DOCUMENTED_UNVERIFIED,CONTROL_PRESENT_NO_REQUEST,"fat-admin-explicit-read-actions.json execution status=INTERACTED; exact selector {""locator"": ""input, textarea"", ""placeholder_or_name"": ""Min""}",,Click produced no XHR/fetch; navigation/DOM effect requires follow-up
admin,Operation Management,Jackpot Board,/operations/jackpot-board,input,Please enter,,,,,,,No request captured,,,unverified,FAT admin authenticated browser session; exact role/permission mapping pending,No mutation observed,Page loaded,No request captured,,,,DOCUMENTED_UNVERIFIED,CONTROL_PRESENT_NO_REQUEST,"fat-admin-explicit-read-actions.json execution status=INTERACTED; exact selector {""locator"": ""input, textarea"", ""placeholder_or_name"": ""Please enter""}",,Click produced no XHR/fetch; navigation/DOM effect requires follow-up
admin,Operation Management,Jackpot Board,/operations/jackpot-board,input,Start Date,,,,,,,No request captured,,,unverified,FAT admin authenticated browser session; exact role/permission mapping pending,No mutation observed,Page loaded,No request captured,,,,DOCUMENTED_UNVERIFIED,CONTROL_PRESENT_NO_REQUEST,"fat-admin-explicit-read-actions.json execution status=INTERACTED; exact selector {""locator"": ""input, textarea"", ""placeholder_or_name"": ""Start Date""}",,Click produced no XHR/fetch; navigation/DOM effect requires follow-up
admin,Operation Management,Jackpot Board,/operations/jackpot-board,select,全部,,,,,,,No request captured,,,unverified,FAT admin authenticated browser session; exact role/permission mapping pending,No mutation observed,Page loaded,No request captured,,,,DOCUMENTED_UNVERIFIED,CONTROL_PRESENT_NO_REQUEST,"fat-admin-explicit-read-actions.json execution status=INTERACTED; exact selector {""locator"": "".ant-layout-content .ant-select"", ""visible_text"": ""全部""}",,Click produced no XHR/fetch; navigation/DOM effect requires follow-up
admin,Operation Management,Market Management,/operations/mall-management,filter_submit,Apply registered filters via Query,GET,/admin/mall/goods/list,"deliver_method,page,page_size,product_name,sell_status,updated_name",,,"accept,accept-language,client-id,client-version,d,lang,referer,sec-ch-ua,sec-ch-ua-mobile,sec-ch-ua-platform,t,user-agent,x-device-id",Query: current page filter/pagination; Header: authenticated browser session/runtime,200,True,"object; keys=d,s,t",FAT admin authenticated browser session; exact role/permission mapping pending,No mutation observed; registered low-risk interaction,Page reloaded and Network reached quiet state before action,Action response captured; no business mutation observed,admin/other,获取产品列表-todo,后台/商城管理/获取产品列表-todo.bru,ACTIVE,YES,fat-admin-explicit-read-actions.json Network events 450; exact selector registered Query/Search selector from explicit action inventory,,
admin,Operation Management,Market Management,/operations/mall-management,select,Delivery Method,,,,,,,No request captured,,,unverified,FAT admin authenticated browser session; exact role/permission mapping pending,No mutation observed,Page loaded,No request captured,,,,DOCUMENTED_UNVERIFIED,CONTROL_PRESENT_NO_REQUEST,"fat-admin-explicit-read-actions.json execution status=INTERACTED; exact selector {""locator"": "".ant-layout-content .ant-select"", ""visible_text"": ""Delivery Method""}",,Click produced no XHR/fetch; navigation/DOM effect requires follow-up
admin,Operation Management,Market Management,/operations/mall-management,input,End Date,,,,,,,No request captured,,,unverified,FAT admin authenticated browser session; exact role/permission mapping pending,No mutation observed,Page loaded,No request captured,,,,DOCUMENTED_UNVERIFIED,CONTROL_PRESENT_NO_REQUEST,"fat-admin-explicit-read-actions.json execution status=INTERACTED; exact selector {""locator"": ""input, textarea"", ""placeholder_or_name"": ""End Date""}",,Click produced no XHR/fetch; navigation/DOM effect requires follow-up
admin,Operation Management,Market Management,/operations/mall-management,input,Page,,,,,,,No request captured,,,unverified,FAT admin authenticated browser session; exact role/permission mapping pending,No mutation observed,Page loaded,No request captured,,,,DOCUMENTED_UNVERIFIED,CONTROL_PRESENT_NO_REQUEST,"fat-admin-explicit-read-actions.json execution status=SKIPPED_NOT_ACTIONABLE; exact selector {""locator"": ""input, textarea"", ""placeholder_or_name"": ""Page""}",,Control was not actionable in the fresh page state
admin,Operation Management,Market Management,/operations/mall-management,input,Page Size,,,,,,,No request captured,,,unverified,FAT admin authenticated browser session; exact role/permission mapping pending,No mutation observed,Page loaded,No request captured,,,,DOCUMENTED_UNVERIFIED,CONTROL_PRESENT_NO_REQUEST,"fat-admin-explicit-read-actions.json execution status=SKIPPED_NOT_ACTIONABLE; exact selector {""locator"": ""input, textarea"", ""placeholder_or_name"": ""Page Size""}",,Control was not actionable in the fresh page state
admin,Operation Management,Market Management,/operations/mall-management,select,Page Size,,,,,,,No request captured,,,unverified,FAT admin authenticated browser session; exact role/permission mapping pending,No mutation observed,Page loaded,No request captured,,,,DOCUMENTED_UNVERIFIED,CONTROL_PRESENT_NO_REQUEST,"fat-admin-explicit-read-actions.json execution status=SKIPPED_NOT_ACTIONABLE; exact selector {""locator"": "".ant-layout-content .ant-select"", ""visible_text"": ""Page Size""}",,Control was not actionable in the fresh page state
admin,Operation Management,Market Management,/operations/mall-management,input,Please enter,,,,,,,No request captured,,,unverified,FAT admin authenticated browser session; exact role/permission mapping pending,No mutation observed,Page loaded,No request captured,,,,DOCUMENTED_UNVERIFIED,CONTROL_PRESENT_NO_REQUEST,"fat-admin-explicit-read-actions.json execution status=INTERACTED; exact selector {""locator"": ""input, textarea"", ""placeholder_or_name"": ""Please enter""}",,Click produced no XHR/fetch; navigation/DOM effect requires follow-up
admin,Operation Management,Market Management,/operations/mall-management,select,Please select,,,,,,,No request captured,,,unverified,FAT admin authenticated browser session; exact role/permission mapping pending,No mutation observed,Page loaded,No request captured,,,,DOCUMENTED_UNVERIFIED,CONTROL_PRESENT_NO_REQUEST,"fat-admin-explicit-read-actions.json execution status=INTERACTED; exact selector {""locator"": "".ant-layout-content .ant-select"", ""visible_text"": ""Please select""}",,Click produced no XHR/fetch; navigation/DOM effect requires follow-up
admin,Operation Management,Market Management,/operations/mall-management,input,Start Date,,,,,,,No request captured,,,unverified,FAT admin authenticated browser session; exact role/permission mapping pending,No mutation observed,Page loaded,No request captured,,,,DOCUMENTED_UNVERIFIED,CONTROL_PRESENT_NO_REQUEST,"fat-admin-explicit-read-actions.json execution status=INTERACTED; exact selector {""locator"": ""input, textarea"", ""placeholder_or_name"": ""Start Date""}",,Click produced no XHR/fetch; navigation/DOM effect requires follow-up
admin,Operation Management,Market Management,/operations/mall-management,input,"Supports batch query, 1–5000 characters, separated by commas",,,,,,,No request captured,,,unverified,FAT admin authenticated browser session; exact role/permission mapping pending,No mutation observed,Page loaded,No request captured,,,,DOCUMENTED_UNVERIFIED,CONTROL_PRESENT_NO_REQUEST,"fat-admin-explicit-read-actions.json execution status=INTERACTED; exact selector {""locator"": ""input, textarea"", ""placeholder_or_name"": ""Supports batch query, 1–5000 characters, separated by commas""}",,Click produced no XHR/fetch; navigation/DOM effect requires follow-up
admin,Operation Management,Marquee Management,/operations/marquee-management,filter_submit,Apply registered filters via Query,GET,/admin/marquee/list,"page,page_size,ty",,,"accept,accept-language,client-id,client-version,d,lang,referer,sec-ch-ua,sec-ch-ua-mobile,sec-ch-ua-platform,t,user-agent,x-device-id",Query: current page filter/pagination; Header: authenticated browser session/runtime,200,True,"object; keys=d,t",FAT admin authenticated browser session; exact role/permission mapping pending,No mutation observed; registered low-risk interaction,Page reloaded and Network reached quiet state before action,Action response captured; no business mutation observed,admin/other,列表,后台/跑马灯/列表.bru,ACTIVE,YES,fat-admin-explicit-read-actions.json Network events 617; exact selector registered Query/Search selector from explicit action inventory,,
admin,Operation Management,Marquee Management,/operations/marquee-management,input,End Date,,,,,,,No request captured,,,unverified,FAT admin authenticated browser session; exact role/permission mapping pending,No mutation observed,Page loaded,No request captured,,,,DOCUMENTED_UNVERIFIED,CONTROL_PRESENT_NO_REQUEST,"fat-admin-explicit-read-actions.json execution status=INTERACTED; exact selector {""locator"": ""input, textarea"", ""placeholder_or_name"": ""End Date""}",,Click produced no XHR/fetch; navigation/DOM effect requires follow-up
admin,Operation Management,Marquee Management,/operations/marquee-management,select,Please select,,,,,,,No request captured,,,unverified,FAT admin authenticated browser session; exact role/permission mapping pending,No mutation observed,Page loaded,No request captured,,,,DOCUMENTED_UNVERIFIED,CONTROL_PRESENT_NO_REQUEST,"fat-admin-explicit-read-actions.json execution status=INTERACTED; exact selector {""locator"": "".ant-layout-content .ant-select"", ""visible_text"": ""Please select""}",,Click produced no XHR/fetch; navigation/DOM effect requires follow-up
admin,Operation Management,Marquee Management,/operations/marquee-management,input,Start Date,,,,,,,No request captured,,,unverified,FAT admin authenticated browser session; exact role/permission mapping pending,No mutation observed,Page loaded,No request captured,,,,DOCUMENTED_UNVERIFIED,CONTROL_PRESENT_NO_REQUEST,"fat-admin-explicit-read-actions.json execution status=INTERACTED; exact selector {""locator"": ""input, textarea"", ""placeholder_or_name"": ""Start Date""}",,Click produced no XHR/fetch; navigation/DOM effect requires follow-up
admin,Operation Management,Material Management,/operations/material-management,filter_submit,Apply registered filters via Query,POST,/admin/ad/material/list,,,,"accept,accept-language,client-id,client-version,content-type,d,lang,referer,sec-ch-ua,sec-ch-ua-mobile,sec-ch-ua-platform,t,user-agent,x-device-id",Header: authenticated browser session/runtime,200,True,"object; keys=d,s,t",FAT admin authenticated browser session; exact role/permission mapping pending,No mutation observed; registered low-risk interaction,Page reloaded and Network reached quiet state before action,Action response captured; no business mutation observed,admin/other,素材列表,后台/运营管理/客户端管理/素材管理/素材列表.bru,ACTIVE,YES,fat-admin-explicit-read-actions.json Network events 432; exact selector registered Query/Search selector from explicit action inventory,,
admin,Operation Management,Material Management,/operations/material-management,input,End Date,,,,,,,No request captured,,,unverified,FAT admin authenticated browser session; exact role/permission mapping pending,No mutation observed,Page loaded,No request captured,,,,DOCUMENTED_UNVERIFIED,CONTROL_PRESENT_NO_REQUEST,"fat-admin-explicit-read-actions.json execution status=INTERACTED; exact selector {""locator"": ""input, textarea"", ""placeholder_or_name"": ""End Date""}",,Click produced no XHR/fetch; navigation/DOM effect requires follow-up
admin,Operation Management,Material Management,/operations/material-management,input,Page,,,,,,,No request captured,,,unverified,FAT admin authenticated browser session; exact role/permission mapping pending,No mutation observed,Page loaded,No request captured,,,,DOCUMENTED_UNVERIFIED,CONTROL_PRESENT_NO_REQUEST,"fat-admin-explicit-read-actions.json execution status=SKIPPED_NOT_ACTIONABLE; exact selector {""locator"": ""input, textarea"", ""placeholder_or_name"": ""Page""}",,Control was not actionable in the fresh page state
admin,Operation Management,Material Management,/operations/material-management,input,Page Size,,,,,,,No request captured,,,unverified,FAT admin authenticated browser session; exact role/permission mapping pending,No mutation observed,Page loaded,No request captured,,,,DOCUMENTED_UNVERIFIED,CONTROL_PRESENT_NO_REQUEST,"fat-admin-explicit-read-actions.json execution status=SKIPPED_NOT_ACTIONABLE; exact selector {""locator"": ""input, textarea"", ""placeholder_or_name"": ""Page Size""}",,Control was not actionable in the fresh page state
admin,Operation Management,Material Management,/operations/material-management,select,Page Size,,,,,,,No request captured,,,unverified,FAT admin authenticated browser session; exact role/permission mapping pending,No mutation observed,Page loaded,No request captured,,,,DOCUMENTED_UNVERIFIED,CONTROL_PRESENT_NO_REQUEST,"fat-admin-explicit-read-actions.json execution status=SKIPPED_NOT_ACTIONABLE; exact selector {""locator"": "".ant-layout-content .ant-select"", ""visible_text"": ""Page Size""}",,Control was not actionable in the fresh page state
admin,Operation Management,Material Management,/operations/material-management,select,Select Material Type,,,,,,,No request captured,,,unverified,FAT admin authenticated browser session; exact role/permission mapping pending,No mutation observed,Page loaded,No request captured,,,,DOCUMENTED_UNVERIFIED,CONTROL_PRESENT_NO_REQUEST,"fat-admin-explicit-read-actions.json execution status=INTERACTED; exact selector {""locator"": "".ant-layout-content .ant-select"", ""visible_text"": ""Select Material Type""}",,Click produced no XHR/fetch; navigation/DOM effect requires follow-up
admin,Operation Management,Material Management,/operations/material-management,select,Select Platform,,,,,,,No request captured,,,unverified,FAT admin authenticated browser session; exact role/permission mapping pending,No mutation observed,Page loaded,No request captured,,,,DOCUMENTED_UNVERIFIED,CONTROL_PRESENT_NO_REQUEST,"fat-admin-explicit-read-actions.json execution status=INTERACTED; exact selector {""locator"": "".ant-layout-content .ant-select"", ""visible_text"": ""Select Platform""}",,Click produced no XHR/fetch; navigation/DOM effect requires follow-up
admin,Operation Management,Material Management,/operations/material-management,select,Select Status,,,,,,,No request captured,,,unverified,FAT admin authenticated browser session; exact role/permission mapping pending,No mutation observed,Page loaded,No request captured,,,,DOCUMENTED_UNVERIFIED,CONTROL_PRESENT_NO_REQUEST,"fat-admin-explicit-read-actions.json execution status=INTERACTED; exact selector {""locator"": "".ant-layout-content .ant-select"", ""visible_text"": ""Select Status""}",,Click produced no XHR/fetch; navigation/DOM effect requires follow-up
admin,Operation Management,Material Management,/operations/material-management,input,Start Date,,,,,,,No request captured,,,unverified,FAT admin authenticated browser session; exact role/permission mapping pending,No mutation observed,Page loaded,No request captured,,,,DOCUMENTED_UNVERIFIED,CONTROL_PRESENT_NO_REQUEST,"fat-admin-explicit-read-actions.json execution status=INTERACTED; exact selector {""locator"": ""input, textarea"", ""placeholder_or_name"": ""Start Date""}",,Click produced no XHR/fetch; navigation/DOM effect requires follow-up
admin,Operation Management,Message Templates,/operations/message-templates,filter_submit,Apply registered filters via Query,GET,/admin/message/templates/list,"id,page,page_size",,,"accept,accept-language,client-id,client-version,d,lang,referer,sec-ch-ua,sec-ch-ua-mobile,sec-ch-ua-platform,t,user-agent,x-device-id",Query: current page filter/pagination; Header: authenticated browser session/runtime,200,True,"object; keys=d,s,t",FAT admin authenticated browser session; exact role/permission mapping pending,No mutation observed; registered low-risk interaction,Page reloaded and Network reached quiet state before action,Action response captured; no business mutation observed,admin/other,获取消息模板列表-todo,后台/运营管理/消息模板/获取消息模板列表-todo.bru,ACTIVE,YES,fat-admin-explicit-read-actions.json Network events 524; exact selector registered Query/Search selector from explicit action inventory,,
admin,Operation Management,Message Templates,/operations/message-templates,input,End Date,,,,,,,No request captured,,,unverified,FAT admin authenticated browser session; exact role/permission mapping pending,No mutation observed,Page loaded,No request captured,,,,DOCUMENTED_UNVERIFIED,CONTROL_PRESENT_NO_REQUEST,"fat-admin-explicit-read-actions.json execution status=INTERACTED; exact selector {""locator"": ""input, textarea"", ""placeholder_or_name"": ""End Date""}",,Click produced no XHR/fetch; navigation/DOM effect requires follow-up
admin,Operation Management,Message Templates,/operations/message-templates,select,Operator,,,,,,,No request captured,,,unverified,FAT admin authenticated browser session; exact role/permission mapping pending,No mutation observed,Page loaded,No request captured,,,,DOCUMENTED_UNVERIFIED,CONTROL_PRESENT_NO_REQUEST,"fat-admin-explicit-read-actions.json execution status=SKIPPED_NO_OPTION; exact selector {""locator"": "".ant-layout-content .ant-select"", ""visible_text"": ""Operator""}",,Control was not actionable in the fresh page state
admin,Operation Management,Message Templates,/operations/message-templates,input,Page,,,,,,,No request captured,,,unverified,FAT admin authenticated browser session; exact role/permission mapping pending,No mutation observed,Page loaded,No request captured,,,,DOCUMENTED_UNVERIFIED,CONTROL_PRESENT_NO_REQUEST,"fat-admin-explicit-read-actions.json execution status=SKIPPED_NOT_ACTIONABLE; exact selector {""locator"": ""input, textarea"", ""placeholder_or_name"": ""Page""}",,Control was not actionable in the fresh page state
admin,Operation Management,Message Templates,/operations/message-templates,input,Page Size,,,,,,,No request captured,,,unverified,FAT admin authenticated browser session; exact role/permission mapping pending,No mutation observed,Page loaded,No request captured,,,,DOCUMENTED_UNVERIFIED,CONTROL_PRESENT_NO_REQUEST,"fat-admin-explicit-read-actions.json execution status=SKIPPED_NOT_ACTIONABLE; exact selector {""locator"": ""input, textarea"", ""placeholder_or_name"": ""Page Size""}",,Control was not actionable in the fresh page state
admin,Operation Management,Message Templates,/operations/message-templates,select,Page Size,,,,,,,No request captured,,,unverified,FAT admin authenticated browser session; exact role/permission mapping pending,No mutation observed,Page loaded,No request captured,,,,DOCUMENTED_UNVERIFIED,CONTROL_PRESENT_NO_REQUEST,"fat-admin-explicit-read-actions.json execution status=SKIPPED_NOT_ACTIONABLE; exact selector {""locator"": "".ant-layout-content .ant-select"", ""visible_text"": ""Page Size""}",,Control was not actionable in the fresh page state
admin,Operation Management,Message Templates,/operations/message-templates,input,Please enter,,,,,,,No request captured,,,unverified,FAT admin authenticated browser session; exact role/permission mapping pending,No mutation observed,Page loaded,No request captured,,,,DOCUMENTED_UNVERIFIED,CONTROL_PRESENT_NO_REQUEST,"fat-admin-explicit-read-actions.json execution status=INTERACTED; exact selector {""locator"": ""input, textarea"", ""placeholder_or_name"": ""Please enter""}",,Click produced no XHR/fetch; navigation/DOM effect requires follow-up
admin,Operation Management,Message Templates,/operations/message-templates,input,Start Date,,,,,,,No request captured,,,unverified,FAT admin authenticated browser session; exact role/permission mapping pending,No mutation observed,Page loaded,No request captured,,,,DOCUMENTED_UNVERIFIED,CONTROL_PRESENT_NO_REQUEST,"fat-admin-explicit-read-actions.json execution status=INTERACTED; exact selector {""locator"": ""input, textarea"", ""placeholder_or_name"": ""Start Date""}",,Click produced no XHR/fetch; navigation/DOM effect requires follow-up
admin,Operation Management,Ops tools,/operations/ops-tools,input,End date,,,,,,,No request captured,,,unverified,FAT admin authenticated browser session; exact role/permission mapping pending,No mutation observed,Page loaded,No request captured,,,,DOCUMENTED_UNVERIFIED,CONTROL_PRESENT_NO_REQUEST,"fat-admin-explicit-read-actions.json execution status=SKIPPED_NOT_FILTER_CONTEXT; exact selector {""locator"": ""input, textarea"", ""placeholder_or_name"": ""End date""}",,Control was not actionable in the fresh page state
admin,Operation Management,Ops tools,/operations/ops-tools,input,Select date,,,,,,,No request captured,,,unverified,FAT admin authenticated browser session; exact role/permission mapping pending,No mutation observed,Page loaded,No request captured,,,,DOCUMENTED_UNVERIFIED,CONTROL_PRESENT_NO_REQUEST,"fat-admin-explicit-read-actions.json execution status=SKIPPED_NOT_FILTER_CONTEXT; exact selector {""locator"": ""input, textarea"", ""placeholder_or_name"": ""Select date""}",,Control was not actionable in the fresh page state
admin,Operation Management,Ops tools,/operations/ops-tools,input,Start date,,,,,,,No request captured,,,unverified,FAT admin authenticated browser session; exact role/permission mapping pending,No mutation observed,Page loaded,No request captured,,,,DOCUMENTED_UNVERIFIED,CONTROL_PRESENT_NO_REQUEST,"fat-admin-explicit-read-actions.json execution status=SKIPPED_NOT_FILTER_CONTEXT; exact selector {""locator"": ""input, textarea"", ""placeholder_or_name"": ""Start date""}",,Control was not actionable in the fresh page state
admin,Operation Management,Recharge Template,/operations/recharge-template,filter_submit,Apply registered filters via Search,GET,/admin/channel/promotion/deposit/list,"page,page_size",,,"accept,accept-language,client-id,client-version,d,lang,referer,sec-ch-ua,sec-ch-ua-mobile,sec-ch-ua-platform,t,user-agent,x-device-id",Query: current page filter/pagination; Header: authenticated browser session/runtime,200,True,"object; keys=d,t",FAT admin authenticated browser session; exact role/permission mapping pending,No mutation observed; registered low-risk interaction,Page reloaded and Network reached quiet state before action,Action response captured; no business mutation observed,admin/finance,充值模版列表,后台/渠道推广-充值模版/充值模版列表.bru,ACTIVE,YES,fat-admin-explicit-read-actions.json Network events 373; exact selector registered Query/Search selector from explicit action inventory,,
admin,Operation Management,Recharge Template,/operations/recharge-template,input,Page Size,,,,,,,No request captured,,,unverified,FAT admin authenticated browser session; exact role/permission mapping pending,No mutation observed,Page loaded,No request captured,,,,DOCUMENTED_UNVERIFIED,CONTROL_PRESENT_NO_REQUEST,"fat-admin-explicit-read-actions.json execution status=SKIPPED_NOT_ACTIONABLE; exact selector {""locator"": ""input, textarea"", ""placeholder_or_name"": ""Page Size""}",,Control was not actionable in the fresh page state
admin,Operation Management,Recharge Template,/operations/recharge-template,select,Page Size,,,,,,,No request captured,,,unverified,FAT admin authenticated browser session; exact role/permission mapping pending,No mutation observed,Page loaded,No request captured,,,,DOCUMENTED_UNVERIFIED,CONTROL_PRESENT_NO_REQUEST,"fat-admin-explicit-read-actions.json execution status=SKIPPED_NOT_ACTIONABLE; exact selector {""locator"": "".ant-layout-content .ant-select"", ""visible_text"": ""Page Size""}",,Control was not actionable in the fresh page state
admin,Operation Management,Recharge Template,/operations/recharge-template,input,Please enter,,,,,,,No request captured,,,unverified,FAT admin authenticated browser session; exact role/permission mapping pending,No mutation observed,Page loaded,No request captured,,,,DOCUMENTED_UNVERIFIED,CONTROL_PRESENT_NO_REQUEST,"fat-admin-explicit-read-actions.json execution status=SKIPPED_NOT_FILTER_CONTEXT; exact selector {""locator"": ""input, textarea"", ""placeholder_or_name"": ""Please enter""}",,Control was not actionable in the fresh page state
admin,Finance Management,Bet Management,/payment/betting-slip/list,filter_submit,Apply registered filters via Query,POST,/admin/record/bet,,,,"accept,accept-language,client-id,client-version,content-type,d,lang,referer,sec-ch-ua,sec-ch-ua-mobile,sec-ch-ua-platform,t,user-agent,x-device-id",Header: authenticated browser session/runtime,200,True,"object; keys=a,d,fd,s,t",FAT admin authenticated browser session; exact role/permission mapping pending,No mutation observed; registered low-risk interaction,Page reloaded and Network reached quiet state before action,Action response captured; no business mutation observed,admin/finance,游戏记录-wesley,后台/财务管理/注单管理/游戏记录-wesley.bru,ACTIVE,YES,fat-admin-explicit-read-actions.json Network events 301; exact selector registered Query/Search selector from explicit action inventory,,
admin,Finance Management,Bet Management,/payment/betting-slip/list,input,End Date,,,,,,,No request captured,,,unverified,FAT admin authenticated browser session; exact role/permission mapping pending,No mutation observed,Page loaded,No request captured,,,,DOCUMENTED_UNVERIFIED,CONTROL_PRESENT_NO_REQUEST,"fat-admin-explicit-read-actions.json execution status=INTERACTED; exact selector {""locator"": ""input, textarea"", ""placeholder_or_name"": ""End Date""}",,Click produced no XHR/fetch; navigation/DOM effect requires follow-up
admin,Finance Management,Bet Management,/payment/betting-slip/list,input,Maximum Amount,,,,,,,No request captured,,,unverified,FAT admin authenticated browser session; exact role/permission mapping pending,No mutation observed,Page loaded,No request captured,,,,DOCUMENTED_UNVERIFIED,CONTROL_PRESENT_NO_REQUEST,"fat-admin-explicit-read-actions.json execution status=INTERACTED; exact selector {""locator"": ""input, textarea"", ""placeholder_or_name"": ""Maximum Amount""}",,Click produced no XHR/fetch; navigation/DOM effect requires follow-up
admin,Finance Management,Bet Management,/payment/betting-slip/list,input,Minimum Amount,,,,,,,No request captured,,,unverified,FAT admin authenticated browser session; exact role/permission mapping pending,No mutation observed,Page loaded,No request captured,,,,DOCUMENTED_UNVERIFIED,CONTROL_PRESENT_NO_REQUEST,"fat-admin-explicit-read-actions.json execution status=INTERACTED; exact selector {""locator"": ""input, textarea"", ""placeholder_or_name"": ""Minimum Amount""}",,Click produced no XHR/fetch; navigation/DOM effect requires follow-up
admin,Finance Management,Bet Management,/payment/betting-slip/list,input,Page Size,,,,,,,No request captured,,,unverified,FAT admin authenticated browser session; exact role/permission mapping pending,No mutation observed,Page loaded,No request captured,,,,DOCUMENTED_UNVERIFIED,CONTROL_PRESENT_NO_REQUEST,"fat-admin-explicit-read-actions.json execution status=SKIPPED_NOT_ACTIONABLE; exact selector {""locator"": ""input, textarea"", ""placeholder_or_name"": ""Page Size""}",,Control was not actionable in the fresh page state
admin,Finance Management,Bet Management,/payment/betting-slip/list,select,Page Size,,,,,,,No request captured,,,unverified,FAT admin authenticated browser session; exact role/permission mapping pending,No mutation observed,Page loaded,No request captured,,,,DOCUMENTED_UNVERIFIED,CONTROL_PRESENT_NO_REQUEST,"fat-admin-explicit-read-actions.json execution status=SKIPPED_NOT_ACTIONABLE; exact selector {""locator"": "".ant-layout-content .ant-select"", ""visible_text"": ""Page Size""}",,Control was not actionable in the fresh page state
admin,Finance Management,Bet Management,/payment/betting-slip/list,select,Please select,,,,,,,No request captured,,,unverified,FAT admin authenticated browser session; exact role/permission mapping pending,No mutation observed,Page loaded,No request captured,,,,DOCUMENTED_UNVERIFIED,CONTROL_PRESENT_NO_REQUEST,"fat-admin-explicit-read-actions.json execution status=INTERACTED; exact selector {""locator"": "".ant-layout-content .ant-select"", ""visible_text"": ""Please select""}",,Click produced no XHR/fetch; navigation/DOM effect requires follow-up
admin,Finance Management,Bet Management,/payment/betting-slip/list,select,Select,,,,,,,No request captured,,,unverified,FAT admin authenticated browser session; exact role/permission mapping pending,No mutation observed,Page loaded,No request captured,,,,DOCUMENTED_UNVERIFIED,CONTROL_PRESENT_NO_REQUEST,"fat-admin-explicit-read-actions.json execution status=INTERACTED; exact selector {""locator"": "".ant-layout-content .ant-select"", ""visible_text"": ""Select""}",,Click produced no XHR/fetch; navigation/DOM effect requires follow-up
admin,Finance Management,Bet Management,/payment/betting-slip/list,input,Start Date,,,,,,,No request captured,,,unverified,FAT admin authenticated browser session; exact role/permission mapping pending,No mutation observed,Page loaded,No request captured,,,,DOCUMENTED_UNVERIFIED,CONTROL_PRESENT_NO_REQUEST,"fat-admin-explicit-read-actions.json execution status=INTERACTED; exact selector {""locator"": ""input, textarea"", ""placeholder_or_name"": ""Start Date""}",,Click produced no XHR/fetch; navigation/DOM effect requires follow-up
admin,Finance Management,Bet Management,/payment/betting-slip/list,input,"Supports batch query, 1–5000 characters, separated by commas",,,,,,,No request captured,,,unverified,FAT admin authenticated browser session; exact role/permission mapping pending,No mutation observed,Page loaded,No request captured,,,,DOCUMENTED_UNVERIFIED,CONTROL_PRESENT_NO_REQUEST,"fat-admin-explicit-read-actions.json execution status=INTERACTED; exact selector {""locator"": ""input, textarea"", ""placeholder_or_name"": ""Supports batch query, 1–5000 characters, separated by commas""}",,Click produced no XHR/fetch; navigation/DOM effect requires follow-up
admin,Finance Management,Payment Channels,/payment/channel-ordersV2,filter_submit,Apply registered filters via Query,GET,/admin/finance/payment/platform/list,"mode,name,page,page_size,state,updated_name",,,"accept,accept-language,client-id,client-version,d,lang,referer,sec-ch-ua,sec-ch-ua-mobile,sec-ch-ua-platform,t,user-agent,x-device-id",Query: current page filter/pagination; Header: authenticated browser session/runtime,200,True,"object; keys=d,s,t",FAT admin authenticated browser session; exact role/permission mapping pending,No mutation observed; registered low-risk interaction,Page reloaded and Network reached quiet state before action,Action response captured; no business mutation observed,admin/finance,支付平台列表,后台/财务管理/支付渠道/支付平台列表.bru,ACTIVE,YES,fat-admin-explicit-read-actions.json Network events 337; exact selector registered Query/Search selector from explicit action inventory,,
admin,Finance Management,Payment Channels,/payment/channel-ordersV2,input,End Date,,,,,,,No request captured,,,unverified,FAT admin authenticated browser session; exact role/permission mapping pending,No mutation observed,Page loaded,No request captured,,,,DOCUMENTED_UNVERIFIED,CONTROL_PRESENT_NO_REQUEST,"fat-admin-explicit-read-actions.json execution status=INTERACTED; exact selector {""locator"": ""input, textarea"", ""placeholder_or_name"": ""End Date""}",,Click produced no XHR/fetch; navigation/DOM effect requires follow-up
admin,Finance Management,Payment Channels,/payment/channel-ordersV2,input,Page Size,,,,,,,No request captured,,,unverified,FAT admin authenticated browser session; exact role/permission mapping pending,No mutation observed,Page loaded,No request captured,,,,DOCUMENTED_UNVERIFIED,CONTROL_PRESENT_NO_REQUEST,"fat-admin-explicit-read-actions.json execution status=SKIPPED_NOT_ACTIONABLE; exact selector {""locator"": ""input, textarea"", ""placeholder_or_name"": ""Page Size""}",,Control was not actionable in the fresh page state
admin,Finance Management,Payment Channels,/payment/channel-ordersV2,select,Page Size,,,,,,,No request captured,,,unverified,FAT admin authenticated browser session; exact role/permission mapping pending,No mutation observed,Page loaded,No request captured,,,,DOCUMENTED_UNVERIFIED,CONTROL_PRESENT_NO_REQUEST,"fat-admin-explicit-read-actions.json execution status=SKIPPED_NOT_ACTIONABLE; exact selector {""locator"": "".ant-layout-content .ant-select"", ""visible_text"": ""Page Size""}",,Control was not actionable in the fresh page state
admin,Finance Management,Payment Channels,/payment/channel-ordersV2,input,Please enter,,,,,,,No request captured,,,unverified,FAT admin authenticated browser session; exact role/permission mapping pending,No mutation observed,Page loaded,No request captured,,,,DOCUMENTED_UNVERIFIED,CONTROL_PRESENT_NO_REQUEST,"fat-admin-explicit-read-actions.json execution status=INTERACTED; exact selector {""locator"": ""input, textarea"", ""placeholder_or_name"": ""Please enter""}",,Click produced no XHR/fetch; navigation/DOM effect requires follow-up
admin,Finance Management,Payment Channels,/payment/channel-ordersV2,input,Start Date,,,,,,,No request captured,,,unverified,FAT admin authenticated browser session; exact role/permission mapping pending,No mutation observed,Page loaded,No request captured,,,,DOCUMENTED_UNVERIFIED,CONTROL_PRESENT_NO_REQUEST,"fat-admin-explicit-read-actions.json execution status=INTERACTED; exact selector {""locator"": ""input, textarea"", ""placeholder_or_name"": ""Start Date""}",,Click produced no XHR/fetch; navigation/DOM effect requires follow-up
admin,Finance Management,Payment Channels,/payment/channel-ordersV2,input,支持模糊查询，1-100个字符长度,,,,,,,No request captured,,,unverified,FAT admin authenticated browser session; exact role/permission mapping pending,No mutation observed,Page loaded,No request captured,,,,DOCUMENTED_UNVERIFIED,CONTROL_PRESENT_NO_REQUEST,"fat-admin-explicit-read-actions.json execution status=INTERACTED; exact selector {""locator"": ""input, textarea"", ""placeholder_or_name"": ""支持模糊查询，1-100个字符长度""}",,Click produced no XHR/fetch; navigation/DOM effect requires follow-up
admin,Finance Management,Payment Channels,/payment/channel-ordersV2,select,渠道状态,,,,,,,No request captured,,,unverified,FAT admin authenticated browser session; exact role/permission mapping pending,No mutation observed,Page loaded,No request captured,,,,DOCUMENTED_UNVERIFIED,CONTROL_PRESENT_NO_REQUEST,"fat-admin-explicit-read-actions.json execution status=INTERACTED; exact selector {""locator"": "".ant-layout-content .ant-select"", ""visible_text"": ""渠道状态""}",,Click produced no XHR/fetch; navigation/DOM effect requires follow-up
admin,Finance Management,Recharge Card Order,/payment/recharge-card-orders/list,filter_submit,Apply registered filters via Query,POST,/admin/finance/lazada/order/list,,,,"accept,accept-language,client-id,client-version,content-type,d,lang,referer,sec-ch-ua,sec-ch-ua-mobile,sec-ch-ua-platform,t,user-agent,x-device-id",Header: authenticated browser session/runtime,200,True,"object; keys=all,list,page,sub,total",FAT admin authenticated browser session; exact role/permission mapping pending,No mutation observed; registered low-risk interaction,Page reloaded and Network reached quiet state before action,Action response captured; no business mutation observed,admin/finance,lazada-订单列表-owen,后台/财务管理/lazada订单/lazada-订单列表-owen.bru,ACTIVE,YES,fat-admin-explicit-read-actions.json Network events 355; exact selector registered Query/Search selector from explicit action inventory,,
admin,Finance Management,Recharge Card Order,/payment/recharge-card-orders/list,input,End Date,,,,,,,No request captured,,,unverified,FAT admin authenticated browser session; exact role/permission mapping pending,No mutation observed,Page loaded,No request captured,,,,DOCUMENTED_UNVERIFIED,CONTROL_PRESENT_NO_REQUEST,"fat-admin-explicit-read-actions.json execution status=INTERACTED; exact selector {""locator"": ""input, textarea"", ""placeholder_or_name"": ""End Date""}",,Click produced no XHR/fetch; navigation/DOM effect requires follow-up
admin,Finance Management,Recharge Card Order,/payment/recharge-card-orders/list,select,Please select order status,,,,,,,No request captured,,,unverified,FAT admin authenticated browser session; exact role/permission mapping pending,No mutation observed,Page loaded,No request captured,,,,DOCUMENTED_UNVERIFIED,CONTROL_PRESENT_NO_REQUEST,"fat-admin-explicit-read-actions.json execution status=INTERACTED; exact selector {""locator"": "".ant-layout-content .ant-select"", ""visible_text"": ""Please select order status""}",,Click produced no XHR/fetch; navigation/DOM effect requires follow-up
admin,Finance Management,Recharge Card Order,/payment/recharge-card-orders/list,select,Please select product status,,,,,,,No request captured,,,unverified,FAT admin authenticated browser session; exact role/permission mapping pending,No mutation observed,Page loaded,No request captured,,,,DOCUMENTED_UNVERIFIED,CONTROL_PRESENT_NO_REQUEST,"fat-admin-explicit-read-actions.json execution status=INTERACTED; exact selector {""locator"": "".ant-layout-content .ant-select"", ""visible_text"": ""Please select product status""}",,Click produced no XHR/fetch; navigation/DOM effect requires follow-up
admin,Finance Management,Recharge Card Order,/payment/recharge-card-orders/list,input,Start Date,,,,,,,No request captured,,,unverified,FAT admin authenticated browser session; exact role/permission mapping pending,No mutation observed,Page loaded,No request captured,,,,DOCUMENTED_UNVERIFIED,CONTROL_PRESENT_NO_REQUEST,"fat-admin-explicit-read-actions.json execution status=INTERACTED; exact selector {""locator"": ""input, textarea"", ""placeholder_or_name"": ""Start Date""}",,Click produced no XHR/fetch; navigation/DOM effect requires follow-up
admin,Finance Management,Recharge Card Order,/payment/recharge-card-orders/list,input,"Supports batch query, separated by ',' up to 5000 items",,,,,,,No request captured,,,unverified,FAT admin authenticated browser session; exact role/permission mapping pending,No mutation observed,Page loaded,No request captured,,,,DOCUMENTED_UNVERIFIED,CONTROL_PRESENT_NO_REQUEST,"fat-admin-explicit-read-actions.json execution status=INTERACTED; exact selector {""locator"": ""input, textarea"", ""placeholder_or_name"": ""Supports batch query, separated by ',' up to 5000 items""}",,Click produced no XHR/fetch; navigation/DOM effect requires follow-up
admin,Finance Management,Recharge Card Order,/payment/recharge-card-orders/list,input,Supports fuzzy search,,,,,,,No request captured,,,unverified,FAT admin authenticated browser session; exact role/permission mapping pending,No mutation observed,Page loaded,No request captured,,,,DOCUMENTED_UNVERIFIED,CONTROL_PRESENT_NO_REQUEST,"fat-admin-explicit-read-actions.json execution status=INTERACTED; exact selector {""locator"": ""input, textarea"", ""placeholder_or_name"": ""Supports fuzzy search""}",,Click produced no XHR/fetch; navigation/DOM effect requires follow-up
admin,Finance Management,Deposit Record,/payment/recharge-orders/list,filter_submit,Apply registered filters via Query,POST,/admin/finance/deposit/list,,,,"accept,accept-language,client-id,client-version,content-type,d,lang,referer,sec-ch-ua,sec-ch-ua-mobile,sec-ch-ua-platform,t,user-agent,x-device-id",Header: authenticated browser session/runtime,200,True,"object; keys=d,s,summary,t",FAT admin authenticated browser session; exact role/permission mapping pending,No mutation observed; registered low-risk interaction,Page reloaded and Network reached quiet state before action,Action response captured; no business mutation observed,admin/finance,充值列表-wesley,后台/财务管理/存款记录/充值列表-wesley.bru,ACTIVE,YES,fat-admin-explicit-read-actions.json Network events 264; exact selector registered Query/Search selector from explicit action inventory,,
admin,Finance Management,Deposit Record,/payment/recharge-orders/list,select,Deposit Channel Name,,,,,,,No request captured,,,unverified,FAT admin authenticated browser session; exact role/permission mapping pending,No mutation observed,Page loaded,No request captured,,,,DOCUMENTED_UNVERIFIED,CONTROL_PRESENT_NO_REQUEST,"fat-admin-explicit-read-actions.json execution status=ERROR; exact selector {""locator"": "".ant-layout-content .ant-select"", ""visible_text"": ""Deposit Channel Name""}","TimeoutError: locator.click: Timeout 2000ms exceeded.
Call log:
[2m  - waiting for locator('.ant-select-dropdown:visible .ant-select-item-option:not(.ant-select-item-option-disabled)').first()[22m
[2m    - locator resolved to <div title=""Opening"" aria-selected=""true"" data-item=""[object Object]"" class=""ant-select-item ant-select-item-option ant-pro-filed-search-select-option ant-select-item-option-active ant-select-item-option-selected"">…</div>[22m
[2m  - attempting click action[22m
[2m    - waiting for element to be visible, enabled and stable[22m
[2m    - element is visible, enabled and stable[22m
[2m    - scrolling into view if needed[22m
[2m    - done scrolling[22m
[2m    - <div class=""ant-row ant-row-start ant-pro-query-filter-row css-jcwvac css-jcwvac"">…</div> from <div id=""root"">…</div> subtree intercepts pointer events[22m
[2m  - retrying click action[22m
[2m    - waiting for element to be visible, enabled and stable[22m
[2m    - element is not stable[22m
[2m  - retrying click action[22m
[2m    - waiting 20ms[22m
[2m    2 × waiting for element to be visible, enabled and stable[22m
[2m      - element is not stable[22m
[2m    - retrying click action[22m
[2m      - waiting 100ms[22m
[2m    4 × waiting for element to be visible, enabled and stable[22m
[2m      - element is not visible[22m
[2m    - retrying click action[22m
[2m      - waiting 500ms[22m",Click produced no XHR/fetch; navigation/DOM effect requires follow-up
admin,Finance Management,Deposit Record,/payment/recharge-orders/list,input,End Date,,,,,,,No request captured,,,unverified,FAT admin authenticated browser session; exact role/permission mapping pending,No mutation observed,Page loaded,No request captured,,,,DOCUMENTED_UNVERIFIED,CONTROL_PRESENT_NO_REQUEST,"fat-admin-explicit-read-actions.json execution status=INTERACTED; exact selector {""locator"": ""input, textarea"", ""placeholder_or_name"": ""End Date""}",,Click produced no XHR/fetch; navigation/DOM effect requires follow-up
admin,Finance Management,Deposit Record,/payment/recharge-orders/list,input,Maximum Amount,,,,,,,No request captured,,,unverified,FAT admin authenticated browser session; exact role/permission mapping pending,No mutation observed,Page loaded,No request captured,,,,DOCUMENTED_UNVERIFIED,CONTROL_PRESENT_NO_REQUEST,"fat-admin-explicit-read-actions.json execution status=INTERACTED; exact selector {""locator"": ""input, textarea"", ""placeholder_or_name"": ""Maximum Amount""}",,Click produced no XHR/fetch; navigation/DOM effect requires follow-up
admin,Finance Management,Deposit Record,/payment/recharge-orders/list,input,Minimum Amount,,,,,,,No request captured,,,unverified,FAT admin authenticated browser session; exact role/permission mapping pending,No mutation observed,Page loaded,No request captured,,,,DOCUMENTED_UNVERIFIED,CONTROL_PRESENT_NO_REQUEST,"fat-admin-explicit-read-actions.json execution status=INTERACTED; exact selector {""locator"": ""input, textarea"", ""placeholder_or_name"": ""Minimum Amount""}",,Click produced no XHR/fetch; navigation/DOM effect requires follow-up
admin,Finance Management,Deposit Record,/payment/recharge-orders/list,select,Please select,,,,,,,No request captured,,,unverified,FAT admin authenticated browser session; exact role/permission mapping pending,No mutation observed,Page loaded,No request captured,,,,DOCUMENTED_UNVERIFIED,CONTROL_PRESENT_NO_REQUEST,"fat-admin-explicit-read-actions.json execution status=INTERACTED; exact selector {""locator"": "".ant-layout-content .ant-select"", ""visible_text"": ""Please select""}",,Click produced no XHR/fetch; navigation/DOM effect requires follow-up
admin,Finance Management,Deposit Record,/payment/recharge-orders/list,select,Select VIP level,,,,,,,No request captured,,,unverified,FAT admin authenticated browser session; exact role/permission mapping pending,No mutation observed,Page loaded,No request captured,,,,DOCUMENTED_UNVERIFIED,CONTROL_PRESENT_NO_REQUEST,"fat-admin-explicit-read-actions.json execution status=ERROR; exact selector {""locator"": "".ant-layout-content .ant-select"", ""visible_text"": ""Select VIP level""}","TimeoutError: locator.click: Timeout 2000ms exceeded.
Call log:
[2m  - waiting for locator('.ant-layout-content .ant-select').filter({ hasText: /^\s*Select VIP level\s*$/ }).first()[22m
[2m    - locator resolved to <div class=""ant-select ant-select-outlined ant-select-in-form-item ant-pro-filed-search-select css-jcwvac ant-select-multiple ant-select-allow-clear ant-select-show-arrow ant-select-show-search"">…</div>[22m
[2m  - attempting click action[22m
[2m    2 × waiting for element to be visible, enabled and stable[22m
[2m      - element is visible, enabled and stable[22m
[2m      - scrolling into view if needed[22m
[2m      - done scrolling[22m
[2m      - <div class=""ant-select-item-option-content"">GcashGcash</div> from <div>…</div> subtree intercepts pointer events[22m
[2m    - retrying click action[22m
[2m    - waiting 20ms[22m
[2m    2 × waiting for element to be visible, enabled and stable[22m
[2m      - element is visible, enabled and stable[22m
[2m      - scrolling into view if needed[22m
[2m      - done scrolling[22m
[2m      - <div class=""ant-select-item-option-content"">GcashGcash</div> from <div>…</div> subtree intercepts pointer events[22m
[2m    - retrying click action[22m
[2m      - waiting 100ms[22m
[2m    4 × waiting for element to be visible, enabled and stable[22m
[2m      - element is visible, enabled and stable[22m
[2m      - scrolling into view if needed[22m
[2m      - done scrolling[22m
[2m      - <div class=""ant-select-item-option-content"">GcashGcash</div> from <div>…</div> subtree intercepts pointer events[22m
[2m    - retrying click action[22m
[2m      - waiting 500ms[22m",Click produced no XHR/fetch; navigation/DOM effect requires follow-up
admin,Finance Management,Deposit Record,/payment/recharge-orders/list,input,Start Date,,,,,,,No request captured,,,unverified,FAT admin authenticated browser session; exact role/permission mapping pending,No mutation observed,Page loaded,No request captured,,,,DOCUMENTED_UNVERIFIED,CONTROL_PRESENT_NO_REQUEST,"fat-admin-explicit-read-actions.json execution status=INTERACTED; exact selector {""locator"": ""input, textarea"", ""placeholder_or_name"": ""Start Date""}",,Click produced no XHR/fetch; navigation/DOM effect requires follow-up
admin,Finance Management,Deposit Record,/payment/recharge-orders/list,input,"Supports batch query, 1–5000 characters, separated by commas",,,,,,,No request captured,,,unverified,FAT admin authenticated browser session; exact role/permission mapping pending,No mutation observed,Page loaded,No request captured,,,,DOCUMENTED_UNVERIFIED,CONTROL_PRESENT_NO_REQUEST,"fat-admin-explicit-read-actions.json execution status=INTERACTED; exact selector {""locator"": ""input, textarea"", ""placeholder_or_name"": ""Supports batch query, 1–5000 characters, separated by commas""}",,Click produced no XHR/fetch; navigation/DOM effect requires follow-up
admin,Finance Management,Member Wallet Transactions,/payment/transaction-orders,input,End Date,,,,,,,No request captured,,,unverified,FAT admin authenticated browser session; exact role/permission mapping pending,No mutation observed,Page loaded,No request captured,,,,DOCUMENTED_UNVERIFIED,CONTROL_PRESENT_NO_REQUEST,"fat-admin-explicit-read-actions.json execution status=INTERACTED; exact selector {""locator"": ""input, textarea"", ""placeholder_or_name"": ""End Date""}",,Click produced no XHR/fetch; navigation/DOM effect requires follow-up
admin,Finance Management,Member Wallet Transactions,/payment/transaction-orders,input,Maximum Amount,,,,,,,No request captured,,,unverified,FAT admin authenticated browser session; exact role/permission mapping pending,No mutation observed,Page loaded,No request captured,,,,DOCUMENTED_UNVERIFIED,CONTROL_PRESENT_NO_REQUEST,"fat-admin-explicit-read-actions.json execution status=INTERACTED; exact selector {""locator"": ""input, textarea"", ""placeholder_or_name"": ""Maximum Amount""}",,Click produced no XHR/fetch; navigation/DOM effect requires follow-up
admin,Finance Management,Member Wallet Transactions,/payment/transaction-orders,input,Minimum Amount,,,,,,,No request captured,,,unverified,FAT admin authenticated browser session; exact role/permission mapping pending,No mutation observed,Page loaded,No request captured,,,,DOCUMENTED_UNVERIFIED,CONTROL_PRESENT_NO_REQUEST,"fat-admin-explicit-read-actions.json execution status=INTERACTED; exact selector {""locator"": ""input, textarea"", ""placeholder_or_name"": ""Minimum Amount""}",,Click produced no XHR/fetch; navigation/DOM effect requires follow-up
admin,Finance Management,Member Wallet Transactions,/payment/transaction-orders,input,Page Size,,,,,,,No request captured,,,unverified,FAT admin authenticated browser session; exact role/permission mapping pending,No mutation observed,Page loaded,No request captured,,,,DOCUMENTED_UNVERIFIED,CONTROL_PRESENT_NO_REQUEST,"fat-admin-explicit-read-actions.json execution status=SKIPPED_NOT_ACTIONABLE; exact selector {""locator"": ""input, textarea"", ""placeholder_or_name"": ""Page Size""}",,Control was not actionable in the fresh page state
admin,Finance Management,Member Wallet Transactions,/payment/transaction-orders,select,Page Size,,,,,,,No request captured,,,unverified,FAT admin authenticated browser session; exact role/permission mapping pending,No mutation observed,Page loaded,No request captured,,,,DOCUMENTED_UNVERIFIED,CONTROL_PRESENT_NO_REQUEST,"fat-admin-explicit-read-actions.json execution status=SKIPPED_NOT_ACTIONABLE; exact selector {""locator"": "".ant-layout-content .ant-select"", ""visible_text"": ""Page Size""}",,Control was not actionable in the fresh page state
admin,Finance Management,Member Wallet Transactions,/payment/transaction-orders,select,Please select,,,,,,,No request captured,,,unverified,FAT admin authenticated browser session; exact role/permission mapping pending,No mutation observed,Page loaded,No request captured,,,,DOCUMENTED_UNVERIFIED,CONTROL_PRESENT_NO_REQUEST,"fat-admin-explicit-read-actions.json execution status=INTERACTED; exact selector {""locator"": "".ant-layout-content .ant-select"", ""visible_text"": ""Please select""}",,Click produced no XHR/fetch; navigation/DOM effect requires follow-up
admin,Finance Management,Member Wallet Transactions,/payment/transaction-orders,input,Start Date,,,,,,,No request captured,,,unverified,FAT admin authenticated browser session; exact role/permission mapping pending,No mutation observed,Page loaded,No request captured,,,,DOCUMENTED_UNVERIFIED,CONTROL_PRESENT_NO_REQUEST,"fat-admin-explicit-read-actions.json execution status=INTERACTED; exact selector {""locator"": ""input, textarea"", ""placeholder_or_name"": ""Start Date""}",,Click produced no XHR/fetch; navigation/DOM effect requires follow-up
admin,Finance Management,Member Wallet Transactions,/payment/transaction-orders,input,"Supports batch query, 1–5000 characters, separated by commas",,,,,,,No request captured,,,unverified,FAT admin authenticated browser session; exact role/permission mapping pending,No mutation observed,Page loaded,No request captured,,,,DOCUMENTED_UNVERIFIED,CONTROL_PRESENT_NO_REQUEST,"fat-admin-explicit-read-actions.json execution status=INTERACTED; exact selector {""locator"": ""input, textarea"", ""placeholder_or_name"": ""Supports batch query, 1–5000 characters, separated by commas""}",,Click produced no XHR/fetch; navigation/DOM effect requires follow-up
admin,Finance Management,Withdrawal Record,/payment/withdraw-orders/list,filter_submit,Apply registered filters via Query,POST,/admin/finance/withdraw/list,,,,"accept,accept-language,client-id,client-version,content-type,d,lang,referer,sec-ch-ua,sec-ch-ua-mobile,sec-ch-ua-platform,t,user-agent,x-device-id",Header: authenticated browser session/runtime,200,True,"object; keys=d,s,summary,t",FAT admin authenticated browser session; exact role/permission mapping pending,No mutation observed; registered low-risk interaction,Page reloaded and Network reached quiet state before action,Action response captured; no business mutation observed,admin/finance,提现列表-wesley,后台/财务管理/提现记录/提现列表-wesley.bru,ACTIVE,YES,fat-admin-explicit-read-actions.json Network events 283; exact selector registered Query/Search selector from explicit action inventory,,
admin,Finance Management,Withdrawal Record,/payment/withdraw-orders/list,input,End Date,,,,,,,No request captured,,,unverified,FAT admin authenticated browser session; exact role/permission mapping pending,No mutation observed,Page loaded,No request captured,,,,DOCUMENTED_UNVERIFIED,CONTROL_PRESENT_NO_REQUEST,"fat-admin-explicit-read-actions.json execution status=INTERACTED; exact selector {""locator"": ""input, textarea"", ""placeholder_or_name"": ""End Date""}",,Click produced no XHR/fetch; navigation/DOM effect requires follow-up
admin,Finance Management,Withdrawal Record,/payment/withdraw-orders/list,input,Maximum Amount,,,,,,,No request captured,,,unverified,FAT admin authenticated browser session; exact role/permission mapping pending,No mutation observed,Page loaded,No request captured,,,,DOCUMENTED_UNVERIFIED,CONTROL_PRESENT_NO_REQUEST,"fat-admin-explicit-read-actions.json execution status=INTERACTED; exact selector {""locator"": ""input, textarea"", ""placeholder_or_name"": ""Maximum Amount""}",,Click produced no XHR/fetch; navigation/DOM effect requires follow-up
admin,Finance Management,Withdrawal Record,/payment/withdraw-orders/list,input,Minimum Amount,,,,,,,No request captured,,,unverified,FAT admin authenticated browser session; exact role/permission mapping pending,No mutation observed,Page loaded,No request captured,,,,DOCUMENTED_UNVERIFIED,CONTROL_PRESENT_NO_REQUEST,"fat-admin-explicit-read-actions.json execution status=INTERACTED; exact selector {""locator"": ""input, textarea"", ""placeholder_or_name"": ""Minimum Amount""}",,Click produced no XHR/fetch; navigation/DOM effect requires follow-up
admin,Finance Management,Withdrawal Record,/payment/withdraw-orders/list,input,Start Date,,,,,,,No request captured,,,unverified,FAT admin authenticated browser session; exact role/permission mapping pending,No mutation observed,Page loaded,No request captured,,,,DOCUMENTED_UNVERIFIED,CONTROL_PRESENT_NO_REQUEST,"fat-admin-explicit-read-actions.json execution status=INTERACTED; exact selector {""locator"": ""input, textarea"", ""placeholder_or_name"": ""Start Date""}",,Click produced no XHR/fetch; navigation/DOM effect requires follow-up
admin,Finance Management,Withdrawal Record,/payment/withdraw-orders/list,select,Status,,,,,,,No request captured,,,unverified,FAT admin authenticated browser session; exact role/permission mapping pending,No mutation observed,Page loaded,No request captured,,,,DOCUMENTED_UNVERIFIED,CONTROL_PRESENT_NO_REQUEST,"fat-admin-explicit-read-actions.json execution status=INTERACTED; exact selector {""locator"": "".ant-layout-content .ant-select"", ""visible_text"": ""Status""}",,Click produced no XHR/fetch; navigation/DOM effect requires follow-up
admin,Finance Management,Withdrawal Record,/payment/withdraw-orders/list,input,"Supports batch query, 1–5000 characters, separated by commas",,,,,,,No request captured,,,unverified,FAT admin authenticated browser session; exact role/permission mapping pending,No mutation observed,Page loaded,No request captured,,,,DOCUMENTED_UNVERIFIED,CONTROL_PRESENT_NO_REQUEST,"fat-admin-explicit-read-actions.json execution status=INTERACTED; exact selector {""locator"": ""input, textarea"", ""placeholder_or_name"": ""Supports batch query, 1–5000 characters, separated by commas""}",,Click produced no XHR/fetch; navigation/DOM effect requires follow-up
admin,Finance Management,Withdrawal Record,/payment/withdraw-orders/list,select,Withdrawal Channel Name,,,,,,,No request captured,,,unverified,FAT admin authenticated browser session; exact role/permission mapping pending,No mutation observed,Page loaded,No request captured,,,,DOCUMENTED_UNVERIFIED,CONTROL_PRESENT_NO_REQUEST,"fat-admin-explicit-read-actions.json execution status=ERROR; exact selector {""locator"": "".ant-layout-content .ant-select"", ""visible_text"": ""Withdrawal Channel Name""}","TimeoutError: locator.click: Timeout 2000ms exceeded.
Call log:
[2m  - waiting for locator('.ant-select-dropdown:visible .ant-select-item-option:not(.ant-select-item-option-disabled)').first()[22m
[2m    - locator resolved to <div aria-selected=""true"" title=""Under Review"" data-item=""[object Object]"" class=""ant-select-item ant-select-item-option ant-pro-filed-search-select-option ant-select-item-option-active ant-select-item-option-selected"">…</div>[22m
[2m  - attempting click action[22m
[2m    - waiting for element to be visible, enabled and stable[22m
[2m    - element is visible, enabled and stable[22m
[2m    - scrolling into view if needed[22m
[2m    - done scrolling[22m
[2m    - <div class=""ant-row ant-row-start ant-pro-query-filter-row css-jcwvac css-jcwvac"">…</div> from <div id=""root"">…</div> subtree intercepts pointer events[22m
[2m  - retrying click action[22m
[2m    - waiting for element to be visible, enabled and stable[22m
[2m    - element is not stable[22m
[2m  - retrying click action[22m
[2m    - waiting 20ms[22m
[2m    2 × waiting for element to be visible, enabled and stable[22m
[2m      - element is not stable[22m
[2m    - retrying click action[22m
[2m      - waiting 100ms[22m
[2m    4 × waiting for element to be visible, enabled and stable[22m
[2m      - element is not visible[22m
[2m    - retrying click action[22m
[2m      - waiting 500ms[22m",Click produced no XHR/fetch; navigation/DOM effect requires follow-up
admin,Promo Marketing,Channel Management,/promo-marketing/channels,filter_submit,Apply registered filters via Query,GET,/admin/channel/manage/list,"page,page_size,state",,,"accept,accept-language,client-id,client-version,d,lang,referer,sec-ch-ua,sec-ch-ua-mobile,sec-ch-ua-platform,t,user-agent,x-device-id",Query: current page filter/pagination; Header: authenticated browser session/runtime,200,True,"object; keys=d,s,t",FAT admin authenticated browser session; exact role/permission mapping pending,No mutation observed; registered low-risk interaction,Page reloaded and Network reached quiet state before action,Action response captured; no business mutation observed,admin/other,渠道管理列表-todo,后台/运营管理/推广管理/渠道管理/渠道管理列表-todo.bru,ACTIVE,YES,fat-admin-explicit-read-actions.json Network events 710; exact selector registered Query/Search selector from explicit action inventory,,
admin,Promo Marketing,Channel Management,/promo-marketing/channels,input,End Time,,,,,,,No request captured,,,unverified,FAT admin authenticated browser session; exact role/permission mapping pending,No mutation observed,Page loaded,No request captured,,,,DOCUMENTED_UNVERIFIED,CONTROL_PRESENT_NO_REQUEST,"fat-admin-explicit-read-actions.json execution status=INTERACTED; exact selector {""locator"": ""input, textarea"", ""placeholder_or_name"": ""End Time""}",,Click produced no XHR/fetch; navigation/DOM effect requires follow-up
admin,Promo Marketing,Channel Management,/promo-marketing/channels,input,Page,,,,,,,No request captured,,,unverified,FAT admin authenticated browser session; exact role/permission mapping pending,No mutation observed,Page loaded,No request captured,,,,DOCUMENTED_UNVERIFIED,CONTROL_PRESENT_NO_REQUEST,"fat-admin-explicit-read-actions.json execution status=SKIPPED_NOT_ACTIONABLE; exact selector {""locator"": ""input, textarea"", ""placeholder_or_name"": ""Page""}",,Control was not actionable in the fresh page state
admin,Promo Marketing,Channel Management,/promo-marketing/channels,input,Page Size,,,,,,,No request captured,,,unverified,FAT admin authenticated browser session; exact role/permission mapping pending,No mutation observed,Page loaded,No request captured,,,,DOCUMENTED_UNVERIFIED,CONTROL_PRESENT_NO_REQUEST,"fat-admin-explicit-read-actions.json execution status=SKIPPED_NOT_ACTIONABLE; exact selector {""locator"": ""input, textarea"", ""placeholder_or_name"": ""Page Size""}",,Control was not actionable in the fresh page state
admin,Promo Marketing,Channel Management,/promo-marketing/channels,select,Page Size,,,,,,,No request captured,,,unverified,FAT admin authenticated browser session; exact role/permission mapping pending,No mutation observed,Page loaded,No request captured,,,,DOCUMENTED_UNVERIFIED,CONTROL_PRESENT_NO_REQUEST,"fat-admin-explicit-read-actions.json execution status=SKIPPED_NOT_ACTIONABLE; exact selector {""locator"": "".ant-layout-content .ant-select"", ""visible_text"": ""Page Size""}",,Control was not actionable in the fresh page state
admin,Promo Marketing,Channel Management,/promo-marketing/channels,input,Please enter,,,,,,,No request captured,,,unverified,FAT admin authenticated browser session; exact role/permission mapping pending,No mutation observed,Page loaded,No request captured,,,,DOCUMENTED_UNVERIFIED,CONTROL_PRESENT_NO_REQUEST,"fat-admin-explicit-read-actions.json execution status=SKIPPED_NOT_FILTER_CONTEXT; exact selector {""locator"": ""input, textarea"", ""placeholder_or_name"": ""Please enter""}",,Control was not actionable in the fresh page state
admin,Promo Marketing,Channel Management,/promo-marketing/channels,select,Please select,,,,,,,No request captured,,,unverified,FAT admin authenticated browser session; exact role/permission mapping pending,No mutation observed,Page loaded,No request captured,,,,DOCUMENTED_UNVERIFIED,CONTROL_PRESENT_NO_REQUEST,"fat-admin-explicit-read-actions.json execution status=INTERACTED; exact selector {""locator"": "".ant-layout-content .ant-select"", ""visible_text"": ""Please select""}",,Click produced no XHR/fetch; navigation/DOM effect requires follow-up
admin,Promo Marketing,Channel Management,/promo-marketing/channels,input,Select all,,,,,,,No request captured,,,unverified,FAT admin authenticated browser session; exact role/permission mapping pending,No mutation observed,Page loaded,No request captured,,,,DOCUMENTED_UNVERIFIED,CONTROL_PRESENT_NO_REQUEST,"fat-admin-explicit-read-actions.json execution status=SKIPPED_NOT_ACTIONABLE; exact selector {""locator"": ""input, textarea"", ""placeholder_or_name"": ""Select all""}",,Control was not actionable in the fresh page state
admin,Promo Marketing,Channel Management,/promo-marketing/channels,input,Start Time,,,,,,,No request captured,,,unverified,FAT admin authenticated browser session; exact role/permission mapping pending,No mutation observed,Page loaded,No request captured,,,,DOCUMENTED_UNVERIFIED,CONTROL_PRESENT_NO_REQUEST,"fat-admin-explicit-read-actions.json execution status=INTERACTED; exact selector {""locator"": ""input, textarea"", ""placeholder_or_name"": ""Start Time""}",,Click produced no XHR/fetch; navigation/DOM effect requires follow-up
admin,Promo Marketing,Channel Management,/promo-marketing/channels,input,checkbox,,,,,,,No request captured,,,unverified,FAT admin authenticated browser session; exact role/permission mapping pending,No mutation observed,Page loaded,No request captured,,,,DOCUMENTED_UNVERIFIED,CONTROL_PRESENT_NO_REQUEST,"fat-admin-explicit-read-actions.json execution status=SKIPPED_NOT_ACTIONABLE; exact selector {""locator"": ""input, textarea"", ""placeholder_or_name"": ""checkbox""}",,Control was not actionable in the fresh page state
admin,Promo Marketing,Promo Marketing Effect,/promo-marketing/effect-evaluation,select,全部,,,,,,,No request captured,,,unverified,FAT admin authenticated browser session; exact role/permission mapping pending,No mutation observed,Page loaded,No request captured,,,,DOCUMENTED_UNVERIFIED,CONTROL_PRESENT_NO_REQUEST,"fat-admin-explicit-read-actions.json execution status=SKIPPED_NOT_FILTER_CONTEXT; exact selector {""locator"": "".ant-layout-content .ant-select"", ""visible_text"": ""全部""}",,Control was not actionable in the fresh page state
admin,Promo Marketing,Promo Marketing Effect,/promo-marketing/effect-evaluation,input,开始时间,,,,,,,No request captured,,,unverified,FAT admin authenticated browser session; exact role/permission mapping pending,No mutation observed,Page loaded,No request captured,,,,DOCUMENTED_UNVERIFIED,CONTROL_PRESENT_NO_REQUEST,"fat-admin-explicit-read-actions.json execution status=SKIPPED_NOT_FILTER_CONTEXT; exact selector {""locator"": ""input, textarea"", ""placeholder_or_name"": ""开始时间""}",,Control was not actionable in the fresh page state
admin,Promo Marketing,Promo Marketing Effect,/promo-marketing/effect-evaluation,input,结束时间,,,,,,,No request captured,,,unverified,FAT admin authenticated browser session; exact role/permission mapping pending,No mutation observed,Page loaded,No request captured,,,,DOCUMENTED_UNVERIFIED,CONTROL_PRESENT_NO_REQUEST,"fat-admin-explicit-read-actions.json execution status=SKIPPED_NOT_FILTER_CONTEXT; exact selector {""locator"": ""input, textarea"", ""placeholder_or_name"": ""结束时间""}",,Control was not actionable in the fresh page state
admin,Promo Marketing,Promo Marketing Effect,/promo-marketing/effect-evaluation,select,请选择,,,,,,,No request captured,,,unverified,FAT admin authenticated browser session; exact role/permission mapping pending,No mutation observed,Page loaded,No request captured,,,,DOCUMENTED_UNVERIFIED,CONTROL_PRESENT_NO_REQUEST,"fat-admin-explicit-read-actions.json execution status=SKIPPED_NOT_FILTER_CONTEXT; exact selector {""locator"": "".ant-layout-content .ant-select"", ""visible_text"": ""请选择""}",,Control was not actionable in the fresh page state
admin,Promo Marketing,First Deposit Daily Active Analysis,/promo-marketing/first-deposit-daily-active,select,All,,,,,,,No request captured,,,unverified,FAT admin authenticated browser session; exact role/permission mapping pending,No mutation observed,Page loaded,No request captured,,,,DOCUMENTED_UNVERIFIED,CONTROL_PRESENT_NO_REQUEST,"fat-admin-explicit-read-actions.json execution status=SKIPPED_NOT_FILTER_CONTEXT; exact selector {""locator"": "".ant-layout-content .ant-select"", ""visible_text"": ""All""}",,Control was not actionable in the fresh page state
admin,Promo Marketing,First Deposit Daily Active Analysis,/promo-marketing/first-deposit-daily-active,input,End Time,,,,,,,No request captured,,,unverified,FAT admin authenticated browser session; exact role/permission mapping pending,No mutation observed,Page loaded,No request captured,,,,DOCUMENTED_UNVERIFIED,CONTROL_PRESENT_NO_REQUEST,"fat-admin-explicit-read-actions.json execution status=SKIPPED_NOT_FILTER_CONTEXT; exact selector {""locator"": ""input, textarea"", ""placeholder_or_name"": ""End Time""}",,Control was not actionable in the fresh page state
admin,Promo Marketing,First Deposit Daily Active Analysis,/promo-marketing/first-deposit-daily-active,select,Please Select,,,,,,,No request captured,,,unverified,FAT admin authenticated browser session; exact role/permission mapping pending,No mutation observed,Page loaded,No request captured,,,,DOCUMENTED_UNVERIFIED,CONTROL_PRESENT_NO_REQUEST,"fat-admin-explicit-read-actions.json execution status=SKIPPED_NOT_FILTER_CONTEXT; exact selector {""locator"": "".ant-layout-content .ant-select"", ""visible_text"": ""Please Select""}",,Control was not actionable in the fresh page state
admin,Promo Marketing,First Deposit Daily Active Analysis,/promo-marketing/first-deposit-daily-active,input,Start Time,,,,,,,No request captured,,,unverified,FAT admin authenticated browser session; exact role/permission mapping pending,No mutation observed,Page loaded,No request captured,,,,DOCUMENTED_UNVERIFIED,CONTROL_PRESENT_NO_REQUEST,"fat-admin-explicit-read-actions.json execution status=SKIPPED_NOT_FILTER_CONTEXT; exact selector {""locator"": ""input, textarea"", ""placeholder_or_name"": ""Start Time""}",,Control was not actionable in the fresh page state
admin,Promo Marketing,Promo Data,/promo-marketing/promotion-data,input,Page,,,,,,,No request captured,,,unverified,FAT admin authenticated browser session; exact role/permission mapping pending,No mutation observed,Page loaded,No request captured,,,,DOCUMENTED_UNVERIFIED,CONTROL_PRESENT_NO_REQUEST,"fat-admin-explicit-read-actions.json execution status=SKIPPED_NOT_ACTIONABLE; exact selector {""locator"": ""input, textarea"", ""placeholder_or_name"": ""Page""}",,Control was not actionable in the fresh page state
admin,Promo Marketing,Promo Data,/promo-marketing/promotion-data,input,Page Size,,,,,,,No request captured,,,unverified,FAT admin authenticated browser session; exact role/permission mapping pending,No mutation observed,Page loaded,No request captured,,,,DOCUMENTED_UNVERIFIED,CONTROL_PRESENT_NO_REQUEST,"fat-admin-explicit-read-actions.json execution status=SKIPPED_NOT_ACTIONABLE; exact selector {""locator"": ""input, textarea"", ""placeholder_or_name"": ""Page Size""}",,Control was not actionable in the fresh page state
admin,Promo Marketing,Promo Data,/promo-marketing/promotion-data,select,Page Size,,,,,,,No request captured,,,unverified,FAT admin authenticated browser session; exact role/permission mapping pending,No mutation observed,Page loaded,No request captured,,,,DOCUMENTED_UNVERIFIED,CONTROL_PRESENT_NO_REQUEST,"fat-admin-explicit-read-actions.json execution status=SKIPPED_NOT_ACTIONABLE; exact selector {""locator"": "".ant-layout-content .ant-select"", ""visible_text"": ""Page Size""}",,Control was not actionable in the fresh page state
admin,Promo Marketing,Promo Data,/promo-marketing/promotion-data,select,Please Select,,,,,,,No request captured,,,unverified,FAT admin authenticated browser session; exact role/permission mapping pending,No mutation observed,Page loaded,No request captured,,,,DOCUMENTED_UNVERIFIED,CONTROL_PRESENT_NO_REQUEST,"fat-admin-explicit-read-actions.json execution status=SKIPPED_NOT_FILTER_CONTEXT; exact selector {""locator"": "".ant-layout-content .ant-select"", ""visible_text"": ""Please Select""}",,Control was not actionable in the fresh page state
admin,Promo Marketing,Promo Data,/promo-marketing/promotion-data,select,unnamed select,,,,,,,No request captured,,,unverified,FAT admin authenticated browser session; exact role/permission mapping pending,No mutation observed,Page loaded,No request captured,,,,DOCUMENTED_UNVERIFIED,CONTROL_PRESENT_NO_REQUEST,"fat-admin-explicit-read-actions.json execution status=SKIPPED_NOT_ACTIONABLE; exact selector {""locator"": "".ant-layout-content .ant-select"", ""visible_text"": ""unnamed select""}",,Control was not actionable in the fresh page state
admin,Promo Marketing,Promo Data,/promo-marketing/promotion-data,input,请选择日期,,,,,,,No request captured,,,unverified,FAT admin authenticated browser session; exact role/permission mapping pending,No mutation observed,Page loaded,No request captured,,,,DOCUMENTED_UNVERIFIED,CONTROL_PRESENT_NO_REQUEST,"fat-admin-explicit-read-actions.json execution status=SKIPPED_NOT_FILTER_CONTEXT; exact selector {""locator"": ""input, textarea"", ""placeholder_or_name"": ""请选择日期""}",,Control was not actionable in the fresh page state
admin,Promo Marketing,Register Daily Active,/promo-marketing/register-daily-active,select,充值,,,,,,,No request captured,,,unverified,FAT admin authenticated browser session; exact role/permission mapping pending,No mutation observed,Page loaded,No request captured,,,,DOCUMENTED_UNVERIFIED,CONTROL_PRESENT_NO_REQUEST,"fat-admin-explicit-read-actions.json execution status=SKIPPED_NOT_FILTER_CONTEXT; exact selector {""locator"": "".ant-layout-content .ant-select"", ""visible_text"": ""充值""}",,Control was not actionable in the fresh page state
admin,Promo Marketing,Register Daily Active,/promo-marketing/register-daily-active,select,全部,,,,,,,No request captured,,,unverified,FAT admin authenticated browser session; exact role/permission mapping pending,No mutation observed,Page loaded,No request captured,,,,DOCUMENTED_UNVERIFIED,CONTROL_PRESENT_NO_REQUEST,"fat-admin-explicit-read-actions.json execution status=SKIPPED_NOT_FILTER_CONTEXT; exact selector {""locator"": "".ant-layout-content .ant-select"", ""visible_text"": ""全部""}",,Control was not actionable in the fresh page state
admin,Promo Marketing,Register Daily Active,/promo-marketing/register-daily-active,input,开始时间,,,,,,,No request captured,,,unverified,FAT admin authenticated browser session; exact role/permission mapping pending,No mutation observed,Page loaded,No request captured,,,,DOCUMENTED_UNVERIFIED,CONTROL_PRESENT_NO_REQUEST,"fat-admin-explicit-read-actions.json execution status=SKIPPED_NOT_FILTER_CONTEXT; exact selector {""locator"": ""input, textarea"", ""placeholder_or_name"": ""开始时间""}",,Control was not actionable in the fresh page state
admin,Promo Marketing,Register Daily Active,/promo-marketing/register-daily-active,input,结束时间,,,,,,,No request captured,,,unverified,FAT admin authenticated browser session; exact role/permission mapping pending,No mutation observed,Page loaded,No request captured,,,,DOCUMENTED_UNVERIFIED,CONTROL_PRESENT_NO_REQUEST,"fat-admin-explicit-read-actions.json execution status=SKIPPED_NOT_FILTER_CONTEXT; exact selector {""locator"": ""input, textarea"", ""placeholder_or_name"": ""结束时间""}",,Control was not actionable in the fresh page state
admin,Promo Marketing,Register Daily Active,/promo-marketing/register-daily-active,select,请选择,,,,,,,No request captured,,,unverified,FAT admin authenticated browser session; exact role/permission mapping pending,No mutation observed,Page loaded,No request captured,,,,DOCUMENTED_UNVERIFIED,CONTROL_PRESENT_NO_REQUEST,"fat-admin-explicit-read-actions.json execution status=SKIPPED_NOT_FILTER_CONTEXT; exact selector {""locator"": "".ant-layout-content .ant-select"", ""visible_text"": ""请选择""}",,Control was not actionable in the fresh page state
admin,Promo Marketing,Promo Marketing Report,/promo-marketing/statistical-reports,select,"All
+ 0 ...",,,,,,,No request captured,,,unverified,FAT admin authenticated browser session; exact role/permission mapping pending,No mutation observed,Page loaded,No request captured,,,,DOCUMENTED_UNVERIFIED,CONTROL_PRESENT_NO_REQUEST,"fat-admin-explicit-read-actions.json execution status=SKIPPED_NOT_ACTIONABLE; exact selector {""locator"": "".ant-layout-content .ant-select"", ""visible_text"": ""All\n+ 0 ...""}",,Control was not actionable in the fresh page state
admin,Promo Marketing,Promo Marketing Report,/promo-marketing/statistical-reports,input,End Time,,,,,,,No request captured,,,unverified,FAT admin authenticated browser session; exact role/permission mapping pending,No mutation observed,Page loaded,No request captured,,,,DOCUMENTED_UNVERIFIED,CONTROL_PRESENT_NO_REQUEST,"fat-admin-explicit-read-actions.json execution status=SKIPPED_NOT_FILTER_CONTEXT; exact selector {""locator"": ""input, textarea"", ""placeholder_or_name"": ""End Time""}",,Control was not actionable in the fresh page state
admin,Promo Marketing,Promo Marketing Report,/promo-marketing/statistical-reports,select,Please Select,,,,,,,No request captured,,,unverified,FAT admin authenticated browser session; exact role/permission mapping pending,No mutation observed,Page loaded,No request captured,,,,DOCUMENTED_UNVERIFIED,CONTROL_PRESENT_NO_REQUEST,"fat-admin-explicit-read-actions.json execution status=SKIPPED_NOT_FILTER_CONTEXT; exact selector {""locator"": "".ant-layout-content .ant-select"", ""visible_text"": ""Please Select""}",,Control was not actionable in the fresh page state
admin,Promo Marketing,Promo Marketing Report,/promo-marketing/statistical-reports,input,Start Time,,,,,,,No request captured,,,unverified,FAT admin authenticated browser session; exact role/permission mapping pending,No mutation observed,Page loaded,No request captured,,,,DOCUMENTED_UNVERIFIED,CONTROL_PRESENT_NO_REQUEST,"fat-admin-explicit-read-actions.json execution status=SKIPPED_NOT_FILTER_CONTEXT; exact selector {""locator"": ""input, textarea"", ""placeholder_or_name"": ""Start Time""}",,Control was not actionable in the fresh page state
admin,Report Management,Game Platform Reports,/report-management/game-platform-report/list,filter_submit,Apply registered filters via Query,GET,/admin/reports/venue/node,"end_time,field,node,page,page_size,start_time,venue_name",,,"accept,accept-language,client-id,client-version,d,lang,referer,sec-ch-ua,sec-ch-ua-mobile,sec-ch-ua-platform,t,user-agent,x-device-id",Query: current page filter/pagination; Header: authenticated browser session/runtime,200,True,"object; keys=a,d,s,t",FAT admin authenticated browser session; exact role/permission mapping pending,No mutation observed; registered low-risk interaction,Page reloaded and Network reached quiet state before action,Action response captured; no business mutation observed,admin/game,厂商线路报表,后台/报表/游戏平台报表/厂商线路报表.bru,ACTIVE,YES,fat-admin-explicit-read-actions.json Network events 210; exact selector registered Query/Search selector from explicit action inventory,,
admin,Report Management,Game Platform Reports,/report-management/game-platform-report/list,input,End Date,,,,,,,No request captured,,,unverified,FAT admin authenticated browser session; exact role/permission mapping pending,No mutation observed,Page loaded,No request captured,,,,DOCUMENTED_UNVERIFIED,CONTROL_PRESENT_NO_REQUEST,"fat-admin-explicit-read-actions.json execution status=INTERACTED; exact selector {""locator"": ""input, textarea"", ""placeholder_or_name"": ""End Date""}",,Click produced no XHR/fetch; navigation/DOM effect requires follow-up
admin,Report Management,Game Platform Reports,/report-management/game-platform-report/list,input,Page,,,,,,,No request captured,,,unverified,FAT admin authenticated browser session; exact role/permission mapping pending,No mutation observed,Page loaded,No request captured,,,,DOCUMENTED_UNVERIFIED,CONTROL_PRESENT_NO_REQUEST,"fat-admin-explicit-read-actions.json execution status=SKIPPED_NOT_ACTIONABLE; exact selector {""locator"": ""input, textarea"", ""placeholder_or_name"": ""Page""}",,Control was not actionable in the fresh page state
admin,Report Management,Game Platform Reports,/report-management/game-platform-report/list,input,Page Size,,,,,,,No request captured,,,unverified,FAT admin authenticated browser session; exact role/permission mapping pending,No mutation observed,Page loaded,No request captured,,,,DOCUMENTED_UNVERIFIED,CONTROL_PRESENT_NO_REQUEST,"fat-admin-explicit-read-actions.json execution status=SKIPPED_NOT_ACTIONABLE; exact selector {""locator"": ""input, textarea"", ""placeholder_or_name"": ""Page Size""}",,Control was not actionable in the fresh page state
admin,Report Management,Game Platform Reports,/report-management/game-platform-report/list,select,Page Size,,,,,,,No request captured,,,unverified,FAT admin authenticated browser session; exact role/permission mapping pending,No mutation observed,Page loaded,No request captured,,,,DOCUMENTED_UNVERIFIED,CONTROL_PRESENT_NO_REQUEST,"fat-admin-explicit-read-actions.json execution status=SKIPPED_NOT_ACTIONABLE; exact selector {""locator"": "".ant-layout-content .ant-select"", ""visible_text"": ""Page Size""}",,Control was not actionable in the fresh page state
admin,Report Management,Game Platform Reports,/report-management/game-platform-report/list,select,Please select game platform,,,,,,,No request captured,,,unverified,FAT admin authenticated browser session; exact role/permission mapping pending,No mutation observed,Page loaded,No request captured,,,,DOCUMENTED_UNVERIFIED,CONTROL_PRESENT_NO_REQUEST,"fat-admin-explicit-read-actions.json execution status=INTERACTED; exact selector {""locator"": "".ant-layout-content .ant-select"", ""visible_text"": ""Please select game platform""}",,Click produced no XHR/fetch; navigation/DOM effect requires follow-up
admin,Report Management,Game Platform Reports,/report-management/game-platform-report/list,select,Please select line,,,,,,,No request captured,,,unverified,FAT admin authenticated browser session; exact role/permission mapping pending,No mutation observed,Page loaded,No request captured,,,,DOCUMENTED_UNVERIFIED,CONTROL_PRESENT_NO_REQUEST,"fat-admin-explicit-read-actions.json execution status=INTERACTED; exact selector {""locator"": "".ant-layout-content .ant-select"", ""visible_text"": ""Please select line""}",,Click produced no XHR/fetch; navigation/DOM effect requires follow-up
admin,Report Management,Game Platform Reports,/report-management/game-platform-report/list,input,Start Date,,,,,,,No request captured,,,unverified,FAT admin authenticated browser session; exact role/permission mapping pending,No mutation observed,Page loaded,No request captured,,,,DOCUMENTED_UNVERIFIED,CONTROL_PRESENT_NO_REQUEST,"fat-admin-explicit-read-actions.json execution status=INTERACTED; exact selector {""locator"": ""input, textarea"", ""placeholder_or_name"": ""Start Date""}",,Click produced no XHR/fetch; navigation/DOM effect requires follow-up
admin,Report Management,Game Reports,/report-management/game-reports/list,filter_submit,Apply registered filters via Query,GET,/admin/reports/game/node,"end_time,field,game_class,gname,node,page,page_size,start_time,venue_name",,,"accept,accept-language,client-id,client-version,d,lang,referer,sec-ch-ua,sec-ch-ua-mobile,sec-ch-ua-platform,t,user-agent,x-device-id",Query: current page filter/pagination; Header: authenticated browser session/runtime,200,True,"object; keys=a,d,s,t",FAT admin authenticated browser session; exact role/permission mapping pending,No mutation observed; registered low-risk interaction,Page reloaded and Network reached quiet state before action,Action response captured; no business mutation observed,admin/game,游戏线路报表,后台/报表/游戏报表/游戏线路报表.bru,ACTIVE,YES,fat-admin-explicit-read-actions.json Network events 168; exact selector registered Query/Search selector from explicit action inventory,,
admin,Report Management,Game Reports,/report-management/game-reports/list,input,End Date,,,,,,,No request captured,,,unverified,FAT admin authenticated browser session; exact role/permission mapping pending,No mutation observed,Page loaded,No request captured,,,,DOCUMENTED_UNVERIFIED,CONTROL_PRESENT_NO_REQUEST,"fat-admin-explicit-read-actions.json execution status=INTERACTED; exact selector {""locator"": ""input, textarea"", ""placeholder_or_name"": ""End Date""}",,Click produced no XHR/fetch; navigation/DOM effect requires follow-up
admin,Report Management,Game Reports,/report-management/game-reports/list,input,Page,,,,,,,No request captured,,,unverified,FAT admin authenticated browser session; exact role/permission mapping pending,No mutation observed,Page loaded,No request captured,,,,DOCUMENTED_UNVERIFIED,CONTROL_PRESENT_NO_REQUEST,"fat-admin-explicit-read-actions.json execution status=SKIPPED_NOT_ACTIONABLE; exact selector {""locator"": ""input, textarea"", ""placeholder_or_name"": ""Page""}",,Control was not actionable in the fresh page state
admin,Report Management,Game Reports,/report-management/game-reports/list,input,Page Size,,,,,,,No request captured,,,unverified,FAT admin authenticated browser session; exact role/permission mapping pending,No mutation observed,Page loaded,No request captured,,,,DOCUMENTED_UNVERIFIED,CONTROL_PRESENT_NO_REQUEST,"fat-admin-explicit-read-actions.json execution status=SKIPPED_NOT_ACTIONABLE; exact selector {""locator"": ""input, textarea"", ""placeholder_or_name"": ""Page Size""}",,Control was not actionable in the fresh page state
admin,Report Management,Game Reports,/report-management/game-reports/list,select,Page Size,,,,,,,No request captured,,,unverified,FAT admin authenticated browser session; exact role/permission mapping pending,No mutation observed,Page loaded,No request captured,,,,DOCUMENTED_UNVERIFIED,CONTROL_PRESENT_NO_REQUEST,"fat-admin-explicit-read-actions.json execution status=SKIPPED_NOT_ACTIONABLE; exact selector {""locator"": "".ant-layout-content .ant-select"", ""visible_text"": ""Page Size""}",,Control was not actionable in the fresh page state
admin,Report Management,Game Reports,/report-management/game-reports/list,input,Please enter game name,,,,,,,No request captured,,,unverified,FAT admin authenticated browser session; exact role/permission mapping pending,No mutation observed,Page loaded,No request captured,,,,DOCUMENTED_UNVERIFIED,CONTROL_PRESENT_NO_REQUEST,"fat-admin-explicit-read-actions.json execution status=INTERACTED; exact selector {""locator"": ""input, textarea"", ""placeholder_or_name"": ""Please enter game name""}",,Click produced no XHR/fetch; navigation/DOM effect requires follow-up
admin,Report Management,Game Reports,/report-management/game-reports/list,select,Please select game platform,,,,,,,No request captured,,,unverified,FAT admin authenticated browser session; exact role/permission mapping pending,No mutation observed,Page loaded,No request captured,,,,DOCUMENTED_UNVERIFIED,CONTROL_PRESENT_NO_REQUEST,"fat-admin-explicit-read-actions.json execution status=INTERACTED; exact selector {""locator"": "".ant-layout-content .ant-select"", ""visible_text"": ""Please select game platform""}",,Click produced no XHR/fetch; navigation/DOM effect requires follow-up
admin,Report Management,Game Reports,/report-management/game-reports/list,select,Please select game type,,,,,,,No request captured,,,unverified,FAT admin authenticated browser session; exact role/permission mapping pending,No mutation observed,Page loaded,No request captured,,,,DOCUMENTED_UNVERIFIED,CONTROL_PRESENT_NO_REQUEST,"fat-admin-explicit-read-actions.json execution status=INTERACTED; exact selector {""locator"": "".ant-layout-content .ant-select"", ""visible_text"": ""Please select game type""}",,Click produced no XHR/fetch; navigation/DOM effect requires follow-up
admin,Report Management,Game Reports,/report-management/game-reports/list,select,Please select line,,,,,,,No request captured,,,unverified,FAT admin authenticated browser session; exact role/permission mapping pending,No mutation observed,Page loaded,No request captured,,,,DOCUMENTED_UNVERIFIED,CONTROL_PRESENT_NO_REQUEST,"fat-admin-explicit-read-actions.json execution status=INTERACTED; exact selector {""locator"": "".ant-layout-content .ant-select"", ""visible_text"": ""Please select line""}",,Click produced no XHR/fetch; navigation/DOM effect requires follow-up
admin,Report Management,Game Reports,/report-management/game-reports/list,input,Start Date,,,,,,,No request captured,,,unverified,FAT admin authenticated browser session; exact role/permission mapping pending,No mutation observed,Page loaded,No request captured,,,,DOCUMENTED_UNVERIFIED,CONTROL_PRESENT_NO_REQUEST,"fat-admin-explicit-read-actions.json execution status=INTERACTED; exact selector {""locator"": ""input, textarea"", ""placeholder_or_name"": ""Start Date""}",,Click produced no XHR/fetch; navigation/DOM effect requires follow-up
admin,Report Management,Game Type Reports,/report-management/game-types-report/list,filter_submit,Apply registered filters via Query,GET,/admin/reports/gameclass/node,"end_time,field,game_class,node,page,page_size,start_time,venue_name",,,"accept,accept-language,client-id,client-version,d,lang,referer,sec-ch-ua,sec-ch-ua-mobile,sec-ch-ua-platform,t,user-agent,x-device-id",Query: current page filter/pagination; Header: authenticated browser session/runtime,200,True,"object; keys=a,d,s,t",FAT admin authenticated browser session; exact role/permission mapping pending,No mutation observed; registered low-risk interaction,Page reloaded and Network reached quiet state before action,Action response captured; no business mutation observed,admin/game,游戏类型线路报表,后台/报表/游戏类型报表/游戏类型线路报表.bru,ACTIVE,YES,fat-admin-explicit-read-actions.json Network events 189; exact selector registered Query/Search selector from explicit action inventory,,
admin,Report Management,Game Type Reports,/report-management/game-types-report/list,input,End Date,,,,,,,No request captured,,,unverified,FAT admin authenticated browser session; exact role/permission mapping pending,No mutation observed,Page loaded,No request captured,,,,DOCUMENTED_UNVERIFIED,CONTROL_PRESENT_NO_REQUEST,"fat-admin-explicit-read-actions.json execution status=INTERACTED; exact selector {""locator"": ""input, textarea"", ""placeholder_or_name"": ""End Date""}",,Click produced no XHR/fetch; navigation/DOM effect requires follow-up
admin,Report Management,Game Type Reports,/report-management/game-types-report/list,input,Page,,,,,,,No request captured,,,unverified,FAT admin authenticated browser session; exact role/permission mapping pending,No mutation observed,Page loaded,No request captured,,,,DOCUMENTED_UNVERIFIED,CONTROL_PRESENT_NO_REQUEST,"fat-admin-explicit-read-actions.json execution status=SKIPPED_NOT_ACTIONABLE; exact selector {""locator"": ""input, textarea"", ""placeholder_or_name"": ""Page""}",,Control was not actionable in the fresh page state
admin,Report Management,Game Type Reports,/report-management/game-types-report/list,input,Page Size,,,,,,,No request captured,,,unverified,FAT admin authenticated browser session; exact role/permission mapping pending,No mutation observed,Page loaded,No request captured,,,,DOCUMENTED_UNVERIFIED,CONTROL_PRESENT_NO_REQUEST,"fat-admin-explicit-read-actions.json execution status=SKIPPED_NOT_ACTIONABLE; exact selector {""locator"": ""input, textarea"", ""placeholder_or_name"": ""Page Size""}",,Control was not actionable in the fresh page state
admin,Report Management,Game Type Reports,/report-management/game-types-report/list,select,Page Size,,,,,,,No request captured,,,unverified,FAT admin authenticated browser session; exact role/permission mapping pending,No mutation observed,Page loaded,No request captured,,,,DOCUMENTED_UNVERIFIED,CONTROL_PRESENT_NO_REQUEST,"fat-admin-explicit-read-actions.json execution status=SKIPPED_NOT_ACTIONABLE; exact selector {""locator"": "".ant-layout-content .ant-select"", ""visible_text"": ""Page Size""}",,Control was not actionable in the fresh page state
admin,Report Management,Game Type Reports,/report-management/game-types-report/list,select,Please select game platform,,,,,,,No request captured,,,unverified,FAT admin authenticated browser session; exact role/permission mapping pending,No mutation observed,Page loaded,No request captured,,,,DOCUMENTED_UNVERIFIED,CONTROL_PRESENT_NO_REQUEST,"fat-admin-explicit-read-actions.json execution status=INTERACTED; exact selector {""locator"": "".ant-layout-content .ant-select"", ""visible_text"": ""Please select game platform""}",,Click produced no XHR/fetch; navigation/DOM effect requires follow-up
admin,Report Management,Game Type Reports,/report-management/game-types-report/list,select,Please select game type,,,,,,,No request captured,,,unverified,FAT admin authenticated browser session; exact role/permission mapping pending,No mutation observed,Page loaded,No request captured,,,,DOCUMENTED_UNVERIFIED,CONTROL_PRESENT_NO_REQUEST,"fat-admin-explicit-read-actions.json execution status=INTERACTED; exact selector {""locator"": "".ant-layout-content .ant-select"", ""visible_text"": ""Please select game type""}",,Click produced no XHR/fetch; navigation/DOM effect requires follow-up
admin,Report Management,Game Type Reports,/report-management/game-types-report/list,select,Please select line,,,,,,,No request captured,,,unverified,FAT admin authenticated browser session; exact role/permission mapping pending,No mutation observed,Page loaded,No request captured,,,,DOCUMENTED_UNVERIFIED,CONTROL_PRESENT_NO_REQUEST,"fat-admin-explicit-read-actions.json execution status=INTERACTED; exact selector {""locator"": "".ant-layout-content .ant-select"", ""visible_text"": ""Please select line""}",,Click produced no XHR/fetch; navigation/DOM effect requires follow-up
admin,Report Management,Game Type Reports,/report-management/game-types-report/list,input,Start Date,,,,,,,No request captured,,,unverified,FAT admin authenticated browser session; exact role/permission mapping pending,No mutation observed,Page loaded,No request captured,,,,DOCUMENTED_UNVERIFIED,CONTROL_PRESENT_NO_REQUEST,"fat-admin-explicit-read-actions.json execution status=INTERACTED; exact selector {""locator"": ""input, textarea"", ""placeholder_or_name"": ""Start Date""}",,Click produced no XHR/fetch; navigation/DOM effect requires follow-up
admin,Report Management,Member Daily Game Stats,/report-management/member-daily-game-stats,input,End Date,,,,,,,No request captured,,,unverified,FAT admin authenticated browser session; exact role/permission mapping pending,No mutation observed,Page loaded,No request captured,,,,DOCUMENTED_UNVERIFIED,CONTROL_PRESENT_NO_REQUEST,"fat-admin-explicit-read-actions.json execution status=INTERACTED; exact selector {""locator"": ""input, textarea"", ""placeholder_or_name"": ""End Date""}",,Click produced no XHR/fetch; navigation/DOM effect requires follow-up
admin,Report Management,Member Daily Game Stats,/report-management/member-daily-game-stats,input,Enter inviter account,,,,,,,No request captured,,,unverified,FAT admin authenticated browser session; exact role/permission mapping pending,No mutation observed,Page loaded,No request captured,,,,DOCUMENTED_UNVERIFIED,CONTROL_PRESENT_NO_REQUEST,"fat-admin-explicit-read-actions.json execution status=INTERACTED; exact selector {""locator"": ""input, textarea"", ""placeholder_or_name"": ""Enter inviter account""}",,Click produced no XHR/fetch; navigation/DOM effect requires follow-up
admin,Report Management,Member Daily Game Stats,/report-management/member-daily-game-stats,select,Level 1,,,,,,,No request captured,,,unverified,FAT admin authenticated browser session; exact role/permission mapping pending,No mutation observed,Page loaded,No request captured,,,,DOCUMENTED_UNVERIFIED,CONTROL_PRESENT_NO_REQUEST,"fat-admin-explicit-read-actions.json execution status=INTERACTED; exact selector {""locator"": "".ant-layout-content .ant-select"", ""visible_text"": ""Level 1""}",,Click produced no XHR/fetch; navigation/DOM effect requires follow-up
admin,Report Management,Member Daily Game Stats,/report-management/member-daily-game-stats,select,Phone,,,,,,,No request captured,,,unverified,FAT admin authenticated browser session; exact role/permission mapping pending,No mutation observed,Page loaded,No request captured,,,,DOCUMENTED_UNVERIFIED,CONTROL_PRESENT_NO_REQUEST,"fat-admin-explicit-read-actions.json execution status=INTERACTED; exact selector {""locator"": "".ant-layout-content .ant-select"", ""visible_text"": ""Phone""}",,Click produced no XHR/fetch; navigation/DOM effect requires follow-up
admin,Report Management,Member Daily Game Stats,/report-management/member-daily-game-stats,input,Please enter,,,,,,,No request captured,,,unverified,FAT admin authenticated browser session; exact role/permission mapping pending,No mutation observed,Page loaded,No request captured,,,,DOCUMENTED_UNVERIFIED,CONTROL_PRESENT_NO_REQUEST,"fat-admin-explicit-read-actions.json execution status=INTERACTED; exact selector {""locator"": ""input, textarea"", ""placeholder_or_name"": ""Please enter""}",,Click produced no XHR/fetch; navigation/DOM effect requires follow-up
admin,Report Management,Member Daily Game Stats,/report-management/member-daily-game-stats,input,Start Date,,,,,,,No request captured,,,unverified,FAT admin authenticated browser session; exact role/permission mapping pending,No mutation observed,Page loaded,No request captured,,,,DOCUMENTED_UNVERIFIED,CONTROL_PRESENT_NO_REQUEST,"fat-admin-explicit-read-actions.json execution status=INTERACTED; exact selector {""locator"": ""input, textarea"", ""placeholder_or_name"": ""Start Date""}",,Click produced no XHR/fetch; navigation/DOM effect requires follow-up
admin,Report Management,Member Daily Game Stats,/report-management/member-daily-game-stats,select,全部,,,,,,,No request captured,,,unverified,FAT admin authenticated browser session; exact role/permission mapping pending,No mutation observed,Page loaded,No request captured,,,,DOCUMENTED_UNVERIFIED,CONTROL_PRESENT_NO_REQUEST,"fat-admin-explicit-read-actions.json execution status=INTERACTED; exact selector {""locator"": "".ant-layout-content .ant-select"", ""visible_text"": ""全部""}",,Click produced no XHR/fetch; navigation/DOM effect requires follow-up
admin,Report Management,Member Daily Stats,/report-management/member-daily-stats,input,End Date,,,,,,,No request captured,,,unverified,FAT admin authenticated browser session; exact role/permission mapping pending,No mutation observed,Page loaded,No request captured,,,,DOCUMENTED_UNVERIFIED,CONTROL_PRESENT_NO_REQUEST,"fat-admin-explicit-read-actions.json execution status=SKIPPED_NOT_FILTER_CONTEXT; exact selector {""locator"": ""input, textarea"", ""placeholder_or_name"": ""End Date""}",,Control was not actionable in the fresh page state
admin,Report Management,Member Daily Stats,/report-management/member-daily-stats,input,Please enter,,,,,,,No request captured,,,unverified,FAT admin authenticated browser session; exact role/permission mapping pending,No mutation observed,Page loaded,No request captured,,,,DOCUMENTED_UNVERIFIED,CONTROL_PRESENT_NO_REQUEST,"fat-admin-explicit-read-actions.json execution status=SKIPPED_NOT_FILTER_CONTEXT; exact selector {""locator"": ""input, textarea"", ""placeholder_or_name"": ""Please enter""}",,Control was not actionable in the fresh page state
admin,Report Management,Member Daily Stats,/report-management/member-daily-stats,input,Start Date,,,,,,,No request captured,,,unverified,FAT admin authenticated browser session; exact role/permission mapping pending,No mutation observed,Page loaded,No request captured,,,,DOCUMENTED_UNVERIFIED,CONTROL_PRESENT_NO_REQUEST,"fat-admin-explicit-read-actions.json execution status=SKIPPED_NOT_FILTER_CONTEXT; exact selector {""locator"": ""input, textarea"", ""placeholder_or_name"": ""Start Date""}",,Control was not actionable in the fresh page state
admin,Report Management,Member Daily Stats,/report-management/member-daily-stats,select,UID,,,,,,,No request captured,,,unverified,FAT admin authenticated browser session; exact role/permission mapping pending,No mutation observed,Page loaded,No request captured,,,,DOCUMENTED_UNVERIFIED,CONTROL_PRESENT_NO_REQUEST,"fat-admin-explicit-read-actions.json execution status=SKIPPED_NOT_FILTER_CONTEXT; exact selector {""locator"": "".ant-layout-content .ant-select"", ""visible_text"": ""UID""}",,Control was not actionable in the fresh page state
admin,Report Management,Member Daily Stats,/report-management/member-daily-stats,select,一级,,,,,,,No request captured,,,unverified,FAT admin authenticated browser session; exact role/permission mapping pending,No mutation observed,Page loaded,No request captured,,,,DOCUMENTED_UNVERIFIED,CONTROL_PRESENT_NO_REQUEST,"fat-admin-explicit-read-actions.json execution status=SKIPPED_NOT_FILTER_CONTEXT; exact selector {""locator"": "".ant-layout-content .ant-select"", ""visible_text"": ""一级""}",,Control was not actionable in the fresh page state
admin,Report Management,Member Daily Stats,/report-management/member-daily-stats,input,输入邀请人账号,,,,,,,No request captured,,,unverified,FAT admin authenticated browser session; exact role/permission mapping pending,No mutation observed,Page loaded,No request captured,,,,DOCUMENTED_UNVERIFIED,CONTROL_PRESENT_NO_REQUEST,"fat-admin-explicit-read-actions.json execution status=SKIPPED_NOT_FILTER_CONTEXT; exact selector {""locator"": ""input, textarea"", ""placeholder_or_name"": ""输入邀请人账号""}",,Control was not actionable in the fresh page state
admin,Risk Management,Deposit/Withdrawal Approval,/risk-control/dw-audit,filter_submit,Apply registered filters via Query,GET,/admin/notify/audit/alarm,t,,,"accept,accept-language,client-id,client-version,d,lang,referer,sec-ch-ua,sec-ch-ua-mobile,sec-ch-ua-platform,t,user-agent,x-device-id",Query: current page filter/pagination; Header: authenticated browser session/runtime,200,True,"object; keys=bonus_review_pending,feedback_pending,kyc_pending,mall_order_pending,withdraw_pending",FAT admin authenticated browser session; exact role/permission mapping pending,No mutation observed; registered low-risk interaction,Page reloaded and Network reached quiet state before action,Action response captured; no business mutation observed,admin/other,获取系统通知数量-wesley/owen,后台/系统管理/通知中心/获取系统通知数量-wesley-owen.bru,ACTIVE,YES,fat-admin-explicit-read-actions.json Network events 636; exact selector registered Query/Search selector from explicit action inventory,,
admin,Risk Management,Deposit/Withdrawal Approval,/risk-control/dw-audit,filter_submit,Apply registered filters via Query,POST,/admin/finance/withdraw/risk/audit/list,,,,"accept,accept-language,client-id,client-version,content-type,d,lang,referer,sec-ch-ua,sec-ch-ua-mobile,sec-ch-ua-platform,t,user-agent,x-device-id",Header: authenticated browser session/runtime,200,True,"object; keys=d,s,summary,t",FAT admin authenticated browser session; exact role/permission mapping pending,No mutation observed; registered low-risk interaction,Page reloaded and Network reached quiet state before action,Action response captured; no business mutation observed,,,,UNDOCUMENTED_ACTIVE,YES,fat-admin-explicit-read-actions.json Network events 637; exact selector registered Query/Search selector from explicit action inventory,,
admin,Risk Management,Deposit/Withdrawal Approval,/risk-control/dw-audit,input,Custom selection,,,,,,,No request captured,,,unverified,FAT admin authenticated browser session; exact role/permission mapping pending,No mutation observed,Page loaded,No request captured,,,,DOCUMENTED_UNVERIFIED,CONTROL_PRESENT_NO_REQUEST,"fat-admin-explicit-read-actions.json execution status=SKIPPED_NOT_ACTIONABLE; exact selector {""locator"": ""input, textarea"", ""placeholder_or_name"": ""Custom selection""}",,Control was not actionable in the fresh page state
admin,Risk Management,Deposit/Withdrawal Approval,/risk-control/dw-audit,input,End Date,,,,,,,No request captured,,,unverified,FAT admin authenticated browser session; exact role/permission mapping pending,No mutation observed,Page loaded,No request captured,,,,DOCUMENTED_UNVERIFIED,CONTROL_PRESENT_NO_REQUEST,"fat-admin-explicit-read-actions.json execution status=INTERACTED; exact selector {""locator"": ""input, textarea"", ""placeholder_or_name"": ""End Date""}",,Click produced no XHR/fetch; navigation/DOM effect requires follow-up
admin,Risk Management,Deposit/Withdrawal Approval,/risk-control/dw-audit,input,Maximum Amount,,,,,,,No request captured,,,unverified,FAT admin authenticated browser session; exact role/permission mapping pending,No mutation observed,Page loaded,No request captured,,,,DOCUMENTED_UNVERIFIED,CONTROL_PRESENT_NO_REQUEST,"fat-admin-explicit-read-actions.json execution status=INTERACTED; exact selector {""locator"": ""input, textarea"", ""placeholder_or_name"": ""Maximum Amount""}",,Click produced no XHR/fetch; navigation/DOM effect requires follow-up
admin,Risk Management,Deposit/Withdrawal Approval,/risk-control/dw-audit,input,Minimum Amount,,,,,,,No request captured,,,unverified,FAT admin authenticated browser session; exact role/permission mapping pending,No mutation observed,Page loaded,No request captured,,,,DOCUMENTED_UNVERIFIED,CONTROL_PRESENT_NO_REQUEST,"fat-admin-explicit-read-actions.json execution status=INTERACTED; exact selector {""locator"": ""input, textarea"", ""placeholder_or_name"": ""Minimum Amount""}",,Click produced no XHR/fetch; navigation/DOM effect requires follow-up
admin,Risk Management,Deposit/Withdrawal Approval,/risk-control/dw-audit,input,Please enter,,,,,,,No request captured,,,unverified,FAT admin authenticated browser session; exact role/permission mapping pending,No mutation observed,Page loaded,No request captured,,,,DOCUMENTED_UNVERIFIED,CONTROL_PRESENT_NO_REQUEST,"fat-admin-explicit-read-actions.json execution status=INTERACTED; exact selector {""locator"": ""input, textarea"", ""placeholder_or_name"": ""Please enter""}",,Click produced no XHR/fetch; navigation/DOM effect requires follow-up
admin,Risk Management,Deposit/Withdrawal Approval,/risk-control/dw-audit,input,Start Date,,,,,,,No request captured,,,unverified,FAT admin authenticated browser session; exact role/permission mapping pending,No mutation observed,Page loaded,No request captured,,,,DOCUMENTED_UNVERIFIED,CONTROL_PRESENT_NO_REQUEST,"fat-admin-explicit-read-actions.json execution status=INTERACTED; exact selector {""locator"": ""input, textarea"", ""placeholder_or_name"": ""Start Date""}",,Click produced no XHR/fetch; navigation/DOM effect requires follow-up
admin,Risk Management,Deposit/Withdrawal Approval,/risk-control/dw-audit,input,"Supports batch query, 1–5000 characters, separated by commas",,,,,,,No request captured,,,unverified,FAT admin authenticated browser session; exact role/permission mapping pending,No mutation observed,Page loaded,No request captured,,,,DOCUMENTED_UNVERIFIED,CONTROL_PRESENT_NO_REQUEST,"fat-admin-explicit-read-actions.json execution status=INTERACTED; exact selector {""locator"": ""input, textarea"", ""placeholder_or_name"": ""Supports batch query, 1–5000 characters, separated by commas""}",,Click produced no XHR/fetch; navigation/DOM effect requires follow-up
admin,Risk Management,Deposit/Withdrawal Approval,/risk-control/dw-audit,select,Withdrawal Channel Name,,,,,,,No request captured,,,unverified,FAT admin authenticated browser session; exact role/permission mapping pending,No mutation observed,Page loaded,No request captured,,,,DOCUMENTED_UNVERIFIED,CONTROL_PRESENT_NO_REQUEST,"fat-admin-explicit-read-actions.json execution status=ERROR; exact selector {""locator"": "".ant-layout-content .ant-select"", ""visible_text"": ""Withdrawal Channel Name""}","TimeoutError: locator.click: Timeout 2000ms exceeded.
Call log:
[2m  - waiting for locator('.ant-layout-content .ant-select').filter({ hasText: /^\s*Withdrawal Channel Name\s*$/ }).first()[22m
[2m    - locator resolved to <div class=""ant-select ant-select-outlined ant-select-in-form-item ant-pro-filed-search-select css-jcwvac ant-select-multiple ant-select-allow-clear ant-select-show-arrow ant-select-show-search"">…</div>[22m
[2m  - attempting click action[22m
[2m    2 × waiting for element to be visible, enabled and stable[22m
[2m      - element is visible, enabled and stable[22m
[2m      - scrolling into view if needed[22m
[2m      - done scrolling[22m
[2m      - <li>Today</li> from <div>…</div> subtree intercepts pointer events[22m
[2m    - retrying click action[22m
[2m    - waiting 20ms[22m
[2m    2 × waiting for element to be visible, enabled and stable[22m
[2m      - element is visible, enabled and stable[22m
[2m      - scrolling into view if needed[22m
[2m      - done scrolling[22m
[2m      - <li>Today</li> from <div>…</div> subtree intercepts pointer events[22m
[2m    - retrying click action[22m
[2m      - waiting 100ms[22m
[2m    4 × waiting for element to be visible, enabled and stable[22m
[2m      - element is visible, enabled and stable[22m
[2m      - scrolling into view if needed[22m
[2m      - done scrolling[22m
[2m      - <li>Today</li> from <div>…</div> subtree intercepts pointer events[22m
[2m    - retrying click action[22m
[2m      - waiting 500ms[22m",Click produced no XHR/fetch; navigation/DOM effect requires follow-up
admin,Risk Management,Risk Logs,/risk-control/risk-logs,filter_submit,Apply registered filters via Query,GET,/admin/member/risk/log,"before_level,created_end_time,created_name,created_start_time,page,page_size",,,"accept,accept-language,client-id,client-version,d,lang,referer,sec-ch-ua,sec-ch-ua-mobile,sec-ch-ua-platform,t,user-agent,x-device-id",Query: current page filter/pagination; Header: authenticated browser session/runtime,200,True,"object; keys=d,t",FAT admin authenticated browser session; exact role/permission mapping pending,No mutation observed; registered low-risk interaction,Page reloaded and Network reached quiet state before action,Action response captured; no business mutation observed,admin/member,风控日志,后台/会员列表/风控日志.bru,ACTIVE,YES,fat-admin-explicit-read-actions.json Network events 691; exact selector registered Query/Search selector from explicit action inventory,,
admin,Risk Management,Risk Logs,/risk-control/risk-logs,input,End Date,,,,,,,No request captured,,,unverified,FAT admin authenticated browser session; exact role/permission mapping pending,No mutation observed,Page loaded,No request captured,,,,DOCUMENTED_UNVERIFIED,CONTROL_PRESENT_NO_REQUEST,"fat-admin-explicit-read-actions.json execution status=INTERACTED; exact selector {""locator"": ""input, textarea"", ""placeholder_or_name"": ""End Date""}",,Click produced no XHR/fetch; navigation/DOM effect requires follow-up
admin,Risk Management,Risk Logs,/risk-control/risk-logs,select,Please select,,,,,,,No request captured,,,unverified,FAT admin authenticated browser session; exact role/permission mapping pending,No mutation observed,Page loaded,No request captured,,,,DOCUMENTED_UNVERIFIED,CONTROL_PRESENT_NO_REQUEST,"fat-admin-explicit-read-actions.json execution status=INTERACTED; exact selector {""locator"": "".ant-layout-content .ant-select"", ""visible_text"": ""Please select""}",,Click produced no XHR/fetch; navigation/DOM effect requires follow-up
admin,Risk Management,Risk Logs,/risk-control/risk-logs,input,Start Date,,,,,,,No request captured,,,unverified,FAT admin authenticated browser session; exact role/permission mapping pending,No mutation observed,Page loaded,No request captured,,,,DOCUMENTED_UNVERIFIED,CONTROL_PRESENT_NO_REQUEST,"fat-admin-explicit-read-actions.json execution status=INTERACTED; exact selector {""locator"": ""input, textarea"", ""placeholder_or_name"": ""Start Date""}",,Click produced no XHR/fetch; navigation/DOM effect requires follow-up
admin,Risk Management,Risk Logs,/risk-control/risk-logs,input,"Supports batch query, 1–5000 characters, separated by commas",,,,,,,No request captured,,,unverified,FAT admin authenticated browser session; exact role/permission mapping pending,No mutation observed,Page loaded,No request captured,,,,DOCUMENTED_UNVERIFIED,CONTROL_PRESENT_NO_REQUEST,"fat-admin-explicit-read-actions.json execution status=INTERACTED; exact selector {""locator"": ""input, textarea"", ""placeholder_or_name"": ""Supports batch query, 1–5000 characters, separated by commas""}",,Click produced no XHR/fetch; navigation/DOM effect requires follow-up
admin,Risk Management,Temporary Restriction List,/risk-control/temporary-restriction-list,input,End date,,,,,,,No request captured,,,unverified,FAT admin authenticated browser session; exact role/permission mapping pending,No mutation observed,Page loaded,No request captured,,,,DOCUMENTED_UNVERIFIED,CONTROL_PRESENT_NO_REQUEST,"fat-admin-explicit-read-actions.json execution status=SKIPPED_NOT_FILTER_CONTEXT; exact selector {""locator"": ""input, textarea"", ""placeholder_or_name"": ""End date""}",,Control was not actionable in the fresh page state
admin,Risk Management,Temporary Restriction List,/risk-control/temporary-restriction-list,input,Enter keyword,,,,,,,No request captured,,,unverified,FAT admin authenticated browser session; exact role/permission mapping pending,No mutation observed,Page loaded,No request captured,,,,DOCUMENTED_UNVERIFIED,CONTROL_PRESENT_NO_REQUEST,"fat-admin-explicit-read-actions.json execution status=SKIPPED_NOT_FILTER_CONTEXT; exact selector {""locator"": ""input, textarea"", ""placeholder_or_name"": ""Enter keyword""}",,Control was not actionable in the fresh page state
admin,Risk Management,Temporary Restriction List,/risk-control/temporary-restriction-list,select,Mobile number,,,,,,,No request captured,,,unverified,FAT admin authenticated browser session; exact role/permission mapping pending,No mutation observed,Page loaded,No request captured,,,,DOCUMENTED_UNVERIFIED,CONTROL_PRESENT_NO_REQUEST,"fat-admin-explicit-read-actions.json execution status=SKIPPED_NOT_FILTER_CONTEXT; exact selector {""locator"": "".ant-layout-content .ant-select"", ""visible_text"": ""Mobile number""}",,Control was not actionable in the fresh page state
admin,Risk Management,Temporary Restriction List,/risk-control/temporary-restriction-list,input,Page Size,,,,,,,No request captured,,,unverified,FAT admin authenticated browser session; exact role/permission mapping pending,No mutation observed,Page loaded,No request captured,,,,DOCUMENTED_UNVERIFIED,CONTROL_PRESENT_NO_REQUEST,"fat-admin-explicit-read-actions.json execution status=SKIPPED_NOT_ACTIONABLE; exact selector {""locator"": ""input, textarea"", ""placeholder_or_name"": ""Page Size""}",,Control was not actionable in the fresh page state
admin,Risk Management,Temporary Restriction List,/risk-control/temporary-restriction-list,select,Page Size,,,,,,,No request captured,,,unverified,FAT admin authenticated browser session; exact role/permission mapping pending,No mutation observed,Page loaded,No request captured,,,,DOCUMENTED_UNVERIFIED,CONTROL_PRESENT_NO_REQUEST,"fat-admin-explicit-read-actions.json execution status=SKIPPED_NOT_ACTIONABLE; exact selector {""locator"": "".ant-layout-content .ant-select"", ""visible_text"": ""Page Size""}",,Control was not actionable in the fresh page state
admin,Risk Management,Temporary Restriction List,/risk-control/temporary-restriction-list,select,Please select,,,,,,,No request captured,,,unverified,FAT admin authenticated browser session; exact role/permission mapping pending,No mutation observed,Page loaded,No request captured,,,,DOCUMENTED_UNVERIFIED,CONTROL_PRESENT_NO_REQUEST,"fat-admin-explicit-read-actions.json execution status=SKIPPED_NOT_FILTER_CONTEXT; exact selector {""locator"": "".ant-layout-content .ant-select"", ""visible_text"": ""Please select""}",,Control was not actionable in the fresh page state
admin,Risk Management,Temporary Restriction List,/risk-control/temporary-restriction-list,input,Start date,,,,,,,No request captured,,,unverified,FAT admin authenticated browser session; exact role/permission mapping pending,No mutation observed,Page loaded,No request captured,,,,DOCUMENTED_UNVERIFIED,CONTROL_PRESENT_NO_REQUEST,"fat-admin-explicit-read-actions.json execution status=SKIPPED_NOT_FILTER_CONTEXT; exact selector {""locator"": ""input, textarea"", ""placeholder_or_name"": ""Start date""}",,Control was not actionable in the fresh page state
admin,Risk Management,Fund Transfer Record,/risk-control/up-down-score,filter_submit,Apply registered filters via Query,POST,/admin/finance/adjust/list,,,,"accept,accept-language,client-id,client-version,content-type,d,lang,referer,sec-ch-ua,sec-ch-ua-mobile,sec-ch-ua-platform,t,user-agent,x-device-id",Header: authenticated browser session/runtime,200,True,"object; keys=d,s,t",FAT admin authenticated browser session; exact role/permission mapping pending,No mutation observed; registered low-risk interaction,Page reloaded and Network reached quiet state before action,Action response captured; no business mutation observed,admin/finance,系统调整,代理管理后台/财务管理/财务报表/系统调整.bru,ACTIVE,YES,fat-admin-explicit-read-actions.json Network events 656; exact selector registered Query/Search selector from explicit action inventory,,
admin,Risk Management,Fund Transfer Record,/risk-control/up-down-score,input,End Date,,,,,,,No request captured,,,unverified,FAT admin authenticated browser session; exact role/permission mapping pending,No mutation observed,Page loaded,No request captured,,,,DOCUMENTED_UNVERIFIED,CONTROL_PRESENT_NO_REQUEST,"fat-admin-explicit-read-actions.json execution status=INTERACTED; exact selector {""locator"": ""input, textarea"", ""placeholder_or_name"": ""End Date""}",,Click produced no XHR/fetch; navigation/DOM effect requires follow-up
admin,Risk Management,Fund Transfer Record,/risk-control/up-down-score,input,Maximum Amount,,,,,,,No request captured,,,unverified,FAT admin authenticated browser session; exact role/permission mapping pending,No mutation observed,Page loaded,No request captured,,,,DOCUMENTED_UNVERIFIED,CONTROL_PRESENT_NO_REQUEST,"fat-admin-explicit-read-actions.json execution status=INTERACTED; exact selector {""locator"": ""input, textarea"", ""placeholder_or_name"": ""Maximum Amount""}",,Click produced no XHR/fetch; navigation/DOM effect requires follow-up
admin,Risk Management,Fund Transfer Record,/risk-control/up-down-score,input,Minimum Amount,,,,,,,No request captured,,,unverified,FAT admin authenticated browser session; exact role/permission mapping pending,No mutation observed,Page loaded,No request captured,,,,DOCUMENTED_UNVERIFIED,CONTROL_PRESENT_NO_REQUEST,"fat-admin-explicit-read-actions.json execution status=INTERACTED; exact selector {""locator"": ""input, textarea"", ""placeholder_or_name"": ""Minimum Amount""}",,Click produced no XHR/fetch; navigation/DOM effect requires follow-up
admin,Risk Management,Fund Transfer Record,/risk-control/up-down-score,input,Please enter,,,,,,,No request captured,,,unverified,FAT admin authenticated browser session; exact role/permission mapping pending,No mutation observed,Page loaded,No request captured,,,,DOCUMENTED_UNVERIFIED,CONTROL_PRESENT_NO_REQUEST,"fat-admin-explicit-read-actions.json execution status=INTERACTED; exact selector {""locator"": ""input, textarea"", ""placeholder_or_name"": ""Please enter""}",,Click produced no XHR/fetch; navigation/DOM effect requires follow-up
admin,Risk Management,Fund Transfer Record,/risk-control/up-down-score,select,Please select,,,,,,,No request captured,,,unverified,FAT admin authenticated browser session; exact role/permission mapping pending,No mutation observed,Page loaded,No request captured,,,,DOCUMENTED_UNVERIFIED,CONTROL_PRESENT_NO_REQUEST,"fat-admin-explicit-read-actions.json execution status=INTERACTED; exact selector {""locator"": "".ant-layout-content .ant-select"", ""visible_text"": ""Please select""}",,Click produced no XHR/fetch; navigation/DOM effect requires follow-up
admin,Risk Management,Fund Transfer Record,/risk-control/up-down-score,input,Start Date,,,,,,,No request captured,,,unverified,FAT admin authenticated browser session; exact role/permission mapping pending,No mutation observed,Page loaded,No request captured,,,,DOCUMENTED_UNVERIFIED,CONTROL_PRESENT_NO_REQUEST,"fat-admin-explicit-read-actions.json execution status=INTERACTED; exact selector {""locator"": ""input, textarea"", ""placeholder_or_name"": ""Start Date""}",,Click produced no XHR/fetch; navigation/DOM effect requires follow-up
admin,Site Management,Domain Management,/site-management/domain-management,filter_submit,Apply registered filters via Search,GET,/admin/channel/promotion/domain/list,"page,page_size",,,"accept,accept-language,client-id,client-version,d,lang,referer,sec-ch-ua,sec-ch-ua-mobile,sec-ch-ua-platform,t,user-agent,x-device-id",Query: current page filter/pagination; Header: authenticated browser session/runtime,200,True,"object; keys=d,s,t",FAT admin authenticated browser session; exact role/permission mapping pending,No mutation observed; registered low-risk interaction,Page reloaded and Network reached quiet state before action,Action response captured; no business mutation observed,admin/promo,列表,后台/渠道推广-域名管理/列表.bru,ACTIVE,YES,fat-admin-explicit-read-actions.json Network events 826; exact selector registered Query/Search selector from explicit action inventory,,
admin,Site Management,Domain Management,/site-management/domain-management,input,Page Size,,,,,,,No request captured,,,unverified,FAT admin authenticated browser session; exact role/permission mapping pending,No mutation observed,Page loaded,No request captured,,,,DOCUMENTED_UNVERIFIED,CONTROL_PRESENT_NO_REQUEST,"fat-admin-explicit-read-actions.json execution status=SKIPPED_NOT_ACTIONABLE; exact selector {""locator"": ""input, textarea"", ""placeholder_or_name"": ""Page Size""}",,Control was not actionable in the fresh page state
admin,Site Management,Domain Management,/site-management/domain-management,select,Page Size,,,,,,,No request captured,,,unverified,FAT admin authenticated browser session; exact role/permission mapping pending,No mutation observed,Page loaded,No request captured,,,,DOCUMENTED_UNVERIFIED,CONTROL_PRESENT_NO_REQUEST,"fat-admin-explicit-read-actions.json execution status=SKIPPED_NOT_ACTIONABLE; exact selector {""locator"": "".ant-layout-content .ant-select"", ""visible_text"": ""Page Size""}",,Control was not actionable in the fresh page state
admin,Site Management,Domain Management,/site-management/domain-management,input,Please enter,,,,,,,No request captured,,,unverified,FAT admin authenticated browser session; exact role/permission mapping pending,No mutation observed,Page loaded,No request captured,,,,DOCUMENTED_UNVERIFIED,CONTROL_PRESENT_NO_REQUEST,"fat-admin-explicit-read-actions.json execution status=SKIPPED_NOT_FILTER_CONTEXT; exact selector {""locator"": ""input, textarea"", ""placeholder_or_name"": ""Please enter""}",,Control was not actionable in the fresh page state
admin,Site Management,Domain Management,/site-management/domain-management,select,Please select,,,,,,,No request captured,,,unverified,FAT admin authenticated browser session; exact role/permission mapping pending,No mutation observed,Page loaded,No request captured,,,,DOCUMENTED_UNVERIFIED,CONTROL_PRESENT_NO_REQUEST,"fat-admin-explicit-read-actions.json execution status=SKIPPED_NOT_FILTER_CONTEXT; exact selector {""locator"": "".ant-layout-content .ant-select"", ""visible_text"": ""Please select""}",,Control was not actionable in the fresh page state
admin,System,Bet Order Monitoring,/system/order-monitor,select,All,,,,,,,No request captured,,,unverified,FAT admin authenticated browser session; exact role/permission mapping pending,No mutation observed,Page loaded,No request captured,,,,DOCUMENTED_UNVERIFIED,CONTROL_PRESENT_NO_REQUEST,"fat-admin-explicit-read-actions.json execution status=INTERACTED; exact selector {""locator"": "".ant-layout-content .ant-select"", ""visible_text"": ""All""}",,Click produced no XHR/fetch; navigation/DOM effect requires follow-up
admin,System,Bet Order Monitoring,/system/order-monitor,filter_submit,Apply registered filters via Query,GET,/admin/reports/provider/order/compare/daily,"created_at_end,created_at_start,page,page_size",,,"accept,accept-language,client-id,client-version,d,lang,referer,sec-ch-ua,sec-ch-ua-mobile,sec-ch-ua-platform,t,user-agent,x-device-id",Query: current page filter/pagination; Header: authenticated browser session/runtime,200,True,"object; keys=d,s,t",FAT admin authenticated browser session; exact role/permission mapping pending,No mutation observed; registered low-risk interaction,Page reloaded and Network reached quiet state before action,Action response captured; no business mutation observed,admin/report,列表,后台/报表/厂商注单对比日报/列表.bru,ACTIVE,YES,fat-admin-explicit-read-actions.json Network events 1014; exact selector registered Query/Search selector from explicit action inventory,,
admin,System,Bet Order Monitoring,/system/order-monitor,input,End Date,,,,,,,No request captured,,,unverified,FAT admin authenticated browser session; exact role/permission mapping pending,No mutation observed,Page loaded,No request captured,,,,DOCUMENTED_UNVERIFIED,CONTROL_PRESENT_NO_REQUEST,"fat-admin-explicit-read-actions.json execution status=INTERACTED; exact selector {""locator"": ""input, textarea"", ""placeholder_or_name"": ""End Date""}",,Click produced no XHR/fetch; navigation/DOM effect requires follow-up
admin,System,Bet Order Monitoring,/system/order-monitor,input,Page,,,,,,,No request captured,,,unverified,FAT admin authenticated browser session; exact role/permission mapping pending,No mutation observed,Page loaded,No request captured,,,,DOCUMENTED_UNVERIFIED,CONTROL_PRESENT_NO_REQUEST,"fat-admin-explicit-read-actions.json execution status=SKIPPED_NOT_ACTIONABLE; exact selector {""locator"": ""input, textarea"", ""placeholder_or_name"": ""Page""}",,Control was not actionable in the fresh page state
admin,System,Bet Order Monitoring,/system/order-monitor,input,Page Size,,,,,,,No request captured,,,unverified,FAT admin authenticated browser session; exact role/permission mapping pending,No mutation observed,Page loaded,No request captured,,,,DOCUMENTED_UNVERIFIED,CONTROL_PRESENT_NO_REQUEST,"fat-admin-explicit-read-actions.json execution status=SKIPPED_NOT_ACTIONABLE; exact selector {""locator"": ""input, textarea"", ""placeholder_or_name"": ""Page Size""}",,Control was not actionable in the fresh page state
admin,System,Bet Order Monitoring,/system/order-monitor,select,Page Size,,,,,,,No request captured,,,unverified,FAT admin authenticated browser session; exact role/permission mapping pending,No mutation observed,Page loaded,No request captured,,,,DOCUMENTED_UNVERIFIED,CONTROL_PRESENT_NO_REQUEST,"fat-admin-explicit-read-actions.json execution status=SKIPPED_NOT_ACTIONABLE; exact selector {""locator"": "".ant-layout-content .ant-select"", ""visible_text"": ""Page Size""}",,Control was not actionable in the fresh page state
admin,System,Bet Order Monitoring,/system/order-monitor,input,Start Date,,,,,,,No request captured,,,unverified,FAT admin authenticated browser session; exact role/permission mapping pending,No mutation observed,Page loaded,No request captured,,,,DOCUMENTED_UNVERIFIED,CONTROL_PRESENT_NO_REQUEST,"fat-admin-explicit-read-actions.json execution status=INTERACTED; exact selector {""locator"": ""input, textarea"", ""placeholder_or_name"": ""Start Date""}",,Click produced no XHR/fetch; navigation/DOM effect requires follow-up
admin,System,Role Configuration,/system/role,input,Page Size,,,,,,,No request captured,,,unverified,FAT admin authenticated browser session; exact role/permission mapping pending,No mutation observed,Page loaded,No request captured,,,,DOCUMENTED_UNVERIFIED,CONTROL_PRESENT_NO_REQUEST,"fat-admin-explicit-read-actions.json execution status=SKIPPED_NOT_ACTIONABLE; exact selector {""locator"": ""input, textarea"", ""placeholder_or_name"": ""Page Size""}",,Control was not actionable in the fresh page state
admin,System,Role Configuration,/system/role,select,Page Size,,,,,,,No request captured,,,unverified,FAT admin authenticated browser session; exact role/permission mapping pending,No mutation observed,Page loaded,No request captured,,,,DOCUMENTED_UNVERIFIED,CONTROL_PRESENT_NO_REQUEST,"fat-admin-explicit-read-actions.json execution status=SKIPPED_NOT_ACTIONABLE; exact selector {""locator"": "".ant-layout-content .ant-select"", ""visible_text"": ""Page Size""}",,Control was not actionable in the fresh page state
admin,System,SMS Verification Code,/system/sms-otp,filter_submit,Apply registered filters via Query,GET,/admin/sms/list,"channel_name,end_time,page,page_size,reason,start_time",,,"accept,accept-language,client-id,client-version,d,lang,referer,sec-ch-ua,sec-ch-ua-mobile,sec-ch-ua-platform,t,user-agent,x-device-id",Query: current page filter/pagination; Header: authenticated browser session/runtime,200,True,"object; keys=d,t",FAT admin authenticated browser session; exact role/permission mapping pending,No mutation observed; registered low-risk interaction,Page reloaded and Network reached quiet state before action,Action response captured; no business mutation observed,admin/auth,短信列表-seven,后台/短信发送列表/短信列表-seven.bru,ACTIVE,YES,fat-admin-explicit-read-actions.json Network events 995; exact selector registered Query/Search selector from explicit action inventory,,
admin,System,SMS Verification Code,/system/sms-otp,input,End Date,,,,,,,No request captured,,,unverified,FAT admin authenticated browser session; exact role/permission mapping pending,No mutation observed,Page loaded,No request captured,,,,DOCUMENTED_UNVERIFIED,CONTROL_PRESENT_NO_REQUEST,"fat-admin-explicit-read-actions.json execution status=INTERACTED; exact selector {""locator"": ""input, textarea"", ""placeholder_or_name"": ""End Date""}",,Click produced no XHR/fetch; navigation/DOM effect requires follow-up
admin,System,SMS Verification Code,/system/sms-otp,input,Page Size,,,,,,,No request captured,,,unverified,FAT admin authenticated browser session; exact role/permission mapping pending,No mutation observed,Page loaded,No request captured,,,,DOCUMENTED_UNVERIFIED,CONTROL_PRESENT_NO_REQUEST,"fat-admin-explicit-read-actions.json execution status=SKIPPED_NOT_ACTIONABLE; exact selector {""locator"": ""input, textarea"", ""placeholder_or_name"": ""Page Size""}",,Control was not actionable in the fresh page state
admin,System,SMS Verification Code,/system/sms-otp,select,Page Size,,,,,,,No request captured,,,unverified,FAT admin authenticated browser session; exact role/permission mapping pending,No mutation observed,Page loaded,No request captured,,,,DOCUMENTED_UNVERIFIED,CONTROL_PRESENT_NO_REQUEST,"fat-admin-explicit-read-actions.json execution status=SKIPPED_NOT_ACTIONABLE; exact selector {""locator"": "".ant-layout-content .ant-select"", ""visible_text"": ""Page Size""}",,Control was not actionable in the fresh page state
admin,System,SMS Verification Code,/system/sms-otp,input,Please enter,,,,,,,No request captured,,,unverified,FAT admin authenticated browser session; exact role/permission mapping pending,No mutation observed,Page loaded,No request captured,,,,DOCUMENTED_UNVERIFIED,CONTROL_PRESENT_NO_REQUEST,"fat-admin-explicit-read-actions.json execution status=INTERACTED; exact selector {""locator"": ""input, textarea"", ""placeholder_or_name"": ""Please enter""}",,Click produced no XHR/fetch; navigation/DOM effect requires follow-up
admin,System,SMS Verification Code,/system/sms-otp,select,Please select,,,,,,,No request captured,,,unverified,FAT admin authenticated browser session; exact role/permission mapping pending,No mutation observed,Page loaded,No request captured,,,,DOCUMENTED_UNVERIFIED,CONTROL_PRESENT_NO_REQUEST,"fat-admin-explicit-read-actions.json execution status=INTERACTED; exact selector {""locator"": "".ant-layout-content .ant-select"", ""visible_text"": ""Please select""}",,Click produced no XHR/fetch; navigation/DOM effect requires follow-up
admin,System,SMS Verification Code,/system/sms-otp,input,Start Date,,,,,,,No request captured,,,unverified,FAT admin authenticated browser session; exact role/permission mapping pending,No mutation observed,Page loaded,No request captured,,,,DOCUMENTED_UNVERIFIED,CONTROL_PRESENT_NO_REQUEST,"fat-admin-explicit-read-actions.json execution status=INTERACTED; exact selector {""locator"": ""input, textarea"", ""placeholder_or_name"": ""Start Date""}",,Click produced no XHR/fetch; navigation/DOM effect requires follow-up
admin,System,SMS Verification Code,/system/sms-otp,select,全部,,,,,,,No request captured,,,unverified,FAT admin authenticated browser session; exact role/permission mapping pending,No mutation observed,Page loaded,No request captured,,,,DOCUMENTED_UNVERIFIED,CONTROL_PRESENT_NO_REQUEST,"fat-admin-explicit-read-actions.json execution status=INTERACTED; exact selector {""locator"": "".ant-layout-content .ant-select"", ""visible_text"": ""全部""}",,Click produced no XHR/fetch; navigation/DOM effect requires follow-up
admin,System,Staff Configuration,/system/staff,filter_submit,Apply registered filters via Query,POST,/admin/user/list,,,"page,page_size,status,username","accept,accept-language,client-id,client-version,content-type,d,lang,referer,sec-ch-ua,sec-ch-ua-mobile,sec-ch-ua-platform,t,user-agent,x-device-id",Body: current page form/filter and UI defaults; Header: authenticated browser session/runtime,200,True,"object; keys=d,t",FAT admin authenticated browser session; exact role/permission mapping pending,No mutation observed; registered low-risk interaction,Page reloaded and Network reached quiet state before action,Action response captured; no business mutation observed,,,,UNDOCUMENTED_ACTIVE,YES,fat-admin-explicit-read-actions.json Network events 977; exact selector registered Query/Search selector from explicit action inventory,,
admin,System,Staff Configuration,/system/staff,input,Page,,,,,,,No request captured,,,unverified,FAT admin authenticated browser session; exact role/permission mapping pending,No mutation observed,Page loaded,No request captured,,,,DOCUMENTED_UNVERIFIED,CONTROL_PRESENT_NO_REQUEST,"fat-admin-explicit-read-actions.json execution status=SKIPPED_NOT_ACTIONABLE; exact selector {""locator"": ""input, textarea"", ""placeholder_or_name"": ""Page""}",,Control was not actionable in the fresh page state
admin,System,Staff Configuration,/system/staff,input,Page Size,,,,,,,No request captured,,,unverified,FAT admin authenticated browser session; exact role/permission mapping pending,No mutation observed,Page loaded,No request captured,,,,DOCUMENTED_UNVERIFIED,CONTROL_PRESENT_NO_REQUEST,"fat-admin-explicit-read-actions.json execution status=SKIPPED_NOT_ACTIONABLE; exact selector {""locator"": ""input, textarea"", ""placeholder_or_name"": ""Page Size""}",,Control was not actionable in the fresh page state
admin,System,Staff Configuration,/system/staff,select,Page Size,,,,,,,No request captured,,,unverified,FAT admin authenticated browser session; exact role/permission mapping pending,No mutation observed,Page loaded,No request captured,,,,DOCUMENTED_UNVERIFIED,CONTROL_PRESENT_NO_REQUEST,"fat-admin-explicit-read-actions.json execution status=SKIPPED_NOT_ACTIONABLE; exact selector {""locator"": "".ant-layout-content .ant-select"", ""visible_text"": ""Page Size""}",,Control was not actionable in the fresh page state
admin,System,Staff Configuration,/system/staff,input,Please Enter Username,,,,,,,No request captured,,,unverified,FAT admin authenticated browser session; exact role/permission mapping pending,No mutation observed,Page loaded,No request captured,,,,DOCUMENTED_UNVERIFIED,CONTROL_PRESENT_NO_REQUEST,"fat-admin-explicit-read-actions.json execution status=INTERACTED; exact selector {""locator"": ""input, textarea"", ""placeholder_or_name"": ""Please Enter Username""}",,Click produced no XHR/fetch; navigation/DOM effect requires follow-up
admin,System,Staff Configuration,/system/staff,select,Please select,,,,,,,No request captured,,,unverified,FAT admin authenticated browser session; exact role/permission mapping pending,No mutation observed,Page loaded,No request captured,,,,DOCUMENTED_UNVERIFIED,CONTROL_PRESENT_NO_REQUEST,"fat-admin-explicit-read-actions.json execution status=INTERACTED; exact selector {""locator"": "".ant-layout-content .ant-select"", ""visible_text"": ""Please select""}",,Click produced no XHR/fetch; navigation/DOM effect requires follow-up
admin,System,Whitelist,/whitelist/list,filter_submit,Apply registered filters via Query,GET,/admin/whiteList/list,"end_time,ip,note,page,page_size,start_time,state,updated_name",,,"accept,accept-language,client-id,client-version,d,lang,referer,sec-ch-ua,sec-ch-ua-mobile,sec-ch-ua-platform,t,user-agent,x-device-id",Query: current page filter/pagination; Header: authenticated browser session/runtime,200,True,"object; keys=d,page,page_size,t",FAT admin authenticated browser session; exact role/permission mapping pending,No mutation observed; registered low-risk interaction,Page reloaded and Network reached quiet state before action,Action response captured; no business mutation observed,admin/other,白名单列表 --yasser,后台/系统管理/白名单管理/白名单列表 --yasser.bru,ACTIVE,YES,fat-admin-explicit-read-actions.json Network events 1032; exact selector registered Query/Search selector from explicit action inventory,,
admin,System,Whitelist,/whitelist/list,input,End Date,,,,,,,No request captured,,,unverified,FAT admin authenticated browser session; exact role/permission mapping pending,No mutation observed,Page loaded,No request captured,,,,DOCUMENTED_UNVERIFIED,CONTROL_PRESENT_NO_REQUEST,"fat-admin-explicit-read-actions.json execution status=INTERACTED; exact selector {""locator"": ""input, textarea"", ""placeholder_or_name"": ""End Date""}",,Click produced no XHR/fetch; navigation/DOM effect requires follow-up
admin,System,Whitelist,/whitelist/list,input,Please enter,,,,,,,No request captured,,,unverified,FAT admin authenticated browser session; exact role/permission mapping pending,No mutation observed,Page loaded,No request captured,,,,DOCUMENTED_UNVERIFIED,CONTROL_PRESENT_NO_REQUEST,"fat-admin-explicit-read-actions.json execution status=INTERACTED; exact selector {""locator"": ""input, textarea"", ""placeholder_or_name"": ""Please enter""}",,Click produced no XHR/fetch; navigation/DOM effect requires follow-up
admin,System,Whitelist,/whitelist/list,input,Please enter Maintained By,,,,,,,No request captured,,,unverified,FAT admin authenticated browser session; exact role/permission mapping pending,No mutation observed,Page loaded,No request captured,,,,DOCUMENTED_UNVERIFIED,CONTROL_PRESENT_NO_REQUEST,"fat-admin-explicit-read-actions.json execution status=INTERACTED; exact selector {""locator"": ""input, textarea"", ""placeholder_or_name"": ""Please enter Maintained By""}",,Click produced no XHR/fetch; navigation/DOM effect requires follow-up
admin,System,Whitelist,/whitelist/list,input,Please enter notes,,,,,,,No request captured,,,unverified,FAT admin authenticated browser session; exact role/permission mapping pending,No mutation observed,Page loaded,No request captured,,,,DOCUMENTED_UNVERIFIED,CONTROL_PRESENT_NO_REQUEST,"fat-admin-explicit-read-actions.json execution status=INTERACTED; exact selector {""locator"": ""input, textarea"", ""placeholder_or_name"": ""Please enter notes""}",,Click produced no XHR/fetch; navigation/DOM effect requires follow-up
admin,System,Whitelist,/whitelist/list,select,Please select Status,,,,,,,No request captured,,,unverified,FAT admin authenticated browser session; exact role/permission mapping pending,No mutation observed,Page loaded,No request captured,,,,DOCUMENTED_UNVERIFIED,CONTROL_PRESENT_NO_REQUEST,"fat-admin-explicit-read-actions.json execution status=INTERACTED; exact selector {""locator"": "".ant-layout-content .ant-select"", ""visible_text"": ""Please select Status""}",,Click produced no XHR/fetch; navigation/DOM effect requires follow-up
admin,System,Whitelist,/whitelist/list,input,Start Date,,,,,,,No request captured,,,unverified,FAT admin authenticated browser session; exact role/permission mapping pending,No mutation observed,Page loaded,No request captured,,,,DOCUMENTED_UNVERIFIED,CONTROL_PRESENT_NO_REQUEST,"fat-admin-explicit-read-actions.json execution status=INTERACTED; exact selector {""locator"": ""input, textarea"", ""placeholder_or_name"": ""Start Date""}",,Click produced no XHR/fetch; navigation/DOM effect requires follow-up
admin,Game,FS 派发管理,/gamev2/freespin-grants,button,Copy,,,,,,,No request captured,,,unverified,FAT admin authenticated browser session; exact role/permission mapping pending,No mutation observed,Page loaded,No request captured,,,,DOCUMENTED_UNVERIFIED,CONTROL_PRESENT_NO_REQUEST,"fat-admin-explicit-read-actions.json execution status=CLICKED; exact selector {""role"": ""button"", ""name"": ""Copy"", ""exact"": true}",,Click produced no XHR/fetch; navigation/DOM effect requires follow-up
admin,Game,Game List Management,/gamev2/game-management,button,Copy,,,,,,,No request captured,,,unverified,FAT admin authenticated browser session; exact role/permission mapping pending,No mutation observed,Page loaded,No request captured,,,,DOCUMENTED_UNVERIFIED,CONTROL_PRESENT_NO_REQUEST,"fat-admin-explicit-read-actions.json execution status=CLICKED; exact selector {""role"": ""button"", ""name"": ""Copy"", ""exact"": true}",,Click produced no XHR/fetch; navigation/DOM effect requires follow-up
admin,Game,Game List Management,/gamev2/game-management,button,Type Directory / Category Director,POST,/admin/game/dicttypetag/list,,,,"accept,accept-language,client-id,client-version,content-type,d,lang,referer,sec-ch-ua,sec-ch-ua-mobile,sec-ch-ua-platform,t,user-agent,x-device-id",Header: authenticated browser session/runtime,200,True,"object; keys=list,page,page_size,s,t",FAT admin authenticated browser session; exact role/permission mapping pending,No mutation observed; registered low-risk interaction,Page reloaded and Network reached quiet state before action,Action response captured; no business mutation observed,admin/game,+获取 <类型标签> 列表-owen,后台/game管理/游戏管理/+获取 -类型标签- 列表-owen.bru,ACTIVE,YES,"fat-admin-explicit-read-actions.json Network events 730; exact selector {""role"": ""button"", ""name"": ""Type Directory / Category Director"", ""exact"": true}",,
admin,Game,Game List Management,/gamev2/game-management,button,Weighted Tag / Directory Maintenance,POST,/admin/game/dictweighttag/list,,,,"accept,accept-language,client-id,client-version,content-type,d,lang,referer,sec-ch-ua,sec-ch-ua-mobile,sec-ch-ua-platform,t,user-agent,x-device-id",Header: authenticated browser session/runtime,200,True,"object; keys=list,page,page_size,s,t",FAT admin authenticated browser session; exact role/permission mapping pending,No mutation observed; registered low-risk interaction,Page reloaded and Network reached quiet state before action,Action response captured; no business mutation observed,admin/game,+获取 <权重标签> 列表-owen,后台/game管理/游戏管理/+获取 -权重标签- 列表-owen.bru,ACTIVE,YES,"fat-admin-explicit-read-actions.json Network events 752; exact selector {""role"": ""button"", ""name"": ""Weighted Tag / Directory Maintenance"", ""exact"": true}",,
admin,Game,Provider Management,/gamev2/manufacturer-management,button,Copy,,,,,,,No request captured,,,unverified,FAT admin authenticated browser session; exact role/permission mapping pending,No mutation observed,Page loaded,No request captured,,,,DOCUMENTED_UNVERIFIED,CONTROL_PRESENT_NO_REQUEST,"fat-admin-explicit-read-actions.json execution status=CLICKED; exact selector {""role"": ""button"", ""name"": ""Copy"", ""exact"": true}",,Click produced no XHR/fetch; navigation/DOM effect requires follow-up
admin,Game,Provider Management,/gamev2/manufacturer-management,button,Type Directory / Category Director,POST,/admin/game/dicttypetag/list,,,,"accept,accept-language,client-id,client-version,content-type,d,lang,referer,sec-ch-ua,sec-ch-ua-mobile,sec-ch-ua-platform,t,user-agent,x-device-id",Header: authenticated browser session/runtime,200,True,"object; keys=list,page,page_size,s,t",FAT admin authenticated browser session; exact role/permission mapping pending,No mutation observed; registered low-risk interaction,Page reloaded and Network reached quiet state before action,Action response captured; no business mutation observed,admin/game,+获取 <类型标签> 列表-owen,后台/game管理/游戏管理/+获取 -类型标签- 列表-owen.bru,ACTIVE,YES,"fat-admin-explicit-read-actions.json Network events 690; exact selector {""role"": ""button"", ""name"": ""Type Directory / Category Director"", ""exact"": true}",,
admin,Game,Venue Management,/gamev2/venue-settings,button,Copy,,,,,,,No request captured,,,unverified,FAT admin authenticated browser session; exact role/permission mapping pending,No mutation observed,Page loaded,No request captured,,,,DOCUMENTED_UNVERIFIED,CONTROL_PRESENT_NO_REQUEST,"fat-admin-explicit-read-actions.json execution status=CLICKED; exact selector {""role"": ""button"", ""name"": ""Copy"", ""exact"": true}",,Click produced no XHR/fetch; navigation/DOM effect requires follow-up
admin,Home,Home,/home,button,Bar Chart Mode,,,,,,,No request captured,,,unverified,FAT admin authenticated browser session; exact role/permission mapping pending,No mutation observed,Page loaded,No request captured,,,,DOCUMENTED_UNVERIFIED,CONTROL_PRESENT_NO_REQUEST,"fat-admin-explicit-read-actions.json execution status=CLICKED; exact selector {""role"": ""button"", ""name"": ""Bar Chart Mode"", ""exact"": true}",,Click produced no XHR/fetch; navigation/DOM effect requires follow-up
admin,Home,Home,/home,button,Line Chart Mode,,,,,,,No request captured,,,unverified,FAT admin authenticated browser session; exact role/permission mapping pending,No mutation observed,Page loaded,No request captured,,,,DOCUMENTED_UNVERIFIED,CONTROL_PRESENT_NO_REQUEST,"fat-admin-explicit-read-actions.json execution status=CLICKED; exact selector {""role"": ""button"", ""name"": ""Line Chart Mode"", ""exact"": true}",,Click produced no XHR/fetch; navigation/DOM effect requires follow-up
admin,KYC,KYC,/kyc,button,EKYC Config,GET,/admin/kyc/config/info,,,,"accept,accept-language,client-id,client-version,d,lang,referer,sec-ch-ua,sec-ch-ua-mobile,sec-ch-ua-platform,t,user-agent,x-device-id",Header: authenticated browser session/runtime,200,True,"object; keys=auto_review,ekyc,id",FAT admin authenticated browser session; exact role/permission mapping pending,No mutation observed; registered low-risk interaction,Page reloaded and Network reached quiet state before action,Action response captured; no business mutation observed,admin/kyc,获取ekyc相关配置,后台/kyc/获取ekyc相关配置.bru,ACTIVE,YES,"fat-admin-explicit-read-actions.json Network events 66; exact selector {""role"": ""button"", ""name"": ""EKYC Config"", ""exact"": true}",,
admin,Member Management,Member,/member-center/list,button,Risk Control,,,,,,,No request captured,,,unverified,FAT admin authenticated browser session; exact role/permission mapping pending,No mutation observed,Page loaded,No request captured,,,,DOCUMENTED_UNVERIFIED,CONTROL_PRESENT_NO_REQUEST,"fat-admin-explicit-read-actions.json execution status=CLICKED; exact selector {""role"": ""button"", ""name"": ""Risk Control"", ""exact"": true}",,Click produced no XHR/fetch; navigation/DOM effect requires follow-up
admin,Member Management,Member,/member-center/list,button,XP Growth Log,GET,/admin/priv/check,path,,,"accept,accept-language,client-id,client-version,d,lang,referer,sec-ch-ua,sec-ch-ua-mobile,sec-ch-ua-platform,t,user-agent,x-device-id",Query: current page filter/pagination; Header: authenticated browser session/runtime,200,True,object; keys=rights,FAT admin authenticated browser session; exact role/permission mapping pending,No mutation observed; registered low-risk interaction,Page reloaded and Network reached quiet state before action,Action response captured; no business mutation observed,admin/permission,权限检查,后台/系统管理/权限管理/权限检查.bru,ACTIVE,YES,"fat-admin-explicit-read-actions.json Network events 85; exact selector {""role"": ""button"", ""name"": ""XP Growth Log"", ""exact"": true}",,
admin,Member Management,Member,/member-center/list,button,XP Growth Log,GET,/admin/vip/xp/list,"end_at,page,page_size,start_at,uid",,,"accept,accept-language,client-id,client-version,d,lang,referer,sec-ch-ua,sec-ch-ua-mobile,sec-ch-ua-platform,t,user-agent,x-device-id",Query: current page filter/pagination; Header: authenticated browser session/runtime,200,True,"object; keys=d,summary,t",FAT admin authenticated browser session; exact role/permission mapping pending,No mutation observed; registered low-risk interaction,Page reloaded and Network reached quiet state before action,Action response captured; no business mutation observed,admin/other,xp成长日志 - felix,后台/VIP/xp成长日志 - felix.bru,ACTIVE,YES,"fat-admin-explicit-read-actions.json Network events 86; exact selector {""role"": ""button"", ""name"": ""XP Growth Log"", ""exact"": true}",,
admin,Member Management,VIP Check-in Log,/member-management/vip-checkin-log,button,Check-in Cycle,,,,,,,No request captured,,,unverified,FAT admin authenticated browser session; exact role/permission mapping pending,No mutation observed,Page loaded,No request captured,,,,DOCUMENTED_UNVERIFIED,CONTROL_PRESENT_NO_REQUEST,"fat-admin-explicit-read-actions.json execution status=SKIPPED_NOT_ACTIONABLE; exact selector {""role"": ""button"", ""name"": ""Check-in Cycle"", ""exact"": true}",,Control was not actionable in the fresh page state
admin,Member Management,VIP Config,/member-management/vip-config,button,Reward Flow,,,,,,,No request captured,,,unverified,FAT admin authenticated browser session; exact role/permission mapping pending,No mutation observed,Page loaded,No request captured,,,,DOCUMENTED_UNVERIFIED,CONTROL_PRESENT_NO_REQUEST,"fat-admin-explicit-read-actions.json execution status=SKIPPED_NOT_ACTIONABLE; exact selector {""role"": ""button"", ""name"": ""Reward Flow"", ""exact"": true}",,Control was not actionable in the fresh page state
admin,Member Management,VIP Config,/member-management/vip-config,button,XP Calculation,,,,,,,No request captured,,,unverified,FAT admin authenticated browser session; exact role/permission mapping pending,No mutation observed,Page loaded,No request captured,,,,DOCUMENTED_UNVERIFIED,CONTROL_PRESENT_NO_REQUEST,"fat-admin-explicit-read-actions.json execution status=SKIPPED_NOT_ACTIONABLE; exact selector {""role"": ""button"", ""name"": ""XP Calculation"", ""exact"": true}",,Control was not actionable in the fresh page state
admin,Member Management,VIP Rewards,/member-management/vip-rewards,button,Reward Flow,,,,,,,No request captured,,,unverified,FAT admin authenticated browser session; exact role/permission mapping pending,No mutation observed,Page loaded,No request captured,,,,DOCUMENTED_UNVERIFIED,CONTROL_PRESENT_NO_REQUEST,"fat-admin-explicit-read-actions.json execution status=SKIPPED_NOT_ACTIONABLE; exact selector {""role"": ""button"", ""name"": ""Reward Flow"", ""exact"": true}",,Control was not actionable in the fresh page state
admin,Operation Management,Promotion List,/operations/activity-list,button,Copy,,,,,,,No request captured,,,unverified,FAT admin authenticated browser session; exact role/permission mapping pending,No mutation observed,Page loaded,No request captured,,,,DOCUMENTED_UNVERIFIED,CONTROL_PRESENT_NO_REQUEST,"fat-admin-explicit-read-actions.json execution status=CLICKED; exact selector {""role"": ""button"", ""name"": ""Copy"", ""exact"": true}",,Click produced no XHR/fetch; navigation/DOM effect requires follow-up
admin,Operation Management,Promotion List,/operations/activity-list,button,Modify Configuration,POST,/admin/game/search,,,,"accept,accept-language,client-id,client-version,content-type,d,lang,referer,sec-ch-ua,sec-ch-ua-mobile,sec-ch-ua-platform,t,user-agent,x-device-id",Header: authenticated browser session/runtime,200,,unknown,FAT admin authenticated browser session; exact role/permission mapping pending,No mutation observed; registered low-risk interaction,Page reloaded and Network reached quiet state before action,Action response captured; no business mutation observed,admin/game,+游戏列表查询-owen-aliang,后台/game管理/游戏管理/+游戏列表查询-owen-aliang.bru,ACTIVE,YES,"fat-admin-explicit-read-actions.json Network events 389; exact selector {""role"": ""button"", ""name"": ""Modify Configuration"", ""exact"": true}",,
admin,Operation Management,Promotion List,/operations/activity-list,button,Modify Configuration,POST,/admin/gameclass/list,,,,"accept,accept-language,client-id,client-version,content-type,d,lang,referer,sec-ch-ua,sec-ch-ua-mobile,sec-ch-ua-platform,t,user-agent,x-device-id",Header: authenticated browser session/runtime,200,True,"object; keys=list,page,page_size,s,t",FAT admin authenticated browser session; exact role/permission mapping pending,No mutation observed; registered low-risk interaction,Page reloaded and Network reached quiet state before action,Action response captured; no business mutation observed,admin/game,+查询场馆列表-owen,后台/game管理/场馆管理/+查询场馆列表-owen.bru,ACTIVE,YES,"fat-admin-explicit-read-actions.json Network events 387,388; exact selector {""role"": ""button"", ""name"": ""Modify Configuration"", ""exact"": true}",,
admin,Operation Management,Ad Tracking/Buried Point,/operations/advertisement-tracking,button,Modify,,,,,,,No request captured,,,unverified,FAT admin authenticated browser session; exact role/permission mapping pending,No mutation observed,Page loaded,No request captured,,,,DOCUMENTED_UNVERIFIED,CONTROL_PRESENT_NO_REQUEST,"fat-admin-explicit-read-actions.json execution status=SKIPPED_NOT_ACTIONABLE; exact selector {""role"": ""button"", ""name"": ""Modify"", ""exact"": true}",,Control was not actionable in the fresh page state
admin,Operation Management,Friend Invite,/operations/friend-invite,button,Diagrams,,,,,,,No request captured,,,unverified,FAT admin authenticated browser session; exact role/permission mapping pending,No mutation observed,Page loaded,No request captured,,,,DOCUMENTED_UNVERIFIED,CONTROL_PRESENT_NO_REQUEST,"fat-admin-explicit-read-actions.json execution status=SKIPPED_NOT_ACTIONABLE; exact selector {""role"": ""button"", ""name"": ""Diagrams"", ""exact"": true}",,Control was not actionable in the fresh page state
admin,Operation Management,Friend Invite,/operations/friend-invite,button,Level Map,,,,,,,No request captured,,,unverified,FAT admin authenticated browser session; exact role/permission mapping pending,No mutation observed,Page loaded,No request captured,,,,DOCUMENTED_UNVERIFIED,CONTROL_PRESENT_NO_REQUEST,"fat-admin-explicit-read-actions.json execution status=SKIPPED_NOT_ACTIONABLE; exact selector {""role"": ""button"", ""name"": ""Level Map"", ""exact"": true}",,Control was not actionable in the fresh page state
admin,Operation Management,Friend Invite,/operations/friend-invite,button,Settings,,,,,,,No request captured,,,unverified,FAT admin authenticated browser session; exact role/permission mapping pending,No mutation observed,Page loaded,No request captured,,,,DOCUMENTED_UNVERIFIED,CONTROL_PRESENT_NO_REQUEST,"fat-admin-explicit-read-actions.json execution status=SKIPPED_NOT_ACTIONABLE; exact selector {""role"": ""button"", ""name"": ""Settings"", ""exact"": true}",,Control was not actionable in the fresh page state
admin,Operation Management,Member station message,/operations/in-site-message,button,Copy,,,,,,,No request captured,,,unverified,FAT admin authenticated browser session; exact role/permission mapping pending,No mutation observed,Page loaded,No request captured,,,,DOCUMENTED_UNVERIFIED,CONTROL_PRESENT_NO_REQUEST,"fat-admin-explicit-read-actions.json execution status=CLICKED; exact selector {""role"": ""button"", ""name"": ""Copy"", ""exact"": true}",,Click produced no XHR/fetch; navigation/DOM effect requires follow-up
admin,Operation Management,Jackpot Board,/operations/jackpot-board,button,Exclusion & Privacy List,,,,,,,No request captured,,,unverified,FAT admin authenticated browser session; exact role/permission mapping pending,No mutation observed,Page loaded,No request captured,,,,DOCUMENTED_UNVERIFIED,CONTROL_PRESENT_NO_REQUEST,"fat-admin-explicit-read-actions.json execution status=SKIPPED_NOT_ACTIONABLE; exact selector {""role"": ""button"", ""name"": ""Exclusion & Privacy List"", ""exact"": true}",,Control was not actionable in the fresh page state
admin,Operation Management,Jackpot Board,/operations/jackpot-board,button,Settings,,,,,,,No request captured,,,unverified,FAT admin authenticated browser session; exact role/permission mapping pending,No mutation observed,Page loaded,No request captured,,,,DOCUMENTED_UNVERIFIED,CONTROL_PRESENT_NO_REQUEST,"fat-admin-explicit-read-actions.json execution status=SKIPPED_NOT_ACTIONABLE; exact selector {""role"": ""button"", ""name"": ""Settings"", ""exact"": true}",,Control was not actionable in the fresh page state
admin,Operation Management,Market Management,/operations/mall-management,button,Copy,,,,,,,No request captured,,,unverified,FAT admin authenticated browser session; exact role/permission mapping pending,No mutation observed,Page loaded,No request captured,,,,DOCUMENTED_UNVERIFIED,CONTROL_PRESENT_NO_REQUEST,"fat-admin-explicit-read-actions.json execution status=CLICKED; exact selector {""role"": ""button"", ""name"": ""Copy"", ""exact"": true}",,Click produced no XHR/fetch; navigation/DOM effect requires follow-up
admin,Operation Management,Material Management,/operations/material-management,button,Material Type Settings,GET,/admin/ad/material/type/list,,,,"accept,accept-language,client-id,client-version,d,lang,referer,sec-ch-ua,sec-ch-ua-mobile,sec-ch-ua-platform,t,user-agent,x-device-id",Header: authenticated browser session/runtime,200,True,list,FAT admin authenticated browser session; exact role/permission mapping pending,No mutation observed; registered low-risk interaction,Page reloaded and Network reached quiet state before action,Action response captured; no business mutation observed,admin/other,素材种类列表,后台/运营管理/客户端管理/素材管理/素材种类列表.bru,ACTIVE,YES,"fat-admin-explicit-read-actions.json Network events 333; exact selector {""role"": ""button"", ""name"": ""Material Type Settings"", ""exact"": true}",,
admin,Finance Management,Payment Channels,/payment/channel-ordersV2,button,添加存款渠道,,,,,,,No request captured,,,unverified,FAT admin authenticated browser session; exact role/permission mapping pending,No mutation observed,Page loaded,No request captured,,,,DOCUMENTED_UNVERIFIED,CONTROL_PRESENT_NO_REQUEST,"fat-admin-explicit-read-actions.json execution status=SKIPPED_NOT_ACTIONABLE; exact selector {""role"": ""button"", ""name"": ""添加存款渠道"", ""exact"": true}",,Control was not actionable in the fresh page state
admin,Finance Management,Payment Channels,/payment/channel-ordersV2,button,编辑,,,,,,,No request captured,,,unverified,FAT admin authenticated browser session; exact role/permission mapping pending,No mutation observed,Page loaded,No request captured,,,,DOCUMENTED_UNVERIFIED,CONTROL_PRESENT_NO_REQUEST,"fat-admin-explicit-read-actions.json execution status=CLICKED; exact selector {""role"": ""button"", ""name"": ""编辑"", ""exact"": true}",,Click produced no XHR/fetch; navigation/DOM effect requires follow-up
admin,Promo Marketing,Channel Management,/promo-marketing/channels,button,Copy,,,,,,,No request captured,,,unverified,FAT admin authenticated browser session; exact role/permission mapping pending,No mutation observed,Page loaded,No request captured,,,,DOCUMENTED_UNVERIFIED,CONTROL_PRESENT_NO_REQUEST,"fat-admin-explicit-read-actions.json execution status=CLICKED; exact selector {""role"": ""button"", ""name"": ""Copy"", ""exact"": true}",,Click produced no XHR/fetch; navigation/DOM effect requires follow-up
admin,Promo Marketing,Promo Marketing Effect,/promo-marketing/effect-evaluation,button,搜索,,,,,,,No request captured,,,unverified,FAT admin authenticated browser session; exact role/permission mapping pending,No mutation observed,Page loaded,No request captured,,,,DOCUMENTED_UNVERIFIED,CONTROL_PRESENT_NO_REQUEST,"fat-admin-explicit-read-actions.json execution status=SKIPPED_NOT_ACTIONABLE; exact selector {""role"": ""button"", ""name"": ""搜索"", ""exact"": true}",,Control was not actionable in the fresh page state
admin,Promo Marketing,Promo Marketing Effect,/promo-marketing/effect-evaluation,button,重 置,,,,,,,No request captured,,,unverified,FAT admin authenticated browser session; exact role/permission mapping pending,No mutation observed,Page loaded,No request captured,,,,DOCUMENTED_UNVERIFIED,CONTROL_PRESENT_NO_REQUEST,"fat-admin-explicit-read-actions.json execution status=CLICKED; exact selector {""role"": ""button"", ""name"": ""重 置"", ""exact"": true}",,Click produced no XHR/fetch; navigation/DOM effect requires follow-up
admin,Promo Marketing,Promo Data,/promo-marketing/promotion-data,button,修改,GET,/admin/channel/promoData/consumption,day,,,"accept,accept-language,client-id,client-version,d,lang,referer,sec-ch-ua,sec-ch-ua-mobile,sec-ch-ua-platform,t,user-agent,x-device-id",Query: current page filter/pagination; Header: authenticated browser session/runtime,200,True,"object; keys=d,t",FAT admin authenticated browser session; exact role/permission mapping pending,No mutation observed; registered low-risk interaction,Page reloaded and Network reached quiet state before action,Action response captured; no business mutation observed,admin/promo,推广数据面板消耗详情-todo,后台/运营管理/推广管理/推广数据/推广数据面板消耗详情-todo.bru,ACTIVE,YES,"fat-admin-explicit-read-actions.json Network events 617; exact selector {""role"": ""button"", ""name"": ""修改"", ""exact"": true}",,
admin,Promo Marketing,Promo Data,/promo-marketing/promotion-data,button,查看,GET,/admin/channel/promoData/logs,"channel_id,day,page,page_size",,,"accept,accept-language,client-id,client-version,d,lang,referer,sec-ch-ua,sec-ch-ua-mobile,sec-ch-ua-platform,t,user-agent,x-device-id",Query: current page filter/pagination; Header: authenticated browser session/runtime,200,True,"object; keys=d,t",FAT admin authenticated browser session; exact role/permission mapping pending,No mutation observed; registered low-risk interaction,Page reloaded and Network reached quiet state before action,Action response captured; no business mutation observed,admin/promo,推广数据日志-todo,后台/运营管理/推广管理/推广数据/推广数据日志-todo.bru,ACTIVE,YES,"fat-admin-explicit-read-actions.json Network events 637; exact selector {""role"": ""button"", ""name"": ""查看"", ""exact"": true}",,
admin,Promo Marketing,Register Daily Active,/promo-marketing/register-daily-active,button,搜索,,,,,,,No request captured,,,unverified,FAT admin authenticated browser session; exact role/permission mapping pending,No mutation observed,Page loaded,No request captured,,,,DOCUMENTED_UNVERIFIED,CONTROL_PRESENT_NO_REQUEST,"fat-admin-explicit-read-actions.json execution status=SKIPPED_NOT_ACTIONABLE; exact selector {""role"": ""button"", ""name"": ""搜索"", ""exact"": true}",,Control was not actionable in the fresh page state
admin,Promo Marketing,Register Daily Active,/promo-marketing/register-daily-active,button,重 置,,,,,,,No request captured,,,unverified,FAT admin authenticated browser session; exact role/permission mapping pending,No mutation observed,Page loaded,No request captured,,,,DOCUMENTED_UNVERIFIED,CONTROL_PRESENT_NO_REQUEST,"fat-admin-explicit-read-actions.json execution status=CLICKED; exact selector {""role"": ""button"", ""name"": ""重 置"", ""exact"": true}",,Click produced no XHR/fetch; navigation/DOM effect requires follow-up
admin,Report Management,Member Daily Game Stats,/report-management/member-daily-game-stats,button,查 询,GET,/admin/reports/member-daily-game/aggregate,"end_date,field,page,page_size,start_date",,,"accept,accept-language,client-id,client-version,d,lang,referer,sec-ch-ua,sec-ch-ua-mobile,sec-ch-ua-platform,t,user-agent,x-device-id",Query: current page filter/pagination; Header: authenticated browser session/runtime,200,True,"object; keys=a,d,s,subtotal,t",FAT admin authenticated browser session; exact role/permission mapping pending,No mutation observed; registered low-risk interaction,Page reloaded and Network reached quiet state before action,Action response captured; no business mutation observed,admin/game,会员每日游戏报表--汇总列表,后台/报表管理/会员每日游戏报表--汇总列表.bru,ACTIVE,YES,"fat-admin-explicit-read-actions.json Network events 279; exact selector {""role"": ""button"", ""name"": ""查 询"", ""exact"": true}",,
admin,Report Management,Member Daily Stats,/report-management/member-daily-stats,button,Invite,GET,/admin/reports/invite,"end_time,field,page,page_size,start_time",,,"accept,accept-language,client-id,client-version,d,lang,referer,sec-ch-ua,sec-ch-ua-mobile,sec-ch-ua-platform,t,user-agent,x-device-id",Query: current page filter/pagination; Header: authenticated browser session/runtime,200,True,"object; keys=a,d,s,t",FAT admin authenticated browser session; exact role/permission mapping pending,No mutation observed; registered low-risk interaction,Page reloaded and Network reached quiet state before action,Action response captured; no business mutation observed,admin/report,邀请统计--列表,后台/报表管理/邀请统计--列表.bru,ACTIVE,YES,"fat-admin-explicit-read-actions.json Network events 207; exact selector {""role"": ""button"", ""name"": ""Invite"", ""exact"": true}",,
admin,Report Management,Member Daily Stats,/report-management/member-daily-stats,button,Personal,,,,,,,No request captured,,,unverified,FAT admin authenticated browser session; exact role/permission mapping pending,No mutation observed,Page loaded,No request captured,,,,DOCUMENTED_UNVERIFIED,CONTROL_PRESENT_NO_REQUEST,"fat-admin-explicit-read-actions.json execution status=CLICKED; exact selector {""role"": ""button"", ""name"": ""Personal"", ""exact"": true}",,Click produced no XHR/fetch; navigation/DOM effect requires follow-up
admin,Report Management,Member Daily Stats,/report-management/member-daily-stats,button,数据导出,,,,,,,No request captured,,,unverified,FAT admin authenticated browser session; exact role/permission mapping pending,No mutation observed,Page loaded,No request captured,,,,DOCUMENTED_UNVERIFIED,CONTROL_PRESENT_NO_REQUEST,"fat-admin-explicit-read-actions.json execution status=SKIPPED_NOT_ACTIONABLE; exact selector {""role"": ""button"", ""name"": ""数据导出"", ""exact"": true}",,Control was not actionable in the fresh page state
admin,Report Management,Member Daily Stats,/report-management/member-daily-stats,button,查 询,GET,/admin/reports/member,"end_time,field,page,page_size,start_time",,,"accept,accept-language,client-id,client-version,d,lang,referer,sec-ch-ua,sec-ch-ua-mobile,sec-ch-ua-platform,t,user-agent,x-device-id",Query: current page filter/pagination; Header: authenticated browser session/runtime,200,True,"object; keys=a,d,s,t",FAT admin authenticated browser session; exact role/permission mapping pending,No mutation observed; registered low-risk interaction,Page reloaded and Network reached quiet state before action,Action response captured; no business mutation observed,admin/report,个人统计--列表,后台/报表管理/个人统计--列表.bru,ACTIVE,YES,"fat-admin-explicit-read-actions.json Network events 225; exact selector {""role"": ""button"", ""name"": ""查 询"", ""exact"": true}",,
admin,Report Management,Member Daily Stats,/report-management/member-daily-stats,button,重 置,GET,/admin/reports/member,"end_time,field,page,page_size,start_time",,,"accept,accept-language,client-id,client-version,d,lang,referer,sec-ch-ua,sec-ch-ua-mobile,sec-ch-ua-platform,t,user-agent,x-device-id",Query: current page filter/pagination; Header: authenticated browser session/runtime,200,True,"object; keys=a,d,s,t",FAT admin authenticated browser session; exact role/permission mapping pending,No mutation observed; registered low-risk interaction,Page reloaded and Network reached quiet state before action,Action response captured; no business mutation observed,admin/report,个人统计--列表,后台/报表管理/个人统计--列表.bru,ACTIVE,YES,"fat-admin-explicit-read-actions.json Network events 243; exact selector {""role"": ""button"", ""name"": ""重 置"", ""exact"": true}",,
admin,Site Management,Domain Management,/site-management/domain-management,button,Set Share Domain,,,,,,,No request captured,,,unverified,FAT admin authenticated browser session; exact role/permission mapping pending,No mutation observed,Page loaded,No request captured,,,,DOCUMENTED_UNVERIFIED,CONTROL_PRESENT_NO_REQUEST,"fat-admin-explicit-read-actions.json execution status=CLICKED; exact selector {""role"": ""button"", ""name"": ""Set Share Domain"", ""exact"": true}",,Click produced no XHR/fetch; navigation/DOM effect requires follow-up
admin,System,Role Configuration,/system/role,button,Permissions,GET,/admin/priv/by/group,gid,,,"accept,accept-language,client-id,client-version,d,lang,referer,sec-ch-ua,sec-ch-ua-mobile,sec-ch-ua-platform,t,user-agent,x-device-id",Query: current page filter/pagination; Header: authenticated browser session/runtime,200,True,list,FAT admin authenticated browser session; exact role/permission mapping pending,No mutation observed; registered low-risk interaction,Page reloaded and Network reached quiet state before action,Action response captured; no business mutation observed,admin/permission,角色权限列表,后台/系统管理/权限管理/角色权限列表.bru,ACTIVE,YES,"fat-admin-explicit-read-actions.json Network events 813; exact selector {""role"": ""button"", ""name"": ""Permissions"", ""exact"": true}",,
admin,System,Role Configuration,/system/role,button,Permissions,GET,/admin/priv/list,pid,,,"accept,accept-language,client-id,client-version,d,lang,referer,sec-ch-ua,sec-ch-ua-mobile,sec-ch-ua-platform,t,user-agent,x-device-id",Query: current page filter/pagination; Header: authenticated browser session/runtime,200,True,list,FAT admin authenticated browser session; exact role/permission mapping pending,No mutation observed; registered low-risk interaction,Page reloaded and Network reached quiet state before action,Action response captured; no business mutation observed,admin/permission,权限列表,后台/系统管理/权限管理/权限列表.bru,ACTIVE,YES,"fat-admin-explicit-read-actions.json Network events 814,815,816,817,818,819,820,821,822,823,824,825,826,827,828,829,830,831,832,833; exact selector {""role"": ""button"", ""name"": ""Permissions"", ""exact"": true}",,
admin,System,SMS Verification Code,/system/sms-otp,button,SMS Provider Configuration,GET,/admin/sms/conf/list,,,,"accept,accept-language,client-id,client-version,d,lang,referer,sec-ch-ua,sec-ch-ua-mobile,sec-ch-ua-platform,t,user-agent,x-device-id",Header: authenticated browser session/runtime,200,True,list,FAT admin authenticated browser session; exact role/permission mapping pending,No mutation observed; registered low-risk interaction,Page reloaded and Network reached quiet state before action,Action response captured; no business mutation observed,admin/auth,短信配置,后台/短信发送列表/短信配置.bru,ACTIVE,YES,"fat-admin-explicit-read-actions.json Network events 851; exact selector {""role"": ""button"", ""name"": ""SMS Provider Configuration"", ""exact"": true}",,
admin,Home,Home,/home,button,"On
Closed",,,,,captured field names unavailable (request encoding),browser session/runtime,No request captured,,,string,FAT admin authenticated session; operation visible to current role,No proven side effect,,,,,,DOCUMENTED_UNVERIFIED,BLOCKED_DATA_SCOPE,fat-admin-write-form-probes.json + explicit action inventory; write_status=BLOCKED_DATA_SCOPE; target_ref=,,No current-run-created target with the required business state
admin,Member Management,Member,/member-center/list,button,Add Member,,,,,captured field names unavailable (request encoding),browser session/runtime,No request captured,,,string,FAT admin authenticated session; operation visible to current role,No proven side effect,,,,,,DOCUMENTED_UNVERIFIED,BLOCKED_PREREQUISITE,fat-admin-write-form-probes.json + explicit action inventory; write_status=BLOCKED_PREREQUISITE; target_ref=,,Creation form requires additional valid fields/assets/approval or lacks a proven cleanup path
admin,Member Management,Member,/member-center/list,button,Transfer,,,,,captured field names unavailable (request encoding),browser session/runtime,No request captured,,,string,FAT admin authenticated session; operation visible to current role,No proven side effect,,,,,,DOCUMENTED_UNVERIFIED,BLOCKED_DATA_SCOPE,fat-admin-write-form-probes.json + explicit action inventory; write_status=BLOCKED_DATA_SCOPE; target_ref=,,No current-run-created target with the required business state
admin,Member Management,Member,/member-center/list,button,Unblock,,,,,captured field names unavailable (request encoding),browser session/runtime,No request captured,,,string,FAT admin authenticated session; operation visible to current role,No proven side effect,,,,,,DOCUMENTED_UNVERIFIED,BLOCKED_DATA_SCOPE,fat-admin-write-form-probes.json + explicit action inventory; write_status=BLOCKED_DATA_SCOPE; target_ref=,,No current-run-created target with the required business state
admin,Member Management,Member,/member-center/list,button,Reset Password,,,,,captured field names unavailable (request encoding),browser session/runtime,No request captured,,,string,FAT admin authenticated session; operation visible to current role,No proven side effect,,,,,,DOCUMENTED_UNVERIFIED,BLOCKED_DATA_SCOPE,fat-admin-write-form-probes.json + explicit action inventory; write_status=BLOCKED_DATA_SCOPE; target_ref=,,No current-run-created target with the required business state
admin,Member Management,Member,/member-center/list,button,Convert to Agent,,,,,captured field names unavailable (request encoding),browser session/runtime,No request captured,,,string,FAT admin authenticated session; operation visible to current role,No proven side effect,,,,,,DOCUMENTED_UNVERIFIED,BLOCKED_DATA_SCOPE,fat-admin-write-form-probes.json + explicit action inventory; write_status=BLOCKED_DATA_SCOPE; target_ref=,,No current-run-created target with the required business state
admin,Report Management,Game Reports,/report-management/game-reports/list,button,Recalculate,,,,,captured field names unavailable (request encoding),browser session/runtime,No request captured,,,string,FAT admin authenticated session; operation visible to current role,No proven side effect,,,,,,DOCUMENTED_UNVERIFIED,BLOCKED_DATA_SCOPE,fat-admin-write-form-probes.json + explicit action inventory; write_status=BLOCKED_DATA_SCOPE; target_ref=,,No current-run-created target with the required business state
admin,Report Management,Game Type Reports,/report-management/game-types-report/list,button,Recalculate,,,,,captured field names unavailable (request encoding),browser session/runtime,No request captured,,,string,FAT admin authenticated session; operation visible to current role,No proven side effect,,,,,,DOCUMENTED_UNVERIFIED,BLOCKED_DATA_SCOPE,fat-admin-write-form-probes.json + explicit action inventory; write_status=BLOCKED_DATA_SCOPE; target_ref=,,No current-run-created target with the required business state
admin,Report Management,Game Platform Reports,/report-management/game-platform-report/list,button,Recalculate,,,,,captured field names unavailable (request encoding),browser session/runtime,No request captured,,,string,FAT admin authenticated session; operation visible to current role,No proven side effect,,,,,,DOCUMENTED_UNVERIFIED,BLOCKED_DATA_SCOPE,fat-admin-write-form-probes.json + explicit action inventory; write_status=BLOCKED_DATA_SCOPE; target_ref=,,No current-run-created target with the required business state
admin,Report Management,Member Daily Game Stats,/report-management/member-daily-game-stats,button,Reset Data,,,,,captured field names unavailable (request encoding),browser session/runtime,No request captured,,,string,FAT admin authenticated session; operation visible to current role,No proven side effect,,,,,,DOCUMENTED_UNVERIFIED,BLOCKED_DATA_SCOPE,fat-admin-write-form-probes.json + explicit action inventory; write_status=BLOCKED_DATA_SCOPE; target_ref=,,No current-run-created target with the required business state
admin,Finance Management,Payment Channels,/payment/channel-ordersV2,button,"是
否",,,,,captured field names unavailable (request encoding),browser session/runtime,No request captured,,,string,FAT admin authenticated session; operation visible to current role,No proven side effect,,,,,,DOCUMENTED_UNVERIFIED,BLOCKED_DATA_SCOPE,fat-admin-write-form-probes.json + explicit action inventory; write_status=BLOCKED_DATA_SCOPE; target_ref=,,No current-run-created target with the required business state
admin,Operation Management,Recharge Template,/operations/recharge-template,button,Add Template,,,,,captured field names unavailable (request encoding),browser session/runtime,No request captured,,,string,FAT admin authenticated session; operation visible to current role,No proven side effect,,,,,,DOCUMENTED_UNVERIFIED,BLOCKED_PREREQUISITE,fat-admin-write-form-probes.json + explicit action inventory; write_status=BLOCKED_PREREQUISITE; target_ref=,,Creation form requires additional valid fields/assets/approval or lacks a proven cleanup path
admin,Operation Management,Recharge Template,/operations/recharge-template,button,Edit,,,,,captured field names unavailable (request encoding),browser session/runtime,No request captured,,,string,FAT admin authenticated session; operation visible to current role,No proven side effect,,,,,,DOCUMENTED_UNVERIFIED,BLOCKED_DATA_SCOPE,fat-admin-write-form-probes.json + explicit action inventory; write_status=BLOCKED_DATA_SCOPE; target_ref=,,No current-run-created target with the required business state
admin,Operation Management,Client Configuration,/operations/client-config,button,Add New,,,,,captured field names unavailable (request encoding),browser session/runtime,No request captured,,,string,FAT admin authenticated session; operation visible to current role,No proven side effect,,,,,,DOCUMENTED_UNVERIFIED,BLOCKED_PREREQUISITE,fat-admin-write-form-probes.json + explicit action inventory; write_status=BLOCKED_PREREQUISITE; target_ref=,,Creation form requires additional valid fields/assets/approval or lacks a proven cleanup path
admin,Operation Management,Client Configuration,/operations/client-config,button,"Online
Offline",,,,,captured field names unavailable (request encoding),browser session/runtime,No request captured,,,string,FAT admin authenticated session; operation visible to current role,No proven side effect,,,,,,DOCUMENTED_UNVERIFIED,BLOCKED_DATA_SCOPE,fat-admin-write-form-probes.json + explicit action inventory; write_status=BLOCKED_DATA_SCOPE; target_ref=,,No current-run-created target with the required business state
admin,Operation Management,Client Configuration,/operations/client-config,button,Edit,,,,,captured field names unavailable (request encoding),browser session/runtime,No request captured,,,string,FAT admin authenticated session; operation visible to current role,No proven side effect,,,,,,DOCUMENTED_UNVERIFIED,BLOCKED_DATA_SCOPE,fat-admin-write-form-probes.json + explicit action inventory; write_status=BLOCKED_DATA_SCOPE; target_ref=,,No current-run-created target with the required business state
admin,Operation Management,Material Management,/operations/material-management,button,Add,,,,,captured field names unavailable (request encoding),browser session/runtime,No request captured,,,string,FAT admin authenticated session; operation visible to current role,No proven side effect,,,,,,DOCUMENTED_UNVERIFIED,BLOCKED_PREREQUISITE,fat-admin-write-form-probes.json + explicit action inventory; write_status=BLOCKED_PREREQUISITE; target_ref=,,Creation form requires additional valid fields/assets/approval or lacks a proven cleanup path
admin,Operation Management,Material Management,/operations/material-management,button,Edit,,,,,captured field names unavailable (request encoding),browser session/runtime,No request captured,,,string,FAT admin authenticated session; operation visible to current role,No proven side effect,,,,,,DOCUMENTED_UNVERIFIED,BLOCKED_DATA_SCOPE,fat-admin-write-form-probes.json + explicit action inventory; write_status=BLOCKED_DATA_SCOPE; target_ref=,,No current-run-created target with the required business state
admin,Operation Management,Material Management,/operations/material-management,button,Delete,,,,,captured field names unavailable (request encoding),browser session/runtime,No request captured,,,string,FAT admin authenticated session; operation visible to current role,No proven side effect,,,,,,DOCUMENTED_UNVERIFIED,BLOCKED_DATA_SCOPE,fat-admin-write-form-probes.json + explicit action inventory; write_status=BLOCKED_DATA_SCOPE; target_ref=,,No current-run-created target with the required business state
admin,Operation Management,Market Management,/operations/mall-management,button,Add Product,,,,,captured field names unavailable (request encoding),browser session/runtime,No request captured,,,string,FAT admin authenticated session; operation visible to current role,No proven side effect,,,,,,DOCUMENTED_UNVERIFIED,BLOCKED_PREREQUISITE,fat-admin-write-form-probes.json + explicit action inventory; write_status=BLOCKED_PREREQUISITE; target_ref=,,Creation form requires additional valid fields/assets/approval or lacks a proven cleanup path
admin,Operation Management,Market Management,/operations/mall-management,button,Edit,,,,,captured field names unavailable (request encoding),browser session/runtime,No request captured,,,string,FAT admin authenticated session; operation visible to current role,No proven side effect,,,,,,DOCUMENTED_UNVERIFIED,BLOCKED_DATA_SCOPE,fat-admin-write-form-probes.json + explicit action inventory; write_status=BLOCKED_DATA_SCOPE; target_ref=,,No current-run-created target with the required business state
admin,Operation Management,Promotion Spend Audit,/operations/activity-expenditure-audit,button,Manual Reissue,,,,,captured field names unavailable (request encoding),browser session/runtime,No request captured,,,string,FAT admin authenticated session; operation visible to current role,No proven side effect,,,,,,DOCUMENTED_UNVERIFIED,BLOCKED_DATA_SCOPE,fat-admin-write-form-probes.json + explicit action inventory; write_status=BLOCKED_DATA_SCOPE; target_ref=,,No current-run-created target with the required business state
admin,Operation Management,Ad Tracking/Buried Point,/operations/advertisement-tracking,button,Add Ad,,,,,captured field names unavailable (request encoding),browser session/runtime,No request captured,,,string,FAT admin authenticated session; operation visible to current role,No proven side effect,,,,,,DOCUMENTED_UNVERIFIED,BLOCKED_PREREQUISITE,fat-admin-write-form-probes.json + explicit action inventory; write_status=BLOCKED_PREREQUISITE; target_ref=,,Creation form requires additional valid fields/assets/approval or lacks a proven cleanup path
admin,Operation Management,Message Templates,/operations/message-templates,button,Edit,,,,,captured field names unavailable (request encoding),browser session/runtime,No request captured,,,string,FAT admin authenticated session; operation visible to current role,No proven side effect,,,,,,DOCUMENTED_UNVERIFIED,BLOCKED_DATA_SCOPE,fat-admin-write-form-probes.json + explicit action inventory; write_status=BLOCKED_DATA_SCOPE; target_ref=,,No current-run-created target with the required business state
admin,Operation Management,Member station message,/operations/in-site-message,button,Batch Send,,,,,captured field names unavailable (request encoding),browser session/runtime,No request captured,,,string,FAT admin authenticated session; operation visible to current role,No proven side effect,,,,,,DOCUMENTED_UNVERIFIED,BLOCKED_PREREQUISITE,fat-admin-write-form-probes.json + explicit action inventory; write_status=BLOCKED_PREREQUISITE; target_ref=,,Creation form requires additional valid fields/assets/approval or lacks a proven cleanup path
admin,Operation Management,Member station message,/operations/in-site-message,button,Cancel,,,,,captured field names unavailable (request encoding),browser session/runtime,No request captured,,,string,FAT admin authenticated session; operation visible to current role,No proven side effect,,,,,,DOCUMENTED_UNVERIFIED,BLOCKED_DATA_SCOPE,fat-admin-write-form-probes.json + explicit action inventory; write_status=BLOCKED_DATA_SCOPE; target_ref=,,No current-run-created target with the required business state
admin,Operation Management,Marquee Management,/operations/marquee-management,button,Add Marquee,POST,/admin/marquee/add,,,captured field names unavailable (request encoding),browser session/runtime,Current-run unique marquee form/row,200,True,string,FAT admin authenticated session; operation visible to current role,"Created, updated, then deleted current-run marquee",absent by unique marker,target absent/not visible,admin/other,添加,后台/跑马灯/添加.bru,ACTIVE,YES,fat-admin-controlled-marquee-flow.json; write_status=EXECUTED; target_ref=codex-fat-marquee-853da059,Exact target numeric ID was over-redacted,
admin,Operation Management,Marquee Management,/operations/marquee-management,button,Add Marquee,GET,/admin/marquee/list,"page,page_size,ty",,captured field names unavailable (request encoding),browser session/runtime,Current-run unique marquee form/row,200,True,object,FAT admin authenticated session; operation visible to current role,"Created, updated, then deleted current-run marquee",absent by unique marker,target absent/not visible,admin/other,列表,后台/跑马灯/列表.bru,ACTIVE,YES,fat-admin-controlled-marquee-flow.json; write_status=EXECUTED; target_ref=codex-fat-marquee-853da059,Exact target numeric ID was over-redacted,
admin,Operation Management,Marquee Management,/operations/marquee-management,button,"Enabled
Disabled",,,,,captured field names unavailable (request encoding),browser session/runtime,No request captured,,,string,FAT admin authenticated session; operation visible to current role,No proven side effect,,,,,,DOCUMENTED_UNVERIFIED,BLOCKED_DATA_SCOPE,fat-admin-write-form-probes.json + explicit action inventory; write_status=BLOCKED_DATA_SCOPE; target_ref=,,No current-run-created target with the required business state
admin,Operation Management,Marquee Management,/operations/marquee-management,button,Edit,POST,/admin/marquee/update,,,captured field names unavailable (request encoding),browser session/runtime,Current-run unique marquee form/row,200,True,string,FAT admin authenticated session; operation visible to current role,"Created, updated, then deleted current-run marquee",absent by unique marker,target absent/not visible,admin/other,修改/启用停止切换,后台/跑马灯/修改-启用停止切换.bru,ACTIVE,YES,fat-admin-controlled-marquee-flow.json; write_status=EXECUTED; target_ref=codex-fat-marquee-853da059,Exact target numeric ID was over-redacted,
admin,Operation Management,Marquee Management,/operations/marquee-management,button,Edit,GET,/admin/marquee/list,"page,page_size,ty",,captured field names unavailable (request encoding),browser session/runtime,Current-run unique marquee form/row,200,True,object,FAT admin authenticated session; operation visible to current role,"Created, updated, then deleted current-run marquee",absent by unique marker,target absent/not visible,admin/other,列表,后台/跑马灯/列表.bru,ACTIVE,YES,fat-admin-controlled-marquee-flow.json; write_status=EXECUTED; target_ref=codex-fat-marquee-853da059,Exact target numeric ID was over-redacted,
admin,Operation Management,Marquee Management,/operations/marquee-management,button,Delete,POST,/admin/marquee/delete,,,captured field names unavailable (request encoding),browser session/runtime,Current-run unique marquee form/row,200,True,string,FAT admin authenticated session; operation visible to current role,"Created, updated, then deleted current-run marquee",absent by unique marker,target absent/not visible,admin/other,删除,后台/跑马灯/删除.bru,ACTIVE,YES,fat-admin-controlled-marquee-flow.json; write_status=EXECUTED; target_ref=codex-fat-marquee-853da059,Exact target numeric ID was over-redacted,
admin,Operation Management,Marquee Management,/operations/marquee-management,button,Delete,GET,/admin/marquee/list,"page,page_size,ty",,captured field names unavailable (request encoding),browser session/runtime,Current-run unique marquee form/row,200,True,object,FAT admin authenticated session; operation visible to current role,"Created, updated, then deleted current-run marquee",absent by unique marker,target absent/not visible,admin/other,列表,后台/跑马灯/列表.bru,ACTIVE,YES,fat-admin-controlled-marquee-flow.json; write_status=EXECUTED; target_ref=codex-fat-marquee-853da059,Exact target numeric ID was over-redacted,
admin,Operation Management,Home Sections Config,/operations/home-sections,button,Save draft,,,,,captured field names unavailable (request encoding),browser session/runtime,No request captured,,,string,FAT admin authenticated session; operation visible to current role,No proven side effect,,,,,,DOCUMENTED_UNVERIFIED,BLOCKED_DATA_SCOPE,fat-admin-write-form-probes.json + explicit action inventory; write_status=BLOCKED_DATA_SCOPE; target_ref=,,No current-run-created target with the required business state
admin,Operation Management,Home Sections Config,/operations/home-sections,button,Publish,,,,,captured field names unavailable (request encoding),browser session/runtime,No request captured,,,string,FAT admin authenticated session; operation visible to current role,No proven side effect,,,,,,DOCUMENTED_UNVERIFIED,BLOCKED_DATA_SCOPE,fat-admin-write-form-probes.json + explicit action inventory; write_status=BLOCKED_DATA_SCOPE; target_ref=,,No current-run-created target with the required business state
admin,Operation Management,Home Sections Config,/operations/home-sections,button,"On
Off",,,,,captured field names unavailable (request encoding),browser session/runtime,No request captured,,,string,FAT admin authenticated session; operation visible to current role,No proven side effect,,,,,,DOCUMENTED_UNVERIFIED,BLOCKED_DATA_SCOPE,fat-admin-write-form-probes.json + explicit action inventory; write_status=BLOCKED_DATA_SCOPE; target_ref=,,No current-run-created target with the required business state
admin,Operation Management,Home Sections Config,/operations/home-sections,button,Edit,,,,,captured field names unavailable (request encoding),browser session/runtime,No request captured,,,string,FAT admin authenticated session; operation visible to current role,No proven side effect,,,,,,DOCUMENTED_UNVERIFIED,BLOCKED_DATA_SCOPE,fat-admin-write-form-probes.json + explicit action inventory; write_status=BLOCKED_DATA_SCOPE; target_ref=,,No current-run-created target with the required business state
admin,Operation Management,Home Sections Config,/operations/home-sections,button,Add custom section,,,,,captured field names unavailable (request encoding),browser session/runtime,No request captured,,,string,FAT admin authenticated session; operation visible to current role,No proven side effect,,,,,,DOCUMENTED_UNVERIFIED,BLOCKED_PREREQUISITE,fat-admin-write-form-probes.json + explicit action inventory; write_status=BLOCKED_PREREQUISITE; target_ref=,,Creation form requires additional valid fields/assets/approval or lacks a proven cleanup path
admin,Risk Management,Deposit/Withdrawal Approval,/risk-control/dw-audit,button,Manual Reissue,,,,,captured field names unavailable (request encoding),browser session/runtime,No request captured,,,string,FAT admin authenticated session; operation visible to current role,No proven side effect,,,,,,DOCUMENTED_UNVERIFIED,BLOCKED_DATA_SCOPE,fat-admin-write-form-probes.json + explicit action inventory; write_status=BLOCKED_DATA_SCOPE; target_ref=,,No current-run-created target with the required business state
admin,Risk Management,Fund Transfer Record,/risk-control/up-down-score,button,Batch Credit Top-up,,,,,captured field names unavailable (request encoding),browser session/runtime,No request captured,,,string,FAT admin authenticated session; operation visible to current role,No proven side effect,,,,,,DOCUMENTED_UNVERIFIED,BLOCKED_DATA_SCOPE,fat-admin-write-form-probes.json + explicit action inventory; write_status=BLOCKED_DATA_SCOPE; target_ref=,,No current-run-created target with the required business state
admin,Risk Management,Temporary Restriction List,/risk-control/temporary-restriction-list,button,Temporary withdrawal limit,,,,,captured field names unavailable (request encoding),browser session/runtime,No request captured,,,string,FAT admin authenticated session; operation visible to current role,No proven side effect,,,,,,DOCUMENTED_UNVERIFIED,BLOCKED_DATA_SCOPE,fat-admin-write-form-probes.json + explicit action inventory; write_status=BLOCKED_DATA_SCOPE; target_ref=,,No current-run-created target with the required business state
admin,Promo Marketing,Channel Management,/promo-marketing/channels,button,Add,,,,,captured field names unavailable (request encoding),browser session/runtime,No request captured,,,string,FAT admin authenticated session; operation visible to current role,No proven side effect,,,,,,DOCUMENTED_UNVERIFIED,NO_CREATE_REQUEST,fat-admin-controlled-channel-group-flow.json; write_status=NO_CREATE_REQUEST; target_ref=codex-fat-scan-20260903-eebb1a,,Confirm produced no create request; delayed /admin/game/search events were excluded
admin,Promo Marketing,Channel Management,/promo-marketing/channels,button,Edit,,,,,captured field names unavailable (request encoding),browser session/runtime,No request captured,,,string,FAT admin authenticated session; operation visible to current role,No proven side effect,,,,,,DOCUMENTED_UNVERIFIED,BLOCKED_DATA_SCOPE,fat-admin-write-form-probes.json + explicit action inventory; write_status=BLOCKED_DATA_SCOPE; target_ref=,,No current-run-created target with the required business state
admin,Promo Marketing,Channel Management,/promo-marketing/channels,button,Delete,,,,,captured field names unavailable (request encoding),browser session/runtime,No request captured,,,string,FAT admin authenticated session; operation visible to current role,No proven side effect,,,,,,DOCUMENTED_UNVERIFIED,BLOCKED_DATA_SCOPE,fat-admin-write-form-probes.json + explicit action inventory; write_status=BLOCKED_DATA_SCOPE; target_ref=,,No current-run-created target with the required business state
admin,Promo Marketing,Channel Management,/promo-marketing/channels,button,Add to Group,,,,,captured field names unavailable (request encoding),browser session/runtime,No request captured,,,string,FAT admin authenticated session; operation visible to current role,No proven side effect,,,,,,DOCUMENTED_UNVERIFIED,BLOCKED_PREREQUISITE,fat-admin-write-form-probes.json + explicit action inventory; write_status=BLOCKED_PREREQUISITE; target_ref=,,Creation form requires additional valid fields/assets/approval or lacks a proven cleanup path
admin,Promo Marketing,Channel Management,/promo-marketing/channels,button,Set Exchange Rate,,,,,captured field names unavailable (request encoding),browser session/runtime,No request captured,,,string,FAT admin authenticated session; operation visible to current role,No proven side effect,,,,,,DOCUMENTED_UNVERIFIED,BLOCKED_DATA_SCOPE,fat-admin-write-form-probes.json + explicit action inventory; write_status=BLOCKED_DATA_SCOPE; target_ref=,,No current-run-created target with the required business state
admin,Site Management,Domain Management,/site-management/domain-management,button,Add Domain,,,,,captured field names unavailable (request encoding),browser session/runtime,No request captured,,,string,FAT admin authenticated session; operation visible to current role,No proven side effect,,,,,,DOCUMENTED_UNVERIFIED,BLOCKED_PREREQUISITE,fat-admin-write-form-probes.json + explicit action inventory; write_status=BLOCKED_PREREQUISITE; target_ref=,,Creation form requires additional valid fields/assets/approval or lacks a proven cleanup path
admin,Game,Venue Management,/gamev2/venue-settings,button,Add Venue,,,,,captured field names unavailable (request encoding),browser session/runtime,No request captured,,,string,FAT admin authenticated session; operation visible to current role,No proven side effect,,,,,,DOCUMENTED_UNVERIFIED,BLOCKED_PREREQUISITE,fat-admin-write-form-probes.json + explicit action inventory; write_status=BLOCKED_PREREQUISITE; target_ref=,,Creation form requires additional valid fields/assets/approval or lacks a proven cleanup path
admin,Game,Venue Management,/gamev2/venue-settings,button,Edit,,,,,captured field names unavailable (request encoding),browser session/runtime,No request captured,,,string,FAT admin authenticated session; operation visible to current role,No proven side effect,,,,,,DOCUMENTED_UNVERIFIED,BLOCKED_DATA_SCOPE,fat-admin-write-form-probes.json + explicit action inventory; write_status=BLOCKED_DATA_SCOPE; target_ref=,,No current-run-created target with the required business state
admin,Game,Provider Management,/gamev2/manufacturer-management,button,Add New Provider,,,,,captured field names unavailable (request encoding),browser session/runtime,No request captured,,,string,FAT admin authenticated session; operation visible to current role,No proven side effect,,,,,,DOCUMENTED_UNVERIFIED,BLOCKED_PREREQUISITE,fat-admin-write-form-probes.json + explicit action inventory; write_status=BLOCKED_PREREQUISITE; target_ref=,,Creation form requires additional valid fields/assets/approval or lacks a proven cleanup path
admin,Game,Provider Management,/gamev2/manufacturer-management,button,Edit,,,,,captured field names unavailable (request encoding),browser session/runtime,No request captured,,,string,FAT admin authenticated session; operation visible to current role,No proven side effect,,,,,,DOCUMENTED_UNVERIFIED,BLOCKED_DATA_SCOPE,fat-admin-write-form-probes.json + explicit action inventory; write_status=BLOCKED_DATA_SCOPE; target_ref=,,No current-run-created target with the required business state
admin,Game,Game List Management,/gamev2/game-management,button,Batch Set Game Statu,,,,,captured field names unavailable (request encoding),browser session/runtime,No request captured,,,string,FAT admin authenticated session; operation visible to current role,No proven side effect,,,,,,DOCUMENTED_UNVERIFIED,BLOCKED_DATA_SCOPE,fat-admin-write-form-probes.json + explicit action inventory; write_status=BLOCKED_DATA_SCOPE; target_ref=,,No current-run-created target with the required business state
admin,Game,Game List Management,/gamev2/game-management,button,Batch Set Sorting Tags,,,,,captured field names unavailable (request encoding),browser session/runtime,No request captured,,,string,FAT admin authenticated session; operation visible to current role,No proven side effect,,,,,,DOCUMENTED_UNVERIFIED,BLOCKED_DATA_SCOPE,fat-admin-write-form-probes.json + explicit action inventory; write_status=BLOCKED_DATA_SCOPE; target_ref=,,No current-run-created target with the required business state
admin,Game,Game List Management,/gamev2/game-management,button,Single new addition,,,,,captured field names unavailable (request encoding),browser session/runtime,No request captured,,,string,FAT admin authenticated session; operation visible to current role,No proven side effect,,,,,,DOCUMENTED_UNVERIFIED,BLOCKED_PREREQUISITE,fat-admin-write-form-probes.json + explicit action inventory; write_status=BLOCKED_PREREQUISITE; target_ref=,,Creation form requires additional valid fields/assets/approval or lacks a proven cleanup path
admin,Game,Game List Management,/gamev2/game-management,button,Batch addition,,,,,captured field names unavailable (request encoding),browser session/runtime,No request captured,,,string,FAT admin authenticated session; operation visible to current role,No proven side effect,,,,,,DOCUMENTED_UNVERIFIED,BLOCKED_PREREQUISITE,fat-admin-write-form-probes.json + explicit action inventory; write_status=BLOCKED_PREREQUISITE; target_ref=,,Creation form requires additional valid fields/assets/approval or lacks a proven cleanup path
admin,Game,Game List Management,/gamev2/game-management,button,"Enable
Closed",,,,,captured field names unavailable (request encoding),browser session/runtime,No request captured,,,string,FAT admin authenticated session; operation visible to current role,No proven side effect,,,,,,DOCUMENTED_UNVERIFIED,BLOCKED_DATA_SCOPE,fat-admin-write-form-probes.json + explicit action inventory; write_status=BLOCKED_DATA_SCOPE; target_ref=,,No current-run-created target with the required business state
admin,Game,Game List Management,/gamev2/game-management,button,Edit,,,,,captured field names unavailable (request encoding),browser session/runtime,No request captured,,,string,FAT admin authenticated session; operation visible to current role,No proven side effect,,,,,,DOCUMENTED_UNVERIFIED,BLOCKED_DATA_SCOPE,fat-admin-write-form-probes.json + explicit action inventory; write_status=BLOCKED_DATA_SCOPE; target_ref=,,No current-run-created target with the required business state
admin,Game,FS 派发管理,/gamev2/freespin-grants,button,Manual Grant,,,,,captured field names unavailable (request encoding),browser session/runtime,No request captured,,,string,FAT admin authenticated session; operation visible to current role,No proven side effect,,,,,,DOCUMENTED_UNVERIFIED,BLOCKED_DATA_SCOPE,fat-admin-write-form-probes.json + explicit action inventory; write_status=BLOCKED_DATA_SCOPE; target_ref=,,No current-run-created target with the required business state
admin,Game,FS 派发管理,/gamev2/freespin-grants,button,Batch Grant,,,,,captured field names unavailable (request encoding),browser session/runtime,No request captured,,,string,FAT admin authenticated session; operation visible to current role,No proven side effect,,,,,,DOCUMENTED_UNVERIFIED,BLOCKED_DATA_SCOPE,fat-admin-write-form-probes.json + explicit action inventory; write_status=BLOCKED_DATA_SCOPE; target_ref=,,No current-run-created target with the required business state
admin,System,Role Configuration,/system/role,button,Add New,,,,,captured field names unavailable (request encoding),browser session/runtime,No request captured,,,string,FAT admin authenticated session; operation visible to current role,No proven side effect,,,,,,DOCUMENTED_UNVERIFIED,BLOCKED_PREREQUISITE,fat-admin-write-form-probes.json + explicit action inventory; write_status=BLOCKED_PREREQUISITE; target_ref=,,Creation form requires additional valid fields/assets/approval or lacks a proven cleanup path
admin,System,Role Configuration,/system/role,button,Edit,,,,,captured field names unavailable (request encoding),browser session/runtime,No request captured,,,string,FAT admin authenticated session; operation visible to current role,No proven side effect,,,,,,DOCUMENTED_UNVERIFIED,BLOCKED_DATA_SCOPE,fat-admin-write-form-probes.json + explicit action inventory; write_status=BLOCKED_DATA_SCOPE; target_ref=,,No current-run-created target with the required business state
admin,System,Staff Configuration,/system/staff,button,Add Staff,,,,,captured field names unavailable (request encoding),browser session/runtime,No request captured,,,string,FAT admin authenticated session; operation visible to current role,No proven side effect,,,,,,DOCUMENTED_UNVERIFIED,BLOCKED_PREREQUISITE,fat-admin-write-form-probes.json + explicit action inventory; write_status=BLOCKED_PREREQUISITE; target_ref=,,Creation form requires additional valid fields/assets/approval or lacks a proven cleanup path
admin,System,Staff Configuration,/system/staff,button,Edit,,,,,captured field names unavailable (request encoding),browser session/runtime,No request captured,,,string,FAT admin authenticated session; operation visible to current role,No proven side effect,,,,,,DOCUMENTED_UNVERIFIED,BLOCKED_DATA_SCOPE,fat-admin-write-form-probes.json + explicit action inventory; write_status=BLOCKED_DATA_SCOPE; target_ref=,,No current-run-created target with the required business state
admin,System,Staff Configuration,/system/staff,button,Disable,,,,,captured field names unavailable (request encoding),browser session/runtime,No request captured,,,string,FAT admin authenticated session; operation visible to current role,No proven side effect,,,,,,DOCUMENTED_UNVERIFIED,BLOCKED_DATA_SCOPE,fat-admin-write-form-probes.json + explicit action inventory; write_status=BLOCKED_DATA_SCOPE; target_ref=,,No current-run-created target with the required business state
admin,System,Staff Configuration,/system/staff,button,Reset Password,,,,,captured field names unavailable (request encoding),browser session/runtime,No request captured,,,string,FAT admin authenticated session; operation visible to current role,No proven side effect,,,,,,DOCUMENTED_UNVERIFIED,BLOCKED_DATA_SCOPE,fat-admin-write-form-probes.json + explicit action inventory; write_status=BLOCKED_DATA_SCOPE; target_ref=,,No current-run-created target with the required business state
admin,System,Staff Configuration,/system/staff,button,Reset Google Verification Code,,,,,captured field names unavailable (request encoding),browser session/runtime,No request captured,,,string,FAT admin authenticated session; operation visible to current role,No proven side effect,,,,,,DOCUMENTED_UNVERIFIED,BLOCKED_DATA_SCOPE,fat-admin-write-form-probes.json + explicit action inventory; write_status=BLOCKED_DATA_SCOPE; target_ref=,,No current-run-created target with the required business state
admin,System,Whitelist,/whitelist/list,button,Add IP Pool,,,,,captured field names unavailable (request encoding),browser session/runtime,No request captured,,,string,FAT admin authenticated session; operation visible to current role,No proven side effect,,,,,,DOCUMENTED_UNVERIFIED,BLOCKED_PREREQUISITE,fat-admin-write-form-probes.json + explicit action inventory; write_status=BLOCKED_PREREQUISITE; target_ref=,,Creation form requires additional valid fields/assets/approval or lacks a proven cleanup path
