top_menu,page_name,page_permission_path,action_name,method,normalized_path,parameter_fields,parameter_source,http_status,business_status,response_structure,auth_role,side_effect,before_state,after_state,original_category,original_name,classification,currently_used_by_ui,evidence,blocked_scope
会员,会员列表,/admin/member/list,清空提款密码,GET,/admin/finance/member/wallet/pwd/clear,uid,inventory/runtime query names only; body and UI source TO_CAPTURE,,,unverified,current FAT admin; exact role name TO_CAPTURE,TO_VERIFY_BEFORE_WRITE,not captured,not captured,admin/finance,清空提款密码 -- ducky,DOCUMENTED_UNVERIFIED,UNVERIFIED_PENDING_UI_SCAN,permission tree + FAT bundle,awaiting UI interaction and Network evidence
会员,会员列表,/admin/member/list,会员导出,GET,/admin/member/export,TO_CAPTURE,inventory/runtime query names only; body and UI source TO_CAPTURE,,,unverified,current FAT admin; exact role name TO_CAPTURE,TO_VERIFY_BEFORE_WRITE,not captured,not captured,admin/member,数据导出 - seven/double,DOCUMENTED_UNVERIFIED,UNVERIFIED_PENDING_UI_SCAN,permission tree + FAT bundle,awaiting UI interaction and Network evidence
会员,会员列表,/admin/member/list,解封,POST,/admin/member/unblock,TO_CAPTURE,inventory/runtime query names only; body and UI source TO_CAPTURE,,,unverified,current FAT admin; exact role name TO_CAPTURE,TO_VERIFY_BEFORE_WRITE,not captured,not captured,admin/member,block解封,DOCUMENTED_UNVERIFIED,UNVERIFIED_PENDING_UI_SCAN,permission tree + FAT bundle,awaiting UI interaction and Network evidence
会员,会员详情,/admin/member/detail,会员kyc详情,GET,/admin/kyc/detail,TO_CAPTURE,inventory/runtime query names only; body and UI source TO_CAPTURE,,,unverified,current FAT admin; exact role name TO_CAPTURE,TO_VERIFY_BEFORE_WRITE,not captured,not captured,admin/kyc,kyc详情 | 获取 kyc 详情 - double,DOCUMENTED_UNVERIFIED,UNVERIFIED_PENDING_UI_SCAN,permission tree + FAT bundle,awaiting UI interaction and Network evidence
会员,会员详情,/admin/member/detail,会员密码otp修改,POST,/admin/user/update/password,TO_CAPTURE,inventory/runtime query names only; body and UI source TO_CAPTURE,,,unverified,current FAT admin; exact role name TO_CAPTURE,TO_VERIFY_BEFORE_WRITE,not captured,not captured,admin/auth,后台员工修改密码,DOCUMENTED_UNVERIFIED,UNVERIFIED_PENDING_UI_SCAN,permission tree + FAT bundle,awaiting UI interaction and Network evidence
会员,会员详情,/admin/member/detail,会员登陆日志,GET,/admin/member/log/list,client_id|page|page_isze|reg_device_no,inventory/runtime query names only; body and UI source TO_CAPTURE,,,unverified,current FAT admin; exact role name TO_CAPTURE,TO_VERIFY_BEFORE_WRITE,not captured,not captured,admin/member,会员登录日志-seven,DOCUMENTED_UNVERIFIED,UNVERIFIED_PENDING_UI_SCAN,permission tree + FAT bundle,awaiting UI interaction and Network evidence
会员,会员详情,/admin/member/detail,会员流水清理,POST,/admin/member/turnover/clear,TO_CAPTURE,inventory/runtime query names only; body and UI source TO_CAPTURE,,,unverified,current FAT admin; exact role name TO_CAPTURE,TO_VERIFY_BEFORE_WRITE,not captured,not captured,admin/member,会员流水清理-light,DOCUMENTED_UNVERIFIED,UNVERIFIED_PENDING_UI_SCAN,permission tree + FAT bundle,awaiting UI interaction and Network evidence
会员,会员详情,/admin/member/detail,转为代理,,/admin/member/become/agent,TO_CAPTURE,inventory/runtime query names only; body and UI source TO_CAPTURE,,,unverified,current FAT admin; exact role name TO_CAPTURE,TO_VERIFY_BEFORE_WRITE,not captured,not captured,,,UNDOCUMENTED_CANDIDATE,UNVERIFIED_PENDING_UI_SCAN,permission tree + FAT bundle,awaiting UI interaction and Network evidence
会员,会员详情,/admin/member/detail,会员转线-查询,GET,/admin/superior/one,uid,inventory/runtime query names only; body and UI source TO_CAPTURE,,,unverified,current FAT admin; exact role name TO_CAPTURE,TO_VERIFY_BEFORE_WRITE,not captured,not captured,admin/other,代理查询,DOCUMENTED_UNVERIFIED,UNVERIFIED_PENDING_UI_SCAN,permission tree + FAT bundle,awaiting UI interaction and Network evidence
会员,会员详情,/admin/member/detail,会员转线-变更,POST,/admin/superior/update,TO_CAPTURE,inventory/runtime query names only; body and UI source TO_CAPTURE,,,unverified,current FAT admin; exact role name TO_CAPTURE,TO_VERIFY_BEFORE_WRITE,not captured,not captured,admin/other,会员转线,DOCUMENTED_UNVERIFIED,UNVERIFIED_PENDING_UI_SCAN,permission tree + FAT bundle,awaiting UI interaction and Network evidence
会员,会员详情,/admin/member/detail,会员转线-记录,GET,/admin/superior/log,uid,inventory/runtime query names only; body and UI source TO_CAPTURE,,,unverified,current FAT admin; exact role name TO_CAPTURE,TO_VERIFY_BEFORE_WRITE,not captured,not captured,admin/other,会员转线log,DOCUMENTED_UNVERIFIED,UNVERIFIED_PENDING_UI_SCAN,permission tree + FAT bundle,awaiting UI interaction and Network evidence
会员,会员详情,/admin/member/detail,会员充值倍率调整,POST,/admin/member/deposit/multiple/update,TO_CAPTURE,inventory/runtime query names only; body and UI source TO_CAPTURE,,,unverified,current FAT admin; exact role name TO_CAPTURE,TO_VERIFY_BEFORE_WRITE,not captured,not captured,admin/finance,用户充值倍率调整-aliang,DOCUMENTED_UNVERIFIED,UNVERIFIED_PENDING_UI_SCAN,permission tree + FAT bundle,awaiting UI interaction and Network evidence
会员,会员详情,/admin/member/detail,会员充值倍率操作记录,GET,/admin/member/deposit/multiple/log,operator_types|page|page_size|uid,inventory/runtime query names only; body and UI source TO_CAPTURE,,,unverified,current FAT admin; exact role name TO_CAPTURE,TO_VERIFY_BEFORE_WRITE,not captured,not captured,admin/finance,用户充值倍率调整日志列表-aliang,DOCUMENTED_UNVERIFIED,UNVERIFIED_PENDING_UI_SCAN,permission tree + FAT bundle,awaiting UI interaction and Network evidence
会员,会员详情,/admin/member/detail,vip等级手动调整,POST,/admin/member/vip/level/manual/upgrade,TO_CAPTURE,inventory/runtime query names only; body and UI source TO_CAPTURE,,,unverified,current FAT admin; exact role name TO_CAPTURE,TO_VERIFY_BEFORE_WRITE,not captured,not captured,admin/member,会员vip手动升级,DOCUMENTED_UNVERIFIED,UNVERIFIED_PENDING_UI_SCAN,permission tree + FAT bundle,awaiting UI interaction and Network evidence
会员,会员奖励表,/admin/promo/vip/log,会员奖励表-列表,GET,/admin/promo/vip/log/list,page|page_size,inventory/runtime query names only; body and UI source TO_CAPTURE,,,unverified,current FAT admin; exact role name TO_CAPTURE,TO_VERIFY_BEFORE_WRITE,not captured,not captured,admin/promo,奖励表列表-aliang,DOCUMENTED_UNVERIFIED,UNVERIFIED_PENDING_UI_SCAN,permission tree + FAT bundle,awaiting UI interaction and Network evidence
会员,会员奖励表,/admin/promo/vip/log,会员奖励表-导出,GET,/admin/promo/vip/log/export,TO_CAPTURE,inventory/runtime query names only; body and UI source TO_CAPTURE,,,unverified,current FAT admin; exact role name TO_CAPTURE,TO_VERIFY_BEFORE_WRITE,not captured,not captured,admin/promo,奖励表-导出-aliang,DOCUMENTED_UNVERIFIED,UNVERIFIED_PENDING_UI_SCAN,permission tree + FAT bundle,awaiting UI interaction and Network evidence
财务管理,存款记录,/finance/deposit,存款记录-列表,POST,/admin/finance/deposit/list,TO_CAPTURE,inventory/runtime query names only; body and UI source TO_CAPTURE,200,True,object:d|s|summary|t,current FAT admin; exact role name TO_CAPTURE,none observed,not captured,not captured,admin/finance,充值列表-wesley,DOCUMENTED_REACHABLE,UNVERIFIED_PENDING_UI_SCAN,fat-admin-api-evidence.json,awaiting UI interaction and Network evidence
财务管理,存款记录,/finance/deposit,存款记录-同步,POST,/admin/finance/deposit/sync,id,inventory/runtime query names only; body and UI source TO_CAPTURE,,,unverified,current FAT admin; exact role name TO_CAPTURE,TO_VERIFY_BEFORE_WRITE,not captured,not captured,admin/finance,充值同步状态-wesley,DOCUMENTED_UNVERIFIED,UNVERIFIED_PENDING_UI_SCAN,permission tree + FAT bundle,awaiting UI interaction and Network evidence
财务管理,存款记录,/finance/deposit,存款列表导出,POST,/admin/finance/deposit/export,TO_CAPTURE,inventory/runtime query names only; body and UI source TO_CAPTURE,,,unverified,current FAT admin; exact role name TO_CAPTURE,TO_VERIFY_BEFORE_WRITE,not captured,not captured,admin/finance,充值记录导出-wesley,DOCUMENTED_UNVERIFIED,UNVERIFIED_PENDING_UI_SCAN,permission tree + FAT bundle,awaiting UI interaction and Network evidence
财务管理,提现记录,/finance/withdraw,提现记录-列表,POST,/admin/finance/withdraw/list,TO_CAPTURE,inventory/runtime query names only; body and UI source TO_CAPTURE,200,True,object:d|s|summary|t,current FAT admin; exact role name TO_CAPTURE,none observed,not captured,not captured,admin/finance,提现列表-wesley,DOCUMENTED_REACHABLE,UNVERIFIED_PENDING_UI_SCAN,fat-admin-api-evidence.json,awaiting UI interaction and Network evidence
财务管理,提现记录,/finance/withdraw,提现记录-同步,POST,/admin/finance/withdraw/sync,id,inventory/runtime query names only; body and UI source TO_CAPTURE,,,unverified,current FAT admin; exact role name TO_CAPTURE,TO_VERIFY_BEFORE_WRITE,not captured,not captured,admin/finance,提现同步状态-wesley,DOCUMENTED_UNVERIFIED,UNVERIFIED_PENDING_UI_SCAN,permission tree + FAT bundle,awaiting UI interaction and Network evidence
财务管理,提现记录,/finance/withdraw,取款列表导出,POST,/admin/finance/withdraw/export,TO_CAPTURE,inventory/runtime query names only; body and UI source TO_CAPTURE,,,unverified,current FAT admin; exact role name TO_CAPTURE,TO_VERIFY_BEFORE_WRITE,not captured,not captured,admin/finance,提现记录导出-wesley,DOCUMENTED_UNVERIFIED,UNVERIFIED_PENDING_UI_SCAN,permission tree + FAT bundle,awaiting UI interaction and Network evidence
财务管理,会员钱包帐变,/finance/transaction,会员钱包帐变-类型,GET,/admin/finance/transaction/types,TO_CAPTURE,inventory/runtime query names only; body and UI source TO_CAPTURE,200,True,list,current FAT admin; exact role name TO_CAPTURE,none observed,not captured,not captured,admin/finance,账变类型- wesley,DOCUMENTED_REACHABLE,UNVERIFIED_PENDING_UI_SCAN,fat-admin-api-evidence.json,awaiting UI interaction and Network evidence
财务管理,会员钱包帐变,/finance/transaction,会员钱包帐变-列表,POST,/admin/finance/transaction/list,cash_type|page|page_size,inventory/runtime query names only; body and UI source TO_CAPTURE,200,True,object:d|s|t,current FAT admin; exact role name TO_CAPTURE,none observed,not captured,not captured,admin/finance,账变列表- wesley,DOCUMENTED_REACHABLE,UNVERIFIED_PENDING_UI_SCAN,fat-admin-api-evidence.json,awaiting UI interaction and Network evidence
财务管理,会员钱包帐变,/finance/transaction,会员详情-查看钱包,GET,/admin/finance/member/wallet,uid,inventory/runtime query names only; body and UI source TO_CAPTURE,,,unverified,current FAT admin; exact role name TO_CAPTURE,TO_VERIFY_BEFORE_WRITE,not captured,not captured,admin/finance,会员钱包 - wesley,DOCUMENTED_UNVERIFIED,UNVERIFIED_PENDING_UI_SCAN,permission tree + FAT bundle,awaiting UI interaction and Network evidence
财务管理,支付渠道,/finance/cate,支付渠道-通道列表,GET,/admin/finance/payment/channel/list,name|page|page_size|payment_name|state,inventory/runtime query names only; body and UI source TO_CAPTURE,,,unverified,current FAT admin; exact role name TO_CAPTURE,TO_VERIFY_BEFORE_WRITE,not captured,not captured,admin/finance,支付渠道通道列表,DOCUMENTED_UNVERIFIED,UNVERIFIED_PENDING_UI_SCAN,permission tree + FAT bundle,awaiting UI interaction and Network evidence
财务管理,支付渠道,/finance/cate,支付渠道-提款通道列表,GET,/admin/finance/payment/withdraw/channels,TO_CAPTURE,inventory/runtime query names only; body and UI source TO_CAPTURE,,,unverified,current FAT admin; exact role name TO_CAPTURE,TO_VERIFY_BEFORE_WRITE,not captured,not captured,admin/finance,提现渠道列表-cold,DOCUMENTED_UNVERIFIED,UNVERIFIED_PENDING_UI_SCAN,permission tree + FAT bundle,awaiting UI interaction and Network evidence
财务管理,支付渠道,/finance/cate,支付渠道-通道新增,POST,/admin/finance/payment/channel/insert,TO_CAPTURE,inventory/runtime query names only; body and UI source TO_CAPTURE,,,unverified,current FAT admin; exact role name TO_CAPTURE,TO_VERIFY_BEFORE_WRITE,not captured,not captured,admin/finance,添加支付渠道通道,DOCUMENTED_UNVERIFIED,UNVERIFIED_PENDING_UI_SCAN,permission tree + FAT bundle,awaiting UI interaction and Network evidence
财务管理,支付渠道,/finance/cate,支付渠道-充值通道列表,GET,/admin/finance/payment/deposit/channels,TO_CAPTURE,inventory/runtime query names only; body and UI source TO_CAPTURE,,,unverified,current FAT admin; exact role name TO_CAPTURE,TO_VERIFY_BEFORE_WRITE,not captured,not captured,admin/finance,支付渠道列表-cold,DOCUMENTED_UNVERIFIED,UNVERIFIED_PENDING_UI_SCAN,permission tree + FAT bundle,awaiting UI interaction and Network evidence
财务管理,支付渠道,/finance/cate,支付渠道-通道修改,POST,/admin/finance/payment/channel/update,TO_CAPTURE,inventory/runtime query names only; body and UI source TO_CAPTURE,,,unverified,current FAT admin; exact role name TO_CAPTURE,TO_VERIFY_BEFORE_WRITE,not captured,not captured,admin/finance,更新支付渠道通道,DOCUMENTED_UNVERIFIED,UNVERIFIED_PENDING_UI_SCAN,permission tree + FAT bundle,awaiting UI interaction and Network evidence
财务管理,支付渠道,/finance/cate,渠道配置列表,GET,/admin/finance/payment/platform/list,mode|page|page_size,inventory/runtime query names only; body and UI source TO_CAPTURE,,,unverified,current FAT admin; exact role name TO_CAPTURE,TO_VERIFY_BEFORE_WRITE,not captured,not captured,admin/finance,支付平台列表,DOCUMENTED_UNVERIFIED,UNVERIFIED_PENDING_UI_SCAN,permission tree + FAT bundle,awaiting UI interaction and Network evidence
财务管理,支付渠道,/finance/cate,添加渠道,POST,/admin/finance/payment/platform/insert,TO_CAPTURE,inventory/runtime query names only; body and UI source TO_CAPTURE,,,unverified,current FAT admin; exact role name TO_CAPTURE,TO_VERIFY_BEFORE_WRITE,not captured,not captured,admin/finance,添加支付平台,DOCUMENTED_UNVERIFIED,UNVERIFIED_PENDING_UI_SCAN,permission tree + FAT bundle,awaiting UI interaction and Network evidence
财务管理,支付渠道,/finance/cate,编辑渠道,POST,/admin/finance/payment/platform/update,TO_CAPTURE,inventory/runtime query names only; body and UI source TO_CAPTURE,,,unverified,current FAT admin; exact role name TO_CAPTURE,TO_VERIFY_BEFORE_WRITE,not captured,not captured,admin/finance,更新支付平台,DOCUMENTED_UNVERIFIED,UNVERIFIED_PENDING_UI_SCAN,permission tree + FAT bundle,awaiting UI interaction and Network evidence
财务管理,支付渠道,/finance/cate,渠道开关,POST,/admin/finance/payment/platform/enable,TO_CAPTURE,inventory/runtime query names only; body and UI source TO_CAPTURE,,,unverified,current FAT admin; exact role name TO_CAPTURE,TO_VERIFY_BEFORE_WRITE,not captured,not captured,admin/finance,支付平台开关,DOCUMENTED_UNVERIFIED,UNVERIFIED_PENDING_UI_SCAN,permission tree + FAT bundle,awaiting UI interaction and Network evidence
财务管理,lazada订单,/finance/lazada,lazada订单列表,POST,/admin/finance/lazada/order/list,TO_CAPTURE,inventory/runtime query names only; body and UI source TO_CAPTURE,,,unverified,current FAT admin; exact role name TO_CAPTURE,TO_VERIFY_BEFORE_WRITE,not captured,not captured,admin/finance,lazada-订单列表-owen,DOCUMENTED_UNVERIFIED,UNVERIFIED_PENDING_UI_SCAN,permission tree + FAT bundle,awaiting UI interaction and Network evidence
财务管理,lazada订单,/finance/lazada,lazada发送验证码,POST,/admin/finance/lazada/send/sms,TO_CAPTURE,inventory/runtime query names only; body and UI source TO_CAPTURE,,,unverified,current FAT admin; exact role name TO_CAPTURE,TO_VERIFY_BEFORE_WRITE,not captured,not captured,admin/finance,lazada-重新发货-owen,DOCUMENTED_UNVERIFIED,UNVERIFIED_PENDING_UI_SCAN,permission tree + FAT bundle,awaiting UI interaction and Network evidence
风控管理,存/提审核,/risk/control/wd,提现审核通过,POST,/admin/finance/withdraw/agree,TO_CAPTURE,inventory/runtime query names only; body and UI source TO_CAPTURE,,,unverified,current FAT admin; exact role name TO_CAPTURE,TO_VERIFY_BEFORE_WRITE,not captured,not captured,admin/finance,提现同意-wesley,DOCUMENTED_UNVERIFIED,UNVERIFIED_PENDING_UI_SCAN,permission tree + FAT bundle,awaiting UI interaction and Network evidence
风控管理,存/提审核,/risk/control/wd,提现审核拒绝,POST,/admin/finance/withdraw/reject,id,inventory/runtime query names only; body and UI source TO_CAPTURE,,,unverified,current FAT admin; exact role name TO_CAPTURE,TO_VERIFY_BEFORE_WRITE,not captured,not captured,admin/finance,提现拒绝-wesley,DOCUMENTED_UNVERIFIED,UNVERIFIED_PENDING_UI_SCAN,permission tree + FAT bundle,awaiting UI interaction and Network evidence
风控管理,存/提审核,/risk/control/wd,存款记录-补单,GET,/admin/finance/deposit/manual/success,TO_CAPTURE,inventory/runtime query names only; body and UI source TO_CAPTURE,,,unverified,current FAT admin; exact role name TO_CAPTURE,TO_VERIFY_BEFORE_WRITE,not captured,not captured,admin/finance,充值补单-wesley,DOCUMENTED_UNVERIFIED,UNVERIFIED_PENDING_UI_SCAN,permission tree + FAT bundle,awaiting UI interaction and Network evidence
风控管理,存/提审核,/risk/control/wd,提现审核-列表,GET,/admin/finance/withdraw/risk/audit/list,TO_CAPTURE,inventory/runtime query names only; body and UI source TO_CAPTURE,200,True,object:d|s|summary|t,current FAT admin; exact role name TO_CAPTURE,none observed,not captured,not captured,admin/finance,提现审核列表-wesley,DOCUMENTED_REACHABLE,UNVERIFIED_PENDING_UI_SCAN,fat-admin-api-evidence.json,awaiting UI interaction and Network evidence
风控管理,存/提审核,/risk/control/wd,提现订单-列表,,/admin/finance/withdraw/risk/list,TO_CAPTURE,inventory/runtime query names only; body and UI source TO_CAPTURE,,,unverified,current FAT admin; exact role name TO_CAPTURE,TO_VERIFY_BEFORE_WRITE,not captured,not captured,,,UNDOCUMENTED_CANDIDATE,UNVERIFIED_PENDING_UI_SCAN,permission tree + FAT bundle,awaiting UI interaction and Network evidence
风控管理,存/提审核,/risk/control/wd,存款订单-列表,GET,/admin/finance/deposit/risk/list,TO_CAPTURE,inventory/runtime query names only; body and UI source TO_CAPTURE,200,True,object:d|s|summary|t,current FAT admin; exact role name TO_CAPTURE,none observed,not captured,not captured,admin/finance,充值列表-wesley,DOCUMENTED_REACHABLE,UNVERIFIED_PENDING_UI_SCAN,fat-admin-api-evidence.json,awaiting UI interaction and Network evidence
风控管理,存/提审核,/risk/control/wd,提现批量审核通过,POST,/admin/finance/withdraw/batch/agree,TO_CAPTURE,inventory/runtime query names only; body and UI source TO_CAPTURE,,,unverified,current FAT admin; exact role name TO_CAPTURE,TO_VERIFY_BEFORE_WRITE,not captured,not captured,admin/finance,批量提现同意-cold,DOCUMENTED_UNVERIFIED,UNVERIFIED_PENDING_UI_SCAN,permission tree + FAT bundle,awaiting UI interaction and Network evidence
风控管理,存/提审核,/risk/control/wd,提现批量审核拒绝,POST,/admin/finance/withdraw/batch/reject,TO_CAPTURE,inventory/runtime query names only; body and UI source TO_CAPTURE,,,unverified,current FAT admin; exact role name TO_CAPTURE,TO_VERIFY_BEFORE_WRITE,not captured,not captured,admin/finance,批量提现拒绝-cold,DOCUMENTED_UNVERIFIED,UNVERIFIED_PENDING_UI_SCAN,permission tree + FAT bundle,awaiting UI interaction and Network evidence
风控管理,存/提审核,/risk/control/wd,提现订单-出款失败,POST,/admin/finance/withdraw/fail,TO_CAPTURE,inventory/runtime query names only; body and UI source TO_CAPTURE,,,unverified,current FAT admin; exact role name TO_CAPTURE,TO_VERIFY_BEFORE_WRITE,not captured,not captured,admin/finance,出款失败-wesley,DOCUMENTED_UNVERIFIED,UNVERIFIED_PENDING_UI_SCAN,permission tree + FAT bundle,awaiting UI interaction and Network evidence
风控管理,存/提审核,/risk/control/wd,提现订单-出款成功,POST,/admin/finance/withdraw/success,TO_CAPTURE,inventory/runtime query names only; body and UI source TO_CAPTURE,,,unverified,current FAT admin; exact role name TO_CAPTURE,TO_VERIFY_BEFORE_WRITE,not captured,not captured,admin/finance,出款成功-wesley,DOCUMENTED_UNVERIFIED,UNVERIFIED_PENDING_UI_SCAN,permission tree + FAT bundle,awaiting UI interaction and Network evidence
风控管理,上下分记录,/risk/control/adjust,上下分记录-列表,GET | POST,/admin/finance/adjust/list,action|amount_max|amount_min|bill_no|operator_uid|page|page_size|phone|uid,inventory/runtime query names only; body and UI source TO_CAPTURE,,,unverified,current FAT admin; exact role name TO_CAPTURE,TO_VERIFY_BEFORE_WRITE,not captured,not captured,admin/finance,手动上下分列表-wesley | 系统调整,DOCUMENTED_UNVERIFIED,UNVERIFIED_PENDING_UI_SCAN,permission tree + FAT bundle,awaiting UI interaction and Network evidence
风控管理,上下分记录,/risk/control/adjust,上下分记录-新增,POST,/admin/finance/adjust/insert,TO_CAPTURE,inventory/runtime query names only; body and UI source TO_CAPTURE,,,unverified,current FAT admin; exact role name TO_CAPTURE,TO_VERIFY_BEFORE_WRITE,not captured,not captured,admin/finance,余额调整 | 添加手动上下分-wesley,DOCUMENTED_UNVERIFIED,UNVERIFIED_PENDING_UI_SCAN,permission tree + FAT bundle,awaiting UI interaction and Network evidence
风控管理,流水记录,/risk/turnover,流水记录-列表,GET,/admin/finance/turnover/list,page|page_size|uid,inventory/runtime query names only; body and UI source TO_CAPTURE,,,unverified,current FAT admin; exact role name TO_CAPTURE,TO_VERIFY_BEFORE_WRITE,not captured,not captured,admin/finance,会员流水明细,DOCUMENTED_UNVERIFIED,UNVERIFIED_PENDING_UI_SCAN,permission tree + FAT bundle,awaiting UI interaction and Network evidence
风控管理,流水记录,/risk/turnover,流水记录-清零,POST,/admin/finance/turnover/clear,TO_CAPTURE,inventory/runtime query names only; body and UI source TO_CAPTURE,,,unverified,current FAT admin; exact role name TO_CAPTURE,TO_VERIFY_BEFORE_WRITE,not captured,not captured,admin/finance,会员流水-清零 | 会员流水清理-light,DOCUMENTED_UNVERIFIED,UNVERIFIED_PENDING_UI_SCAN,permission tree + FAT bundle,awaiting UI interaction and Network evidence
风控管理,流水记录,/risk/turnover,流水记录-增加,POST,/admin/finance/turnover/add,TO_CAPTURE,inventory/runtime query names only; body and UI source TO_CAPTURE,,,unverified,current FAT admin; exact role name TO_CAPTURE,TO_VERIFY_BEFORE_WRITE,not captured,not captured,admin/finance,会员流水-增加,DOCUMENTED_UNVERIFIED,UNVERIFIED_PENDING_UI_SCAN,permission tree + FAT bundle,awaiting UI interaction and Network evidence
风控管理,流水记录,/risk/turnover,流水记录-扣减,POST,/admin/finance/turnover/sub,TO_CAPTURE,inventory/runtime query names only; body and UI source TO_CAPTURE,,,unverified,current FAT admin; exact role name TO_CAPTURE,TO_VERIFY_BEFORE_WRITE,not captured,not captured,admin/finance,会员流水-扣减,DOCUMENTED_UNVERIFIED,UNVERIFIED_PENDING_UI_SCAN,permission tree + FAT bundle,awaiting UI interaction and Network evidence
风控管理,流水记录,/risk/turnover,流水记录-异动记录,GET,/admin/finance/turnover/change/list,page|page_size,inventory/runtime query names only; body and UI source TO_CAPTURE,,,unverified,current FAT admin; exact role name TO_CAPTURE,TO_VERIFY_BEFORE_WRITE,not captured,not captured,admin/finance,会员流水-异动记录,DOCUMENTED_UNVERIFIED,UNVERIFIED_PENDING_UI_SCAN,permission tree + FAT bundle,awaiting UI interaction and Network evidence
风控管理,风控日志,/admin/member/risk,风控日志--列表,GET,/admin/member/risk/log,remark,inventory/runtime query names only; body and UI source TO_CAPTURE,,,unverified,current FAT admin; exact role name TO_CAPTURE,TO_VERIFY_BEFORE_WRITE,not captured,not captured,admin/member,风控日志,DOCUMENTED_UNVERIFIED,UNVERIFIED_PENDING_UI_SCAN,permission tree + FAT bundle,awaiting UI interaction and Network evidence
风控管理,风控日志,/admin/member/risk,风控日志--风控调整,POST,/admin/member/risk/update,TO_CAPTURE,inventory/runtime query names only; body and UI source TO_CAPTURE,,,unverified,current FAT admin; exact role name TO_CAPTURE,TO_VERIFY_BEFORE_WRITE,not captured,not captured,admin/member,风控调整,DOCUMENTED_UNVERIFIED,UNVERIFIED_PENDING_UI_SCAN,permission tree + FAT bundle,awaiting UI interaction and Network evidence
游戏,游戏记录,/admin/record/game,刷新游戏,,/admin/game/refresh,TO_CAPTURE,inventory/runtime query names only; body and UI source TO_CAPTURE,,,unverified,current FAT admin; exact role name TO_CAPTURE,TO_VERIFY_BEFORE_WRITE,not captured,not captured,,,UNDOCUMENTED_CANDIDATE,UNVERIFIED_PENDING_UI_SCAN,permission tree + FAT bundle,awaiting UI interaction and Network evidence
游戏,游戏记录,/admin/record/game,更新游戏,POST,/admin/game/update,TO_CAPTURE,inventory/runtime query names only; body and UI source TO_CAPTURE,,,unverified,current FAT admin; exact role name TO_CAPTURE,TO_VERIFY_BEFORE_WRITE,not captured,not captured,admin/game,+游戏条目更新-owen,DOCUMENTED_UNVERIFIED,UNVERIFIED_PENDING_UI_SCAN,permission tree + FAT bundle,awaiting UI interaction and Network evidence
游戏,游戏记录,/admin/record/game,搜索游戏,POST,/admin/game/search,TO_CAPTURE,inventory/runtime query names only; body and UI source TO_CAPTURE,,,unverified,current FAT admin; exact role name TO_CAPTURE,TO_VERIFY_BEFORE_WRITE,not captured,not captured,admin/game,+游戏列表查询-owen-aliang,DOCUMENTED_UNVERIFIED,UNVERIFIED_PENDING_UI_SCAN,permission tree + FAT bundle,awaiting UI interaction and Network evidence
游戏,游戏记录,/admin/record/game,导出游戏列表,POST,/admin/game/search/export,TO_CAPTURE,inventory/runtime query names only; body and UI source TO_CAPTURE,,,unverified,current FAT admin; exact role name TO_CAPTURE,TO_VERIFY_BEFORE_WRITE,not captured,not captured,admin/game,+游戏列表查询-结果导出-owen,DOCUMENTED_UNVERIFIED,UNVERIFIED_PENDING_UI_SCAN,permission tree + FAT bundle,awaiting UI interaction and Network evidence
游戏,游戏记录,/admin/record/game,游戏类型标签列表,POST,/admin/game/dicttypetag/list,TO_CAPTURE,inventory/runtime query names only; body and UI source TO_CAPTURE,,,unverified,current FAT admin; exact role name TO_CAPTURE,TO_VERIFY_BEFORE_WRITE,not captured,not captured,admin/game,+获取 <类型标签> 列表-owen,DOCUMENTED_UNVERIFIED,UNVERIFIED_PENDING_UI_SCAN,permission tree + FAT bundle,awaiting UI interaction and Network evidence
游戏,游戏记录,/admin/record/game,新增游戏类型标签,POST,/admin/game/dicttypetag/insert,TO_CAPTURE,inventory/runtime query names only; body and UI source TO_CAPTURE,,,unverified,current FAT admin; exact role name TO_CAPTURE,TO_VERIFY_BEFORE_WRITE,not captured,not captured,admin/game,+添加 <类型标签>-owen,DOCUMENTED_UNVERIFIED,UNVERIFIED_PENDING_UI_SCAN,permission tree + FAT bundle,awaiting UI interaction and Network evidence
游戏,游戏记录,/admin/record/game,更新游戏类型标签状态,POST,/admin/game/dicttypetag/update/state,TO_CAPTURE,inventory/runtime query names only; body and UI source TO_CAPTURE,,,unverified,current FAT admin; exact role name TO_CAPTURE,TO_VERIFY_BEFORE_WRITE,not captured,not captured,admin/game,+修改 <类型标签>-owen,DOCUMENTED_UNVERIFIED,UNVERIFIED_PENDING_UI_SCAN,permission tree + FAT bundle,awaiting UI interaction and Network evidence
游戏,游戏记录,/admin/record/game,游戏权重标签列表,POST,/admin/game/dictweighttag/list,TO_CAPTURE,inventory/runtime query names only; body and UI source TO_CAPTURE,,,unverified,current FAT admin; exact role name TO_CAPTURE,TO_VERIFY_BEFORE_WRITE,not captured,not captured,admin/game,+获取 <权重标签> 列表-owen,DOCUMENTED_UNVERIFIED,UNVERIFIED_PENDING_UI_SCAN,permission tree + FAT bundle,awaiting UI interaction and Network evidence
游戏,游戏记录,/admin/record/game,新增游戏权重标签,POST,/admin/game/dictweighttag/insert,TO_CAPTURE,inventory/runtime query names only; body and UI source TO_CAPTURE,,,unverified,current FAT admin; exact role name TO_CAPTURE,TO_VERIFY_BEFORE_WRITE,not captured,not captured,admin/game,+添加 <权重标签>-owen,DOCUMENTED_UNVERIFIED,UNVERIFIED_PENDING_UI_SCAN,permission tree + FAT bundle,awaiting UI interaction and Network evidence
游戏,游戏记录,/admin/record/game,更新游戏权重标签状态,POST,/admin/game/dictweighttag/update/state,TO_CAPTURE,inventory/runtime query names only; body and UI source TO_CAPTURE,,,unverified,current FAT admin; exact role name TO_CAPTURE,TO_VERIFY_BEFORE_WRITE,not captured,not captured,admin/game,+修改 <权重标签>-owen,DOCUMENTED_UNVERIFIED,UNVERIFIED_PENDING_UI_SCAN,permission tree + FAT bundle,awaiting UI interaction and Network evidence
游戏,场馆管理,/game/platform,场馆列表,POST,/admin/platform/list,TO_CAPTURE,inventory/runtime query names only; body and UI source TO_CAPTURE,,,unverified,current FAT admin; exact role name TO_CAPTURE,TO_VERIFY_BEFORE_WRITE,not captured,not captured,admin/game,场馆列表-owen,DOCUMENTED_UNVERIFIED,UNVERIFIED_PENDING_UI_SCAN,permission tree + FAT bundle,awaiting UI interaction and Network evidence
游戏,场馆管理,/game/platform,场馆上线/下线,POST,/admin/platform/update/state,TO_CAPTURE,inventory/runtime query names only; body and UI source TO_CAPTURE,,,unverified,current FAT admin; exact role name TO_CAPTURE,TO_VERIFY_BEFORE_WRITE,not captured,not captured,admin/game,场馆更新状态-owen,DOCUMENTED_UNVERIFIED,UNVERIFIED_PENDING_UI_SCAN,permission tree + FAT bundle,awaiting UI interaction and Network evidence
游戏,场馆管理,/game/platform,场馆分类,POST,/admin/gameclass/list,TO_CAPTURE,inventory/runtime query names only; body and UI source TO_CAPTURE,,,unverified,current FAT admin; exact role name TO_CAPTURE,TO_VERIFY_BEFORE_WRITE,not captured,not captured,admin/game,+查询场馆列表-owen,DOCUMENTED_UNVERIFIED,UNVERIFIED_PENDING_UI_SCAN,permission tree + FAT bundle,awaiting UI interaction and Network evidence
游戏,场馆管理,/game/platform,新增场馆分类,POST,/admin/gameclass/insert,TO_CAPTURE,inventory/runtime query names only; body and UI source TO_CAPTURE,,,unverified,current FAT admin; exact role name TO_CAPTURE,TO_VERIFY_BEFORE_WRITE,not captured,not captured,admin/game,+添加场馆记录-owen,DOCUMENTED_UNVERIFIED,UNVERIFIED_PENDING_UI_SCAN,permission tree + FAT bundle,awaiting UI interaction and Network evidence
游戏,场馆管理,/game/platform,更新场馆分类,POST,/admin/gameclass/update,TO_CAPTURE,inventory/runtime query names only; body and UI source TO_CAPTURE,,,unverified,current FAT admin; exact role name TO_CAPTURE,TO_VERIFY_BEFORE_WRITE,not captured,not captured,admin/game,+更新场馆记录-owen,DOCUMENTED_UNVERIFIED,UNVERIFIED_PENDING_UI_SCAN,permission tree + FAT bundle,awaiting UI interaction and Network evidence
游戏,场馆管理,/game/platform,场馆分类会员索引,POST,/admin/gameclass/member/index,TO_CAPTURE,inventory/runtime query names only; body and UI source TO_CAPTURE,,,unverified,current FAT admin; exact role name TO_CAPTURE,TO_VERIFY_BEFORE_WRITE,not captured,not captured,admin/game,查询缓存-owen,DOCUMENTED_UNVERIFIED,UNVERIFIED_PENDING_UI_SCAN,permission tree + FAT bundle,awaiting UI interaction and Network evidence
游戏,游戏管理,/game/game,游戏/推荐列表,POST,/admin/game/list,TO_CAPTURE,inventory/runtime query names only; body and UI source TO_CAPTURE,,,unverified,current FAT admin; exact role name TO_CAPTURE,TO_VERIFY_BEFORE_WRITE,not captured,not captured,admin/game,游戏列表-owen,DOCUMENTED_UNVERIFIED,UNVERIFIED_PENDING_UI_SCAN,permission tree + FAT bundle,awaiting UI interaction and Network evidence
游戏,游戏管理,/game/game,游戏上线/下线/推荐/设置热门/新游戏,POST,/admin/game/update/state,TO_CAPTURE,inventory/runtime query names only; body and UI source TO_CAPTURE,,,unverified,current FAT admin; exact role name TO_CAPTURE,TO_VERIFY_BEFORE_WRITE,not captured,not captured,admin/game,游戏更新状态,DOCUMENTED_UNVERIFIED,UNVERIFIED_PENDING_UI_SCAN,permission tree + FAT bundle,awaiting UI interaction and Network evidence
游戏,游戏管理,/game/game,批量设置游戏合规,POST,/admin/game/update/compliance,TO_CAPTURE,inventory/runtime query names only; body and UI source TO_CAPTURE,,,unverified,current FAT admin; exact role name TO_CAPTURE,TO_VERIFY_BEFORE_WRITE,not captured,not captured,admin/game,更新游戏合规状态-light/owen,DOCUMENTED_UNVERIFIED,UNVERIFIED_PENDING_UI_SCAN,permission tree + FAT bundle,awaiting UI interaction and Network evidence
游戏,游戏管理,/game/game,游戏二级下拉框,GET,/admin/game/downbox,TO_CAPTURE,inventory/runtime query names only; body and UI source TO_CAPTURE,,,unverified,current FAT admin; exact role name TO_CAPTURE,TO_VERIFY_BEFORE_WRITE,not captured,not captured,admin/game,游戏下拉框-owen,DOCUMENTED_UNVERIFIED,UNVERIFIED_PENDING_UI_SCAN,permission tree + FAT bundle,awaiting UI interaction and Network evidence
游戏,厂商管理,/admin/platform,搜索平台,POST,/admin/platform/search,TO_CAPTURE,inventory/runtime query names only; body and UI source TO_CAPTURE,,,unverified,current FAT admin; exact role name TO_CAPTURE,TO_VERIFY_BEFORE_WRITE,not captured,not captured,admin/game,+查询厂商列表-owen,DOCUMENTED_UNVERIFIED,UNVERIFIED_PENDING_UI_SCAN,permission tree + FAT bundle,awaiting UI interaction and Network evidence
游戏,厂商管理,/admin/platform,新增平台,POST,/admin/platform/insert,TO_CAPTURE,inventory/runtime query names only; body and UI source TO_CAPTURE,,,unverified,current FAT admin; exact role name TO_CAPTURE,TO_VERIFY_BEFORE_WRITE,not captured,not captured,admin/game,+添加厂商记录-owen,DOCUMENTED_UNVERIFIED,UNVERIFIED_PENDING_UI_SCAN,permission tree + FAT bundle,awaiting UI interaction and Network evidence
游戏,厂商管理,/admin/platform,更新平台,POST,/admin/platform/update,TO_CAPTURE,inventory/runtime query names only; body and UI source TO_CAPTURE,,,unverified,current FAT admin; exact role name TO_CAPTURE,TO_VERIFY_BEFORE_WRITE,not captured,not captured,admin/game,+更新厂商记录-owen,DOCUMENTED_UNVERIFIED,UNVERIFIED_PENDING_UI_SCAN,permission tree + FAT bundle,awaiting UI interaction and Network evidence
系统,角色配置,/group,角色列表,GET,/admin/group/list,page|page_size,inventory/runtime query names only; body and UI source TO_CAPTURE,200,True,object:d|s|t,current FAT admin; exact role name TO_CAPTURE,none observed,not captured,not captured,admin/permission,角色列表 --yasser,DOCUMENTED_REACHABLE,UNVERIFIED_PENDING_UI_SCAN,fat-admin-api-evidence.json,awaiting UI interaction and Network evidence
系统,角色配置,/group,角色列表新增,POST,/admin/group/insert,TO_CAPTURE,inventory/runtime query names only; body and UI source TO_CAPTURE,,,unverified,current FAT admin; exact role name TO_CAPTURE,TO_VERIFY_BEFORE_WRITE,not captured,not captured,admin/permission,新增角色 --yasser,DOCUMENTED_UNVERIFIED,UNVERIFIED_PENDING_UI_SCAN,permission tree + FAT bundle,awaiting UI interaction and Network evidence
系统,角色配置,/group,角色更新,POST,/admin/group/update,TO_CAPTURE,inventory/runtime query names only; body and UI source TO_CAPTURE,,,unverified,current FAT admin; exact role name TO_CAPTURE,TO_VERIFY_BEFORE_WRITE,not captured,not captured,admin/permission,更新角色--yasser | 权限列表保存,DOCUMENTED_UNVERIFIED,UNVERIFIED_PENDING_UI_SCAN,permission tree + FAT bundle,awaiting UI interaction and Network evidence
系统,角色配置,/group,权限列表,GET,/admin/priv/list,pid,inventory/runtime query names only; body and UI source TO_CAPTURE,200,True,list,current FAT admin; exact role name TO_CAPTURE,none observed,not captured,not captured,admin/permission,权限列表,DOCUMENTED_REACHABLE,UNVERIFIED_PENDING_UI_SCAN,fat-admin-api-evidence.json,awaiting UI interaction and Network evidence
系统,角色配置,/group,角色权限列表,GET,/admin/priv/by/group,gid,inventory/runtime query names only; body and UI source TO_CAPTURE,,,unverified,current FAT admin; exact role name TO_CAPTURE,TO_VERIFY_BEFORE_WRITE,not captured,not captured,admin/permission,角色权限列表,DOCUMENTED_UNVERIFIED,UNVERIFIED_PENDING_UI_SCAN,permission tree + FAT bundle,awaiting UI interaction and Network evidence
系统,员工配置,/user,google验证码密钥解绑,GET,/admin/google/unbind,id,inventory/runtime query names only; body and UI source TO_CAPTURE,,,unverified,current FAT admin; exact role name TO_CAPTURE,TO_VERIFY_BEFORE_WRITE,not captured,not captured,admin/other,谷歌令牌解绑,DOCUMENTED_UNVERIFIED,UNVERIFIED_PENDING_UI_SCAN,permission tree + FAT bundle,awaiting UI interaction and Network evidence
系统,员工配置,/user,员工列表,GET,/admin/user/list,TO_CAPTURE,inventory/runtime query names only; body and UI source TO_CAPTURE,,,unverified,current FAT admin; exact role name TO_CAPTURE,TO_VERIFY_BEFORE_WRITE,not captured,not captured,admin/other,后台账户列表-seven,DOCUMENTED_UNVERIFIED,UNVERIFIED_PENDING_UI_SCAN,permission tree + FAT bundle,awaiting UI interaction and Network evidence
系统,员工配置,/user,员工新增,POST,/admin/user/insert,TO_CAPTURE,inventory/runtime query names only; body and UI source TO_CAPTURE,,,unverified,current FAT admin; exact role name TO_CAPTURE,TO_VERIFY_BEFORE_WRITE,not captured,not captured,admin/other,新增账户-seven,DOCUMENTED_UNVERIFIED,UNVERIFIED_PENDING_UI_SCAN,permission tree + FAT bundle,awaiting UI interaction and Network evidence
系统,员工配置,/user,员工更新,POST,/admin/user/update,TO_CAPTURE,inventory/runtime query names only; body and UI source TO_CAPTURE,,,unverified,current FAT admin; exact role name TO_CAPTURE,TO_VERIFY_BEFORE_WRITE,not captured,not captured,admin/other,修改账户信息-seven,DOCUMENTED_UNVERIFIED,UNVERIFIED_PENDING_UI_SCAN,permission tree + FAT bundle,awaiting UI interaction and Network evidence
系统,短信验证码,/sms,短信验证码列表,GET,/admin/sms/list,TO_CAPTURE,inventory/runtime query names only; body and UI source TO_CAPTURE,,,unverified,current FAT admin; exact role name TO_CAPTURE,TO_VERIFY_BEFORE_WRITE,not captured,not captured,admin/auth,短信列表-seven,DOCUMENTED_UNVERIFIED,UNVERIFIED_PENDING_UI_SCAN,permission tree + FAT bundle,awaiting UI interaction and Network evidence
系统,短信验证码,/sms,短信验证码查询,GET,/admin/sms/auth,code|id,inventory/runtime query names only; body and UI source TO_CAPTURE,,,unverified,current FAT admin; exact role name TO_CAPTURE,TO_VERIFY_BEFORE_WRITE,not captured,not captured,admin/auth,短信验证码查看,DOCUMENTED_UNVERIFIED,UNVERIFIED_PENDING_UI_SCAN,permission tree + FAT bundle,awaiting UI interaction and Network evidence
系统,白名单,/whitelist,白名单-列表,GET,/admin/whiteList/list,page|page_size,inventory/runtime query names only; body and UI source TO_CAPTURE,,,unverified,current FAT admin; exact role name TO_CAPTURE,TO_VERIFY_BEFORE_WRITE,not captured,not captured,admin/other,白名单列表 --yasser,DOCUMENTED_UNVERIFIED,UNVERIFIED_PENDING_UI_SCAN,permission tree + FAT bundle,awaiting UI interaction and Network evidence
系统,白名单,/whitelist,白名单-新增,POST,/admin/whiteList/insert,TO_CAPTURE,inventory/runtime query names only; body and UI source TO_CAPTURE,,,unverified,current FAT admin; exact role name TO_CAPTURE,TO_VERIFY_BEFORE_WRITE,not captured,not captured,admin/other,新增白名单 --yasser,DOCUMENTED_UNVERIFIED,UNVERIFIED_PENDING_UI_SCAN,permission tree + FAT bundle,awaiting UI interaction and Network evidence
系统,白名单,/whitelist,白名单-编辑,POST,/admin/whiteList/update,TO_CAPTURE,inventory/runtime query names only; body and UI source TO_CAPTURE,,,unverified,current FAT admin; exact role name TO_CAPTURE,TO_VERIFY_BEFORE_WRITE,not captured,not captured,admin/other,更新白名单 --yasser,DOCUMENTED_UNVERIFIED,UNVERIFIED_PENDING_UI_SCAN,permission tree + FAT bundle,awaiting UI interaction and Network evidence
系统,白名单,/whitelist,白名单-删除,GET,/admin/whiteList/delete,id,inventory/runtime query names only; body and UI source TO_CAPTURE,,,unverified,current FAT admin; exact role name TO_CAPTURE,TO_VERIFY_BEFORE_WRITE,not captured,not captured,admin/other,删除白名单 --yasser,DOCUMENTED_UNVERIFIED,UNVERIFIED_PENDING_UI_SCAN,permission tree + FAT bundle,awaiting UI interaction and Network evidence
系统,注单监控,/admin/reports/provider/order/compare,注单监控列表,GET,/admin/reports/provider/order/compare/daily,created_at_end|created_at_start|page|page_size|platform_name,inventory/runtime query names only; body and UI source TO_CAPTURE,,,unverified,current FAT admin; exact role name TO_CAPTURE,TO_VERIFY_BEFORE_WRITE,not captured,not captured,admin/report,列表,DOCUMENTED_UNVERIFIED,UNVERIFIED_PENDING_UI_SCAN,permission tree + FAT bundle,awaiting UI interaction and Network evidence
日志,日志列表,/admin/log/list,日志导出,,/admin/log/export,TO_CAPTURE,inventory/runtime query names only; body and UI source TO_CAPTURE,,,unverified,current FAT admin; exact role name TO_CAPTURE,TO_VERIFY_BEFORE_WRITE,not captured,not captured,,,UNDOCUMENTED_CANDIDATE,UNVERIFIED_PENDING_UI_SCAN,permission tree + FAT bundle,awaiting UI interaction and Network evidence
报表,游戏类型报表,/admin/reportsGameClass,游戏类型报表列表,GET,/admin/reports/gameclass,end_time|game_class|page|page_size|start_time|venue_name,inventory/runtime query names only; body and UI source TO_CAPTURE,,,unverified,current FAT admin; exact role name TO_CAPTURE,TO_VERIFY_BEFORE_WRITE,not captured,not captured,admin/game,游戏类型报表,DOCUMENTED_UNVERIFIED,UNVERIFIED_PENDING_UI_SCAN,permission tree + FAT bundle,awaiting UI interaction and Network evidence
报表,游戏类型报表,/admin/reportsGameClass,游戏类型报表导出,GET,/admin/reports/gameclass/export,topic_id,inventory/runtime query names only; body and UI source TO_CAPTURE,,,unverified,current FAT admin; exact role name TO_CAPTURE,TO_VERIFY_BEFORE_WRITE,not captured,not captured,admin/game,游戏类型报表导出,DOCUMENTED_UNVERIFIED,UNVERIFIED_PENDING_UI_SCAN,permission tree + FAT bundle,awaiting UI interaction and Network evidence
报表,游戏类型报表,/admin/reportsGameClass,游戏类型线路报表,GET,/admin/reports/gameclass/node,end_time|game_class|node|page|page_size|start_time|venue_name,inventory/runtime query names only; body and UI source TO_CAPTURE,,,unverified,current FAT admin; exact role name TO_CAPTURE,TO_VERIFY_BEFORE_WRITE,not captured,not captured,admin/game,游戏类型线路报表,DOCUMENTED_UNVERIFIED,UNVERIFIED_PENDING_UI_SCAN,permission tree + FAT bundle,awaiting UI interaction and Network evidence
报表,游戏类型报表,/admin/reportsGameClass,游戏类型线路报表导出,GET,/admin/reports/gameclass/node/export,topic_id,inventory/runtime query names only; body and UI source TO_CAPTURE,,,unverified,current FAT admin; exact role name TO_CAPTURE,TO_VERIFY_BEFORE_WRITE,not captured,not captured,admin/game,游戏类型线路报表导出,DOCUMENTED_UNVERIFIED,UNVERIFIED_PENDING_UI_SCAN,permission tree + FAT bundle,awaiting UI interaction and Network evidence
报表,游戏厂商报表,/admin/reportsVenue,游戏厂商报表列表,GET,/admin/reports/venue,end_time|page|page_size|start_time|venue_name,inventory/runtime query names only; body and UI source TO_CAPTURE,,,unverified,current FAT admin; exact role name TO_CAPTURE,TO_VERIFY_BEFORE_WRITE,not captured,not captured,admin/game | admin/report,厂商报表 | 场馆业绩报表--yasser,DOCUMENTED_UNVERIFIED,UNVERIFIED_PENDING_UI_SCAN,permission tree + FAT bundle,awaiting UI interaction and Network evidence
报表,游戏厂商报表,/admin/reportsVenue,游戏厂商报表导出,GET,/admin/reports/venue/export,end_time|start_time|topic_id|venue_name,inventory/runtime query names only; body and UI source TO_CAPTURE,,,unverified,current FAT admin; exact role name TO_CAPTURE,TO_VERIFY_BEFORE_WRITE,not captured,not captured,admin/game,厂商报表导出,DOCUMENTED_UNVERIFIED,UNVERIFIED_PENDING_UI_SCAN,permission tree + FAT bundle,awaiting UI interaction and Network evidence
报表,游戏厂商报表,/admin/reportsVenue,游戏厂商线路报表,GET,/admin/reports/venue/node,end_time|node|page|page_size|start_time|venue_name,inventory/runtime query names only; body and UI source TO_CAPTURE,,,unverified,current FAT admin; exact role name TO_CAPTURE,TO_VERIFY_BEFORE_WRITE,not captured,not captured,admin/game,厂商线路报表,DOCUMENTED_UNVERIFIED,UNVERIFIED_PENDING_UI_SCAN,permission tree + FAT bundle,awaiting UI interaction and Network evidence
报表,游戏厂商报表,/admin/reportsVenue,游戏厂商线路报表导出,GET,/admin/reports/venue/node/export,end_time|node|start_time|topic_id|venue_name,inventory/runtime query names only; body and UI source TO_CAPTURE,,,unverified,current FAT admin; exact role name TO_CAPTURE,TO_VERIFY_BEFORE_WRITE,not captured,not captured,admin/game,厂商线路报表导出,DOCUMENTED_UNVERIFIED,UNVERIFIED_PENDING_UI_SCAN,permission tree + FAT bundle,awaiting UI interaction and Network evidence
报表,会员游戏日统计,/admin/reports/member-daily-game,会员游戏日统计列表,GET,/admin/reports/member-daily-game/aggregate,end_date|page|page_size|start_date,inventory/runtime query names only; body and UI source TO_CAPTURE,,,unverified,current FAT admin; exact role name TO_CAPTURE,TO_VERIFY_BEFORE_WRITE,not captured,not captured,admin/game,会员每日游戏报表--汇总列表,DOCUMENTED_UNVERIFIED,UNVERIFIED_PENDING_UI_SCAN,permission tree + FAT bundle,awaiting UI interaction and Network evidence
报表,会员游戏日统计,/admin/reports/member-daily-game,会员游戏日统计详情,GET,/admin/reports/member-daily-game/detail,end_date|page|page_size|start_date|uid,inventory/runtime query names only; body and UI source TO_CAPTURE,,,unverified,current FAT admin; exact role name TO_CAPTURE,TO_VERIFY_BEFORE_WRITE,not captured,not captured,admin/game,会员每日游戏报表--每日明细,DOCUMENTED_UNVERIFIED,UNVERIFIED_PENDING_UI_SCAN,permission tree + FAT bundle,awaiting UI interaction and Network evidence
报表,会员游戏日统计,/admin/reports/member-daily-game,会员游戏日统计导出,GET,/admin/reports/member-daily-game/aggregate/export,end_date|start_date|topic_id,inventory/runtime query names only; body and UI source TO_CAPTURE,,,unverified,current FAT admin; exact role name TO_CAPTURE,TO_VERIFY_BEFORE_WRITE,not captured,not captured,admin/game,会员每日游戏报表--汇总导出,DOCUMENTED_UNVERIFIED,UNVERIFIED_PENDING_UI_SCAN,permission tree + FAT bundle,awaiting UI interaction and Network evidence
报表,游戏报表,/admin/reportsGame,游戏报表列表,GET,/admin/reports/game,page|page_size,inventory/runtime query names only; body and UI source TO_CAPTURE,,,unverified,current FAT admin; exact role name TO_CAPTURE,TO_VERIFY_BEFORE_WRITE,not captured,not captured,admin/game,游戏报表,DOCUMENTED_UNVERIFIED,UNVERIFIED_PENDING_UI_SCAN,permission tree + FAT bundle,awaiting UI interaction and Network evidence
报表,游戏报表,/admin/reportsGame,游戏报表导出,GET,/admin/reports/game/export,topic_id,inventory/runtime query names only; body and UI source TO_CAPTURE,,,unverified,current FAT admin; exact role name TO_CAPTURE,TO_VERIFY_BEFORE_WRITE,not captured,not captured,admin/game,游戏报表导出,DOCUMENTED_UNVERIFIED,UNVERIFIED_PENDING_UI_SCAN,permission tree + FAT bundle,awaiting UI interaction and Network evidence
报表,游戏报表,/admin/reportsGame,游戏线路报表,GET,/admin/reports/game/node,end_time|game_class|gname|node|page|page_size|start_time|venue_name,inventory/runtime query names only; body and UI source TO_CAPTURE,,,unverified,current FAT admin; exact role name TO_CAPTURE,TO_VERIFY_BEFORE_WRITE,not captured,not captured,admin/game,游戏线路报表,DOCUMENTED_UNVERIFIED,UNVERIFIED_PENDING_UI_SCAN,permission tree + FAT bundle,awaiting UI interaction and Network evidence
报表,游戏报表,/admin/reportsGame,游戏线路报表导出,GET,/admin/reports/game/node/export,node|topic_id,inventory/runtime query names only; body and UI source TO_CAPTURE,,,unverified,current FAT admin; exact role name TO_CAPTURE,TO_VERIFY_BEFORE_WRITE,not captured,not captured,admin/game,游戏线路报表导出,DOCUMENTED_UNVERIFIED,UNVERIFIED_PENDING_UI_SCAN,permission tree + FAT bundle,awaiting UI interaction and Network evidence
报表,游戏报表,/admin/reportsGame,游戏报表较正,POST,/admin/reports/game/adjust,TO_CAPTURE,inventory/runtime query names only; body and UI source TO_CAPTURE,,,unverified,current FAT admin; exact role name TO_CAPTURE,TO_VERIFY_BEFORE_WRITE,not captured,not captured,admin/game,游戏报表校准,DOCUMENTED_UNVERIFIED,UNVERIFIED_PENDING_UI_SCAN,permission tree + FAT bundle,awaiting UI interaction and Network evidence
运营管理,邀请好友,/admin/promo/invite,邀请好友-配置信息,GET,/admin/promo/invite/config/info,TO_CAPTURE,inventory/runtime query names only; body and UI source TO_CAPTURE,,,unverified,current FAT admin; exact role name TO_CAPTURE,TO_VERIFY_BEFORE_WRITE,not captured,not captured,admin/promo,获取配置信息,DOCUMENTED_UNVERIFIED,UNVERIFIED_PENDING_UI_SCAN,permission tree + FAT bundle,awaiting UI interaction and Network evidence
运营管理,邀请好友,/admin/promo/invite,邀请好友-配置保存,POST,/admin/promo/invite/config/update,TO_CAPTURE,inventory/runtime query names only; body and UI source TO_CAPTURE,,,unverified,current FAT admin; exact role name TO_CAPTURE,TO_VERIFY_BEFORE_WRITE,not captured,not captured,admin/promo,保存配置信息,DOCUMENTED_UNVERIFIED,UNVERIFIED_PENDING_UI_SCAN,permission tree + FAT bundle,awaiting UI interaction and Network evidence
运营管理,邀请好友,/admin/promo/invite,邀请好友-里程碑奖励列表,GET,/admin/promo/invite/upgrade/list,TO_CAPTURE,inventory/runtime query names only; body and UI source TO_CAPTURE,,,unverified,current FAT admin; exact role name TO_CAPTURE,TO_VERIFY_BEFORE_WRITE,not captured,not captured,admin/promo,邀请里程碑奖励列表,DOCUMENTED_UNVERIFIED,UNVERIFIED_PENDING_UI_SCAN,permission tree + FAT bundle,awaiting UI interaction and Network evidence
运营管理,邀请好友,/admin/promo/invite,邀请好友-佣金列表,GET,/admin/promo/invite/commission/list,TO_CAPTURE,inventory/runtime query names only; body and UI source TO_CAPTURE,,,unverified,current FAT admin; exact role name TO_CAPTURE,TO_VERIFY_BEFORE_WRITE,not captured,not captured,admin/promo,结算佣金列表,DOCUMENTED_UNVERIFIED,UNVERIFIED_PENDING_UI_SCAN,permission tree + FAT bundle,awaiting UI interaction and Network evidence
运营管理,邀请好友,/admin/promo/invite,邀请好友-佣金统计列表,GET,/admin/promo/invite/statistics/list,TO_CAPTURE,inventory/runtime query names only; body and UI source TO_CAPTURE,,,unverified,current FAT admin; exact role name TO_CAPTURE,TO_VERIFY_BEFORE_WRITE,not captured,not captured,admin/report,派发佣金统计列表,DOCUMENTED_UNVERIFIED,UNVERIFIED_PENDING_UI_SCAN,permission tree + FAT bundle,awaiting UI interaction and Network evidence
运营管理,邀请好友,/admin/promo/invite,邀请好友-基础奖励导出,GET,/admin/promo/invite/base/export,TO_CAPTURE,inventory/runtime query names only; body and UI source TO_CAPTURE,,,unverified,current FAT admin; exact role name TO_CAPTURE,TO_VERIFY_BEFORE_WRITE,not captured,not captured,admin/promo,基础奖励数据导出,DOCUMENTED_UNVERIFIED,UNVERIFIED_PENDING_UI_SCAN,permission tree + FAT bundle,awaiting UI interaction and Network evidence
运营管理,邀请好友,/admin/promo/invite,邀请好友-里程碑奖励导出,GET,/admin/promo/invite/upgrade/export,TO_CAPTURE,inventory/runtime query names only; body and UI source TO_CAPTURE,,,unverified,current FAT admin; exact role name TO_CAPTURE,TO_VERIFY_BEFORE_WRITE,not captured,not captured,admin/promo,里程碑奖励导出,DOCUMENTED_UNVERIFIED,UNVERIFIED_PENDING_UI_SCAN,permission tree + FAT bundle,awaiting UI interaction and Network evidence
运营管理,邀请好友,/admin/promo/invite,邀请好友-佣金导出,GET,/admin/promo/invite/commission/export,TO_CAPTURE,inventory/runtime query names only; body and UI source TO_CAPTURE,,,unverified,current FAT admin; exact role name TO_CAPTURE,TO_VERIFY_BEFORE_WRITE,not captured,not captured,admin/promo,结算佣金奖励导出,DOCUMENTED_UNVERIFIED,UNVERIFIED_PENDING_UI_SCAN,permission tree + FAT bundle,awaiting UI interaction and Network evidence
运营管理,邀请好友,/admin/promo/invite,邀请好友-佣金统计导出,GET,/admin/promo/invite/statistics/export,TO_CAPTURE,inventory/runtime query names only; body and UI source TO_CAPTURE,,,unverified,current FAT admin; exact role name TO_CAPTURE,TO_VERIFY_BEFORE_WRITE,not captured,not captured,admin/report,派发佣金统计导出,DOCUMENTED_UNVERIFIED,UNVERIFIED_PENDING_UI_SCAN,permission tree + FAT bundle,awaiting UI interaction and Network evidence
运营管理,邀请好友,/admin/promo/invite,邀请好友-基础奖励列表,GET,/admin/promo/invite/base/list,TO_CAPTURE,inventory/runtime query names only; body and UI source TO_CAPTURE,,,unverified,current FAT admin; exact role name TO_CAPTURE,TO_VERIFY_BEFORE_WRITE,not captured,not captured,admin/promo,邀请基础奖励列表,DOCUMENTED_UNVERIFIED,UNVERIFIED_PENDING_UI_SCAN,permission tree + FAT bundle,awaiting UI interaction and Network evidence
运营管理,运营小工具,/admin/ops-tools,会员流水导出,GET,/admin/ops-tools/turnover/export,TO_CAPTURE,inventory/runtime query names only; body and UI source TO_CAPTURE,,,unverified,current FAT admin; exact role name TO_CAPTURE,TO_VERIFY_BEFORE_WRITE,not captured,not captured,admin/other,首存导出,DOCUMENTED_UNVERIFIED,UNVERIFIED_PENDING_UI_SCAN,permission tree + FAT bundle,awaiting UI interaction and Network evidence
运营管理,运营小工具,/admin/ops-tools,首存未二存名单,,/admin/ops-tools/first-deposit-no-second/expor,TO_CAPTURE,inventory/runtime query names only; body and UI source TO_CAPTURE,,,unverified,current FAT admin; exact role name TO_CAPTURE,TO_VERIFY_BEFORE_WRITE,not captured,not captured,,,UNDOCUMENTED_CANDIDATE,UNVERIFIED_PENDING_UI_SCAN,permission tree + FAT bundle,awaiting UI interaction and Network evidence
运营管理,系统配置,/operation/config,系统配置更新,,/admin/sys/config/update,TO_CAPTURE,inventory/runtime query names only; body and UI source TO_CAPTURE,,,unverified,current FAT admin; exact role name TO_CAPTURE,TO_VERIFY_BEFORE_WRITE,not captured,not captured,,,UNDOCUMENTED_CANDIDATE,UNVERIFIED_PENDING_UI_SCAN,permission tree + FAT bundle,awaiting UI interaction and Network evidence
运营管理,系统配置,/operation/config,系统配置设置,,/admin/sys/config/set,TO_CAPTURE,inventory/runtime query names only; body and UI source TO_CAPTURE,,,unverified,current FAT admin; exact role name TO_CAPTURE,TO_VERIFY_BEFORE_WRITE,not captured,not captured,,,UNDOCUMENTED_CANDIDATE,UNVERIFIED_PENDING_UI_SCAN,permission tree + FAT bundle,awaiting UI interaction and Network evidence
运营管理,系统配置,/operation/config,系统配置列表,,/admin/sys/config/list,TO_CAPTURE,inventory/runtime query names only; body and UI source TO_CAPTURE,,,unverified,current FAT admin; exact role name TO_CAPTURE,TO_VERIFY_BEFORE_WRITE,not captured,not captured,,,UNDOCUMENTED_CANDIDATE,UNVERIFIED_PENDING_UI_SCAN,permission tree + FAT bundle,awaiting UI interaction and Network evidence
运营管理,轮播图,/banner,轮播图列表,POST,/admin/banner/list,TO_CAPTURE,inventory/runtime query names only; body and UI source TO_CAPTURE,,,unverified,current FAT admin; exact role name TO_CAPTURE,TO_VERIFY_BEFORE_WRITE,not captured,not captured,admin/other,轮播图列表,DOCUMENTED_UNVERIFIED,UNVERIFIED_PENDING_UI_SCAN,permission tree + FAT bundle,awaiting UI interaction and Network evidence
运营管理,轮播图,/banner,轮播图新增,POST,/admin/banner/insert,TO_CAPTURE,inventory/runtime query names only; body and UI source TO_CAPTURE,,,unverified,current FAT admin; exact role name TO_CAPTURE,TO_VERIFY_BEFORE_WRITE,not captured,not captured,admin/other,新增轮播图,DOCUMENTED_UNVERIFIED,UNVERIFIED_PENDING_UI_SCAN,permission tree + FAT bundle,awaiting UI interaction and Network evidence
运营管理,轮播图,/banner,轮播图编辑,POST,/admin/banner/update,TO_CAPTURE,inventory/runtime query names only; body and UI source TO_CAPTURE,,,unverified,current FAT admin; exact role name TO_CAPTURE,TO_VERIFY_BEFORE_WRITE,not captured,not captured,admin/other,轮播图修改,DOCUMENTED_UNVERIFIED,UNVERIFIED_PENDING_UI_SCAN,permission tree + FAT bundle,awaiting UI interaction and Network evidence
运营管理,轮播图,/banner,轮播图更新状态,POST,/admin/banner/update/state,TO_CAPTURE,inventory/runtime query names only; body and UI source TO_CAPTURE,,,unverified,current FAT admin; exact role name TO_CAPTURE,TO_VERIFY_BEFORE_WRITE,not captured,not captured,admin/other,轮播图更新状态,DOCUMENTED_UNVERIFIED,UNVERIFIED_PENDING_UI_SCAN,permission tree + FAT bundle,awaiting UI interaction and Network evidence
运营管理,轮播图,/banner,轮播图删除,GET,/admin/banner/delete,id,inventory/runtime query names only; body and UI source TO_CAPTURE,,,unverified,current FAT admin; exact role name TO_CAPTURE,TO_VERIFY_BEFORE_WRITE,not captured,not captured,admin/other,轮播图删除,DOCUMENTED_UNVERIFIED,UNVERIFIED_PENDING_UI_SCAN,permission tree + FAT bundle,awaiting UI interaction and Network evidence
运营管理,轮播图,/banner,轮播图菜单,GET,/admin/banner/menu,TO_CAPTURE,inventory/runtime query names only; body and UI source TO_CAPTURE,,,unverified,current FAT admin; exact role name TO_CAPTURE,TO_VERIFY_BEFORE_WRITE,not captured,not captured,admin/other,轮播图菜单,DOCUMENTED_UNVERIFIED,UNVERIFIED_PENDING_UI_SCAN,permission tree + FAT bundle,awaiting UI interaction and Network evidence
运营管理,VIP配置,/vip,VIP配置列表,,/vip/level/list,TO_CAPTURE,inventory/runtime query names only; body and UI source TO_CAPTURE,,,unverified,current FAT admin; exact role name TO_CAPTURE,TO_VERIFY_BEFORE_WRITE,not captured,not captured,,,UNDOCUMENTED_CANDIDATE,UNVERIFIED_PENDING_UI_SCAN,permission tree + FAT bundle,awaiting UI interaction and Network evidence
运营管理,VIP配置,/vip,VIP配置详情,,/vip/level/detail,TO_CAPTURE,inventory/runtime query names only; body and UI source TO_CAPTURE,,,unverified,current FAT admin; exact role name TO_CAPTURE,TO_VERIFY_BEFORE_WRITE,not captured,not captured,,,UNDOCUMENTED_CANDIDATE,UNVERIFIED_PENDING_UI_SCAN,permission tree + FAT bundle,awaiting UI interaction and Network evidence
运营管理,VIP配置,/vip,VIP等级区间详情,,/vip/level/range/detail,TO_CAPTURE,inventory/runtime query names only; body and UI source TO_CAPTURE,,,unverified,current FAT admin; exact role name TO_CAPTURE,TO_VERIFY_BEFORE_WRITE,not captured,not captured,,,UNDOCUMENTED_CANDIDATE,UNVERIFIED_PENDING_UI_SCAN,permission tree + FAT bundle,awaiting UI interaction and Network evidence
运营管理,VIP配置,/vip,VIP配置编辑,,/vip/level/update,TO_CAPTURE,inventory/runtime query names only; body and UI source TO_CAPTURE,,,unverified,current FAT admin; exact role name TO_CAPTURE,TO_VERIFY_BEFORE_WRITE,not captured,not captured,,,UNDOCUMENTED_CANDIDATE,UNVERIFIED_PENDING_UI_SCAN,permission tree + FAT bundle,awaiting UI interaction and Network evidence
运营管理,首页弹窗,/admin/banner,Banner会员导入,,/admin/banner/user/import,TO_CAPTURE,inventory/runtime query names only; body and UI source TO_CAPTURE,,,unverified,current FAT admin; exact role name TO_CAPTURE,TO_VERIFY_BEFORE_WRITE,not captured,not captured,,,UNDOCUMENTED_CANDIDATE,UNVERIFIED_PENDING_UI_SCAN,permission tree + FAT bundle,awaiting UI interaction and Network evidence
运营管理,首页弹窗,/admin/banner,Banner会员列表,GET,/admin/banner/user/list,TO_CAPTURE,inventory/runtime query names only; body and UI source TO_CAPTURE,,,unverified,current FAT admin; exact role name TO_CAPTURE,TO_VERIFY_BEFORE_WRITE,not captured,not captured,admin/other,查看名单-todo,DOCUMENTED_UNVERIFIED,UNVERIFIED_PENDING_UI_SCAN,permission tree + FAT bundle,awaiting UI interaction and Network evidence
运营管理,首页弹窗,/admin/banner,Banner会员数量,GET,/admin/banner/user/count,TO_CAPTURE,inventory/runtime query names only; body and UI source TO_CAPTURE,,,unverified,current FAT admin; exact role name TO_CAPTURE,TO_VERIFY_BEFORE_WRITE,not captured,not captured,admin/other,名单数量-todo,DOCUMENTED_UNVERIFIED,UNVERIFIED_PENDING_UI_SCAN,permission tree + FAT bundle,awaiting UI interaction and Network evidence
运营管理,埋点,/admin/buriedPoint,埋点列表,,/admin/buriedPoint/list ,TO_CAPTURE,inventory/runtime query names only; body and UI source TO_CAPTURE,,,unverified,current FAT admin; exact role name TO_CAPTURE,TO_VERIFY_BEFORE_WRITE,not captured,not captured,,,UNDOCUMENTED_CANDIDATE,UNVERIFIED_PENDING_UI_SCAN,permission tree + FAT bundle,awaiting UI interaction and Network evidence
运营管理,埋点,/admin/buriedPoint,新增埋点,POST,/admin/buriedPoint/insert,TO_CAPTURE,inventory/runtime query names only; body and UI source TO_CAPTURE,,,unverified,current FAT admin; exact role name TO_CAPTURE,TO_VERIFY_BEFORE_WRITE,not captured,not captured,admin/other,新增埋点-todo,DOCUMENTED_UNVERIFIED,UNVERIFIED_PENDING_UI_SCAN,permission tree + FAT bundle,awaiting UI interaction and Network evidence
运营管理,埋点,/admin/buriedPoint,修改埋点,POST,/admin/buriedPoint/update,TO_CAPTURE,inventory/runtime query names only; body and UI source TO_CAPTURE,,,unverified,current FAT admin; exact role name TO_CAPTURE,TO_VERIFY_BEFORE_WRITE,not captured,not captured,admin/other,修改埋点-todo,DOCUMENTED_UNVERIFIED,UNVERIFIED_PENDING_UI_SCAN,permission tree + FAT bundle,awaiting UI interaction and Network evidence
运营管理,活动支出审计,/admin/bonus,批量审批,POST,/admin/bonus/review/approve,TO_CAPTURE,inventory/runtime query names only; body and UI source TO_CAPTURE,,,unverified,current FAT admin; exact role name TO_CAPTURE,TO_VERIFY_BEFORE_WRITE,not captured,not captured,admin/other,批量审批 - felix.bru,DOCUMENTED_UNVERIFIED,UNVERIFIED_PENDING_UI_SCAN,permission tree + FAT bundle,awaiting UI interaction and Network evidence
运营管理,活动支出审计,/admin/bonus,待审礼金列表,GET,/admin/bonus/review/list,activity_id|activity_name|bonus_id|created_end_at|created_name|created_start_at|max_bonus|min_bonus|page|page_size|phone|remark|uid|username,inventory/runtime query names only; body and UI source TO_CAPTURE,,,unverified,current FAT admin; exact role name TO_CAPTURE,TO_VERIFY_BEFORE_WRITE,not captured,not captured,admin/other,待审订单列表 - felix.bru,DOCUMENTED_UNVERIFIED,UNVERIFIED_PENDING_UI_SCAN,permission tree + FAT bundle,awaiting UI interaction and Network evidence
运营管理,活动支出审计,/admin/bonus,过审礼金列表,GET,/admin/bonus/review/noneed/list,activity_id|activity_name|bonus_id|created_end_at|created_name|created_start_at|max_bonus|min_bonus|page|page_size|phone|received_end_at|received_start_at|remark|review_end_at|review_name|review_start_at|review_state|uid|username,inventory/runtime query names only; body and UI source TO_CAPTURE,,,unverified,current FAT admin; exact role name TO_CAPTURE,TO_VERIFY_BEFORE_WRITE,not captured,not captured,admin/other,导出过审礼金列表 - felix.bru | 过审礼金列表 - felix.bru,DOCUMENTED_UNVERIFIED,UNVERIFIED_PENDING_UI_SCAN,permission tree + FAT bundle,awaiting UI interaction and Network evidence
运营管理,活动支出审计,/admin/bonus,批量发送,POST,/admin/bonus/review/send,TO_CAPTURE,inventory/runtime query names only; body and UI source TO_CAPTURE,,,unverified,current FAT admin; exact role name TO_CAPTURE,TO_VERIFY_BEFORE_WRITE,not captured,not captured,admin/other,批量补发 - felix.bru,DOCUMENTED_UNVERIFIED,UNVERIFIED_PENDING_UI_SCAN,permission tree + FAT bundle,awaiting UI interaction and Network evidence
运营管理,活动支出审计,/admin/bonus,导出待审,GET,/admin/bonus/review/export,activity_id|activity_name|bonus_id|created_end_at|created_name|created_start_at|max_bonus|min_bonus|page|page_size|phone|remark|topic_id|uid|username,inventory/runtime query names only; body and UI source TO_CAPTURE,,,unverified,current FAT admin; exact role name TO_CAPTURE,TO_VERIFY_BEFORE_WRITE,not captured,not captured,admin/other,导出待审订单 - felix.bru,DOCUMENTED_UNVERIFIED,UNVERIFIED_PENDING_UI_SCAN,permission tree + FAT bundle,awaiting UI interaction and Network evidence
运营管理,活动支出审计,/admin/bonus,导出过审,,/admin/bonus/review/noneed/export,TO_CAPTURE,inventory/runtime query names only; body and UI source TO_CAPTURE,,,unverified,current FAT admin; exact role name TO_CAPTURE,TO_VERIFY_BEFORE_WRITE,not captured,not captured,,,UNDOCUMENTED_CANDIDATE,UNVERIFIED_PENDING_UI_SCAN,permission tree + FAT bundle,awaiting UI interaction and Network evidence
运营管理,日常报表,/admin/reports,渠道业绩报表,GET,/admin/reports/channel,end_time|page|page_size|start_time,inventory/runtime query names only; body and UI source TO_CAPTURE,,,unverified,current FAT admin; exact role name TO_CAPTURE,TO_VERIFY_BEFORE_WRITE,not captured,not captured,admin/report,渠道报表-todo | 渠道报表导出-todo | 渠道日报表-sandy,DOCUMENTED_UNVERIFIED,UNVERIFIED_PENDING_UI_SCAN,permission tree + FAT bundle,awaiting UI interaction and Network evidence
运营管理,日常报表,/admin/reports,渠道业绩报表明细,GET,/admin/reports/channel/detail,channe_id|day|page|page_size,inventory/runtime query names only; body and UI source TO_CAPTURE,,,unverified,current FAT admin; exact role name TO_CAPTURE,TO_VERIFY_BEFORE_WRITE,not captured,not captured,admin/report,渠道报表明细-todo | 渠道日报表明细-wesley,DOCUMENTED_UNVERIFIED,UNVERIFIED_PENDING_UI_SCAN,permission tree + FAT bundle,awaiting UI interaction and Network evidence
运营管理,日常报表,/admin/reports,渠道业绩报表导出,GET,/admin/reports/channel/export,end_time|start_time|topic_id,inventory/runtime query names only; body and UI source TO_CAPTURE,,,unverified,current FAT admin; exact role name TO_CAPTURE,TO_VERIFY_BEFORE_WRITE,not captured,not captured,admin/report,渠道日报表导出,DOCUMENTED_UNVERIFIED,UNVERIFIED_PENDING_UI_SCAN,permission tree + FAT bundle,awaiting UI interaction and Network evidence
运营管理,日常报表,/admin/reports,渠道业绩报表明细导出,GET,/admin/reports/channel/detail/export,channel_id|day|topic_id,inventory/runtime query names only; body and UI source TO_CAPTURE,,,unverified,current FAT admin; exact role name TO_CAPTURE,TO_VERIFY_BEFORE_WRITE,not captured,not captured,admin/report,渠道报表明细导出-todo | 渠道日报表明细导出,DOCUMENTED_UNVERIFIED,UNVERIFIED_PENDING_UI_SCAN,permission tree + FAT bundle,awaiting UI interaction and Network evidence
运营管理,日常报表,/admin/reports,首页报表数据,GET,/admin/reports/bi/basic,report_type,inventory/runtime query names only; body and UI source TO_CAPTURE,,,unverified,current FAT admin; exact role name TO_CAPTURE,TO_VERIFY_BEFORE_WRITE,not captured,not captured,admin/report,首页BI,DOCUMENTED_UNVERIFIED,UNVERIFIED_PENDING_UI_SCAN,permission tree + FAT bundle,awaiting UI interaction and Network evidence
运营管理,日常报表,/admin/reports,首页全站柱状图,,/admin/reports/bi/chart,TO_CAPTURE,inventory/runtime query names only; body and UI source TO_CAPTURE,,,unverified,current FAT admin; exact role name TO_CAPTURE,TO_VERIFY_BEFORE_WRITE,not captured,not captured,,,UNDOCUMENTED_CANDIDATE,UNVERIFIED_PENDING_UI_SCAN,permission tree + FAT bundle,awaiting UI interaction and Network evidence
运营管理,客户端配置,,客户端版本新增,POST,/admin/client/version/insert,TO_CAPTURE,inventory/runtime query names only; body and UI source TO_CAPTURE,,,unverified,current FAT admin; exact role name TO_CAPTURE,TO_VERIFY_BEFORE_WRITE,not captured,not captured,admin/other,版本管理新增,DOCUMENTED_UNVERIFIED,UNVERIFIED_PENDING_UI_SCAN,permission tree + FAT bundle,awaiting UI interaction and Network evidence
运营管理,客户端配置,,客户端版本编辑,POST,/admin/client/version/update,TO_CAPTURE,inventory/runtime query names only; body and UI source TO_CAPTURE,,,unverified,current FAT admin; exact role name TO_CAPTURE,TO_VERIFY_BEFORE_WRITE,not captured,not captured,admin/other,版本管理更新,DOCUMENTED_UNVERIFIED,UNVERIFIED_PENDING_UI_SCAN,permission tree + FAT bundle,awaiting UI interaction and Network evidence
运营管理,客户端配置,,客户端版本列表,GET,/admin/client/version/list,page|page_size,inventory/runtime query names only; body and UI source TO_CAPTURE,,,unverified,current FAT admin; exact role name TO_CAPTURE,TO_VERIFY_BEFORE_WRITE,not captured,not captured,admin/other,版本管理列表,DOCUMENTED_UNVERIFIED,UNVERIFIED_PENDING_UI_SCAN,permission tree + FAT bundle,awaiting UI interaction and Network evidence
运营管理,站内信,/admin/message,站内信列表,GET,/admin/message/list,TO_CAPTURE,inventory/runtime query names only; body and UI source TO_CAPTURE,,,unverified,current FAT admin; exact role name TO_CAPTURE,TO_VERIFY_BEFORE_WRITE,not captured,not captured,admin/other,已阅读名单-todo | 获取消息列表-todo,DOCUMENTED_UNVERIFIED,UNVERIFIED_PENDING_UI_SCAN,permission tree + FAT bundle,awaiting UI interaction and Network evidence
运营管理,站内信,/admin/message,创建站内信,POST,/admin/message/send,TO_CAPTURE,inventory/runtime query names only; body and UI source TO_CAPTURE,,,unverified,current FAT admin; exact role name TO_CAPTURE,TO_VERIFY_BEFORE_WRITE,not captured,not captured,admin/other,发送站内信消息 | 发送站内信消息-todo,DOCUMENTED_UNVERIFIED,UNVERIFIED_PENDING_UI_SCAN,permission tree + FAT bundle,awaiting UI interaction and Network evidence
运营管理,站内信,/admin/message,撤销站内信,POST,/admin/message/revoke,TO_CAPTURE,inventory/runtime query names only; body and UI source TO_CAPTURE,,,unverified,current FAT admin; exact role name TO_CAPTURE,TO_VERIFY_BEFORE_WRITE,not captured,not captured,admin/other,撤销站内信-todo,DOCUMENTED_UNVERIFIED,UNVERIFIED_PENDING_UI_SCAN,permission tree + FAT bundle,awaiting UI interaction and Network evidence
运营管理,站内信,/admin/message,导出站内信列表,GET,/admin/message/export,topic_id,inventory/runtime query names only; body and UI source TO_CAPTURE,,,unverified,current FAT admin; exact role name TO_CAPTURE,TO_VERIFY_BEFORE_WRITE,not captured,not captured,admin/other,站内信导出-todo,DOCUMENTED_UNVERIFIED,UNVERIFIED_PENDING_UI_SCAN,permission tree + FAT bundle,awaiting UI interaction and Network evidence
运营管理,站内信,/admin/message,站内信已阅读名单,,/admin/message/reads,TO_CAPTURE,inventory/runtime query names only; body and UI source TO_CAPTURE,,,unverified,current FAT admin; exact role name TO_CAPTURE,TO_VERIFY_BEFORE_WRITE,not captured,not captured,,,UNDOCUMENTED_CANDIDATE,UNVERIFIED_PENDING_UI_SCAN,permission tree + FAT bundle,awaiting UI interaction and Network evidence
运营管理,站内信,/admin/message,消息模板列表,GET,/admin/message/templates/list,TO_CAPTURE,inventory/runtime query names only; body and UI source TO_CAPTURE,,,unverified,current FAT admin; exact role name TO_CAPTURE,TO_VERIFY_BEFORE_WRITE,not captured,not captured,admin/other,获取消息模板列表-todo,DOCUMENTED_UNVERIFIED,UNVERIFIED_PENDING_UI_SCAN,permission tree + FAT bundle,awaiting UI interaction and Network evidence
运营管理,站内信,/admin/message,消息模板导出,GET,/admin/message/templates/export,TO_CAPTURE,inventory/runtime query names only; body and UI source TO_CAPTURE,,,unverified,current FAT admin; exact role name TO_CAPTURE,TO_VERIFY_BEFORE_WRITE,not captured,not captured,admin/other,消息模板导出-todo,DOCUMENTED_UNVERIFIED,UNVERIFIED_PENDING_UI_SCAN,permission tree + FAT bundle,awaiting UI interaction and Network evidence
运营管理,站内信,/admin/message,消息模板更新,POST,/admin/message/templates/update,TO_CAPTURE,inventory/runtime query names only; body and UI source TO_CAPTURE,,,unverified,current FAT admin; exact role name TO_CAPTURE,TO_VERIFY_BEFORE_WRITE,not captured,not captured,admin/other,更新消息模板-todo,DOCUMENTED_UNVERIFIED,UNVERIFIED_PENDING_UI_SCAN,permission tree + FAT bundle,awaiting UI interaction and Network evidence
运营管理,跑马灯,/marquee,跑马灯--列表,GET,/admin/marquee/list,ty,inventory/runtime query names only; body and UI source TO_CAPTURE,,,unverified,current FAT admin; exact role name TO_CAPTURE,TO_VERIFY_BEFORE_WRITE,not captured,not captured,admin/other,列表,DOCUMENTED_UNVERIFIED,UNVERIFIED_PENDING_UI_SCAN,permission tree + FAT bundle,awaiting UI interaction and Network evidence
运营管理,跑马灯,/marquee,跑马灯--添加,POST,/admin/marquee/add,TO_CAPTURE,inventory/runtime query names only; body and UI source TO_CAPTURE,,,unverified,current FAT admin; exact role name TO_CAPTURE,TO_VERIFY_BEFORE_WRITE,not captured,not captured,admin/other,添加,DOCUMENTED_UNVERIFIED,UNVERIFIED_PENDING_UI_SCAN,permission tree + FAT bundle,awaiting UI interaction and Network evidence
运营管理,跑马灯,/marquee,跑马灯--修改,POST,/admin/marquee/update,TO_CAPTURE,inventory/runtime query names only; body and UI source TO_CAPTURE,,,unverified,current FAT admin; exact role name TO_CAPTURE,TO_VERIFY_BEFORE_WRITE,not captured,not captured,admin/other,修改/启用停止切换,DOCUMENTED_UNVERIFIED,UNVERIFIED_PENDING_UI_SCAN,permission tree + FAT bundle,awaiting UI interaction and Network evidence
运营管理,跑马灯,/marquee,跑马灯--删除,POST,/admin/marquee/delete,TO_CAPTURE,inventory/runtime query names only; body and UI source TO_CAPTURE,,,unverified,current FAT admin; exact role name TO_CAPTURE,TO_VERIFY_BEFORE_WRITE,not captured,not captured,admin/other,删除,DOCUMENTED_UNVERIFIED,UNVERIFIED_PENDING_UI_SCAN,permission tree + FAT bundle,awaiting UI interaction and Network evidence
运营管理,爆奖榜,/admin/hotBetNotice,爆奖榜列表,GET,/admin/hotBetNotice/list,page|page_size|username,inventory/runtime query names only; body and UI source TO_CAPTURE,,,unverified,current FAT admin; exact role name TO_CAPTURE,TO_VERIFY_BEFORE_WRITE,not captured,not captured,admin/other,爆彩列表查询,DOCUMENTED_UNVERIFIED,UNVERIFIED_PENDING_UI_SCAN,permission tree + FAT bundle,awaiting UI interaction and Network evidence
运营管理,爆奖榜,/admin/hotBetNotice,爆奖榜导出,GET,/admin/hotBetNotice/export,topic_id|username,inventory/runtime query names only; body and UI source TO_CAPTURE,,,unverified,current FAT admin; exact role name TO_CAPTURE,TO_VERIFY_BEFORE_WRITE,not captured,not captured,admin/other,爆彩列表导出,DOCUMENTED_UNVERIFIED,UNVERIFIED_PENDING_UI_SCAN,permission tree + FAT bundle,awaiting UI interaction and Network evidence
运营管理,爆奖榜,/admin/hotBetNotice,爆奖设置详情,GET,/admin/hotBetNotice/config/detail,TO_CAPTURE,inventory/runtime query names only; body and UI source TO_CAPTURE,,,unverified,current FAT admin; exact role name TO_CAPTURE,TO_VERIFY_BEFORE_WRITE,not captured,not captured,admin/other,爆彩设置查询,DOCUMENTED_UNVERIFIED,UNVERIFIED_PENDING_UI_SCAN,permission tree + FAT bundle,awaiting UI interaction and Network evidence
运营管理,爆奖榜,/admin/hotBetNotice,爆奖设置更新,POST,/admin/hotBetNotice/config/update,TO_CAPTURE,inventory/runtime query names only; body and UI source TO_CAPTURE,,,unverified,current FAT admin; exact role name TO_CAPTURE,TO_VERIFY_BEFORE_WRITE,not captured,not captured,admin/other,爆彩设置更新,DOCUMENTED_UNVERIFIED,UNVERIFIED_PENDING_UI_SCAN,permission tree + FAT bundle,awaiting UI interaction and Network evidence
运营管理,爆奖榜,/admin/hotBetNotice,爆奖展示黑名单列表,GET,/admin/hotBetNotice/displayBlacklist/list,page|page_size|username,inventory/runtime query names only; body and UI source TO_CAPTURE,,,unverified,current FAT admin; exact role name TO_CAPTURE,TO_VERIFY_BEFORE_WRITE,not captured,not captured,admin/other,爆彩黑名单列表,DOCUMENTED_UNVERIFIED,UNVERIFIED_PENDING_UI_SCAN,permission tree + FAT bundle,awaiting UI interaction and Network evidence
运营管理,爆奖榜,/admin/hotBetNotice,爆奖展示黑名单新增,POST,/admin/hotBetNotice/displayBlacklist/insert,TO_CAPTURE,inventory/runtime query names only; body and UI source TO_CAPTURE,,,unverified,current FAT admin; exact role name TO_CAPTURE,TO_VERIFY_BEFORE_WRITE,not captured,not captured,admin/other,爆彩黑名单新增,DOCUMENTED_UNVERIFIED,UNVERIFIED_PENDING_UI_SCAN,permission tree + FAT bundle,awaiting UI interaction and Network evidence
运营管理,爆奖榜,/admin/hotBetNotice,爆奖展示黑名单删除,POST,/admin/hotBetNotice/displayBlacklist/remove,TO_CAPTURE,inventory/runtime query names only; body and UI source TO_CAPTURE,,,unverified,current FAT admin; exact role name TO_CAPTURE,TO_VERIFY_BEFORE_WRITE,not captured,not captured,admin/other,爆彩黑名单删除,DOCUMENTED_UNVERIFIED,UNVERIFIED_PENDING_UI_SCAN,permission tree + FAT bundle,awaiting UI interaction and Network evidence
运营管理,门店客户端,/shop/gs,门店客户端场馆开关,,/shop/gs/update,TO_CAPTURE,inventory/runtime query names only; body and UI source TO_CAPTURE,,,unverified,current FAT admin; exact role name TO_CAPTURE,TO_VERIFY_BEFORE_WRITE,not captured,not captured,,,UNDOCUMENTED_CANDIDATE,UNVERIFIED_PENDING_UI_SCAN,permission tree + FAT bundle,awaiting UI interaction and Network evidence
运营管理,门店客户端,/shop/gs,门店客户端列表,,/shop/gs/list,TO_CAPTURE,inventory/runtime query names only; body and UI source TO_CAPTURE,,,unverified,current FAT admin; exact role name TO_CAPTURE,TO_VERIFY_BEFORE_WRITE,not captured,not captured,,,UNDOCUMENTED_CANDIDATE,UNVERIFIED_PENDING_UI_SCAN,permission tree + FAT bundle,awaiting UI interaction and Network evidence
运营管理,充值倍率,/admin/sys/config/deposit/multiple,充值倍率列表,GET,/admin/sys/config/deposit/multiple/list,TO_CAPTURE,inventory/runtime query names only; body and UI source TO_CAPTURE,,,unverified,current FAT admin; exact role name TO_CAPTURE,TO_VERIFY_BEFORE_WRITE,not captured,not captured,admin/finance,平台充值倍率列表-aliang,DOCUMENTED_UNVERIFIED,UNVERIFIED_PENDING_UI_SCAN,permission tree + FAT bundle,awaiting UI interaction and Network evidence
运营管理,充值倍率,/admin/sys/config/deposit/multiple,充值倍率编辑,POST,/admin/sys/config/deposit/multiple/update,TO_CAPTURE,inventory/runtime query names only; body and UI source TO_CAPTURE,,,unverified,current FAT admin; exact role name TO_CAPTURE,TO_VERIFY_BEFORE_WRITE,not captured,not captured,admin/finance,平台充值倍率更新-aliang,DOCUMENTED_UNVERIFIED,UNVERIFIED_PENDING_UI_SCAN,permission tree + FAT bundle,awaiting UI interaction and Network evidence
运营管理,充值倍率,/admin/sys/config/deposit/multiple,充值倍率操作记录,GET,/admin/sys/config/deposit/multiple/log,page|page_size,inventory/runtime query names only; body and UI source TO_CAPTURE,,,unverified,current FAT admin; exact role name TO_CAPTURE,TO_VERIFY_BEFORE_WRITE,not captured,not captured,admin/finance,平台充值倍率异动记录-aliang,DOCUMENTED_UNVERIFIED,UNVERIFIED_PENDING_UI_SCAN,permission tree + FAT bundle,awaiting UI interaction and Network evidence
活动管理,活动列表,/admin/promo/list,电销旋转导入,,/admin/promo/rotate/telemarketing/import,TO_CAPTURE,inventory/runtime query names only; body and UI source TO_CAPTURE,,,unverified,current FAT admin; exact role name TO_CAPTURE,TO_VERIFY_BEFORE_WRITE,not captured,not captured,,,UNDOCUMENTED_CANDIDATE,UNVERIFIED_PENDING_UI_SCAN,permission tree + FAT bundle,awaiting UI interaction and Network evidence
活动管理,活动列表,/admin/promo/list,活动列表导出,GET,/admin/promo/export,activity_id|activity_name|end_at|start_at|state|topic_id|update_name,inventory/runtime query names only; body and UI source TO_CAPTURE,,,unverified,current FAT admin; exact role name TO_CAPTURE,TO_VERIFY_BEFORE_WRITE,not captured,not captured,admin/promo,导出活动列表 - felix,DOCUMENTED_UNVERIFIED,UNVERIFIED_PENDING_UI_SCAN,permission tree + FAT bundle,awaiting UI interaction and Network evidence
活动管理,活动列表,/admin/promo/list,礼金明细,GET,/admin/promo/bonus/list,activity_id|created_end_at|created_start_at|day|max_amount|min_amount|page|page_size|phone|received_end_at|received_start_at|review_end_at|review_start_at|state|uid|username,inventory/runtime query names only; body and UI source TO_CAPTURE,,,unverified,current FAT admin; exact role name TO_CAPTURE,TO_VERIFY_BEFORE_WRITE,not captured,not captured,admin/promo,礼金明细 - felix,DOCUMENTED_UNVERIFIED,UNVERIFIED_PENDING_UI_SCAN,permission tree + FAT bundle,awaiting UI interaction and Network evidence
活动管理,活动列表,/admin/promo/list,礼金明细导出,GET,/admin/promo/bonus/export,activity_id|created_end_at|created_start_at|day|max_amount|min_amount|phone|received_end_at|received_start_at|review_end_at|review_start_at|state|topic_id|uid|username,inventory/runtime query names only; body and UI source TO_CAPTURE,,,unverified,current FAT admin; exact role name TO_CAPTURE,TO_VERIFY_BEFORE_WRITE,not captured,not captured,admin/promo,导出礼金明细 - felix,DOCUMENTED_UNVERIFIED,UNVERIFIED_PENDING_UI_SCAN,permission tree + FAT bundle,awaiting UI interaction and Network evidence
活动管理,活动列表,/admin/promo/list,xp经验值列表,GET,/admin/vip/xp/list,end_at|ids|min_xp|page|page_size|start_at|uid,inventory/runtime query names only; body and UI source TO_CAPTURE,,,unverified,current FAT admin; exact role name TO_CAPTURE,TO_VERIFY_BEFORE_WRITE,not captured,not captured,admin/other,xp成长日志 - felix,DOCUMENTED_UNVERIFIED,UNVERIFIED_PENDING_UI_SCAN,permission tree + FAT bundle,awaiting UI interaction and Network evidence
活动管理,活动列表,/admin/promo/list,xp经验值导出,GET,/admin/vip/xp/export,end_at|ids|max_xp|min_xp|start_at|topic_id|uid,inventory/runtime query names only; body and UI source TO_CAPTURE,,,unverified,current FAT admin; exact role name TO_CAPTURE,TO_VERIFY_BEFORE_WRITE,not captured,not captured,admin/other,导出xp成长日志 - felix,DOCUMENTED_UNVERIFIED,UNVERIFIED_PENDING_UI_SCAN,permission tree + FAT bundle,awaiting UI interaction and Network evidence
活动管理,活动列表,/admin/promo/list,会员详情-礼金列表,GET,/admin/bonus/list,activity_id|created_end_at|created_name|created_start_at|ids|max_amount|min_amount|page|page_size|received_end_at|received_start_at|remark|review_end_at|review_name|review_start_at|state|uid,inventory/runtime query names only; body and UI source TO_CAPTURE,,,unverified,current FAT admin; exact role name TO_CAPTURE,TO_VERIFY_BEFORE_WRITE,not captured,not captured,admin/other,礼金列表 - felix,DOCUMENTED_UNVERIFIED,UNVERIFIED_PENDING_UI_SCAN,permission tree + FAT bundle,awaiting UI interaction and Network evidence
活动管理,活动列表,/admin/promo/list,会员详情-礼金导出,GET,/admin/bonus/export,activity_name|created_end_at|created_name|created_start_at|ids|max_amount|min_amount|page|page_size|received_end_at|received_start_at|review_end_at|review_name|review_start_at|state|topic_id|uid,inventory/runtime query names only; body and UI source TO_CAPTURE,,,unverified,current FAT admin; exact role name TO_CAPTURE,TO_VERIFY_BEFORE_WRITE,not captured,not captured,admin/other,导出礼金列表 - felix,DOCUMENTED_UNVERIFIED,UNVERIFIED_PENDING_UI_SCAN,permission tree + FAT bundle,awaiting UI interaction and Network evidence
活动管理,活动列表,/admin/promo/list,会员详情-手动发放礼金,POST,/admin/bonus/manual/send,TO_CAPTURE,inventory/runtime query names only; body and UI source TO_CAPTURE,,,unverified,current FAT admin; exact role name TO_CAPTURE,TO_VERIFY_BEFORE_WRITE,not captured,not captured,admin/promo,手动发放礼金,DOCUMENTED_UNVERIFIED,UNVERIFIED_PENDING_UI_SCAN,permission tree + FAT bundle,awaiting UI interaction and Network evidence
活动管理,活动列表,/admin/promo/list,电销旋转导出,,/admin/promo/rotate/telemarketing/export,TO_CAPTURE,inventory/runtime query names only; body and UI source TO_CAPTURE,,,unverified,current FAT admin; exact role name TO_CAPTURE,TO_VERIFY_BEFORE_WRITE,not captured,not captured,,,UNDOCUMENTED_CANDIDATE,UNVERIFIED_PENDING_UI_SCAN,permission tree + FAT bundle,awaiting UI interaction and Network evidence
活动管理,活动列表,/admin/promo/list,app>某个版本登录送50记录,,/admin/promo/super/login/bonus/list,TO_CAPTURE,inventory/runtime query names only; body and UI source TO_CAPTURE,,,unverified,current FAT admin; exact role name TO_CAPTURE,TO_VERIFY_BEFORE_WRITE,not captured,not captured,,,UNDOCUMENTED_CANDIDATE,UNVERIFIED_PENDING_UI_SCAN,permission tree + FAT bundle,awaiting UI interaction and Network evidence
活动管理,活动列表,/admin/promo/list,电销旋转记录,,/admin/promo/rotate/telemarketing/list,TO_CAPTURE,inventory/runtime query names only; body and UI source TO_CAPTURE,,,unverified,current FAT admin; exact role name TO_CAPTURE,TO_VERIFY_BEFORE_WRITE,not captured,not captured,,,UNDOCUMENTED_CANDIDATE,UNVERIFIED_PENDING_UI_SCAN,permission tree + FAT bundle,awaiting UI interaction and Network evidence
活动管理,活动列表,/admin/promo/list,返水翻牌记录,,/admin/promo/flip/card/report,TO_CAPTURE,inventory/runtime query names only; body and UI source TO_CAPTURE,,,unverified,current FAT admin; exact role name TO_CAPTURE,TO_VERIFY_BEFORE_WRITE,not captured,not captured,,,UNDOCUMENTED_CANDIDATE,UNVERIFIED_PENDING_UI_SCAN,permission tree + FAT bundle,awaiting UI interaction and Network evidence
活动管理,活动列表,/admin/promo/list,免费旋转每日投注+存款记录,,/admin/promo/rotate/bet/list,TO_CAPTURE,inventory/runtime query names only; body and UI source TO_CAPTURE,,,unverified,current FAT admin; exact role name TO_CAPTURE,TO_VERIFY_BEFORE_WRITE,not captured,not captured,,,UNDOCUMENTED_CANDIDATE,UNVERIFIED_PENDING_UI_SCAN,permission tree + FAT bundle,awaiting UI interaction and Network evidence
活动管理,活动列表,/admin/promo/list,免费旋转首存记录,,/admin/promo/rotate/deposit/list,TO_CAPTURE,inventory/runtime query names only; body and UI source TO_CAPTURE,,,unverified,current FAT admin; exact role name TO_CAPTURE,TO_VERIFY_BEFORE_WRITE,not captured,not captured,,,UNDOCUMENTED_CANDIDATE,UNVERIFIED_PENDING_UI_SCAN,permission tree + FAT bundle,awaiting UI interaction and Network evidence
活动管理,活动列表,/admin/promo/list,返水活动记录,GET,/admin/promo/rebate/rebat/report,uid,inventory/runtime query names only; body and UI source TO_CAPTURE,,,unverified,current FAT admin; exact role name TO_CAPTURE,TO_VERIFY_BEFORE_WRITE,not captured,not captured,admin/report,返水列表,DOCUMENTED_UNVERIFIED,UNVERIFIED_PENDING_UI_SCAN,permission tree + FAT bundle,awaiting UI interaction and Network evidence
活动管理,活动列表,/admin/promo/list,免费旋转kyc记录,,/admin/promo/rotate/reg/list,TO_CAPTURE,inventory/runtime query names only; body and UI source TO_CAPTURE,,,unverified,current FAT admin; exact role name TO_CAPTURE,TO_VERIFY_BEFORE_WRITE,not captured,not captured,,,UNDOCUMENTED_CANDIDATE,UNVERIFIED_PENDING_UI_SCAN,permission tree + FAT bundle,awaiting UI interaction and Network evidence
活动管理,活动列表,/admin/promo/list,首存阶梯活动记录,,/admin/promo/deposit/first/list,TO_CAPTURE,inventory/runtime query names only; body and UI source TO_CAPTURE,,,unverified,current FAT admin; exact role name TO_CAPTURE,TO_VERIFY_BEFORE_WRITE,not captured,not captured,,,UNDOCUMENTED_CANDIDATE,UNVERIFIED_PENDING_UI_SCAN,permission tree + FAT bundle,awaiting UI interaction and Network evidence
活动管理,活动列表,/admin/promo/list,老虎机排行榜记录,,/admin/promo/slot/machine/list,TO_CAPTURE,inventory/runtime query names only; body and UI source TO_CAPTURE,,,unverified,current FAT admin; exact role name TO_CAPTURE,TO_VERIFY_BEFORE_WRITE,not captured,not captured,,,UNDOCUMENTED_CANDIDATE,UNVERIFIED_PENDING_UI_SCAN,permission tree + FAT bundle,awaiting UI interaction and Network evidence
活动管理,活动列表,/admin/promo/list,首次app登录送20记录,,/admin/promo/login/bonus/list,TO_CAPTURE,inventory/runtime query names only; body and UI source TO_CAPTURE,,,unverified,current FAT admin; exact role name TO_CAPTURE,TO_VERIFY_BEFORE_WRITE,not captured,not captured,,,UNDOCUMENTED_CANDIDATE,UNVERIFIED_PENDING_UI_SCAN,permission tree + FAT bundle,awaiting UI interaction and Network evidence
活动管理,活动列表,/admin/promo/list,复存阶梯活动记录,,/admin/promo/deposit/restore/list,TO_CAPTURE,inventory/runtime query names only; body and UI source TO_CAPTURE,,,unverified,current FAT admin; exact role name TO_CAPTURE,TO_VERIFY_BEFORE_WRITE,not captured,not captured,,,UNDOCUMENTED_CANDIDATE,UNVERIFIED_PENDING_UI_SCAN,permission tree + FAT bundle,awaiting UI interaction and Network evidence
活动管理,活动列表,/admin/promo/list,充值返现活动记录,,/admin/promo/deposit/bonus/list,TO_CAPTURE,inventory/runtime query names only; body and UI source TO_CAPTURE,,,unverified,current FAT admin; exact role name TO_CAPTURE,TO_VERIFY_BEFORE_WRITE,not captured,not captured,,,UNDOCUMENTED_CANDIDATE,UNVERIFIED_PENDING_UI_SCAN,permission tree + FAT bundle,awaiting UI interaction and Network evidence
活动管理,活动列表,/admin/promo/list,每日多存阶梯活动记录,,/admin/promo/deposit/repeatedly/list,TO_CAPTURE,inventory/runtime query names only; body and UI source TO_CAPTURE,,,unverified,current FAT admin; exact role name TO_CAPTURE,TO_VERIFY_BEFORE_WRITE,not captured,not captured,,,UNDOCUMENTED_CANDIDATE,UNVERIFIED_PENDING_UI_SCAN,permission tree + FAT bundle,awaiting UI interaction and Network evidence
活动管理,活动列表,/admin/promo/list,tpg活动导入,,/admin/promo/tpg/bonus/insert,TO_CAPTURE,inventory/runtime query names only; body and UI source TO_CAPTURE,,,unverified,current FAT admin; exact role name TO_CAPTURE,TO_VERIFY_BEFORE_WRITE,not captured,not captured,,,UNDOCUMENTED_CANDIDATE,UNVERIFIED_PENDING_UI_SCAN,permission tree + FAT bundle,awaiting UI interaction and Network evidence
活动管理,活动列表,/admin/promo/list,cq9活动礼金列表,GET,/admin/promo/cq9/bonus/list,activity_id|created_end_at|created_start_at|day|max_amount|min_amount|page|page_size|phone|received_end_at|received_start_at|review_end_at|review_start_at|state|uid|username,inventory/runtime query names only; body and UI source TO_CAPTURE,,,unverified,current FAT admin; exact role name TO_CAPTURE,TO_VERIFY_BEFORE_WRITE,not captured,not captured,admin/promo,礼金明细-seven,DOCUMENTED_UNVERIFIED,UNVERIFIED_PENDING_UI_SCAN,permission tree + FAT bundle,awaiting UI interaction and Network evidence
活动管理,活动列表,/admin/promo/list,首存阶梯活动导出,,/admin/promo/deposit/first/export,TO_CAPTURE,inventory/runtime query names only; body and UI source TO_CAPTURE,,,unverified,current FAT admin; exact role name TO_CAPTURE,TO_VERIFY_BEFORE_WRITE,not captured,not captured,,,UNDOCUMENTED_CANDIDATE,UNVERIFIED_PENDING_UI_SCAN,permission tree + FAT bundle,awaiting UI interaction and Network evidence
活动管理,活动列表,/admin/promo/list,复存阶梯活动导出,,/admin/promo/deposit/restore/export,TO_CAPTURE,inventory/runtime query names only; body and UI source TO_CAPTURE,,,unverified,current FAT admin; exact role name TO_CAPTURE,TO_VERIFY_BEFORE_WRITE,not captured,not captured,,,UNDOCUMENTED_CANDIDATE,UNVERIFIED_PENDING_UI_SCAN,permission tree + FAT bundle,awaiting UI interaction and Network evidence
活动管理,活动列表,/admin/promo/list,返水翻牌导出,,/admin/promo/flip/card/export,TO_CAPTURE,inventory/runtime query names only; body and UI source TO_CAPTURE,,,unverified,current FAT admin; exact role name TO_CAPTURE,TO_VERIFY_BEFORE_WRITE,not captured,not captured,,,UNDOCUMENTED_CANDIDATE,UNVERIFIED_PENDING_UI_SCAN,permission tree + FAT bundle,awaiting UI interaction and Network evidence
活动管理,活动列表,/admin/promo/list,每日多存阶梯活动导出,,/admin/promo/deposit/repeatedly/export,TO_CAPTURE,inventory/runtime query names only; body and UI source TO_CAPTURE,,,unverified,current FAT admin; exact role name TO_CAPTURE,TO_VERIFY_BEFORE_WRITE,not captured,not captured,,,UNDOCUMENTED_CANDIDATE,UNVERIFIED_PENDING_UI_SCAN,permission tree + FAT bundle,awaiting UI interaction and Network evidence
活动管理,活动列表,/admin/promo/list,返水活动导出,GET,/admin/promo/rebate/rebat/export,TO_CAPTURE,inventory/runtime query names only; body and UI source TO_CAPTURE,,,unverified,current FAT admin; exact role name TO_CAPTURE,TO_VERIFY_BEFORE_WRITE,not captured,not captured,admin/promo,返水列表导出,DOCUMENTED_UNVERIFIED,UNVERIFIED_PENDING_UI_SCAN,permission tree + FAT bundle,awaiting UI interaction and Network evidence
活动管理,活动列表,/admin/promo/list,免费旋转kyc导出,,/admin/promo/rotate/reg/export,TO_CAPTURE,inventory/runtime query names only; body and UI source TO_CAPTURE,,,unverified,current FAT admin; exact role name TO_CAPTURE,TO_VERIFY_BEFORE_WRITE,not captured,not captured,,,UNDOCUMENTED_CANDIDATE,UNVERIFIED_PENDING_UI_SCAN,permission tree + FAT bundle,awaiting UI interaction and Network evidence
活动管理,活动列表,/admin/promo/list,app>某个版本登录送50导出,,/admin/promo/super/login/bonus/export,TO_CAPTURE,inventory/runtime query names only; body and UI source TO_CAPTURE,,,unverified,current FAT admin; exact role name TO_CAPTURE,TO_VERIFY_BEFORE_WRITE,not captured,not captured,,,UNDOCUMENTED_CANDIDATE,UNVERIFIED_PENDING_UI_SCAN,permission tree + FAT bundle,awaiting UI interaction and Network evidence
活动管理,活动列表,/admin/promo/list,免费旋转每日投注+存款导出,,/admin/promo/rotate/bet/export,TO_CAPTURE,inventory/runtime query names only; body and UI source TO_CAPTURE,,,unverified,current FAT admin; exact role name TO_CAPTURE,TO_VERIFY_BEFORE_WRITE,not captured,not captured,,,UNDOCUMENTED_CANDIDATE,UNVERIFIED_PENDING_UI_SCAN,permission tree + FAT bundle,awaiting UI interaction and Network evidence
活动管理,活动列表,/admin/promo/list,免费旋转首存导出,,/admin/promo/rotate/deposit/export,TO_CAPTURE,inventory/runtime query names only; body and UI source TO_CAPTURE,,,unverified,current FAT admin; exact role name TO_CAPTURE,TO_VERIFY_BEFORE_WRITE,not captured,not captured,,,UNDOCUMENTED_CANDIDATE,UNVERIFIED_PENDING_UI_SCAN,permission tree + FAT bundle,awaiting UI interaction and Network evidence
活动管理,活动列表,/admin/promo/list,老虎机排行榜导出,,/admin/promo/slot/machine/export,TO_CAPTURE,inventory/runtime query names only; body and UI source TO_CAPTURE,,,unverified,current FAT admin; exact role name TO_CAPTURE,TO_VERIFY_BEFORE_WRITE,not captured,not captured,,,UNDOCUMENTED_CANDIDATE,UNVERIFIED_PENDING_UI_SCAN,permission tree + FAT bundle,awaiting UI interaction and Network evidence
活动管理,活动列表,/admin/promo/list,首次app登录送20导出,,/admin/promo/login/bonus/export,TO_CAPTURE,inventory/runtime query names only; body and UI source TO_CAPTURE,,,unverified,current FAT admin; exact role name TO_CAPTURE,TO_VERIFY_BEFORE_WRITE,not captured,not captured,,,UNDOCUMENTED_CANDIDATE,UNVERIFIED_PENDING_UI_SCAN,permission tree + FAT bundle,awaiting UI interaction and Network evidence
活动管理,活动列表,/admin/promo/list,充值返现记录导出,,/admin/promo/deposit/bonus/export,TO_CAPTURE,inventory/runtime query names only; body and UI source TO_CAPTURE,,,unverified,current FAT admin; exact role name TO_CAPTURE,TO_VERIFY_BEFORE_WRITE,not captured,not captured,,,UNDOCUMENTED_CANDIDATE,UNVERIFIED_PENDING_UI_SCAN,permission tree + FAT bundle,awaiting UI interaction and Network evidence
活动管理,活动列表,/admin/promo/list,tpg活动导出,,/admin/promo/tpg/bonus/export,TO_CAPTURE,inventory/runtime query names only; body and UI source TO_CAPTURE,,,unverified,current FAT admin; exact role name TO_CAPTURE,TO_VERIFY_BEFORE_WRITE,not captured,not captured,,,UNDOCUMENTED_CANDIDATE,UNVERIFIED_PENDING_UI_SCAN,permission tree + FAT bundle,awaiting UI interaction and Network evidence
活动管理,活动列表,/admin/promo/list,tpg活动记录,,/admin/promo/tpg/bonus/list,TO_CAPTURE,inventory/runtime query names only; body and UI source TO_CAPTURE,,,unverified,current FAT admin; exact role name TO_CAPTURE,TO_VERIFY_BEFORE_WRITE,not captured,not captured,,,UNDOCUMENTED_CANDIDATE,UNVERIFIED_PENDING_UI_SCAN,permission tree + FAT bundle,awaiting UI interaction and Network evidence
活动管理,活动列表,/admin/promo/list,cq9活动导出,GET,/admin/promo/cq9/bonus/export,activity_id|created_end_at|created_start_at|day|max_amount|min_amount|phone|received_end_at|received_start_at|review_end_at|review_start_at|state|topic_id|uid|username,inventory/runtime query names only; body and UI source TO_CAPTURE,,,unverified,current FAT admin; exact role name TO_CAPTURE,TO_VERIFY_BEFORE_WRITE,not captured,not captured,admin/promo,导出礼金明细-seven,DOCUMENTED_UNVERIFIED,UNVERIFIED_PENDING_UI_SCAN,permission tree + FAT bundle,awaiting UI interaction and Network evidence
活动管理,活动列表,/admin/promo/list,pt排行榜列表,GET,/admin/promo/pt/list,TO_CAPTURE,inventory/runtime query names only; body and UI source TO_CAPTURE,,,unverified,current FAT admin; exact role name TO_CAPTURE,TO_VERIFY_BEFORE_WRITE,not captured,not captured,admin/promo,列表,DOCUMENTED_UNVERIFIED,UNVERIFIED_PENDING_UI_SCAN,permission tree + FAT bundle,awaiting UI interaction and Network evidence
活动管理,活动列表,/admin/promo/list,pt排行榜导出,GET,/admin/promo/pt/export,topic_id,inventory/runtime query names only; body and UI source TO_CAPTURE,,,unverified,current FAT admin; exact role name TO_CAPTURE,TO_VERIFY_BEFORE_WRITE,not captured,not captured,admin/promo,导出,DOCUMENTED_UNVERIFIED,UNVERIFIED_PENDING_UI_SCAN,permission tree + FAT bundle,awaiting UI interaction and Network evidence
活动管理,活动列表,/admin/promo/list,存款活动游戏配置记录,,/admin/promo/deposit/game/list,TO_CAPTURE,inventory/runtime query names only; body and UI source TO_CAPTURE,,,unverified,current FAT admin; exact role name TO_CAPTURE,TO_VERIFY_BEFORE_WRITE,not captured,not captured,,,UNDOCUMENTED_CANDIDATE,UNVERIFIED_PENDING_UI_SCAN,permission tree + FAT bundle,awaiting UI interaction and Network evidence
活动管理,活动列表,/admin/promo/list,kyc送免费次数记录,GET,/admin/promo/rotate/kyc/list,TO_CAPTURE,inventory/runtime query names only; body and UI source TO_CAPTURE,,,unverified,current FAT admin; exact role name TO_CAPTURE,TO_VERIFY_BEFORE_WRITE,not captured,not captured,admin/kyc,列表,DOCUMENTED_UNVERIFIED,UNVERIFIED_PENDING_UI_SCAN,permission tree + FAT bundle,awaiting UI interaction and Network evidence
活动管理,活动列表,/admin/promo/list,kyc送免费次数导出,GET,/admin/promo/rotate/kyc/export,topic_id,inventory/runtime query names only; body and UI source TO_CAPTURE,,,unverified,current FAT admin; exact role name TO_CAPTURE,TO_VERIFY_BEFORE_WRITE,not captured,not captured,admin/kyc,导出,DOCUMENTED_UNVERIFIED,UNVERIFIED_PENDING_UI_SCAN,permission tree + FAT bundle,awaiting UI interaction and Network evidence
活动管理,vip任务中心,/admin/promo/task,vip任务列表,GET,/admin/promo/task/list,TO_CAPTURE,inventory/runtime query names only; body and UI source TO_CAPTURE,,,unverified,current FAT admin; exact role name TO_CAPTURE,TO_VERIFY_BEFORE_WRITE,not captured,not captured,admin/promo,任务中心列表-seven,DOCUMENTED_UNVERIFIED,UNVERIFIED_PENDING_UI_SCAN,permission tree + FAT bundle,awaiting UI interaction and Network evidence
活动管理,vip任务中心,/admin/promo/task,vip任务列表-导出,GET,/admin/promo/task/export,TO_CAPTURE,inventory/runtime query names only; body and UI source TO_CAPTURE,,,unverified,current FAT admin; exact role name TO_CAPTURE,TO_VERIFY_BEFORE_WRITE,not captured,not captured,admin/promo,任务中心导出-seven,DOCUMENTED_UNVERIFIED,UNVERIFIED_PENDING_UI_SCAN,permission tree + FAT bundle,awaiting UI interaction and Network evidence
活动管理,vip任务中心,/admin/promo/task,vip任务列表-代币明细,GET,/admin/promo/task/transaction,TO_CAPTURE,inventory/runtime query names only; body and UI source TO_CAPTURE,,,unverified,current FAT admin; exact role name TO_CAPTURE,TO_VERIFY_BEFORE_WRITE,not captured,not captured,admin/finance,任务奖金列表-seven,DOCUMENTED_UNVERIFIED,UNVERIFIED_PENDING_UI_SCAN,permission tree + FAT bundle,awaiting UI interaction and Network evidence
活动管理,vip任务中心,/admin/promo/task,vip任务列表-代币导出,GET,/admin/promo/task/transaction/export,TO_CAPTURE,inventory/runtime query names only; body and UI source TO_CAPTURE,,,unverified,current FAT admin; exact role name TO_CAPTURE,TO_VERIFY_BEFORE_WRITE,not captured,not captured,admin/finance,任务奖励列表导出-seven,DOCUMENTED_UNVERIFIED,UNVERIFIED_PENDING_UI_SCAN,permission tree + FAT bundle,awaiting UI interaction and Network evidence
活动管理,vip商城,/admin/mall,商城产品列表,GET,/admin/mall/goods/list,TO_CAPTURE,inventory/runtime query names only; body and UI source TO_CAPTURE,,,unverified,current FAT admin; exact role name TO_CAPTURE,TO_VERIFY_BEFORE_WRITE,not captured,not captured,admin/other,获取产品列表-todo,DOCUMENTED_UNVERIFIED,UNVERIFIED_PENDING_UI_SCAN,permission tree + FAT bundle,awaiting UI interaction and Network evidence
活动管理,vip商城,/admin/mall,商城产品详情,GET,/admin/mall/goods/detail,id,inventory/runtime query names only; body and UI source TO_CAPTURE,,,unverified,current FAT admin; exact role name TO_CAPTURE,TO_VERIFY_BEFORE_WRITE,not captured,not captured,admin/other,产品详情,DOCUMENTED_UNVERIFIED,UNVERIFIED_PENDING_UI_SCAN,permission tree + FAT bundle,awaiting UI interaction and Network evidence
活动管理,vip商城,/admin/mall,新增商城产品,POST,/admin/mall/goods/insert,TO_CAPTURE,inventory/runtime query names only; body and UI source TO_CAPTURE,,,unverified,current FAT admin; exact role name TO_CAPTURE,TO_VERIFY_BEFORE_WRITE,not captured,not captured,admin/other,新增商城商品-todo,DOCUMENTED_UNVERIFIED,UNVERIFIED_PENDING_UI_SCAN,permission tree + FAT bundle,awaiting UI interaction and Network evidence
活动管理,vip商城,/admin/mall,修改商城产品,POST,/admin/mall/goods/update,TO_CAPTURE,inventory/runtime query names only; body and UI source TO_CAPTURE,,,unverified,current FAT admin; exact role name TO_CAPTURE,TO_VERIFY_BEFORE_WRITE,not captured,not captured,admin/other,更新商城商品-todo,DOCUMENTED_UNVERIFIED,UNVERIFIED_PENDING_UI_SCAN,permission tree + FAT bundle,awaiting UI interaction and Network evidence
活动管理,vip商城,/admin/mall,商城产品列表导出,GET,/admin/mall/goods/export,TO_CAPTURE,inventory/runtime query names only; body and UI source TO_CAPTURE,,,unverified,current FAT admin; exact role name TO_CAPTURE,TO_VERIFY_BEFORE_WRITE,not captured,not captured,admin/other,产品导出-todo,DOCUMENTED_UNVERIFIED,UNVERIFIED_PENDING_UI_SCAN,permission tree + FAT bundle,awaiting UI interaction and Network evidence
活动管理,vip商城,/admin/mall,商城订单列表导出,GET,/admin/mall/order/export,TO_CAPTURE,inventory/runtime query names only; body and UI source TO_CAPTURE,,,unverified,current FAT admin; exact role name TO_CAPTURE,TO_VERIFY_BEFORE_WRITE,not captured,not captured,admin/other,商城订单导出-todo,DOCUMENTED_UNVERIFIED,UNVERIFIED_PENDING_UI_SCAN,permission tree + FAT bundle,awaiting UI interaction and Network evidence
活动管理,vip商城,/admin/mall,商城订单手动发货,POST,/admin/mall/order/delivery,TO_CAPTURE,inventory/runtime query names only; body and UI source TO_CAPTURE,,,unverified,current FAT admin; exact role name TO_CAPTURE,TO_VERIFY_BEFORE_WRITE,not captured,not captured,admin/other,手动发货-todo,DOCUMENTED_UNVERIFIED,UNVERIFIED_PENDING_UI_SCAN,permission tree + FAT bundle,awaiting UI interaction and Network evidence
活动管理,vip商城,/admin/mall,商城订单详情,GET,/admin/mall/order/detail,id,inventory/runtime query names only; body and UI source TO_CAPTURE,,,unverified,current FAT admin; exact role name TO_CAPTURE,TO_VERIFY_BEFORE_WRITE,not captured,not captured,admin/other,商城订单详情-todo,DOCUMENTED_UNVERIFIED,UNVERIFIED_PENDING_UI_SCAN,permission tree + FAT bundle,awaiting UI interaction and Network evidence
活动管理,vip商城,/admin/mall,商城订单列表,GET,/admin/mall/order/list,TO_CAPTURE,inventory/runtime query names only; body and UI source TO_CAPTURE,,,unverified,current FAT admin; exact role name TO_CAPTURE,TO_VERIFY_BEFORE_WRITE,not captured,not captured,admin/other,商城订单列表-todo,DOCUMENTED_UNVERIFIED,UNVERIFIED_PENDING_UI_SCAN,permission tree + FAT bundle,awaiting UI interaction and Network evidence
活动管理,vip商城,/admin/mall,获取域名下拉列表,GET,/admin/rechargeCard/listForSelect,TO_CAPTURE,inventory/runtime query names only; body and UI source TO_CAPTURE,,,unverified,current FAT admin; exact role name TO_CAPTURE,TO_VERIFY_BEFORE_WRITE,not captured,not captured,admin/other,获取充值卡下拉列表-todo,DOCUMENTED_UNVERIFIED,UNVERIFIED_PENDING_UI_SCAN,permission tree + FAT bundle,awaiting UI interaction and Network evidence
活动管理,vip商城,/admin/mall,代币商城订单详情,GET,/admin/filcoin/order/export,TO_CAPTURE,inventory/runtime query names only; body and UI source TO_CAPTURE,,,unverified,current FAT admin; exact role name TO_CAPTURE,TO_VERIFY_BEFORE_WRITE,not captured,not captured,admin/finance,代币商城订单导出-todo,DOCUMENTED_UNVERIFIED,UNVERIFIED_PENDING_UI_SCAN,permission tree + FAT bundle,awaiting UI interaction and Network evidence
活动管理,vip商城,/admin/mall,代币商城订单列表,GET,/admin/filcoin/order/list,TO_CAPTURE,inventory/runtime query names only; body and UI source TO_CAPTURE,,,unverified,current FAT admin; exact role name TO_CAPTURE,TO_VERIFY_BEFORE_WRITE,not captured,not captured,admin/finance,代币商城订单列表-todo,DOCUMENTED_UNVERIFIED,UNVERIFIED_PENDING_UI_SCAN,permission tree + FAT bundle,awaiting UI interaction and Network evidence
活动管理,vip商城,/admin/mall,vip代币账变列表,GET,/admin/finance/tokens/transaction/list,TO_CAPTURE,inventory/runtime query names only; body and UI source TO_CAPTURE,,,unverified,current FAT admin; exact role name TO_CAPTURE,TO_VERIFY_BEFORE_WRITE,not captured,not captured,admin/finance,代币账变列表,DOCUMENTED_UNVERIFIED,UNVERIFIED_PENDING_UI_SCAN,permission tree + FAT bundle,awaiting UI interaction and Network evidence
活动管理,vip商城,/admin/mall,vip代币导出,GET,/admin/finance/tokens/transaction/export,TO_CAPTURE,inventory/runtime query names only; body and UI source TO_CAPTURE,,,unverified,current FAT admin; exact role name TO_CAPTURE,TO_VERIFY_BEFORE_WRITE,not captured,not captured,admin/finance,代币账变导出,DOCUMENTED_UNVERIFIED,UNVERIFIED_PENDING_UI_SCAN,permission tree + FAT bundle,awaiting UI interaction and Network evidence
活动管理,vip商城,/admin/mall,代币上下分,POST,/admin/finance/tokens/adjust,TO_CAPTURE,inventory/runtime query names only; body and UI source TO_CAPTURE,,,unverified,current FAT admin; exact role name TO_CAPTURE,TO_VERIFY_BEFORE_WRITE,not captured,not captured,admin/finance,代币上下分,DOCUMENTED_UNVERIFIED,UNVERIFIED_PENDING_UI_SCAN,permission tree + FAT bundle,awaiting UI interaction and Network evidence
活动管理,世界杯活动,/promo/world,派发记录列表,,/promo/world/cup/bti/list,TO_CAPTURE,inventory/runtime query names only; body and UI source TO_CAPTURE,,,unverified,current FAT admin; exact role name TO_CAPTURE,TO_VERIFY_BEFORE_WRITE,not captured,not captured,,,UNDOCUMENTED_CANDIDATE,UNVERIFIED_PENDING_UI_SCAN,permission tree + FAT bundle,awaiting UI interaction and Network evidence
活动管理,世界杯活动,/promo/world,派发记录导出,,/admin/promo/world/cup/bti/export,TO_CAPTURE,inventory/runtime query names only; body and UI source TO_CAPTURE,,,unverified,current FAT admin; exact role name TO_CAPTURE,TO_VERIFY_BEFORE_WRITE,not captured,not captured,,,UNDOCUMENTED_CANDIDATE,UNVERIFIED_PENDING_UI_SCAN,permission tree + FAT bundle,awaiting UI interaction and Network evidence
活动管理,世界杯活动,/promo/world,手动重试派发,,/admin/promo/world/cup/bti/retry,TO_CAPTURE,inventory/runtime query names only; body and UI source TO_CAPTURE,,,unverified,current FAT admin; exact role name TO_CAPTURE,TO_VERIFY_BEFORE_WRITE,not captured,not captured,,,UNDOCUMENTED_CANDIDATE,UNVERIFIED_PENDING_UI_SCAN,permission tree + FAT bundle,awaiting UI interaction and Network evidence
活动管理,世界杯活动,/promo/world,取消FreeBet,,/admin/promo/world/cup/bti/cancel,TO_CAPTURE,inventory/runtime query names only; body and UI source TO_CAPTURE,,,unverified,current FAT admin; exact role name TO_CAPTURE,TO_VERIFY_BEFORE_WRITE,not captured,not captured,,,UNDOCUMENTED_CANDIDATE,UNVERIFIED_PENDING_UI_SCAN,permission tree + FAT bundle,awaiting UI interaction and Network evidence
活动管理,世界杯活动,/promo/world,同步状态,,/admin/promo/world/cup/bti/sync,TO_CAPTURE,inventory/runtime query names only; body and UI source TO_CAPTURE,,,unverified,current FAT admin; exact role name TO_CAPTURE,TO_VERIFY_BEFORE_WRITE,not captured,not captured,,,UNDOCUMENTED_CANDIDATE,UNVERIFIED_PENDING_UI_SCAN,permission tree + FAT bundle,awaiting UI interaction and Network evidence
代理管理,代理统计,/admin/reports/agencys,代理统计导出,GET,/admin/reports/agency/export,topic_id,inventory/runtime query names only; body and UI source TO_CAPTURE,,,unverified,current FAT admin; exact role name TO_CAPTURE,TO_VERIFY_BEFORE_WRITE,not captured,not captured,admin/report,代理统计导出,DOCUMENTED_UNVERIFIED,UNVERIFIED_PENDING_UI_SCAN,permission tree + FAT bundle,awaiting UI interaction and Network evidence
代理管理,代理统计,/admin/reports/agencys,代理统计列表,GET,/admin/reports/agency,page|page_size,inventory/runtime query names only; body and UI source TO_CAPTURE,,,unverified,current FAT admin; exact role name TO_CAPTURE,TO_VERIFY_BEFORE_WRITE,not captured,not captured,admin/report,代理统计报表,DOCUMENTED_UNVERIFIED,UNVERIFIED_PENDING_UI_SCAN,permission tree + FAT bundle,awaiting UI interaction and Network evidence
