surface,menu,page,page_route,control_type,action,method,origin,normalized_path,query_fields,body_fields,parameter_sources,http_status,business_status,response_shape,auth_role,actual_side_effect,before_after_change,document_category,document_name,document_source,classification,currently_used,evidence,exception_blocked_scope,request_count
client,Authentication,Login,/,page,page initialization,GET,https://client-fat.filbet2025.com,/member/bigprize/list,,,header:t<-authenticated-session,200,true,"{""type"":""object"",""fields"":[""data"",""status""]}",authenticated client session (t header),none observed,not applicable/read-only,client/member,爆奖列表,前台/爆奖信息/爆奖列表.bru,ACTIVE,yes,fat-client-network.json action=login__page_initialization; records=55,,1
client,Authentication,Login,/,page,page initialization,GET,https://client-fat.filbet2025.com,/member/buriedPoint/detailV2,ad_id,,header:t<-authenticated-session;query:ad_id<-page/filter/pagination/default,200,true,"{""type"":""object"",""fields"":[""data"",""status""]}",authenticated client session (t header),none observed,not applicable/read-only,client/member,埋点详情V2-todo,前台/埋点/埋点详情V2-todo.bru,ACTIVE,yes,fat-client-network.json action=login__page_initialization; records=50,,1
client,Authentication,Login,/,page,page initialization,GET,https://client-fat.filbet2025.com,/member/fb/list,,,header:t<-authenticated-session,200,true,"{""type"":""object"",""fields"":[""data"",""status""]}",authenticated client session (t header),none observed,not applicable/read-only,client/member,三方登录列表,前台/三方登录/三方登录列表.bru,ACTIVE,yes,fat-client-network.json action=login__page_initialization; records=49,,1
client,Authentication,Login,/,page,page initialization,GET,https://client-fat.filbet2025.com,/member/home/sections,brand,,header:t<-authenticated-session;query:brand<-page/filter/pagination/default,200,true,"{""type"":""object"",""fields"":[""data"",""status""]}",authenticated client session (t header),none observed,not applicable/read-only,client/member,首页板块列表,前台/首页/首页板块列表.bru,ACTIVE,yes,fat-client-network.json action=login__page_initialization; records=53,,1
client,Authentication,Login,/,page,page initialization,GET,https://client-fat.filbet2025.com,/member/index,,,header:t<-authenticated-session,200,true,"{""type"":""object"",""fields"":[""data"",""status""]}",authenticated client session (t header),none observed,not applicable/read-only,client/game,首页缓存,前台/游戏/首页缓存.bru,ACTIVE,yes,fat-client-network.json action=login__page_initialization; records=60,,1
client,Authentication,Login,/,page,page initialization,GET,https://client-fat.filbet2025.com,/member/materials/list,material_type_code|platform_code,,header:t<-authenticated-session;query:material_type_code|platform_code<-page/filter/pagination/default,200,true,"{""type"":""object"",""fields"":[""data"",""status""]}",authenticated client session (t header),none observed,not applicable/read-only,client/member,素材列表,前台/素材/素材列表.bru,ACTIVE,yes,fat-client-network.json action=login__page_initialization; records=61|62|63,,3
client,Authentication,Login,/,page,page initialization,GET,https://client-fat.filbet2025.com,/member/v2/index,,,header:t<-authenticated-session,200,true,"{""type"":""object"",""fields"":[""data"",""status""]}",authenticated client session (t header),none observed,not applicable/read-only,client/game,首页缓存v2-owen,前台/游戏/首页缓存v2-owen.bru,ACTIVE,yes,fat-client-network.json action=login__page_initialization; records=54|59,,2
client,Authentication,Login,/,page,page initialization,GET,https://client-fat.filbet2025.com,/promo/rotate/bet/detail,is_welfare|pid,,header:t<-authenticated-session;query:is_welfare|pid<-page/filter/pagination/default,200,true,"{""type"":""object"",""fields"":[""data"",""status""]}",authenticated client session (t header),none observed,not applicable/read-only,client/kyc|client/promo|unknown/promo,弹目消息|活动详情|福利详情|详情(老页面),活动/Vip/详情(老页面).bru|活动/kyc送免费旋转/详情(老页面).bru|活动/每日充值+投注阶梯送礼金和旋转次数/弹目消息.bru|活动/每日充值+投注阶梯送礼金和旋转次数/活动详情.bru|活动/每日充值+投注阶梯送礼金和旋转次数/福利详情.bru,ACTIVE,yes,fat-client-network.json action=login__page_initialization; records=57|58,,2
client,Authentication,Login,/,page,page initialization,POST,https://client-fat.filbet2025.com,/member/channel/trackclick,,,header:t<-authenticated-session,200,true,"{""type"":""object"",""fields"":[""data"",""status""]}",authenticated client session (t header),request emitted; no durable business change observed by this discovery action,no state identifier returned or persisted in sanitized evidence,client/member,渠道跟踪点击-todo,前台/渠道/渠道跟踪点击-todo.bru,ACTIVE,yes,fat-client-network.json action=login__page_initialization; records=51,,1
client,Authentication,Login,/,page,page initialization,POST,https://client-fat.filbet2025.com,/member/game/rank,,game_type|page|page_size|strategy|time_range,body:game_type|page|page_size|strategy|time_range<-form/current-record/default;header:t<-authenticated-session,200,true,"{""type"":""object"",""fields"":[""data"",""status""]}",authenticated client session (t header),request emitted; no durable business change observed by this discovery action,no state identifier returned or persisted in sanitized evidence,client/game,游戏排名-benjie,前台/游戏/游戏排名-benjie.bru,ACTIVE,yes,fat-client-network.json action=login__page_initialization; records=52|56,,2
client,Authentication,Login,/,page,page initialization,POST,https://web-pp6o4v.opoinstalljs.com,/web/pp6o4v/clientf/init2,av|channelCode|cv|hash|sh|sp|sw,,query:av|channelCode|cv|hash|sh|sp|sw<-page/filter/pagination/default,200,UNAVAILABLE,"""number""",guest or no auth header observed,request emitted; no durable business change observed by this discovery action,no state identifier returned or persisted in sanitized evidence,,,,THIRD_PARTY,yes,fat-client-network.json action=login__page_initialization; records=64,,1
client,Authentication,Login,/,page,page initialization,POST,https://www.google-analytics.com,/g/collect,_eu|_p|_s|are|cid|dl|dma|dt|en|ep.page_env|frm|gcd|gtm|ngs|npa|pscdl|rcb|sct|seg|sid|sr|tag_exp|tfd|tid|uaa|uab|uafvl|uam|uamb|uap|uapv|uaw|ul|v,,query:_eu|_p|_s|are|cid|dl|dma|dt|en|ep.page_env|frm|gcd|gtm|ngs|npa|pscdl|rcb|sct|seg|sid|sr|tag_exp|tfd|tid|uaa|uab|uafvl|uam|uamb|uap|uapv|uaw|ul|v<-page/filter/pagination/default,204,UNAVAILABLE,"""null""",guest or no auth header observed,request emitted; no durable business change observed by this discovery action,no state identifier returned or persisted in sanitized evidence,,,,THIRD_PARTY,yes,fat-client-network.json action=login__page_initialization; records=48,,1
client,Authentication,Login,/,submit,password login,GET,https://client-fat.filbet2025.com,/finance/wallet,,,header:t<-authenticated-session,200,true,"{""type"":""object"",""fields"":[""data"",""status""]}",authenticated client session (t header),none observed,not applicable/read-only,client/finance,会员钱包-wesley,前台/财务/会员钱包-wesley.bru,ACTIVE,yes,fat-client-network.json action=login_success__password_login; records=124,,1
client,Authentication,Login,/,submit,password login,GET,https://client-fat.filbet2025.com,/member/bigprize/list,,,header:t<-authenticated-session,200,true,"{""type"":""object"",""fields"":[""data"",""status""]}",authenticated client session (t header),none observed,not applicable/read-only,client/member,爆奖列表,前台/爆奖信息/爆奖列表.bru,ACTIVE,yes,fat-client-network.json action=login_success__password_login; records=105,,1
client,Authentication,Login,/,submit,password login,GET,https://client-fat.filbet2025.com,/member/buriedPoint/detailV2,ad_id,,header:t<-authenticated-session;query:ad_id<-page/filter/pagination/default,200,true,"{""type"":""object"",""fields"":[""data"",""status""]}",authenticated client session (t header),none observed,not applicable/read-only,client/member,埋点详情V2-todo,前台/埋点/埋点详情V2-todo.bru,ACTIVE,yes,fat-client-network.json action=login_success__password_login; records=100,,1
client,Authentication,Login,/,submit,password login,GET,https://client-fat.filbet2025.com,/member/detail,,,header:t<-authenticated-session,200,true,"{""type"":""object"",""fields"":[""data"",""status""]}",authenticated client session (t header),none observed,not applicable/read-only,client/member,获取会员信息-seven-aliang(20260424),前台/会员信息/获取会员信息-seven-aliang(20260424).bru,ACTIVE,yes,fat-client-network.json action=login_success__password_login; records=122,,1
client,Authentication,Login,/,submit,password login,GET,https://client-fat.filbet2025.com,/member/fav/list,page|page_size,,header:t<-authenticated-session;query:page|page_size<-page/filter/pagination/default,200,true,"{""type"":""object"",""fields"":[""data"",""status""]}",authenticated client session (t header),none observed,not applicable/read-only,client/game,游戏收藏列表-light,前台/游戏/游戏收藏列表-light.bru,ACTIVE,yes,fat-client-network.json action=login_success__password_login; records=125,,1
client,Authentication,Login,/,submit,password login,GET,https://client-fat.filbet2025.com,/member/fb/list,,,header:t<-authenticated-session,200,true,"{""type"":""object"",""fields"":[""data"",""status""]}",authenticated client session (t header),none observed,not applicable/read-only,client/member,三方登录列表,前台/三方登录/三方登录列表.bru,ACTIVE,yes,fat-client-network.json action=login_success__password_login; records=99,,1
client,Authentication,Login,/,submit,password login,GET,https://client-fat.filbet2025.com,/member/home/sections,brand,,header:t<-authenticated-session;query:brand<-page/filter/pagination/default,200,true,"{""type"":""object"",""fields"":[""data"",""status""]}",authenticated client session (t header),none observed,not applicable/read-only,client/member,首页板块列表,前台/首页/首页板块列表.bru,ACTIVE,yes,fat-client-network.json action=login_success__password_login; records=103,,1
client,Authentication,Login,/,submit,password login,GET,https://client-fat.filbet2025.com,/member/index,,,header:t<-authenticated-session,200,true,"{""type"":""object"",""fields"":[""data"",""status""]}",authenticated client session (t header),none observed,not applicable/read-only,client/game,首页缓存,前台/游戏/首页缓存.bru,ACTIVE,yes,fat-client-network.json action=login_success__password_login; records=110,,1
client,Authentication,Login,/,submit,password login,GET,https://client-fat.filbet2025.com,/member/materials/list,material_type_code|platform_code,,header:t<-authenticated-session;query:material_type_code|platform_code<-page/filter/pagination/default,200,true,"{""type"":""object"",""fields"":[""data"",""status""]}",authenticated client session (t header),none observed,not applicable/read-only,client/member,素材列表,前台/素材/素材列表.bru,ACTIVE,yes,fat-client-network.json action=login_success__password_login; records=111|112|113|117,,4
client,Authentication,Login,/,submit,password login,GET,https://client-fat.filbet2025.com,/member/message/popup_list,,,header:t<-authenticated-session,200,true,"{""type"":""object"",""fields"":[""data"",""status""]}",authenticated client session (t header),none observed,not applicable/read-only,client/member,获取弹窗站内信列表-todo,前台/站内信/获取弹窗站内信列表-todo.bru,ACTIVE,yes,fat-client-network.json action=login_success__password_login; records=126,,1
client,Authentication,Login,/,submit,password login,GET,https://client-fat.filbet2025.com,/member/system,,,header:t<-authenticated-session,200,true,"{""type"":""object"",""fields"":[""data"",""status""]}",authenticated client session (t header),none observed,not applicable/read-only,client/member,获取系统配置,前台/配置/获取系统配置.bru,ACTIVE,yes,fat-client-network.json action=login_success__password_login; records=116,,1
client,Authentication,Login,/,submit,password login,GET,https://client-fat.filbet2025.com,/member/v2/index,,,header:t<-authenticated-session,200,true,"{""type"":""object"",""fields"":[""data"",""status""]}",authenticated client session (t header),none observed,not applicable/read-only,client/game,首页缓存v2-owen,前台/游戏/首页缓存v2-owen.bru,ACTIVE,yes,fat-client-network.json action=login_success__password_login; records=104|109|128,,3
client,Authentication,Login,/,submit,password login,GET,https://client-fat.filbet2025.com,/promo/blindbox/detail,pid|ym,,header:t<-authenticated-session;query:pid|ym<-page/filter/pagination/default,200,true,"{""type"":""object"",""fields"":[""data"",""status""]}",authenticated client session (t header),none observed,not applicable/read-only,unknown/promo,获取盲盒详情 - felix,活动/盲盒/获取盲盒详情 - felix.bru,MISCLASSIFIED,yes,fat-client-network.json action=login_success__password_login; records=136,,1
client,Authentication,Login,/,submit,password login,GET,https://client-fat.filbet2025.com,/promo/blindbox/query/bonus,,,header:t<-authenticated-session,200,true,"{""type"":""object"",""fields"":[""data"",""status""]}",authenticated client session (t header),none observed,not applicable/read-only,unknown/promo,查询盲盒待领取记录,活动/盲盒/查询盲盒待领取记录.bru,MISCLASSIFIED,yes,fat-client-network.json action=login_success__password_login; records=134,,1
client,Authentication,Login,/,submit,password login,GET,https://client-fat.filbet2025.com,/promo/filpcard/detail,pid,,header:t<-authenticated-session;query:pid<-page/filter/pagination/default,200,true,"{""type"":""object"",""fields"":[""data"",""status""]}",authenticated client session (t header),none observed,not applicable/read-only,unknown/promo,活动详情,活动/王牌活动/活动详情.bru,MISCLASSIFIED,yes,fat-client-network.json action=login_success__password_login; records=129,,1
client,Authentication,Login,/,submit,password login,GET,https://client-fat.filbet2025.com,/promo/rotate/bet/detail,is_welfare|pid,,header:t<-authenticated-session;query:is_welfare|pid<-page/filter/pagination/default,200,true,"{""type"":""object"",""fields"":[""data"",""status""]}",authenticated client session (t header),none observed,not applicable/read-only,client/kyc|client/promo|unknown/promo,弹目消息|活动详情|福利详情|详情(老页面),活动/Vip/详情(老页面).bru|活动/kyc送免费旋转/详情(老页面).bru|活动/每日充值+投注阶梯送礼金和旋转次数/弹目消息.bru|活动/每日充值+投注阶梯送礼金和旋转次数/活动详情.bru|活动/每日充值+投注阶梯送礼金和旋转次数/福利详情.bru,ACTIVE,yes,fat-client-network.json action=login_success__password_login; records=107|108|135,,3
client,Authentication,Login,/,submit,password login,GET,https://client-fat.filbet2025.com,/promo/rotate/kyc/detail,,,header:t<-authenticated-session,200,true,"{""type"":""object"",""fields"":[""data"",""status""]}",authenticated client session (t header),none observed,not applicable/read-only,client/kyc,详情,活动/kyc送免费旋转/详情.bru,ACTIVE,yes,fat-client-network.json action=login_success__password_login; records=123|132,,2
client,Authentication,Login,/,submit,password login,GET,https://client-fat.filbet2025.com,/promo/slot/machine/detail,pid,,header:t<-authenticated-session;query:pid<-page/filter/pagination/default,200,true,"{""type"":""object"",""fields"":[""data"",""status""]}",authenticated client session (t header),none observed,not applicable/read-only,unknown/promo,实时滚动有效投注top100|实时滚动负盈利排行榜|排行榜详情,活动/老虎机排行榜/实时滚动有效投注top100.bru|活动/老虎机排行榜/实时滚动负盈利排行榜.bru|活动/老虎机排行榜/排行榜详情.bru,MISCLASSIFIED,yes,fat-client-network.json action=login_success__password_login; records=127,,1
client,Authentication,Login,/,submit,password login,GET,https://client-fat.filbet2025.com,/promo/turntable/detail,,,header:t<-authenticated-session,200,false,"{""type"":""object"",""fields"":[""data"",""status""]}",authenticated client session (t header),none observed,not applicable/read-only,unknown/promo,活动详情,活动/大转盘活动/活动详情.bru,ACTIVE_FAILED,yes,fat-client-network.json action=login_success__password_login; records=130,business status false,1
client,Authentication,Login,/,submit,password login,GET,https://client-fat.filbet2025.com,/promo/turntable/num,,,header:t<-authenticated-session,200,true,"{""type"":""object"",""fields"":[""data"",""status""]}",authenticated client session (t header),none observed,not applicable/read-only,unknown/promo,剩余次数,活动/大转盘活动/剩余次数.bru,MISCLASSIFIED,yes,fat-client-network.json action=login_success__password_login; records=131,,1
client,Authentication,Login,/,submit,password login,GET,https://client-fat.filbet2025.com,/promo/vip/sign/in/config,,,header:t<-authenticated-session,200,true,"{""type"":""object"",""fields"":[""data"",""status""]}",authenticated client session (t header),none observed,not applicable/read-only,client/promo,签到配置,活动/Vip/签到配置.bru,ACTIVE,yes,fat-client-network.json action=login_success__password_login; records=133,,1
client,Authentication,Login,/,submit,password login,POST,https://client-fat.filbet2025.com,/member/channel/trackclick,,,header:t<-authenticated-session,200,true,"{""type"":""object"",""fields"":[""data"",""status""]}",authenticated client session (t header),request emitted; no durable business change observed by this discovery action,no state identifier returned or persisted in sanitized evidence,client/member,渠道跟踪点击-todo,前台/渠道/渠道跟踪点击-todo.bru,ACTIVE,yes,fat-client-network.json action=login_success__password_login; records=101,,1
client,Authentication,Login,/,submit,password login,POST,https://client-fat.filbet2025.com,/member/game/rank,,game_type|page|page_size|strategy|time_range,body:game_type|page|page_size|strategy|time_range<-form/current-record/default;header:t<-authenticated-session,200,true,"{""type"":""object"",""fields"":[""data"",""status""]}",authenticated client session (t header),request emitted; no durable business change observed by this discovery action,no state identifier returned or persisted in sanitized evidence,client/game,游戏排名-benjie,前台/游戏/游戏排名-benjie.bru,ACTIVE,yes,fat-client-network.json action=login_success__password_login; records=102|106,,2
client,Authentication,Login,/,submit,password login,POST,https://client-fat.filbet2025.com,/member/v2/login,,login_text,body:login_text<-form/current-record/default;header:t<-authenticated-session,200,true,"{""type"":""object"",""fields"":[""data"",""status""]}",authenticated client session (t header),authenticated browser session established,before=guest login form; after=authenticated home,client/auth,密码登陆v2-ducky,前台/会员登陆注册验证/密码登陆v2-ducky.bru,ACTIVE,yes,fat-client-network.json action=login_success__password_login; records=121,,1
client,Authentication,Login,/,submit,password login,POST,https://web-pp6o4v.opoinstalljs.com,/web/pp6o4v/clientf/init2,av|channelCode|cv|hash|sh|sp|sw,,query:av|channelCode|cv|hash|sh|sp|sw<-page/filter/pagination/default,200,UNAVAILABLE,"""number""",guest or no auth header observed,request emitted; no durable business change observed by this discovery action,no state identifier returned or persisted in sanitized evidence,,,,THIRD_PARTY,yes,fat-client-network.json action=login_success__password_login; records=114,,1
client,Authentication,Login,/,submit,password login,POST,https://www.google-analytics.com,/g/collect,_et|_eu|_p|_s|ae|are|cid|dl|dma|dr|dt|en|ep.auth_flow|ep.auth_method|ep.filbet_tracker_version|ep.is_game_page|ep.page_env|ep.page_path_action|ep.page_type|epn.percent_scrolled|frm|gcd|gtm|ngs|npa|pscdl|rcb|sct|seg|sid|sr|tag_exp|tfd|tid|uaa|uab|uafvl|uam|uamb|uap|uapv|uaw|ul|v,,query:_et|_eu|_p|_s|ae|are|cid|dl|dma|dr|dt|en|ep.page_env|frm|gcd|gtm|ngs|npa|pscdl|rcb|sct|seg|sid|sr|tag_exp|tfd|tid|uaa|uab|uafvl|uam|uamb|uap|uapv|uaw|ul|v<-page/filter/pagination/default;query:_et|_eu|_p|_s|ae|are|cid|dl|dma|dt|en|ep.page_env|epn.percent_scrolled|frm|gcd|gtm|ngs|npa|pscdl|rcb|sct|seg|sid|sr|tag_exp|tfd|tid|uaa|uab|uafvl|uam|uamb|uap|uapv|uaw|ul|v<-page/filter/pagination/default;query:_et|_eu|_p|_s|are|cid|dl|dma|dt|en|ep.auth_flow|ep.auth_method|ep.filbet_tracker_version|ep.is_game_page|ep.page_env|ep.page_path_action|ep.page_type|frm|gcd|gtm|ngs|npa|pscdl|rcb|sct|seg|sid|sr|tag_exp|tfd|tid|uaa|uab|uafvl|uam|uamb|uap|uapv|uaw|ul|v<-page/filter/pagination/default;query:_eu|_p|_s|are|cid|dl|dma|dr|dt|frm|gcd|gtm|ngs|npa|pscdl|rcb|sct|seg|sid|sr|tag_exp|tfd|tid|uaa|uab|uafvl|uam|uamb|uap|uapv|uaw|ul|v<-page/filter/pagination/default;query:_eu|_p|_s|are|cid|dl|dma|dt|en|ep.page_env|frm|gcd|gtm|ngs|npa|pscdl|rcb|sct|seg|sid|sr|tag_exp|tfd|tid|uaa|uab|uafvl|uam|uamb|uap|uapv|uaw|ul|v<-page/filter/pagination/default,204,UNAVAILABLE,"""null""",guest or no auth header observed,request emitted; no durable business change observed by this discovery action,no state identifier returned or persisted in sanitized evidence,,,,THIRD_PARTY,yes,fat-client-network.json action=login_success__password_login; records=98|115|118|119|120,,5
client,Authentication,Login,/,button,primary navigation/action,GET,https://client-fat.filbet2025.com,/member/materials/list,material_type_code|platform_code,,header:t<-authenticated-session;query:material_type_code|platform_code<-page/filter/pagination/default,200,true,"{""type"":""object"",""fields"":[""data"",""status""]}",authenticated client session (t header),none observed,not applicable/read-only,client/member,素材列表,前台/素材/素材列表.bru,ACTIVE,yes,fat-client-network.json action=login__primary_navigation_action; records=67,,1
client,Authentication,Login,/,button,primary navigation/action,GET,https://client-fat.filbet2025.com,/member/system,,,header:t<-authenticated-session,200,true,"{""type"":""object"",""fields"":[""data"",""status""]}",authenticated client session (t header),none observed,not applicable/read-only,client/member,获取系统配置,前台/配置/获取系统配置.bru,ACTIVE,yes,fat-client-network.json action=login__primary_navigation_action; records=66,,1
client,Authentication,Login,/,button,primary navigation/action,POST,https://www.google-analytics.com,/g/collect,_et|_eu|_p|_s|ae|are|cid|dl|dma|dt|en|ep.page_env|epn.percent_scrolled|frm|gcd|gtm|ngs|npa|pscdl|rcb|sct|seg|sid|sr|tag_exp|tfd|tid|uaa|uab|uafvl|uam|uamb|uap|uapv|uaw|ul|v,,query:_et|_eu|_p|_s|ae|are|cid|dl|dma|dt|en|ep.page_env|epn.percent_scrolled|frm|gcd|gtm|ngs|npa|pscdl|rcb|sct|seg|sid|sr|tag_exp|tfd|tid|uaa|uab|uafvl|uam|uamb|uap|uapv|uaw|ul|v<-page/filter/pagination/default,204,UNAVAILABLE,"""null""",guest or no auth header observed,request emitted; no durable business change observed by this discovery action,no state identifier returned or persisted in sanitized evidence,,,,THIRD_PARTY,yes,fat-client-network.json action=login__primary_navigation_action; records=65,,1
client,Authentication,Login,/,button,request SMS code,POST,https://www.google-analytics.com,/g/collect,_eu|_p|_s|are|cid|dl|dma|dr|dt|frm|gcd|gtm|ngs|npa|pscdl|rcb|sct|seg|sid|sr|tag_exp|tfd|tid|uaa|uab|uafvl|uam|uamb|uap|uapv|uaw|ul|v,,query:_eu|_p|_s|are|cid|dl|dma|dr|dt|frm|gcd|gtm|ngs|npa|pscdl|rcb|sct|seg|sid|sr|tag_exp|tfd|tid|uaa|uab|uafvl|uam|uamb|uap|uapv|uaw|ul|v<-page/filter/pagination/default,204,UNAVAILABLE,"""null""",guest or no auth header observed,request emitted; no durable business change observed by this discovery action,no state identifier returned or persisted in sanitized evidence,,,,THIRD_PARTY,yes,fat-client-network.json action=login__request_sms_code; records=70,,1
client,Authentication,Login,/,tab,switch Password tab,POST,https://www.google-analytics.com,/g/collect,_et|_eu|_p|_s|ae|are|cid|dl|dma|dr|dt|en|ep.auth_flow|ep.auth_method|ep.filbet_tracker_version|ep.is_game_page|ep.page_env|ep.page_path_action|ep.page_type|frm|gcd|gtm|ngs|npa|pscdl|rcb|sct|seg|sid|sr|tag_exp|tfd|tid|uaa|uab|uafvl|uam|uamb|uap|uapv|uaw|ul|v,,query:_et|_eu|_p|_s|ae|are|cid|dl|dma|dr|dt|en|ep.page_env|frm|gcd|gtm|ngs|npa|pscdl|rcb|sct|seg|sid|sr|tag_exp|tfd|tid|uaa|uab|uafvl|uam|uamb|uap|uapv|uaw|ul|v<-page/filter/pagination/default;query:_et|_eu|_p|_s|are|cid|dl|dma|dt|en|ep.auth_flow|ep.auth_method|ep.filbet_tracker_version|ep.is_game_page|ep.page_env|ep.page_path_action|ep.page_type|frm|gcd|gtm|ngs|npa|pscdl|rcb|sct|seg|sid|sr|tag_exp|tfd|tid|uaa|uab|uafvl|uam|uamb|uap|uapv|uaw|ul|v<-page/filter/pagination/default,204,UNAVAILABLE,"""null""",guest or no auth header observed,request emitted; no durable business change observed by this discovery action,no state identifier returned or persisted in sanitized evidence,,,,THIRD_PARTY,yes,fat-client-network.json action=login__switch_password_tab; records=68|69,,2
client,Authentication,Register,/,page,page initialization,GET,https://client-fat.filbet2025.com,/member/bigprize/list,,,header:t<-authenticated-session,200,true,"{""type"":""object"",""fields"":[""data"",""status""]}",authenticated client session (t header),none observed,not applicable/read-only,client/member,爆奖列表,前台/爆奖信息/爆奖列表.bru,ACTIVE,yes,fat-client-network.json action=register__page_initialization; records=78,,1
client,Authentication,Register,/,page,page initialization,GET,https://client-fat.filbet2025.com,/member/buriedPoint/detailV2,ad_id,,header:t<-authenticated-session;query:ad_id<-page/filter/pagination/default,200,true,"{""type"":""object"",""fields"":[""data"",""status""]}",authenticated client session (t header),none observed,not applicable/read-only,client/member,埋点详情V2-todo,前台/埋点/埋点详情V2-todo.bru,ACTIVE,yes,fat-client-network.json action=register__page_initialization; records=82,,1
client,Authentication,Register,/,page,page initialization,GET,https://client-fat.filbet2025.com,/member/fb/list,,,header:t<-authenticated-session,200,true,"{""type"":""object"",""fields"":[""data"",""status""]}",authenticated client session (t header),none observed,not applicable/read-only,client/member,三方登录列表,前台/三方登录/三方登录列表.bru,ACTIVE,yes,fat-client-network.json action=register__page_initialization; records=73,,1
client,Authentication,Register,/,page,page initialization,GET,https://client-fat.filbet2025.com,/member/home/sections,brand,,header:t<-authenticated-session;query:brand<-page/filter/pagination/default,200,true,"{""type"":""object"",""fields"":[""data"",""status""]}",authenticated client session (t header),none observed,not applicable/read-only,client/member,首页板块列表,前台/首页/首页板块列表.bru,ACTIVE,yes,fat-client-network.json action=register__page_initialization; records=76,,1
client,Authentication,Register,/,page,page initialization,GET,https://client-fat.filbet2025.com,/member/index,,,header:t<-authenticated-session,200,true,"{""type"":""object"",""fields"":[""data"",""status""]}",authenticated client session (t header),none observed,not applicable/read-only,client/game,首页缓存,前台/游戏/首页缓存.bru,ACTIVE,yes,fat-client-network.json action=register__page_initialization; records=85,,1
client,Authentication,Register,/,page,page initialization,GET,https://client-fat.filbet2025.com,/member/materials/list,material_type_code|platform_code,,header:t<-authenticated-session;query:material_type_code|platform_code<-page/filter/pagination/default,200,true,"{""type"":""object"",""fields"":[""data"",""status""]}",authenticated client session (t header),none observed,not applicable/read-only,client/member,素材列表,前台/素材/素材列表.bru,ACTIVE,yes,fat-client-network.json action=register__page_initialization; records=86|87|88,,3
client,Authentication,Register,/,page,page initialization,GET,https://client-fat.filbet2025.com,/member/v2/index,,,header:t<-authenticated-session,200,true,"{""type"":""object"",""fields"":[""data"",""status""]}",authenticated client session (t header),none observed,not applicable/read-only,client/game,首页缓存v2-owen,前台/游戏/首页缓存v2-owen.bru,ACTIVE,yes,fat-client-network.json action=register__page_initialization; records=77|84,,2
client,Authentication,Register,/,page,page initialization,GET,https://client-fat.filbet2025.com,/promo/rotate/bet/detail,is_welfare|pid,,header:t<-authenticated-session;query:is_welfare|pid<-page/filter/pagination/default,200,true,"{""type"":""object"",""fields"":[""data"",""status""]}",authenticated client session (t header),none observed,not applicable/read-only,client/kyc|client/promo|unknown/promo,弹目消息|活动详情|福利详情|详情(老页面),活动/Vip/详情(老页面).bru|活动/kyc送免费旋转/详情(老页面).bru|活动/每日充值+投注阶梯送礼金和旋转次数/弹目消息.bru|活动/每日充值+投注阶梯送礼金和旋转次数/活动详情.bru|活动/每日充值+投注阶梯送礼金和旋转次数/福利详情.bru,ACTIVE,yes,fat-client-network.json action=register__page_initialization; records=80|81,,2
client,Authentication,Register,/,page,page initialization,POST,https://client-fat.filbet2025.com,/member/channel/trackclick,,,header:t<-authenticated-session,200,true,"{""type"":""object"",""fields"":[""data"",""status""]}",authenticated client session (t header),request emitted; no durable business change observed by this discovery action,no state identifier returned or persisted in sanitized evidence,client/member,渠道跟踪点击-todo,前台/渠道/渠道跟踪点击-todo.bru,ACTIVE,yes,fat-client-network.json action=register__page_initialization; records=83,,1
client,Authentication,Register,/,page,page initialization,POST,https://client-fat.filbet2025.com,/member/game/rank,,game_type|page|page_size|strategy|time_range,body:game_type|page|page_size|strategy|time_range<-form/current-record/default;header:t<-authenticated-session,200,true,"{""type"":""object"",""fields"":[""data"",""status""]}",authenticated client session (t header),request emitted; no durable business change observed by this discovery action,no state identifier returned or persisted in sanitized evidence,client/game,游戏排名-benjie,前台/游戏/游戏排名-benjie.bru,ACTIVE,yes,fat-client-network.json action=register__page_initialization; records=75|79,,2
client,Authentication,Register,/,page,page initialization,POST,https://web-pp6o4v.opoinstalljs.com,/web/pp6o4v/clientf/init2,av|channelCode|cv|hash|sh|sp|sw,,query:av|channelCode|cv|hash|sh|sp|sw<-page/filter/pagination/default,200,UNAVAILABLE,"""number""",guest or no auth header observed,request emitted; no durable business change observed by this discovery action,no state identifier returned or persisted in sanitized evidence,,,,THIRD_PARTY,yes,fat-client-network.json action=register__page_initialization; records=89,,1
client,Authentication,Register,/,page,page initialization,POST,https://www.google-analytics.com,/g/collect,_eu|_p|_s|are|cid|dl|dma|dt|en|ep.page_env|frm|gcd|gtm|ngs|npa|pscdl|rcb|sct|seg|sid|sr|tag_exp|tfd|tid|uaa|uab|uafvl|uam|uamb|uap|uapv|uaw|ul|v,,query:_eu|_p|_s|are|cid|dl|dma|dt|en|ep.page_env|frm|gcd|gtm|ngs|npa|pscdl|rcb|sct|seg|sid|sr|tag_exp|tfd|tid|uaa|uab|uafvl|uam|uamb|uap|uapv|uaw|ul|v<-page/filter/pagination/default,204,UNAVAILABLE,"""null""",guest or no auth header observed,request emitted; no durable business change observed by this discovery action,no state identifier returned or persisted in sanitized evidence,,,,THIRD_PARTY,yes,fat-client-network.json action=register__page_initialization; records=74,,1
client,Authentication,Register,/,button,primary navigation/action,GET,https://client-fat.filbet2025.com,/member/materials/list,material_type_code|platform_code,,header:t<-authenticated-session;query:material_type_code|platform_code<-page/filter/pagination/default,200,true,"{""type"":""object"",""fields"":[""data"",""status""]}",authenticated client session (t header),none observed,not applicable/read-only,client/member,素材列表,前台/素材/素材列表.bru,ACTIVE,yes,fat-client-network.json action=register__primary_navigation_action; records=92,,1
client,Authentication,Register,/,button,primary navigation/action,GET,https://client-fat.filbet2025.com,/member/system,,,header:t<-authenticated-session,200,true,"{""type"":""object"",""fields"":[""data"",""status""]}",authenticated client session (t header),none observed,not applicable/read-only,client/member,获取系统配置,前台/配置/获取系统配置.bru,ACTIVE,yes,fat-client-network.json action=register__primary_navigation_action; records=91|95,,2
client,Authentication,Register,/,button,primary navigation/action,POST,https://www.google-analytics.com,/g/collect,_et|_eu|_p|_s|ae|are|cid|dl|dma|dr|dt|en|ep.auth_flow|ep.auth_method|ep.filbet_tracker_version|ep.is_game_page|ep.page_env|ep.page_path_action|ep.page_type|epn.percent_scrolled|frm|gcd|gtm|ngs|npa|pscdl|rcb|sct|seg|sid|sr|tag_exp|tfd|tid|uaa|uab|uafvl|uam|uamb|uap|uapv|uaw|ul|v,,query:_et|_eu|_p|_s|ae|are|cid|dl|dma|dr|dt|en|ep.page_env|frm|gcd|gtm|ngs|npa|pscdl|rcb|sct|seg|sid|sr|tag_exp|tfd|tid|uaa|uab|uafvl|uam|uamb|uap|uapv|uaw|ul|v<-page/filter/pagination/default;query:_et|_eu|_p|_s|ae|are|cid|dl|dma|dt|en|ep.page_env|epn.percent_scrolled|frm|gcd|gtm|ngs|npa|pscdl|rcb|sct|seg|sid|sr|tag_exp|tfd|tid|uaa|uab|uafvl|uam|uamb|uap|uapv|uaw|ul|v<-page/filter/pagination/default;query:_et|_eu|_p|_s|are|cid|dl|dma|dt|en|ep.auth_flow|ep.auth_method|ep.filbet_tracker_version|ep.is_game_page|ep.page_env|ep.page_path_action|ep.page_type|frm|gcd|gtm|ngs|npa|pscdl|rcb|sct|seg|sid|sr|tag_exp|tfd|tid|uaa|uab|uafvl|uam|uamb|uap|uapv|uaw|ul|v<-page/filter/pagination/default,204,UNAVAILABLE,"""null""",guest or no auth header observed,request emitted; no durable business change observed by this discovery action,no state identifier returned or persisted in sanitized evidence,,,,THIRD_PARTY,yes,fat-client-network.json action=register__primary_navigation_action; records=90|93|94,,3
client,Filcoins,Earn Filcoins,/s-points-v2,button,daily task Go 1,GET,https://client-fat.filbet2025.com,/finance/wallet,,,header:t<-authenticated-session,200,true,"{""type"":""object"",""fields"":[""data"",""status""]}",authenticated client session (t header),none observed,not applicable/read-only,client/finance,会员钱包-wesley,前台/财务/会员钱包-wesley.bru,ACTIVE,yes,fat-client-network.json action=earn_filcoins__daily_task_go_1; records=518,,1
client,Filcoins,Earn Filcoins,/s-points-v2,button,daily task Go 1,GET,https://client-fat.filbet2025.com,/member/buriedPoint/detailV2,ad_id,,header:t<-authenticated-session;query:ad_id<-page/filter/pagination/default,200,true,"{""type"":""object"",""fields"":[""data"",""status""]}",authenticated client session (t header),none observed,not applicable/read-only,client/member,埋点详情V2-todo,前台/埋点/埋点详情V2-todo.bru,ACTIVE,yes,fat-client-network.json action=earn_filcoins__daily_task_go_1; records=507,,1
client,Filcoins,Earn Filcoins,/s-points-v2,button,daily task Go 1,GET,https://client-fat.filbet2025.com,/member/detail,,,header:t<-authenticated-session,200,true,"{""type"":""object"",""fields"":[""data"",""status""]}",authenticated client session (t header),none observed,not applicable/read-only,client/member,获取会员信息-seven-aliang(20260424),前台/会员信息/获取会员信息-seven-aliang(20260424).bru,ACTIVE,yes,fat-client-network.json action=earn_filcoins__daily_task_go_1; records=510,,1
client,Filcoins,Earn Filcoins,/s-points-v2,button,daily task Go 1,GET,https://client-fat.filbet2025.com,/member/fav/list,page|page_size,,header:t<-authenticated-session;query:page|page_size<-page/filter/pagination/default,200,true,"{""type"":""object"",""fields"":[""data"",""status""]}",authenticated client session (t header),none observed,not applicable/read-only,client/game,游戏收藏列表-light,前台/游戏/游戏收藏列表-light.bru,ACTIVE,yes,fat-client-network.json action=earn_filcoins__daily_task_go_1; records=519,,1
client,Filcoins,Earn Filcoins,/s-points-v2,button,daily task Go 1,GET,https://client-fat.filbet2025.com,/member/fb/list,,,header:t<-authenticated-session,200,true,"{""type"":""object"",""fields"":[""data"",""status""]}",authenticated client session (t header),none observed,not applicable/read-only,client/member,三方登录列表,前台/三方登录/三方登录列表.bru,ACTIVE,yes,fat-client-network.json action=earn_filcoins__daily_task_go_1; records=515,,1
client,Filcoins,Earn Filcoins,/s-points-v2,button,daily task Go 1,GET,https://client-fat.filbet2025.com,/member/filcoin/balance,,,header:t<-authenticated-session,200,true,"{""type"":""object"",""fields"":[""data"",""status""]}",authenticated client session (t header),none observed,not applicable/read-only,client/member,代币余额 - felix,前台/商城/代币余额 - felix.bru,ACTIVE,yes,fat-client-network.json action=earn_filcoins__daily_task_go_1; records=495,,1
client,Filcoins,Earn Filcoins,/s-points-v2,button,daily task Go 1,GET,https://client-fat.filbet2025.com,/member/game/listRw,game_types|is_hot|is_new|page|page_size|query|sort|venues,,header:t<-authenticated-session;query:game_types|is_hot|is_new|page|page_size|query|sort|venues<-page/filter/pagination/default,200,true,"{""type"":""object"",""fields"":[""data"",""status""]}",authenticated client session (t header),none observed,not applicable/read-only,client/game,游戏查询语句组合-benjie,前台/游戏/游戏查询语句组合-benjie.bru,ACTIVE,yes,fat-client-network.json action=earn_filcoins__daily_task_go_1; records=528,,1
client,Filcoins,Earn Filcoins,/s-points-v2,button,daily task Go 1,GET,https://client-fat.filbet2025.com,/member/index,,,header:t<-authenticated-session,200,true,"{""type"":""object"",""fields"":[""data"",""status""]}",authenticated client session (t header),none observed,not applicable/read-only,client/game,首页缓存,前台/游戏/首页缓存.bru,ACTIVE,yes,fat-client-network.json action=earn_filcoins__daily_task_go_1; records=502,,1
client,Filcoins,Earn Filcoins,/s-points-v2,button,daily task Go 1,GET,https://client-fat.filbet2025.com,/member/materials/list,material_type_code|platform_code,,header:t<-authenticated-session;query:material_type_code|platform_code<-page/filter/pagination/default,200,true,"{""type"":""object"",""fields"":[""data"",""status""]}",authenticated client session (t header),none observed,not applicable/read-only,client/member,素材列表,前台/素材/素材列表.bru,ACTIVE,yes,fat-client-network.json action=earn_filcoins__daily_task_go_1; records=504|505|506,,3
client,Filcoins,Earn Filcoins,/s-points-v2,button,daily task Go 1,GET,https://client-fat.filbet2025.com,/member/message/popup_list,,,header:t<-authenticated-session,200,true,"{""type"":""object"",""fields"":[""data"",""status""]}",authenticated client session (t header),none observed,not applicable/read-only,client/member,获取弹窗站内信列表-todo,前台/站内信/获取弹窗站内信列表-todo.bru,ACTIVE,yes,fat-client-network.json action=earn_filcoins__daily_task_go_1; records=520,,1
client,Filcoins,Earn Filcoins,/s-points-v2,button,daily task Go 1,GET,https://client-fat.filbet2025.com,/member/v2/index,,,header:t<-authenticated-session,200,true,"{""type"":""object"",""fields"":[""data"",""status""]}",authenticated client session (t header),none observed,not applicable/read-only,client/game,首页缓存v2-owen,前台/游戏/首页缓存v2-owen.bru,ACTIVE,yes,fat-client-network.json action=earn_filcoins__daily_task_go_1; records=501|522,,2
client,Filcoins,Earn Filcoins,/s-points-v2,button,daily task Go 1,GET,https://client-fat.filbet2025.com,/promo/blindbox/detail,pid|ym,,header:t<-authenticated-session;query:pid|ym<-page/filter/pagination/default,200,true,"{""type"":""object"",""fields"":[""data"",""status""]}",authenticated client session (t header),none observed,not applicable/read-only,unknown/promo,获取盲盒详情 - felix,活动/盲盒/获取盲盒详情 - felix.bru,MISCLASSIFIED,yes,fat-client-network.json action=earn_filcoins__daily_task_go_1; records=512,,1
client,Filcoins,Earn Filcoins,/s-points-v2,button,daily task Go 1,GET,https://client-fat.filbet2025.com,/promo/blindbox/query/bonus,,,header:t<-authenticated-session,200,true,"{""type"":""object"",""fields"":[""data"",""status""]}",authenticated client session (t header),none observed,not applicable/read-only,unknown/promo,查询盲盒待领取记录,活动/盲盒/查询盲盒待领取记录.bru,MISCLASSIFIED,yes,fat-client-network.json action=earn_filcoins__daily_task_go_1; records=499,,1
client,Filcoins,Earn Filcoins,/s-points-v2,button,daily task Go 1,GET,https://client-fat.filbet2025.com,/promo/filpcard/detail,pid,,header:t<-authenticated-session;query:pid<-page/filter/pagination/default,200,true,"{""type"":""object"",""fields"":[""data"",""status""]}",authenticated client session (t header),none observed,not applicable/read-only,unknown/promo,活动详情,活动/王牌活动/活动详情.bru,MISCLASSIFIED,yes,fat-client-network.json action=earn_filcoins__daily_task_go_1; records=508|523,,2
client,Filcoins,Earn Filcoins,/s-points-v2,button,daily task Go 1,GET,https://client-fat.filbet2025.com,/promo/rotate/kyc/detail,,,header:t<-authenticated-session,200,true,"{""type"":""object"",""fields"":[""data"",""status""]}",authenticated client session (t header),none observed,not applicable/read-only,client/kyc,详情,活动/kyc送免费旋转/详情.bru,ACTIVE,yes,fat-client-network.json action=earn_filcoins__daily_task_go_1; records=516|517|526,,3
client,Filcoins,Earn Filcoins,/s-points-v2,button,daily task Go 1,GET,https://client-fat.filbet2025.com,/promo/slot/machine/detail,pid,,header:t<-authenticated-session;query:pid<-page/filter/pagination/default,200,true,"{""type"":""object"",""fields"":[""data"",""status""]}",authenticated client session (t header),none observed,not applicable/read-only,unknown/promo,实时滚动有效投注top100|实时滚动负盈利排行榜|排行榜详情,活动/老虎机排行榜/实时滚动有效投注top100.bru|活动/老虎机排行榜/实时滚动负盈利排行榜.bru|活动/老虎机排行榜/排行榜详情.bru,MISCLASSIFIED,yes,fat-client-network.json action=earn_filcoins__daily_task_go_1; records=521,,1
client,Filcoins,Earn Filcoins,/s-points-v2,button,daily task Go 1,GET,https://client-fat.filbet2025.com,/promo/task/daily/list,,,header:t<-authenticated-session,200,true,"{""type"":""object"",""fields"":[""data"",""status""]}",authenticated client session (t header),none observed,not applicable/read-only,client/promo,日常任务列表-seven,前台/任务中心/日常任务列表-seven.bru,ACTIVE,yes,fat-client-network.json action=earn_filcoins__daily_task_go_1; records=497|514,,2
client,Filcoins,Earn Filcoins,/s-points-v2,button,daily task Go 1,GET,https://client-fat.filbet2025.com,/promo/task/newbie/daily,,,header:t<-authenticated-session,200,true,"{""type"":""object"",""fields"":[""data"",""status""]}",authenticated client session (t header),none observed,not applicable/read-only,client/promo,签到任务详情-seven,前台/任务中心/签到任务详情-seven.bru,ACTIVE,yes,fat-client-network.json action=earn_filcoins__daily_task_go_1; records=498,,1
client,Filcoins,Earn Filcoins,/s-points-v2,button,daily task Go 1,GET,https://client-fat.filbet2025.com,/promo/task/newbie/list,,,header:t<-authenticated-session,200,true,"{""type"":""object"",""fields"":[""data"",""status""]}",authenticated client session (t header),none observed,not applicable/read-only,client/promo,新人任务列表-seven,前台/任务中心/新人任务列表-seven.bru,ACTIVE,yes,fat-client-network.json action=earn_filcoins__daily_task_go_1; records=496|513,,2
client,Filcoins,Earn Filcoins,/s-points-v2,button,daily task Go 1,GET,https://client-fat.filbet2025.com,/promo/turntable/detail,,,header:t<-authenticated-session,200,false,"{""type"":""object"",""fields"":[""data"",""status""]}",authenticated client session (t header),none observed,not applicable/read-only,unknown/promo,活动详情,活动/大转盘活动/活动详情.bru,ACTIVE_FAILED,yes,fat-client-network.json action=earn_filcoins__daily_task_go_1; records=509|524,business status false,2
client,Filcoins,Earn Filcoins,/s-points-v2,button,daily task Go 1,GET,https://client-fat.filbet2025.com,/promo/turntable/num,,,header:t<-authenticated-session,200,true,"{""type"":""object"",""fields"":[""data"",""status""]}",authenticated client session (t header),none observed,not applicable/read-only,unknown/promo,剩余次数,活动/大转盘活动/剩余次数.bru,MISCLASSIFIED,yes,fat-client-network.json action=earn_filcoins__daily_task_go_1; records=525,,1
client,Filcoins,Earn Filcoins,/s-points-v2,button,daily task Go 1,GET,https://client-fat.filbet2025.com,/promo/vip/sign/in/config,,,header:t<-authenticated-session,200,true,"{""type"":""object"",""fields"":[""data"",""status""]}",authenticated client session (t header),none observed,not applicable/read-only,client/promo,签到配置,活动/Vip/签到配置.bru,ACTIVE,yes,fat-client-network.json action=earn_filcoins__daily_task_go_1; records=500,,1
client,Filcoins,Earn Filcoins,/s-points-v2,button,daily task Go 1,POST,https://client-fat.filbet2025.com,/member/channel/trackclick,,,header:t<-authenticated-session,200,true,"{""type"":""object"",""fields"":[""data"",""status""]}",authenticated client session (t header),request emitted; no durable business change observed by this discovery action,no state identifier returned or persisted in sanitized evidence,client/member,渠道跟踪点击-todo,前台/渠道/渠道跟踪点击-todo.bru,ACTIVE,yes,fat-client-network.json action=earn_filcoins__daily_task_go_1; records=511,,1
client,Filcoins,Earn Filcoins,/s-points-v2,button,daily task Go 1,POST,https://web-pp6o4v.opoinstalljs.com,/web/pp6o4v/clientf/init2,av|channelCode|cv|hash|sh|sp|sw,,query:av|channelCode|cv|hash|sh|sp|sw<-page/filter/pagination/default,200,UNAVAILABLE,"""number""",guest or no auth header observed,request emitted; no durable business change observed by this discovery action,no state identifier returned or persisted in sanitized evidence,,,,THIRD_PARTY,yes,fat-client-network.json action=earn_filcoins__daily_task_go_1; records=527,,1
client,Filcoins,Earn Filcoins,/s-points-v2,button,daily task Go 1,POST,https://www.google-analytics.com,/g/collect,_eu|_p|_s|are|cid|dl|dma|dt|en|ep.page_env|frm|gcd|gtm|ngs|npa|pscdl|rcb|sct|seg|sid|sr|tag_exp|tfd|tid|uaa|uab|uafvl|uam|uamb|uap|uapv|uaw|ul|v,,query:_eu|_p|_s|are|cid|dl|dma|dt|en|ep.page_env|frm|gcd|gtm|ngs|npa|pscdl|rcb|sct|seg|sid|sr|tag_exp|tfd|tid|uaa|uab|uafvl|uam|uamb|uap|uapv|uaw|ul|v<-page/filter/pagination/default,204,UNAVAILABLE,"""null""",guest or no auth header observed,request emitted; no durable business change observed by this discovery action,no state identifier returned or persisted in sanitized evidence,,,,THIRD_PARTY,yes,fat-client-network.json action=earn_filcoins__daily_task_go_1; records=503,,1
client,Filcoins,Earn Filcoins,/s-points-v2,button,daily task Go 2,GET,https://client-fat.filbet2025.com,/finance/wallet,,,header:t<-authenticated-session,200,true,"{""type"":""object"",""fields"":[""data"",""status""]}",authenticated client session (t header),none observed,not applicable/read-only,client/finance,会员钱包-wesley,前台/财务/会员钱包-wesley.bru,ACTIVE,yes,fat-client-network.json action=earn_filcoins__daily_task_go_2; records=556,,1
client,Filcoins,Earn Filcoins,/s-points-v2,button,daily task Go 2,GET,https://client-fat.filbet2025.com,/member/buriedPoint/detailV2,ad_id,,header:t<-authenticated-session;query:ad_id<-page/filter/pagination/default,200,true,"{""type"":""object"",""fields"":[""data"",""status""]}",authenticated client session (t header),none observed,not applicable/read-only,client/member,埋点详情V2-todo,前台/埋点/埋点详情V2-todo.bru,ACTIVE,yes,fat-client-network.json action=earn_filcoins__daily_task_go_2; records=545,,1
client,Filcoins,Earn Filcoins,/s-points-v2,button,daily task Go 2,GET,https://client-fat.filbet2025.com,/member/detail,,,header:t<-authenticated-session,200,true,"{""type"":""object"",""fields"":[""data"",""status""]}",authenticated client session (t header),none observed,not applicable/read-only,client/member,获取会员信息-seven-aliang(20260424),前台/会员信息/获取会员信息-seven-aliang(20260424).bru,ACTIVE,yes,fat-client-network.json action=earn_filcoins__daily_task_go_2; records=548,,1
client,Filcoins,Earn Filcoins,/s-points-v2,button,daily task Go 2,GET,https://client-fat.filbet2025.com,/member/fav/list,page|page_size,,header:t<-authenticated-session;query:page|page_size<-page/filter/pagination/default,200,true,"{""type"":""object"",""fields"":[""data"",""status""]}",authenticated client session (t header),none observed,not applicable/read-only,client/game,游戏收藏列表-light,前台/游戏/游戏收藏列表-light.bru,ACTIVE,yes,fat-client-network.json action=earn_filcoins__daily_task_go_2; records=557,,1
client,Filcoins,Earn Filcoins,/s-points-v2,button,daily task Go 2,GET,https://client-fat.filbet2025.com,/member/fb/list,,,header:t<-authenticated-session,200,true,"{""type"":""object"",""fields"":[""data"",""status""]}",authenticated client session (t header),none observed,not applicable/read-only,client/member,三方登录列表,前台/三方登录/三方登录列表.bru,ACTIVE,yes,fat-client-network.json action=earn_filcoins__daily_task_go_2; records=553,,1
client,Filcoins,Earn Filcoins,/s-points-v2,button,daily task Go 2,GET,https://client-fat.filbet2025.com,/member/filcoin/balance,,,header:t<-authenticated-session,200,true,"{""type"":""object"",""fields"":[""data"",""status""]}",authenticated client session (t header),none observed,not applicable/read-only,client/member,代币余额 - felix,前台/商城/代币余额 - felix.bru,ACTIVE,yes,fat-client-network.json action=earn_filcoins__daily_task_go_2; records=533,,1
client,Filcoins,Earn Filcoins,/s-points-v2,button,daily task Go 2,GET,https://client-fat.filbet2025.com,/member/game/listRw,game_types|is_hot|is_new|page|page_size|query|sort|venues,,header:t<-authenticated-session;query:game_types|is_hot|is_new|page|page_size|query|sort|venues<-page/filter/pagination/default,200,true,"{""type"":""object"",""fields"":[""data"",""status""]}",authenticated client session (t header),none observed,not applicable/read-only,client/game,游戏查询语句组合-benjie,前台/游戏/游戏查询语句组合-benjie.bru,ACTIVE,yes,fat-client-network.json action=earn_filcoins__daily_task_go_2; records=566,,1
client,Filcoins,Earn Filcoins,/s-points-v2,button,daily task Go 2,GET,https://client-fat.filbet2025.com,/member/index,,,header:t<-authenticated-session,200,true,"{""type"":""object"",""fields"":[""data"",""status""]}",authenticated client session (t header),none observed,not applicable/read-only,client/game,首页缓存,前台/游戏/首页缓存.bru,ACTIVE,yes,fat-client-network.json action=earn_filcoins__daily_task_go_2; records=540,,1
client,Filcoins,Earn Filcoins,/s-points-v2,button,daily task Go 2,GET,https://client-fat.filbet2025.com,/member/materials/list,material_type_code|platform_code,,header:t<-authenticated-session;query:material_type_code|platform_code<-page/filter/pagination/default,200,true,"{""type"":""object"",""fields"":[""data"",""status""]}",authenticated client session (t header),none observed,not applicable/read-only,client/member,素材列表,前台/素材/素材列表.bru,ACTIVE,yes,fat-client-network.json action=earn_filcoins__daily_task_go_2; records=541|542|543,,3
client,Filcoins,Earn Filcoins,/s-points-v2,button,daily task Go 2,GET,https://client-fat.filbet2025.com,/member/message/popup_list,,,header:t<-authenticated-session,200,true,"{""type"":""object"",""fields"":[""data"",""status""]}",authenticated client session (t header),none observed,not applicable/read-only,client/member,获取弹窗站内信列表-todo,前台/站内信/获取弹窗站内信列表-todo.bru,ACTIVE,yes,fat-client-network.json action=earn_filcoins__daily_task_go_2; records=558,,1
client,Filcoins,Earn Filcoins,/s-points-v2,button,daily task Go 2,GET,https://client-fat.filbet2025.com,/member/v2/index,,,header:t<-authenticated-session,200,true,"{""type"":""object"",""fields"":[""data"",""status""]}",authenticated client session (t header),none observed,not applicable/read-only,client/game,首页缓存v2-owen,前台/游戏/首页缓存v2-owen.bru,ACTIVE,yes,fat-client-network.json action=earn_filcoins__daily_task_go_2; records=539|560,,2
client,Filcoins,Earn Filcoins,/s-points-v2,button,daily task Go 2,GET,https://client-fat.filbet2025.com,/promo/blindbox/detail,pid|ym,,header:t<-authenticated-session;query:pid|ym<-page/filter/pagination/default,200,true,"{""type"":""object"",""fields"":[""data"",""status""]}",authenticated client session (t header),none observed,not applicable/read-only,unknown/promo,获取盲盒详情 - felix,活动/盲盒/获取盲盒详情 - felix.bru,MISCLASSIFIED,yes,fat-client-network.json action=earn_filcoins__daily_task_go_2; records=552,,1
client,Filcoins,Earn Filcoins,/s-points-v2,button,daily task Go 2,GET,https://client-fat.filbet2025.com,/promo/blindbox/query/bonus,,,header:t<-authenticated-session,200,true,"{""type"":""object"",""fields"":[""data"",""status""]}",authenticated client session (t header),none observed,not applicable/read-only,unknown/promo,查询盲盒待领取记录,活动/盲盒/查询盲盒待领取记录.bru,MISCLASSIFIED,yes,fat-client-network.json action=earn_filcoins__daily_task_go_2; records=537,,1
client,Filcoins,Earn Filcoins,/s-points-v2,button,daily task Go 2,GET,https://client-fat.filbet2025.com,/promo/filpcard/detail,pid,,header:t<-authenticated-session;query:pid<-page/filter/pagination/default,200,true,"{""type"":""object"",""fields"":[""data"",""status""]}",authenticated client session (t header),none observed,not applicable/read-only,unknown/promo,活动详情,活动/王牌活动/活动详情.bru,MISCLASSIFIED,yes,fat-client-network.json action=earn_filcoins__daily_task_go_2; records=546|561,,2
client,Filcoins,Earn Filcoins,/s-points-v2,button,daily task Go 2,GET,https://client-fat.filbet2025.com,/promo/rotate/kyc/detail,,,header:t<-authenticated-session,200,true,"{""type"":""object"",""fields"":[""data"",""status""]}",authenticated client session (t header),none observed,not applicable/read-only,client/kyc,详情,活动/kyc送免费旋转/详情.bru,ACTIVE,yes,fat-client-network.json action=earn_filcoins__daily_task_go_2; records=554|555|564,,3
client,Filcoins,Earn Filcoins,/s-points-v2,button,daily task Go 2,GET,https://client-fat.filbet2025.com,/promo/slot/machine/detail,pid,,header:t<-authenticated-session;query:pid<-page/filter/pagination/default,200,true,"{""type"":""object"",""fields"":[""data"",""status""]}",authenticated client session (t header),none observed,not applicable/read-only,unknown/promo,实时滚动有效投注top100|实时滚动负盈利排行榜|排行榜详情,活动/老虎机排行榜/实时滚动有效投注top100.bru|活动/老虎机排行榜/实时滚动负盈利排行榜.bru|活动/老虎机排行榜/排行榜详情.bru,MISCLASSIFIED,yes,fat-client-network.json action=earn_filcoins__daily_task_go_2; records=559,,1
client,Filcoins,Earn Filcoins,/s-points-v2,button,daily task Go 2,GET,https://client-fat.filbet2025.com,/promo/task/daily/list,,,header:t<-authenticated-session,200,true,"{""type"":""object"",""fields"":[""data"",""status""]}",authenticated client session (t header),none observed,not applicable/read-only,client/promo,日常任务列表-seven,前台/任务中心/日常任务列表-seven.bru,ACTIVE,yes,fat-client-network.json action=earn_filcoins__daily_task_go_2; records=535|551,,2
client,Filcoins,Earn Filcoins,/s-points-v2,button,daily task Go 2,GET,https://client-fat.filbet2025.com,/promo/task/newbie/daily,,,header:t<-authenticated-session,200,true,"{""type"":""object"",""fields"":[""data"",""status""]}",authenticated client session (t header),none observed,not applicable/read-only,client/promo,签到任务详情-seven,前台/任务中心/签到任务详情-seven.bru,ACTIVE,yes,fat-client-network.json action=earn_filcoins__daily_task_go_2; records=536,,1
client,Filcoins,Earn Filcoins,/s-points-v2,button,daily task Go 2,GET,https://client-fat.filbet2025.com,/promo/task/newbie/list,,,header:t<-authenticated-session,200,true,"{""type"":""object"",""fields"":[""data"",""status""]}",authenticated client session (t header),none observed,not applicable/read-only,client/promo,新人任务列表-seven,前台/任务中心/新人任务列表-seven.bru,ACTIVE,yes,fat-client-network.json action=earn_filcoins__daily_task_go_2; records=534|550,,2
client,Filcoins,Earn Filcoins,/s-points-v2,button,daily task Go 2,GET,https://client-fat.filbet2025.com,/promo/turntable/detail,,,header:t<-authenticated-session,200,false,"{""type"":""object"",""fields"":[""data"",""status""]}",authenticated client session (t header),none observed,not applicable/read-only,unknown/promo,活动详情,活动/大转盘活动/活动详情.bru,ACTIVE_FAILED,yes,fat-client-network.json action=earn_filcoins__daily_task_go_2; records=547|562,business status false,2
client,Filcoins,Earn Filcoins,/s-points-v2,button,daily task Go 2,GET,https://client-fat.filbet2025.com,/promo/turntable/num,,,header:t<-authenticated-session,200,true,"{""type"":""object"",""fields"":[""data"",""status""]}",authenticated client session (t header),none observed,not applicable/read-only,unknown/promo,剩余次数,活动/大转盘活动/剩余次数.bru,MISCLASSIFIED,yes,fat-client-network.json action=earn_filcoins__daily_task_go_2; records=563,,1
client,Filcoins,Earn Filcoins,/s-points-v2,button,daily task Go 2,GET,https://client-fat.filbet2025.com,/promo/vip/sign/in/config,,,header:t<-authenticated-session,200,true,"{""type"":""object"",""fields"":[""data"",""status""]}",authenticated client session (t header),none observed,not applicable/read-only,client/promo,签到配置,活动/Vip/签到配置.bru,ACTIVE,yes,fat-client-network.json action=earn_filcoins__daily_task_go_2; records=538,,1
client,Filcoins,Earn Filcoins,/s-points-v2,button,daily task Go 2,POST,https://client-fat.filbet2025.com,/member/channel/trackclick,,,header:t<-authenticated-session,200,true,"{""type"":""object"",""fields"":[""data"",""status""]}",authenticated client session (t header),request emitted; no durable business change observed by this discovery action,no state identifier returned or persisted in sanitized evidence,client/member,渠道跟踪点击-todo,前台/渠道/渠道跟踪点击-todo.bru,ACTIVE,yes,fat-client-network.json action=earn_filcoins__daily_task_go_2; records=549,,1
client,Filcoins,Earn Filcoins,/s-points-v2,button,daily task Go 2,POST,https://web-pp6o4v.opoinstalljs.com,/web/pp6o4v/clientf/init2,av|channelCode|cv|hash|sh|sp|sw,,query:av|channelCode|cv|hash|sh|sp|sw<-page/filter/pagination/default,200,UNAVAILABLE,"""number""",guest or no auth header observed,request emitted; no durable business change observed by this discovery action,no state identifier returned or persisted in sanitized evidence,,,,THIRD_PARTY,yes,fat-client-network.json action=earn_filcoins__daily_task_go_2; records=565,,1
client,Filcoins,Earn Filcoins,/s-points-v2,button,daily task Go 2,POST,https://www.google-analytics.com,/g/collect,_eu|_p|_s|are|cid|dl|dma|dt|en|ep.page_env|frm|gcd|gtm|ngs|npa|pscdl|rcb|sct|seg|sid|sr|tag_exp|tfd|tid|uaa|uab|uafvl|uam|uamb|uap|uapv|uaw|ul|v,,query:_eu|_p|_s|are|cid|dl|dma|dt|en|ep.page_env|frm|gcd|gtm|ngs|npa|pscdl|rcb|sct|seg|sid|sr|tag_exp|tfd|tid|uaa|uab|uafvl|uam|uamb|uap|uapv|uaw|ul|v<-page/filter/pagination/default,204,UNAVAILABLE,"""null""",guest or no auth header observed,request emitted; no durable business change observed by this discovery action,no state identifier returned or persisted in sanitized evidence,,,,THIRD_PARTY,yes,fat-client-network.json action=earn_filcoins__daily_task_go_2; records=544,,1
client,Filcoins,Earn Filcoins,/s-points-v2,button,daily task Go 3,GET,https://client-fat.filbet2025.com,/finance/wallet,,,header:t<-authenticated-session,200,true,"{""type"":""object"",""fields"":[""data"",""status""]}",authenticated client session (t header),none observed,not applicable/read-only,client/finance,会员钱包-wesley,前台/财务/会员钱包-wesley.bru,ACTIVE,yes,fat-client-network.json action=earn_filcoins__daily_task_go_3; records=594,,1
client,Filcoins,Earn Filcoins,/s-points-v2,button,daily task Go 3,GET,https://client-fat.filbet2025.com,/member/buriedPoint/detailV2,ad_id,,header:t<-authenticated-session;query:ad_id<-page/filter/pagination/default,200,true,"{""type"":""object"",""fields"":[""data"",""status""]}",authenticated client session (t header),none observed,not applicable/read-only,client/member,埋点详情V2-todo,前台/埋点/埋点详情V2-todo.bru,ACTIVE,yes,fat-client-network.json action=earn_filcoins__daily_task_go_3; records=583,,1
client,Filcoins,Earn Filcoins,/s-points-v2,button,daily task Go 3,GET,https://client-fat.filbet2025.com,/member/detail,,,header:t<-authenticated-session,200,true,"{""type"":""object"",""fields"":[""data"",""status""]}",authenticated client session (t header),none observed,not applicable/read-only,client/member,获取会员信息-seven-aliang(20260424),前台/会员信息/获取会员信息-seven-aliang(20260424).bru,ACTIVE,yes,fat-client-network.json action=earn_filcoins__daily_task_go_3; records=586,,1
client,Filcoins,Earn Filcoins,/s-points-v2,button,daily task Go 3,GET,https://client-fat.filbet2025.com,/member/fav/list,page|page_size,,header:t<-authenticated-session;query:page|page_size<-page/filter/pagination/default,200,true,"{""type"":""object"",""fields"":[""data"",""status""]}",authenticated client session (t header),none observed,not applicable/read-only,client/game,游戏收藏列表-light,前台/游戏/游戏收藏列表-light.bru,ACTIVE,yes,fat-client-network.json action=earn_filcoins__daily_task_go_3; records=595,,1
client,Filcoins,Earn Filcoins,/s-points-v2,button,daily task Go 3,GET,https://client-fat.filbet2025.com,/member/fb/list,,,header:t<-authenticated-session,200,true,"{""type"":""object"",""fields"":[""data"",""status""]}",authenticated client session (t header),none observed,not applicable/read-only,client/member,三方登录列表,前台/三方登录/三方登录列表.bru,ACTIVE,yes,fat-client-network.json action=earn_filcoins__daily_task_go_3; records=591,,1
client,Filcoins,Earn Filcoins,/s-points-v2,button,daily task Go 3,GET,https://client-fat.filbet2025.com,/member/filcoin/balance,,,header:t<-authenticated-session,200,true,"{""type"":""object"",""fields"":[""data"",""status""]}",authenticated client session (t header),none observed,not applicable/read-only,client/member,代币余额 - felix,前台/商城/代币余额 - felix.bru,ACTIVE,yes,fat-client-network.json action=earn_filcoins__daily_task_go_3; records=571,,1
client,Filcoins,Earn Filcoins,/s-points-v2,button,daily task Go 3,GET,https://client-fat.filbet2025.com,/member/game/listRw,game_types|is_hot|is_new|page|page_size|query|sort|venues,,header:t<-authenticated-session;query:game_types|is_hot|is_new|page|page_size|query|sort|venues<-page/filter/pagination/default,200,true,"{""type"":""object"",""fields"":[""data"",""status""]}",authenticated client session (t header),none observed,not applicable/read-only,client/game,游戏查询语句组合-benjie,前台/游戏/游戏查询语句组合-benjie.bru,ACTIVE,yes,fat-client-network.json action=earn_filcoins__daily_task_go_3; records=604,,1
client,Filcoins,Earn Filcoins,/s-points-v2,button,daily task Go 3,GET,https://client-fat.filbet2025.com,/member/index,,,header:t<-authenticated-session,200,true,"{""type"":""object"",""fields"":[""data"",""status""]}",authenticated client session (t header),none observed,not applicable/read-only,client/game,首页缓存,前台/游戏/首页缓存.bru,ACTIVE,yes,fat-client-network.json action=earn_filcoins__daily_task_go_3; records=578,,1
client,Filcoins,Earn Filcoins,/s-points-v2,button,daily task Go 3,GET,https://client-fat.filbet2025.com,/member/materials/list,material_type_code|platform_code,,header:t<-authenticated-session;query:material_type_code|platform_code<-page/filter/pagination/default,200,true,"{""type"":""object"",""fields"":[""data"",""status""]}",authenticated client session (t header),none observed,not applicable/read-only,client/member,素材列表,前台/素材/素材列表.bru,ACTIVE,yes,fat-client-network.json action=earn_filcoins__daily_task_go_3; records=579|580|581,,3
client,Filcoins,Earn Filcoins,/s-points-v2,button,daily task Go 3,GET,https://client-fat.filbet2025.com,/member/message/popup_list,,,header:t<-authenticated-session,200,true,"{""type"":""object"",""fields"":[""data"",""status""]}",authenticated client session (t header),none observed,not applicable/read-only,client/member,获取弹窗站内信列表-todo,前台/站内信/获取弹窗站内信列表-todo.bru,ACTIVE,yes,fat-client-network.json action=earn_filcoins__daily_task_go_3; records=596,,1
client,Filcoins,Earn Filcoins,/s-points-v2,button,daily task Go 3,GET,https://client-fat.filbet2025.com,/member/v2/index,,,header:t<-authenticated-session,200,true,"{""type"":""object"",""fields"":[""data"",""status""]}",authenticated client session (t header),none observed,not applicable/read-only,client/game,首页缓存v2-owen,前台/游戏/首页缓存v2-owen.bru,ACTIVE,yes,fat-client-network.json action=earn_filcoins__daily_task_go_3; records=577|598,,2
client,Filcoins,Earn Filcoins,/s-points-v2,button,daily task Go 3,GET,https://client-fat.filbet2025.com,/promo/blindbox/detail,pid|ym,,header:t<-authenticated-session;query:pid|ym<-page/filter/pagination/default,200,true,"{""type"":""object"",""fields"":[""data"",""status""]}",authenticated client session (t header),none observed,not applicable/read-only,unknown/promo,获取盲盒详情 - felix,活动/盲盒/获取盲盒详情 - felix.bru,MISCLASSIFIED,yes,fat-client-network.json action=earn_filcoins__daily_task_go_3; records=588,,1
client,Filcoins,Earn Filcoins,/s-points-v2,button,daily task Go 3,GET,https://client-fat.filbet2025.com,/promo/blindbox/query/bonus,,,header:t<-authenticated-session,200,true,"{""type"":""object"",""fields"":[""data"",""status""]}",authenticated client session (t header),none observed,not applicable/read-only,unknown/promo,查询盲盒待领取记录,活动/盲盒/查询盲盒待领取记录.bru,MISCLASSIFIED,yes,fat-client-network.json action=earn_filcoins__daily_task_go_3; records=575,,1
client,Filcoins,Earn Filcoins,/s-points-v2,button,daily task Go 3,GET,https://client-fat.filbet2025.com,/promo/filpcard/detail,pid,,header:t<-authenticated-session;query:pid<-page/filter/pagination/default,200,true,"{""type"":""object"",""fields"":[""data"",""status""]}",authenticated client session (t header),none observed,not applicable/read-only,unknown/promo,活动详情,活动/王牌活动/活动详情.bru,MISCLASSIFIED,yes,fat-client-network.json action=earn_filcoins__daily_task_go_3; records=584|599,,2
client,Filcoins,Earn Filcoins,/s-points-v2,button,daily task Go 3,GET,https://client-fat.filbet2025.com,/promo/rotate/kyc/detail,,,header:t<-authenticated-session,200,true,"{""type"":""object"",""fields"":[""data"",""status""]}",authenticated client session (t header),none observed,not applicable/read-only,client/kyc,详情,活动/kyc送免费旋转/详情.bru,ACTIVE,yes,fat-client-network.json action=earn_filcoins__daily_task_go_3; records=592|593|602,,3
client,Filcoins,Earn Filcoins,/s-points-v2,button,daily task Go 3,GET,https://client-fat.filbet2025.com,/promo/slot/machine/detail,pid,,header:t<-authenticated-session;query:pid<-page/filter/pagination/default,200,true,"{""type"":""object"",""fields"":[""data"",""status""]}",authenticated client session (t header),none observed,not applicable/read-only,unknown/promo,实时滚动有效投注top100|实时滚动负盈利排行榜|排行榜详情,活动/老虎机排行榜/实时滚动有效投注top100.bru|活动/老虎机排行榜/实时滚动负盈利排行榜.bru|活动/老虎机排行榜/排行榜详情.bru,MISCLASSIFIED,yes,fat-client-network.json action=earn_filcoins__daily_task_go_3; records=597,,1
client,Filcoins,Earn Filcoins,/s-points-v2,button,daily task Go 3,GET,https://client-fat.filbet2025.com,/promo/task/daily/list,,,header:t<-authenticated-session,200,true,"{""type"":""object"",""fields"":[""data"",""status""]}",authenticated client session (t header),none observed,not applicable/read-only,client/promo,日常任务列表-seven,前台/任务中心/日常任务列表-seven.bru,ACTIVE,yes,fat-client-network.json action=earn_filcoins__daily_task_go_3; records=573|590,,2
client,Filcoins,Earn Filcoins,/s-points-v2,button,daily task Go 3,GET,https://client-fat.filbet2025.com,/promo/task/newbie/daily,,,header:t<-authenticated-session,200,true,"{""type"":""object"",""fields"":[""data"",""status""]}",authenticated client session (t header),none observed,not applicable/read-only,client/promo,签到任务详情-seven,前台/任务中心/签到任务详情-seven.bru,ACTIVE,yes,fat-client-network.json action=earn_filcoins__daily_task_go_3; records=574,,1
client,Filcoins,Earn Filcoins,/s-points-v2,button,daily task Go 3,GET,https://client-fat.filbet2025.com,/promo/task/newbie/list,,,header:t<-authenticated-session,200,true,"{""type"":""object"",""fields"":[""data"",""status""]}",authenticated client session (t header),none observed,not applicable/read-only,client/promo,新人任务列表-seven,前台/任务中心/新人任务列表-seven.bru,ACTIVE,yes,fat-client-network.json action=earn_filcoins__daily_task_go_3; records=572|589,,2
client,Filcoins,Earn Filcoins,/s-points-v2,button,daily task Go 3,GET,https://client-fat.filbet2025.com,/promo/turntable/detail,,,header:t<-authenticated-session,200,false,"{""type"":""object"",""fields"":[""data"",""status""]}",authenticated client session (t header),none observed,not applicable/read-only,unknown/promo,活动详情,活动/大转盘活动/活动详情.bru,ACTIVE_FAILED,yes,fat-client-network.json action=earn_filcoins__daily_task_go_3; records=585|600,business status false,2
client,Filcoins,Earn Filcoins,/s-points-v2,button,daily task Go 3,GET,https://client-fat.filbet2025.com,/promo/turntable/num,,,header:t<-authenticated-session,200,true,"{""type"":""object"",""fields"":[""data"",""status""]}",authenticated client session (t header),none observed,not applicable/read-only,unknown/promo,剩余次数,活动/大转盘活动/剩余次数.bru,MISCLASSIFIED,yes,fat-client-network.json action=earn_filcoins__daily_task_go_3; records=601,,1
client,Filcoins,Earn Filcoins,/s-points-v2,button,daily task Go 3,GET,https://client-fat.filbet2025.com,/promo/vip/sign/in/config,,,header:t<-authenticated-session,200,true,"{""type"":""object"",""fields"":[""data"",""status""]}",authenticated client session (t header),none observed,not applicable/read-only,client/promo,签到配置,活动/Vip/签到配置.bru,ACTIVE,yes,fat-client-network.json action=earn_filcoins__daily_task_go_3; records=576,,1
client,Filcoins,Earn Filcoins,/s-points-v2,button,daily task Go 3,POST,https://client-fat.filbet2025.com,/member/channel/trackclick,,,header:t<-authenticated-session,200,true,"{""type"":""object"",""fields"":[""data"",""status""]}",authenticated client session (t header),request emitted; no durable business change observed by this discovery action,no state identifier returned or persisted in sanitized evidence,client/member,渠道跟踪点击-todo,前台/渠道/渠道跟踪点击-todo.bru,ACTIVE,yes,fat-client-network.json action=earn_filcoins__daily_task_go_3; records=587,,1
client,Filcoins,Earn Filcoins,/s-points-v2,button,daily task Go 3,POST,https://web-pp6o4v.opoinstalljs.com,/web/pp6o4v/clientf/init2,av|channelCode|cv|hash|sh|sp|sw,,query:av|channelCode|cv|hash|sh|sp|sw<-page/filter/pagination/default,200,UNAVAILABLE,"""number""",guest or no auth header observed,request emitted; no durable business change observed by this discovery action,no state identifier returned or persisted in sanitized evidence,,,,THIRD_PARTY,yes,fat-client-network.json action=earn_filcoins__daily_task_go_3; records=603,,1
client,Filcoins,Earn Filcoins,/s-points-v2,button,daily task Go 3,POST,https://www.google-analytics.com,/g/collect,_eu|_p|_s|are|cid|dl|dma|dt|en|ep.page_env|frm|gcd|gtm|ngs|npa|pscdl|rcb|sct|seg|sid|sr|tag_exp|tfd|tid|uaa|uab|uafvl|uam|uamb|uap|uapv|uaw|ul|v,,query:_eu|_p|_s|are|cid|dl|dma|dt|en|ep.page_env|frm|gcd|gtm|ngs|npa|pscdl|rcb|sct|seg|sid|sr|tag_exp|tfd|tid|uaa|uab|uafvl|uam|uamb|uap|uapv|uaw|ul|v<-page/filter/pagination/default,204,UNAVAILABLE,"""null""",guest or no auth header observed,request emitted; no durable business change observed by this discovery action,no state identifier returned or persisted in sanitized evidence,,,,THIRD_PARTY,yes,fat-client-network.json action=earn_filcoins__daily_task_go_3; records=582,,1
client,Filcoins,Earn Filcoins,/s-points-v2,button,daily task Go 4,GET,https://client-fat.filbet2025.com,/finance/wallet,,,header:t<-authenticated-session,200,true,"{""type"":""object"",""fields"":[""data"",""status""]}",authenticated client session (t header),none observed,not applicable/read-only,client/finance,会员钱包-wesley,前台/财务/会员钱包-wesley.bru,ACTIVE,yes,fat-client-network.json action=earn_filcoins__daily_task_go_4; records=632,,1
client,Filcoins,Earn Filcoins,/s-points-v2,button,daily task Go 4,GET,https://client-fat.filbet2025.com,/member/buriedPoint/detailV2,ad_id,,header:t<-authenticated-session;query:ad_id<-page/filter/pagination/default,200,true,"{""type"":""object"",""fields"":[""data"",""status""]}",authenticated client session (t header),none observed,not applicable/read-only,client/member,埋点详情V2-todo,前台/埋点/埋点详情V2-todo.bru,ACTIVE,yes,fat-client-network.json action=earn_filcoins__daily_task_go_4; records=621,,1
client,Filcoins,Earn Filcoins,/s-points-v2,button,daily task Go 4,GET,https://client-fat.filbet2025.com,/member/detail,,,header:t<-authenticated-session,200,true,"{""type"":""object"",""fields"":[""data"",""status""]}",authenticated client session (t header),none observed,not applicable/read-only,client/member,获取会员信息-seven-aliang(20260424),前台/会员信息/获取会员信息-seven-aliang(20260424).bru,ACTIVE,yes,fat-client-network.json action=earn_filcoins__daily_task_go_4; records=624,,1
client,Filcoins,Earn Filcoins,/s-points-v2,button,daily task Go 4,GET,https://client-fat.filbet2025.com,/member/fav/list,page|page_size,,header:t<-authenticated-session;query:page|page_size<-page/filter/pagination/default,200,true,"{""type"":""object"",""fields"":[""data"",""status""]}",authenticated client session (t header),none observed,not applicable/read-only,client/game,游戏收藏列表-light,前台/游戏/游戏收藏列表-light.bru,ACTIVE,yes,fat-client-network.json action=earn_filcoins__daily_task_go_4; records=633,,1
client,Filcoins,Earn Filcoins,/s-points-v2,button,daily task Go 4,GET,https://client-fat.filbet2025.com,/member/fb/list,,,header:t<-authenticated-session,200,true,"{""type"":""object"",""fields"":[""data"",""status""]}",authenticated client session (t header),none observed,not applicable/read-only,client/member,三方登录列表,前台/三方登录/三方登录列表.bru,ACTIVE,yes,fat-client-network.json action=earn_filcoins__daily_task_go_4; records=629,,1
client,Filcoins,Earn Filcoins,/s-points-v2,button,daily task Go 4,GET,https://client-fat.filbet2025.com,/member/filcoin/balance,,,header:t<-authenticated-session,200,true,"{""type"":""object"",""fields"":[""data"",""status""]}",authenticated client session (t header),none observed,not applicable/read-only,client/member,代币余额 - felix,前台/商城/代币余额 - felix.bru,ACTIVE,yes,fat-client-network.json action=earn_filcoins__daily_task_go_4; records=609,,1
client,Filcoins,Earn Filcoins,/s-points-v2,button,daily task Go 4,GET,https://client-fat.filbet2025.com,/member/game/listRw,game_types|is_hot|is_new|page|page_size|query|sort|venues,,header:t<-authenticated-session;query:game_types|is_hot|is_new|page|page_size|query|sort|venues<-page/filter/pagination/default,200,true,"{""type"":""object"",""fields"":[""data"",""status""]}",authenticated client session (t header),none observed,not applicable/read-only,client/game,游戏查询语句组合-benjie,前台/游戏/游戏查询语句组合-benjie.bru,ACTIVE,yes,fat-client-network.json action=earn_filcoins__daily_task_go_4; records=642,,1
client,Filcoins,Earn Filcoins,/s-points-v2,button,daily task Go 4,GET,https://client-fat.filbet2025.com,/member/index,,,header:t<-authenticated-session,200,true,"{""type"":""object"",""fields"":[""data"",""status""]}",authenticated client session (t header),none observed,not applicable/read-only,client/game,首页缓存,前台/游戏/首页缓存.bru,ACTIVE,yes,fat-client-network.json action=earn_filcoins__daily_task_go_4; records=616,,1
client,Filcoins,Earn Filcoins,/s-points-v2,button,daily task Go 4,GET,https://client-fat.filbet2025.com,/member/materials/list,material_type_code|platform_code,,header:t<-authenticated-session;query:material_type_code|platform_code<-page/filter/pagination/default,200,true,"{""type"":""object"",""fields"":[""data"",""status""]}",authenticated client session (t header),none observed,not applicable/read-only,client/member,素材列表,前台/素材/素材列表.bru,ACTIVE,yes,fat-client-network.json action=earn_filcoins__daily_task_go_4; records=617|618|619,,3
client,Filcoins,Earn Filcoins,/s-points-v2,button,daily task Go 4,GET,https://client-fat.filbet2025.com,/member/message/popup_list,,,header:t<-authenticated-session,200,true,"{""type"":""object"",""fields"":[""data"",""status""]}",authenticated client session (t header),none observed,not applicable/read-only,client/member,获取弹窗站内信列表-todo,前台/站内信/获取弹窗站内信列表-todo.bru,ACTIVE,yes,fat-client-network.json action=earn_filcoins__daily_task_go_4; records=634,,1
client,Filcoins,Earn Filcoins,/s-points-v2,button,daily task Go 4,GET,https://client-fat.filbet2025.com,/member/v2/index,,,header:t<-authenticated-session,200,true,"{""type"":""object"",""fields"":[""data"",""status""]}",authenticated client session (t header),none observed,not applicable/read-only,client/game,首页缓存v2-owen,前台/游戏/首页缓存v2-owen.bru,ACTIVE,yes,fat-client-network.json action=earn_filcoins__daily_task_go_4; records=615|636,,2
client,Filcoins,Earn Filcoins,/s-points-v2,button,daily task Go 4,GET,https://client-fat.filbet2025.com,/promo/blindbox/detail,pid|ym,,header:t<-authenticated-session;query:pid|ym<-page/filter/pagination/default,200,true,"{""type"":""object"",""fields"":[""data"",""status""]}",authenticated client session (t header),none observed,not applicable/read-only,unknown/promo,获取盲盒详情 - felix,活动/盲盒/获取盲盒详情 - felix.bru,MISCLASSIFIED,yes,fat-client-network.json action=earn_filcoins__daily_task_go_4; records=628,,1
client,Filcoins,Earn Filcoins,/s-points-v2,button,daily task Go 4,GET,https://client-fat.filbet2025.com,/promo/blindbox/query/bonus,,,header:t<-authenticated-session,200,true,"{""type"":""object"",""fields"":[""data"",""status""]}",authenticated client session (t header),none observed,not applicable/read-only,unknown/promo,查询盲盒待领取记录,活动/盲盒/查询盲盒待领取记录.bru,MISCLASSIFIED,yes,fat-client-network.json action=earn_filcoins__daily_task_go_4; records=613,,1
client,Filcoins,Earn Filcoins,/s-points-v2,button,daily task Go 4,GET,https://client-fat.filbet2025.com,/promo/filpcard/detail,pid,,header:t<-authenticated-session;query:pid<-page/filter/pagination/default,200,true,"{""type"":""object"",""fields"":[""data"",""status""]}",authenticated client session (t header),none observed,not applicable/read-only,unknown/promo,活动详情,活动/王牌活动/活动详情.bru,MISCLASSIFIED,yes,fat-client-network.json action=earn_filcoins__daily_task_go_4; records=622|637,,2
client,Filcoins,Earn Filcoins,/s-points-v2,button,daily task Go 4,GET,https://client-fat.filbet2025.com,/promo/rotate/kyc/detail,,,header:t<-authenticated-session,200,true,"{""type"":""object"",""fields"":[""data"",""status""]}",authenticated client session (t header),none observed,not applicable/read-only,client/kyc,详情,活动/kyc送免费旋转/详情.bru,ACTIVE,yes,fat-client-network.json action=earn_filcoins__daily_task_go_4; records=630|631|640,,3
client,Filcoins,Earn Filcoins,/s-points-v2,button,daily task Go 4,GET,https://client-fat.filbet2025.com,/promo/slot/machine/detail,pid,,header:t<-authenticated-session;query:pid<-page/filter/pagination/default,200,true,"{""type"":""object"",""fields"":[""data"",""status""]}",authenticated client session (t header),none observed,not applicable/read-only,unknown/promo,实时滚动有效投注top100|实时滚动负盈利排行榜|排行榜详情,活动/老虎机排行榜/实时滚动有效投注top100.bru|活动/老虎机排行榜/实时滚动负盈利排行榜.bru|活动/老虎机排行榜/排行榜详情.bru,MISCLASSIFIED,yes,fat-client-network.json action=earn_filcoins__daily_task_go_4; records=635,,1
client,Filcoins,Earn Filcoins,/s-points-v2,button,daily task Go 4,GET,https://client-fat.filbet2025.com,/promo/task/daily/list,,,header:t<-authenticated-session,200,true,"{""type"":""object"",""fields"":[""data"",""status""]}",authenticated client session (t header),none observed,not applicable/read-only,client/promo,日常任务列表-seven,前台/任务中心/日常任务列表-seven.bru,ACTIVE,yes,fat-client-network.json action=earn_filcoins__daily_task_go_4; records=611|627,,2
client,Filcoins,Earn Filcoins,/s-points-v2,button,daily task Go 4,GET,https://client-fat.filbet2025.com,/promo/task/newbie/daily,,,header:t<-authenticated-session,200,true,"{""type"":""object"",""fields"":[""data"",""status""]}",authenticated client session (t header),none observed,not applicable/read-only,client/promo,签到任务详情-seven,前台/任务中心/签到任务详情-seven.bru,ACTIVE,yes,fat-client-network.json action=earn_filcoins__daily_task_go_4; records=612,,1
client,Filcoins,Earn Filcoins,/s-points-v2,button,daily task Go 4,GET,https://client-fat.filbet2025.com,/promo/task/newbie/list,,,header:t<-authenticated-session,200,true,"{""type"":""object"",""fields"":[""data"",""status""]}",authenticated client session (t header),none observed,not applicable/read-only,client/promo,新人任务列表-seven,前台/任务中心/新人任务列表-seven.bru,ACTIVE,yes,fat-client-network.json action=earn_filcoins__daily_task_go_4; records=610|626,,2
client,Filcoins,Earn Filcoins,/s-points-v2,button,daily task Go 4,GET,https://client-fat.filbet2025.com,/promo/turntable/detail,,,header:t<-authenticated-session,200,false,"{""type"":""object"",""fields"":[""data"",""status""]}",authenticated client session (t header),none observed,not applicable/read-only,unknown/promo,活动详情,活动/大转盘活动/活动详情.bru,ACTIVE_FAILED,yes,fat-client-network.json action=earn_filcoins__daily_task_go_4; records=623|638,business status false,2
client,Filcoins,Earn Filcoins,/s-points-v2,button,daily task Go 4,GET,https://client-fat.filbet2025.com,/promo/turntable/num,,,header:t<-authenticated-session,200,true,"{""type"":""object"",""fields"":[""data"",""status""]}",authenticated client session (t header),none observed,not applicable/read-only,unknown/promo,剩余次数,活动/大转盘活动/剩余次数.bru,MISCLASSIFIED,yes,fat-client-network.json action=earn_filcoins__daily_task_go_4; records=639,,1
client,Filcoins,Earn Filcoins,/s-points-v2,button,daily task Go 4,GET,https://client-fat.filbet2025.com,/promo/vip/sign/in/config,,,header:t<-authenticated-session,200,true,"{""type"":""object"",""fields"":[""data"",""status""]}",authenticated client session (t header),none observed,not applicable/read-only,client/promo,签到配置,活动/Vip/签到配置.bru,ACTIVE,yes,fat-client-network.json action=earn_filcoins__daily_task_go_4; records=614,,1
client,Filcoins,Earn Filcoins,/s-points-v2,button,daily task Go 4,POST,https://client-fat.filbet2025.com,/member/channel/trackclick,,,header:t<-authenticated-session,200,true,"{""type"":""object"",""fields"":[""data"",""status""]}",authenticated client session (t header),request emitted; no durable business change observed by this discovery action,no state identifier returned or persisted in sanitized evidence,client/member,渠道跟踪点击-todo,前台/渠道/渠道跟踪点击-todo.bru,ACTIVE,yes,fat-client-network.json action=earn_filcoins__daily_task_go_4; records=625,,1
client,Filcoins,Earn Filcoins,/s-points-v2,button,daily task Go 4,POST,https://web-pp6o4v.opoinstalljs.com,/web/pp6o4v/clientf/init2,av|channelCode|cv|hash|sh|sp|sw,,query:av|channelCode|cv|hash|sh|sp|sw<-page/filter/pagination/default,200,UNAVAILABLE,"""number""",guest or no auth header observed,request emitted; no durable business change observed by this discovery action,no state identifier returned or persisted in sanitized evidence,,,,THIRD_PARTY,yes,fat-client-network.json action=earn_filcoins__daily_task_go_4; records=641,,1
client,Filcoins,Earn Filcoins,/s-points-v2,button,daily task Go 4,POST,https://www.google-analytics.com,/g/collect,_eu|_p|_s|are|cid|dl|dma|dt|en|ep.page_env|frm|gcd|gtm|ngs|npa|pscdl|rcb|sct|seg|sid|sr|tag_exp|tfd|tid|uaa|uab|uafvl|uam|uamb|uap|uapv|uaw|ul|v,,query:_eu|_p|_s|are|cid|dl|dma|dt|en|ep.page_env|frm|gcd|gtm|ngs|npa|pscdl|rcb|sct|seg|sid|sr|tag_exp|tfd|tid|uaa|uab|uafvl|uam|uamb|uap|uapv|uaw|ul|v<-page/filter/pagination/default,204,UNAVAILABLE,"""null""",guest or no auth header observed,request emitted; no durable business change observed by this discovery action,no state identifier returned or persisted in sanitized evidence,,,,THIRD_PARTY,yes,fat-client-network.json action=earn_filcoins__daily_task_go_4; records=620,,1
client,Filcoins,Earn Filcoins,/s-points-v2,button,daily task Go 5,GET,https://client-fat.filbet2025.com,/finance/wallet,,,header:t<-authenticated-session,200,true,"{""type"":""object"",""fields"":[""data"",""status""]}",authenticated client session (t header),none observed,not applicable/read-only,client/finance,会员钱包-wesley,前台/财务/会员钱包-wesley.bru,ACTIVE,yes,fat-client-network.json action=earn_filcoins__daily_task_go_5; records=670,,1
client,Filcoins,Earn Filcoins,/s-points-v2,button,daily task Go 5,GET,https://client-fat.filbet2025.com,/member/buriedPoint/detailV2,ad_id,,header:t<-authenticated-session;query:ad_id<-page/filter/pagination/default,200,true,"{""type"":""object"",""fields"":[""data"",""status""]}",authenticated client session (t header),none observed,not applicable/read-only,client/member,埋点详情V2-todo,前台/埋点/埋点详情V2-todo.bru,ACTIVE,yes,fat-client-network.json action=earn_filcoins__daily_task_go_5; records=659,,1
client,Filcoins,Earn Filcoins,/s-points-v2,button,daily task Go 5,GET,https://client-fat.filbet2025.com,/member/detail,,,header:t<-authenticated-session,200,true,"{""type"":""object"",""fields"":[""data"",""status""]}",authenticated client session (t header),none observed,not applicable/read-only,client/member,获取会员信息-seven-aliang(20260424),前台/会员信息/获取会员信息-seven-aliang(20260424).bru,ACTIVE,yes,fat-client-network.json action=earn_filcoins__daily_task_go_5; records=662,,1
client,Filcoins,Earn Filcoins,/s-points-v2,button,daily task Go 5,GET,https://client-fat.filbet2025.com,/member/fav/list,page|page_size,,header:t<-authenticated-session;query:page|page_size<-page/filter/pagination/default,200,true,"{""type"":""object"",""fields"":[""data"",""status""]}",authenticated client session (t header),none observed,not applicable/read-only,client/game,游戏收藏列表-light,前台/游戏/游戏收藏列表-light.bru,ACTIVE,yes,fat-client-network.json action=earn_filcoins__daily_task_go_5; records=671,,1
client,Filcoins,Earn Filcoins,/s-points-v2,button,daily task Go 5,GET,https://client-fat.filbet2025.com,/member/fb/list,,,header:t<-authenticated-session,200,true,"{""type"":""object"",""fields"":[""data"",""status""]}",authenticated client session (t header),none observed,not applicable/read-only,client/member,三方登录列表,前台/三方登录/三方登录列表.bru,ACTIVE,yes,fat-client-network.json action=earn_filcoins__daily_task_go_5; records=667,,1
client,Filcoins,Earn Filcoins,/s-points-v2,button,daily task Go 5,GET,https://client-fat.filbet2025.com,/member/filcoin/balance,,,header:t<-authenticated-session,200,true,"{""type"":""object"",""fields"":[""data"",""status""]}",authenticated client session (t header),none observed,not applicable/read-only,client/member,代币余额 - felix,前台/商城/代币余额 - felix.bru,ACTIVE,yes,fat-client-network.json action=earn_filcoins__daily_task_go_5; records=647,,1
client,Filcoins,Earn Filcoins,/s-points-v2,button,daily task Go 5,GET,https://client-fat.filbet2025.com,/member/game/listRw,game_types|is_hot|is_new|page|page_size|query|sort|venues,,header:t<-authenticated-session;query:game_types|is_hot|is_new|page|page_size|query|sort|venues<-page/filter/pagination/default,200,true,"{""type"":""object"",""fields"":[""data"",""status""]}",authenticated client session (t header),none observed,not applicable/read-only,client/game,游戏查询语句组合-benjie,前台/游戏/游戏查询语句组合-benjie.bru,ACTIVE,yes,fat-client-network.json action=earn_filcoins__daily_task_go_5; records=680,,1
client,Filcoins,Earn Filcoins,/s-points-v2,button,daily task Go 5,GET,https://client-fat.filbet2025.com,/member/index,,,header:t<-authenticated-session,200,true,"{""type"":""object"",""fields"":[""data"",""status""]}",authenticated client session (t header),none observed,not applicable/read-only,client/game,首页缓存,前台/游戏/首页缓存.bru,ACTIVE,yes,fat-client-network.json action=earn_filcoins__daily_task_go_5; records=654,,1
client,Filcoins,Earn Filcoins,/s-points-v2,button,daily task Go 5,GET,https://client-fat.filbet2025.com,/member/materials/list,material_type_code|platform_code,,header:t<-authenticated-session;query:material_type_code|platform_code<-page/filter/pagination/default,200,true,"{""type"":""object"",""fields"":[""data"",""status""]}",authenticated client session (t header),none observed,not applicable/read-only,client/member,素材列表,前台/素材/素材列表.bru,ACTIVE,yes,fat-client-network.json action=earn_filcoins__daily_task_go_5; records=655|656|657,,3
client,Filcoins,Earn Filcoins,/s-points-v2,button,daily task Go 5,GET,https://client-fat.filbet2025.com,/member/message/popup_list,,,header:t<-authenticated-session,200,true,"{""type"":""object"",""fields"":[""data"",""status""]}",authenticated client session (t header),none observed,not applicable/read-only,client/member,获取弹窗站内信列表-todo,前台/站内信/获取弹窗站内信列表-todo.bru,ACTIVE,yes,fat-client-network.json action=earn_filcoins__daily_task_go_5; records=672,,1
client,Filcoins,Earn Filcoins,/s-points-v2,button,daily task Go 5,GET,https://client-fat.filbet2025.com,/member/v2/index,,,header:t<-authenticated-session,200,true,"{""type"":""object"",""fields"":[""data"",""status""]}",authenticated client session (t header),none observed,not applicable/read-only,client/game,首页缓存v2-owen,前台/游戏/首页缓存v2-owen.bru,ACTIVE,yes,fat-client-network.json action=earn_filcoins__daily_task_go_5; records=653|674,,2
client,Filcoins,Earn Filcoins,/s-points-v2,button,daily task Go 5,GET,https://client-fat.filbet2025.com,/promo/blindbox/detail,pid|ym,,header:t<-authenticated-session;query:pid|ym<-page/filter/pagination/default,200,true,"{""type"":""object"",""fields"":[""data"",""status""]}",authenticated client session (t header),none observed,not applicable/read-only,unknown/promo,获取盲盒详情 - felix,活动/盲盒/获取盲盒详情 - felix.bru,MISCLASSIFIED,yes,fat-client-network.json action=earn_filcoins__daily_task_go_5; records=664,,1
client,Filcoins,Earn Filcoins,/s-points-v2,button,daily task Go 5,GET,https://client-fat.filbet2025.com,/promo/blindbox/query/bonus,,,header:t<-authenticated-session,200,true,"{""type"":""object"",""fields"":[""data"",""status""]}",authenticated client session (t header),none observed,not applicable/read-only,unknown/promo,查询盲盒待领取记录,活动/盲盒/查询盲盒待领取记录.bru,MISCLASSIFIED,yes,fat-client-network.json action=earn_filcoins__daily_task_go_5; records=651,,1
client,Filcoins,Earn Filcoins,/s-points-v2,button,daily task Go 5,GET,https://client-fat.filbet2025.com,/promo/filpcard/detail,pid,,header:t<-authenticated-session;query:pid<-page/filter/pagination/default,200,true,"{""type"":""object"",""fields"":[""data"",""status""]}",authenticated client session (t header),none observed,not applicable/read-only,unknown/promo,活动详情,活动/王牌活动/活动详情.bru,MISCLASSIFIED,yes,fat-client-network.json action=earn_filcoins__daily_task_go_5; records=660|675,,2
client,Filcoins,Earn Filcoins,/s-points-v2,button,daily task Go 5,GET,https://client-fat.filbet2025.com,/promo/rotate/kyc/detail,,,header:t<-authenticated-session,200,true,"{""type"":""object"",""fields"":[""data"",""status""]}",authenticated client session (t header),none observed,not applicable/read-only,client/kyc,详情,活动/kyc送免费旋转/详情.bru,ACTIVE,yes,fat-client-network.json action=earn_filcoins__daily_task_go_5; records=668|669|678,,3
client,Filcoins,Earn Filcoins,/s-points-v2,button,daily task Go 5,GET,https://client-fat.filbet2025.com,/promo/slot/machine/detail,pid,,header:t<-authenticated-session;query:pid<-page/filter/pagination/default,200,true,"{""type"":""object"",""fields"":[""data"",""status""]}",authenticated client session (t header),none observed,not applicable/read-only,unknown/promo,实时滚动有效投注top100|实时滚动负盈利排行榜|排行榜详情,活动/老虎机排行榜/实时滚动有效投注top100.bru|活动/老虎机排行榜/实时滚动负盈利排行榜.bru|活动/老虎机排行榜/排行榜详情.bru,MISCLASSIFIED,yes,fat-client-network.json action=earn_filcoins__daily_task_go_5; records=673,,1
client,Filcoins,Earn Filcoins,/s-points-v2,button,daily task Go 5,GET,https://client-fat.filbet2025.com,/promo/task/daily/list,,,header:t<-authenticated-session,200,true,"{""type"":""object"",""fields"":[""data"",""status""]}",authenticated client session (t header),none observed,not applicable/read-only,client/promo,日常任务列表-seven,前台/任务中心/日常任务列表-seven.bru,ACTIVE,yes,fat-client-network.json action=earn_filcoins__daily_task_go_5; records=649|666,,2
client,Filcoins,Earn Filcoins,/s-points-v2,button,daily task Go 5,GET,https://client-fat.filbet2025.com,/promo/task/newbie/daily,,,header:t<-authenticated-session,200,true,"{""type"":""object"",""fields"":[""data"",""status""]}",authenticated client session (t header),none observed,not applicable/read-only,client/promo,签到任务详情-seven,前台/任务中心/签到任务详情-seven.bru,ACTIVE,yes,fat-client-network.json action=earn_filcoins__daily_task_go_5; records=650,,1
client,Filcoins,Earn Filcoins,/s-points-v2,button,daily task Go 5,GET,https://client-fat.filbet2025.com,/promo/task/newbie/list,,,header:t<-authenticated-session,200,true,"{""type"":""object"",""fields"":[""data"",""status""]}",authenticated client session (t header),none observed,not applicable/read-only,client/promo,新人任务列表-seven,前台/任务中心/新人任务列表-seven.bru,ACTIVE,yes,fat-client-network.json action=earn_filcoins__daily_task_go_5; records=648|665,,2
client,Filcoins,Earn Filcoins,/s-points-v2,button,daily task Go 5,GET,https://client-fat.filbet2025.com,/promo/turntable/detail,,,header:t<-authenticated-session,200,false,"{""type"":""object"",""fields"":[""data"",""status""]}",authenticated client session (t header),none observed,not applicable/read-only,unknown/promo,活动详情,活动/大转盘活动/活动详情.bru,ACTIVE_FAILED,yes,fat-client-network.json action=earn_filcoins__daily_task_go_5; records=661|676,business status false,2
client,Filcoins,Earn Filcoins,/s-points-v2,button,daily task Go 5,GET,https://client-fat.filbet2025.com,/promo/turntable/num,,,header:t<-authenticated-session,200,true,"{""type"":""object"",""fields"":[""data"",""status""]}",authenticated client session (t header),none observed,not applicable/read-only,unknown/promo,剩余次数,活动/大转盘活动/剩余次数.bru,MISCLASSIFIED,yes,fat-client-network.json action=earn_filcoins__daily_task_go_5; records=677,,1
client,Filcoins,Earn Filcoins,/s-points-v2,button,daily task Go 5,GET,https://client-fat.filbet2025.com,/promo/vip/sign/in/config,,,header:t<-authenticated-session,200,true,"{""type"":""object"",""fields"":[""data"",""status""]}",authenticated client session (t header),none observed,not applicable/read-only,client/promo,签到配置,活动/Vip/签到配置.bru,ACTIVE,yes,fat-client-network.json action=earn_filcoins__daily_task_go_5; records=652,,1
client,Filcoins,Earn Filcoins,/s-points-v2,button,daily task Go 5,POST,https://client-fat.filbet2025.com,/member/channel/trackclick,,,header:t<-authenticated-session,200,true,"{""type"":""object"",""fields"":[""data"",""status""]}",authenticated client session (t header),request emitted; no durable business change observed by this discovery action,no state identifier returned or persisted in sanitized evidence,client/member,渠道跟踪点击-todo,前台/渠道/渠道跟踪点击-todo.bru,ACTIVE,yes,fat-client-network.json action=earn_filcoins__daily_task_go_5; records=663,,1
client,Filcoins,Earn Filcoins,/s-points-v2,button,daily task Go 5,POST,https://web-pp6o4v.opoinstalljs.com,/web/pp6o4v/clientf/init2,av|channelCode|cv|hash|sh|sp|sw,,query:av|channelCode|cv|hash|sh|sp|sw<-page/filter/pagination/default,200,UNAVAILABLE,"""number""",guest or no auth header observed,request emitted; no durable business change observed by this discovery action,no state identifier returned or persisted in sanitized evidence,,,,THIRD_PARTY,yes,fat-client-network.json action=earn_filcoins__daily_task_go_5; records=679,,1
client,Filcoins,Earn Filcoins,/s-points-v2,button,daily task Go 5,POST,https://www.google-analytics.com,/g/collect,_eu|_p|_s|are|cid|dl|dma|dt|en|ep.page_env|frm|gcd|gtm|ngs|npa|pscdl|rcb|sct|seg|sid|sr|tag_exp|tfd|tid|uaa|uab|uafvl|uam|uamb|uap|uapv|uaw|ul|v,,query:_eu|_p|_s|are|cid|dl|dma|dt|en|ep.page_env|frm|gcd|gtm|ngs|npa|pscdl|rcb|sct|seg|sid|sr|tag_exp|tfd|tid|uaa|uab|uafvl|uam|uamb|uap|uapv|uaw|ul|v<-page/filter/pagination/default,204,UNAVAILABLE,"""null""",guest or no auth header observed,request emitted; no durable business change observed by this discovery action,no state identifier returned or persisted in sanitized evidence,,,,THIRD_PARTY,yes,fat-client-network.json action=earn_filcoins__daily_task_go_5; records=658,,1
client,Filcoins,Earn Filcoins,/s-points-v2,button,daily task Go 6,GET,https://client-fat.filbet2025.com,/finance/wallet,,,header:t<-authenticated-session,200,true,"{""type"":""object"",""fields"":[""data"",""status""]}",authenticated client session (t header),none observed,not applicable/read-only,client/finance,会员钱包-wesley,前台/财务/会员钱包-wesley.bru,ACTIVE,yes,fat-client-network.json action=earn_filcoins__daily_task_go_6; records=708|729,,2
client,Filcoins,Earn Filcoins,/s-points-v2,button,daily task Go 6,GET,https://client-fat.filbet2025.com,/member/bigprize/list,,,header:t<-authenticated-session,200,true,"{""type"":""object"",""fields"":[""data"",""status""]}",authenticated client session (t header),none observed,not applicable/read-only,client/member,爆奖列表,前台/爆奖信息/爆奖列表.bru,ACTIVE,yes,fat-client-network.json action=earn_filcoins__daily_task_go_6; records=724,,1
client,Filcoins,Earn Filcoins,/s-points-v2,button,daily task Go 6,GET,https://client-fat.filbet2025.com,/member/buriedPoint/detailV2,ad_id,,header:t<-authenticated-session;query:ad_id<-page/filter/pagination/default,200,true,"{""type"":""object"",""fields"":[""data"",""status""]}",authenticated client session (t header),none observed,not applicable/read-only,client/member,埋点详情V2-todo,前台/埋点/埋点详情V2-todo.bru,ACTIVE,yes,fat-client-network.json action=earn_filcoins__daily_task_go_6; records=700,,1
client,Filcoins,Earn Filcoins,/s-points-v2,button,daily task Go 6,GET,https://client-fat.filbet2025.com,/member/detail,,,header:t<-authenticated-session,200,true,"{""type"":""object"",""fields"":[""data"",""status""]}",authenticated client session (t header),none observed,not applicable/read-only,client/member,获取会员信息-seven-aliang(20260424),前台/会员信息/获取会员信息-seven-aliang(20260424).bru,ACTIVE,yes,fat-client-network.json action=earn_filcoins__daily_task_go_6; records=703,,1
client,Filcoins,Earn Filcoins,/s-points-v2,button,daily task Go 6,GET,https://client-fat.filbet2025.com,/member/fav/list,page|page_size,,header:t<-authenticated-session;query:page|page_size<-page/filter/pagination/default,200,true,"{""type"":""object"",""fields"":[""data"",""status""]}",authenticated client session (t header),none observed,not applicable/read-only,client/game,游戏收藏列表-light,前台/游戏/游戏收藏列表-light.bru,ACTIVE,yes,fat-client-network.json action=earn_filcoins__daily_task_go_6; records=709,,1
client,Filcoins,Earn Filcoins,/s-points-v2,button,daily task Go 6,GET,https://client-fat.filbet2025.com,/member/fb/list,,,header:t<-authenticated-session,200,true,"{""type"":""object"",""fields"":[""data"",""status""]}",authenticated client session (t header),none observed,not applicable/read-only,client/member,三方登录列表,前台/三方登录/三方登录列表.bru,ACTIVE,yes,fat-client-network.json action=earn_filcoins__daily_task_go_6; records=685,,1
client,Filcoins,Earn Filcoins,/s-points-v2,button,daily task Go 6,GET,https://client-fat.filbet2025.com,/member/filcoin/balance,,,header:t<-authenticated-session,200,true,"{""type"":""object"",""fields"":[""data"",""status""]}",authenticated client session (t header),none observed,not applicable/read-only,client/member,代币余额 - felix,前台/商城/代币余额 - felix.bru,ACTIVE,yes,fat-client-network.json action=earn_filcoins__daily_task_go_6; records=688,,1
client,Filcoins,Earn Filcoins,/s-points-v2,button,daily task Go 6,GET,https://client-fat.filbet2025.com,/member/home/sections,brand,,header:t<-authenticated-session;query:brand<-page/filter/pagination/default,200,true,"{""type"":""object"",""fields"":[""data"",""status""]}",authenticated client session (t header),none observed,not applicable/read-only,client/member,首页板块列表,前台/首页/首页板块列表.bru,ACTIVE,yes,fat-client-network.json action=earn_filcoins__daily_task_go_6; records=722,,1
client,Filcoins,Earn Filcoins,/s-points-v2,button,daily task Go 6,GET,https://client-fat.filbet2025.com,/member/index,,,header:t<-authenticated-session,200,true,"{""type"":""object"",""fields"":[""data"",""status""]}",authenticated client session (t header),none observed,not applicable/read-only,client/game,首页缓存,前台/游戏/首页缓存.bru,ACTIVE,yes,fat-client-network.json action=earn_filcoins__daily_task_go_6; records=695,,1
client,Filcoins,Earn Filcoins,/s-points-v2,button,daily task Go 6,GET,https://client-fat.filbet2025.com,/member/materials/list,material_type_code|platform_code,,header:t<-authenticated-session;query:material_type_code|platform_code<-page/filter/pagination/default,200,true,"{""type"":""object"",""fields"":[""data"",""status""]}",authenticated client session (t header),none observed,not applicable/read-only,client/member,素材列表,前台/素材/素材列表.bru,ACTIVE,yes,fat-client-network.json action=earn_filcoins__daily_task_go_6; records=696|697|698,,3
client,Filcoins,Earn Filcoins,/s-points-v2,button,daily task Go 6,GET,https://client-fat.filbet2025.com,/member/message/has_unread,,,header:t<-authenticated-session,200,true,"{""type"":""object"",""fields"":[""data"",""status""]}",authenticated client session (t header),none observed,not applicable/read-only,client/member,是否有未读信息-todo,前台/站内信/是否有未读信息-todo.bru,ACTIVE,yes,fat-client-network.json action=earn_filcoins__daily_task_go_6; records=727,,1
client,Filcoins,Earn Filcoins,/s-points-v2,button,daily task Go 6,GET,https://client-fat.filbet2025.com,/member/message/popup_list,,,header:t<-authenticated-session,200,true,"{""type"":""object"",""fields"":[""data"",""status""]}",authenticated client session (t header),none observed,not applicable/read-only,client/member,获取弹窗站内信列表-todo,前台/站内信/获取弹窗站内信列表-todo.bru,ACTIVE,yes,fat-client-network.json action=earn_filcoins__daily_task_go_6; records=710,,1
client,Filcoins,Earn Filcoins,/s-points-v2,button,daily task Go 6,GET,https://client-fat.filbet2025.com,/member/v2/index,,,header:t<-authenticated-session,200,true,"{""type"":""object"",""fields"":[""data"",""status""]}",authenticated client session (t header),none observed,not applicable/read-only,client/game,首页缓存v2-owen,前台/游戏/首页缓存v2-owen.bru,ACTIVE,yes,fat-client-network.json action=earn_filcoins__daily_task_go_6; records=694|712|723,,3
client,Filcoins,Earn Filcoins,/s-points-v2,button,daily task Go 6,GET,https://client-fat.filbet2025.com,/promo/blindbox/detail,pid|ym,,header:t<-authenticated-session;query:pid|ym<-page/filter/pagination/default,200,true,"{""type"":""object"",""fields"":[""data"",""status""]}",authenticated client session (t header),none observed,not applicable/read-only,unknown/promo,获取盲盒详情 - felix,活动/盲盒/获取盲盒详情 - felix.bru,MISCLASSIFIED,yes,fat-client-network.json action=earn_filcoins__daily_task_go_6; records=699,,1
client,Filcoins,Earn Filcoins,/s-points-v2,button,daily task Go 6,GET,https://client-fat.filbet2025.com,/promo/blindbox/query/bonus,,,header:t<-authenticated-session,200,true,"{""type"":""object"",""fields"":[""data"",""status""]}",authenticated client session (t header),none observed,not applicable/read-only,unknown/promo,查询盲盒待领取记录,活动/盲盒/查询盲盒待领取记录.bru,MISCLASSIFIED,yes,fat-client-network.json action=earn_filcoins__daily_task_go_6; records=692,,1
client,Filcoins,Earn Filcoins,/s-points-v2,button,daily task Go 6,GET,https://client-fat.filbet2025.com,/promo/deposit/ladder/deposit/conf,,,header:t<-authenticated-session,200,true,"{""type"":""object"",""fields"":[""data"",""status""]}",authenticated client session (t header),none observed,not applicable/read-only,unknown/finance,存款阶梯配置活动,活动/存款阶梯活动/存款阶梯配置活动.bru,MISCLASSIFIED,yes,fat-client-network.json action=earn_filcoins__daily_task_go_6; records=728,,1
client,Filcoins,Earn Filcoins,/s-points-v2,button,daily task Go 6,GET,https://client-fat.filbet2025.com,/promo/filpcard/detail,pid,,header:t<-authenticated-session;query:pid<-page/filter/pagination/default,200,true,"{""type"":""object"",""fields"":[""data"",""status""]}",authenticated client session (t header),none observed,not applicable/read-only,unknown/promo,活动详情,活动/王牌活动/活动详情.bru,MISCLASSIFIED,yes,fat-client-network.json action=earn_filcoins__daily_task_go_6; records=701|713,,2
client,Filcoins,Earn Filcoins,/s-points-v2,button,daily task Go 6,GET,https://client-fat.filbet2025.com,/promo/rotate/bet/detail,is_welfare|pid,,header:t<-authenticated-session;query:is_welfare|pid<-page/filter/pagination/default,200,true,"{""type"":""object"",""fields"":[""data"",""status""]}",authenticated client session (t header),none observed,not applicable/read-only,client/kyc|client/promo|unknown/promo,弹目消息|活动详情|福利详情|详情(老页面),活动/Vip/详情(老页面).bru|活动/kyc送免费旋转/详情(老页面).bru|活动/每日充值+投注阶梯送礼金和旋转次数/弹目消息.bru|活动/每日充值+投注阶梯送礼金和旋转次数/活动详情.bru|活动/每日充值+投注阶梯送礼金和旋转次数/福利详情.bru,ACTIVE,yes,fat-client-network.json action=earn_filcoins__daily_task_go_6; records=726|730,,2
client,Filcoins,Earn Filcoins,/s-points-v2,button,daily task Go 6,GET,https://client-fat.filbet2025.com,/promo/rotate/kyc/detail,,,header:t<-authenticated-session,200,true,"{""type"":""object"",""fields"":[""data"",""status""]}",authenticated client session (t header),none observed,not applicable/read-only,client/kyc,详情,活动/kyc送免费旋转/详情.bru,ACTIVE,yes,fat-client-network.json action=earn_filcoins__daily_task_go_6; records=686|707|716,,3
client,Filcoins,Earn Filcoins,/s-points-v2,button,daily task Go 6,GET,https://client-fat.filbet2025.com,/promo/slot/machine/detail,pid,,header:t<-authenticated-session;query:pid<-page/filter/pagination/default,200,true,"{""type"":""object"",""fields"":[""data"",""status""]}",authenticated client session (t header),none observed,not applicable/read-only,unknown/promo,实时滚动有效投注top100|实时滚动负盈利排行榜|排行榜详情,活动/老虎机排行榜/实时滚动有效投注top100.bru|活动/老虎机排行榜/实时滚动负盈利排行榜.bru|活动/老虎机排行榜/排行榜详情.bru,MISCLASSIFIED,yes,fat-client-network.json action=earn_filcoins__daily_task_go_6; records=711,,1
client,Filcoins,Earn Filcoins,/s-points-v2,button,daily task Go 6,GET,https://client-fat.filbet2025.com,/promo/task/daily/list,,,header:t<-authenticated-session,200,true,"{""type"":""object"",""fields"":[""data"",""status""]}",authenticated client session (t header),none observed,not applicable/read-only,client/promo,日常任务列表-seven,前台/任务中心/日常任务列表-seven.bru,ACTIVE,yes,fat-client-network.json action=earn_filcoins__daily_task_go_6; records=690|706,,2
client,Filcoins,Earn Filcoins,/s-points-v2,button,daily task Go 6,GET,https://client-fat.filbet2025.com,/promo/task/newbie/daily,,,header:t<-authenticated-session,200,true,"{""type"":""object"",""fields"":[""data"",""status""]}",authenticated client session (t header),none observed,not applicable/read-only,client/promo,签到任务详情-seven,前台/任务中心/签到任务详情-seven.bru,ACTIVE,yes,fat-client-network.json action=earn_filcoins__daily_task_go_6; records=691,,1
client,Filcoins,Earn Filcoins,/s-points-v2,button,daily task Go 6,GET,https://client-fat.filbet2025.com,/promo/task/newbie/list,,,header:t<-authenticated-session,200,true,"{""type"":""object"",""fields"":[""data"",""status""]}",authenticated client session (t header),none observed,not applicable/read-only,client/promo,新人任务列表-seven,前台/任务中心/新人任务列表-seven.bru,ACTIVE,yes,fat-client-network.json action=earn_filcoins__daily_task_go_6; records=689|705,,2
client,Filcoins,Earn Filcoins,/s-points-v2,button,daily task Go 6,GET,https://client-fat.filbet2025.com,/promo/turntable/detail,,,header:t<-authenticated-session,200,false,"{""type"":""object"",""fields"":[""data"",""status""]}",authenticated client session (t header),none observed,not applicable/read-only,unknown/promo,活动详情,活动/大转盘活动/活动详情.bru,ACTIVE_FAILED,yes,fat-client-network.json action=earn_filcoins__daily_task_go_6; records=702|714,business status false,2
client,Filcoins,Earn Filcoins,/s-points-v2,button,daily task Go 6,GET,https://client-fat.filbet2025.com,/promo/turntable/num,,,header:t<-authenticated-session,200,true,"{""type"":""object"",""fields"":[""data"",""status""]}",authenticated client session (t header),none observed,not applicable/read-only,unknown/promo,剩余次数,活动/大转盘活动/剩余次数.bru,MISCLASSIFIED,yes,fat-client-network.json action=earn_filcoins__daily_task_go_6; records=715,,1
client,Filcoins,Earn Filcoins,/s-points-v2,button,daily task Go 6,GET,https://client-fat.filbet2025.com,/promo/vip/sign/in/config,,,header:t<-authenticated-session,200,true,"{""type"":""object"",""fields"":[""data"",""status""]}",authenticated client session (t header),none observed,not applicable/read-only,client/promo,签到配置,活动/Vip/签到配置.bru,ACTIVE,yes,fat-client-network.json action=earn_filcoins__daily_task_go_6; records=693,,1
client,Filcoins,Earn Filcoins,/s-points-v2,button,daily task Go 6,GET,https://pwa.filbet.com,/filbet/dev/v20260129/assets/lotties/ace_daily_float_btn.lottie,,,,200,UNAVAILABLE,"{""type"":""object"",""fields"":[""0"",""1"",""10"",""11"",""12"",""13"",""14"",""15"",""2"",""3"",""4"",""5"",""6"",""7"",""8"",""9""]}",guest or no auth header observed,none observed,not applicable/read-only,,,,THIRD_PARTY,yes,fat-client-network.json action=earn_filcoins__daily_task_go_6; records=718|719,,2
client,Filcoins,Earn Filcoins,/s-points-v2,button,daily task Go 6,POST,https://client-fat.filbet2025.com,/member/channel/trackclick,,,header:t<-authenticated-session,200,true,"{""type"":""object"",""fields"":[""data"",""status""]}",authenticated client session (t header),request emitted; no durable business change observed by this discovery action,no state identifier returned or persisted in sanitized evidence,client/member,渠道跟踪点击-todo,前台/渠道/渠道跟踪点击-todo.bru,ACTIVE,yes,fat-client-network.json action=earn_filcoins__daily_task_go_6; records=704,,1
client,Filcoins,Earn Filcoins,/s-points-v2,button,daily task Go 6,POST,https://client-fat.filbet2025.com,/member/game/rank,,game_type|page|page_size|strategy|time_range,body:game_type|page|page_size|strategy|time_range<-form/current-record/default;header:t<-authenticated-session,200,true,"{""type"":""object"",""fields"":[""data"",""status""]}",authenticated client session (t header),request emitted; no durable business change observed by this discovery action,no state identifier returned or persisted in sanitized evidence,client/game,游戏排名-benjie,前台/游戏/游戏排名-benjie.bru,ACTIVE,yes,fat-client-network.json action=earn_filcoins__daily_task_go_6; records=721|725,,2
client,Filcoins,Earn Filcoins,/s-points-v2,button,daily task Go 6,POST,https://web-pp6o4v.opoinstalljs.com,/web/pp6o4v/clientf/init2,av|channelCode|cv|hash|sh|sp|sw,,query:av|channelCode|cv|hash|sh|sp|sw<-page/filter/pagination/default,200,UNAVAILABLE,"""number""",guest or no auth header observed,request emitted; no durable business change observed by this discovery action,no state identifier returned or persisted in sanitized evidence,,,,THIRD_PARTY,yes,fat-client-network.json action=earn_filcoins__daily_task_go_6; records=717,,1
client,Filcoins,Earn Filcoins,/s-points-v2,button,daily task Go 6,POST,https://www.google-analytics.com,/g/collect,_eu|_p|_s|are|cid|dl|dma|dt|en|ep.page_env|frm|gcd|gtm|ngs|npa|pscdl|rcb|sct|seg|sid|sr|tag_exp|tfd|tid|uaa|uab|uafvl|uam|uamb|uap|uapv|uaw|ul|v,,query:_eu|_p|_s|are|cid|dl|dma|dt|en|ep.page_env|frm|gcd|gtm|ngs|npa|pscdl|rcb|sct|seg|sid|sr|tag_exp|tfd|tid|uaa|uab|uafvl|uam|uamb|uap|uapv|uaw|ul|v<-page/filter/pagination/default,204,UNAVAILABLE,"""null""",guest or no auth header observed,request emitted; no durable business change observed by this discovery action,no state identifier returned or persisted in sanitized evidence,,,,THIRD_PARTY,yes,fat-client-network.json action=earn_filcoins__daily_task_go_6; records=687,,1
client,Filcoins,Earn Filcoins,/s-points-v2,button,daily task Go 7,GET,https://client-fat.filbet2025.com,/finance/wallet,,,header:t<-authenticated-session,200,true,"{""type"":""object"",""fields"":[""data"",""status""]}",authenticated client session (t header),none observed,not applicable/read-only,client/finance,会员钱包-wesley,前台/财务/会员钱包-wesley.bru,ACTIVE,yes,fat-client-network.json action=earn_filcoins__daily_task_go_7; records=758|779,,2
client,Filcoins,Earn Filcoins,/s-points-v2,button,daily task Go 7,GET,https://client-fat.filbet2025.com,/member/bigprize/list,,,header:t<-authenticated-session,200,true,"{""type"":""object"",""fields"":[""data"",""status""]}",authenticated client session (t header),none observed,not applicable/read-only,client/member,爆奖列表,前台/爆奖信息/爆奖列表.bru,ACTIVE,yes,fat-client-network.json action=earn_filcoins__daily_task_go_7; records=774,,1
client,Filcoins,Earn Filcoins,/s-points-v2,button,daily task Go 7,GET,https://client-fat.filbet2025.com,/member/buriedPoint/detailV2,ad_id,,header:t<-authenticated-session;query:ad_id<-page/filter/pagination/default,200,true,"{""type"":""object"",""fields"":[""data"",""status""]}",authenticated client session (t header),none observed,not applicable/read-only,client/member,埋点详情V2-todo,前台/埋点/埋点详情V2-todo.bru,ACTIVE,yes,fat-client-network.json action=earn_filcoins__daily_task_go_7; records=747,,1
client,Filcoins,Earn Filcoins,/s-points-v2,button,daily task Go 7,GET,https://client-fat.filbet2025.com,/member/detail,,,header:t<-authenticated-session,200,true,"{""type"":""object"",""fields"":[""data"",""status""]}",authenticated client session (t header),none observed,not applicable/read-only,client/member,获取会员信息-seven-aliang(20260424),前台/会员信息/获取会员信息-seven-aliang(20260424).bru,ACTIVE,yes,fat-client-network.json action=earn_filcoins__daily_task_go_7; records=750,,1
client,Filcoins,Earn Filcoins,/s-points-v2,button,daily task Go 7,GET,https://client-fat.filbet2025.com,/member/fav/list,page|page_size,,header:t<-authenticated-session;query:page|page_size<-page/filter/pagination/default,200,true,"{""type"":""object"",""fields"":[""data"",""status""]}",authenticated client session (t header),none observed,not applicable/read-only,client/game,游戏收藏列表-light,前台/游戏/游戏收藏列表-light.bru,ACTIVE,yes,fat-client-network.json action=earn_filcoins__daily_task_go_7; records=759,,1
client,Filcoins,Earn Filcoins,/s-points-v2,button,daily task Go 7,GET,https://client-fat.filbet2025.com,/member/fb/list,,,header:t<-authenticated-session,200,true,"{""type"":""object"",""fields"":[""data"",""status""]}",authenticated client session (t header),none observed,not applicable/read-only,client/member,三方登录列表,前台/三方登录/三方登录列表.bru,ACTIVE,yes,fat-client-network.json action=earn_filcoins__daily_task_go_7; records=755,,1
client,Filcoins,Earn Filcoins,/s-points-v2,button,daily task Go 7,GET,https://client-fat.filbet2025.com,/member/filcoin/balance,,,header:t<-authenticated-session,200,true,"{""type"":""object"",""fields"":[""data"",""status""]}",authenticated client session (t header),none observed,not applicable/read-only,client/member,代币余额 - felix,前台/商城/代币余额 - felix.bru,ACTIVE,yes,fat-client-network.json action=earn_filcoins__daily_task_go_7; records=740,,1
client,Filcoins,Earn Filcoins,/s-points-v2,button,daily task Go 7,GET,https://client-fat.filbet2025.com,/member/home/sections,brand,,header:t<-authenticated-session;query:brand<-page/filter/pagination/default,200,true,"{""type"":""object"",""fields"":[""data"",""status""]}",authenticated client session (t header),none observed,not applicable/read-only,client/member,首页板块列表,前台/首页/首页板块列表.bru,ACTIVE,yes,fat-client-network.json action=earn_filcoins__daily_task_go_7; records=772,,1
client,Filcoins,Earn Filcoins,/s-points-v2,button,daily task Go 7,GET,https://client-fat.filbet2025.com,/member/index,,,header:t<-authenticated-session,200,true,"{""type"":""object"",""fields"":[""data"",""status""]}",authenticated client session (t header),none observed,not applicable/read-only,client/game,首页缓存,前台/游戏/首页缓存.bru,ACTIVE,yes,fat-client-network.json action=earn_filcoins__daily_task_go_7; records=736,,1
client,Filcoins,Earn Filcoins,/s-points-v2,button,daily task Go 7,GET,https://client-fat.filbet2025.com,/member/materials/list,material_type_code|platform_code,,header:t<-authenticated-session;query:material_type_code|platform_code<-page/filter/pagination/default,200,true,"{""type"":""object"",""fields"":[""data"",""status""]}",authenticated client session (t header),none observed,not applicable/read-only,client/member,素材列表,前台/素材/素材列表.bru,ACTIVE,yes,fat-client-network.json action=earn_filcoins__daily_task_go_7; records=737|738|739,,3
client,Filcoins,Earn Filcoins,/s-points-v2,button,daily task Go 7,GET,https://client-fat.filbet2025.com,/member/message/has_unread,,,header:t<-authenticated-session,200,true,"{""type"":""object"",""fields"":[""data"",""status""]}",authenticated client session (t header),none observed,not applicable/read-only,client/member,是否有未读信息-todo,前台/站内信/是否有未读信息-todo.bru,ACTIVE,yes,fat-client-network.json action=earn_filcoins__daily_task_go_7; records=777,,1
client,Filcoins,Earn Filcoins,/s-points-v2,button,daily task Go 7,GET,https://client-fat.filbet2025.com,/member/message/popup_list,,,header:t<-authenticated-session,200,true,"{""type"":""object"",""fields"":[""data"",""status""]}",authenticated client session (t header),none observed,not applicable/read-only,client/member,获取弹窗站内信列表-todo,前台/站内信/获取弹窗站内信列表-todo.bru,ACTIVE,yes,fat-client-network.json action=earn_filcoins__daily_task_go_7; records=760,,1
client,Filcoins,Earn Filcoins,/s-points-v2,button,daily task Go 7,GET,https://client-fat.filbet2025.com,/member/v2/index,,,header:t<-authenticated-session,200,true,"{""type"":""object"",""fields"":[""data"",""status""]}",authenticated client session (t header),none observed,not applicable/read-only,client/game,首页缓存v2-owen,前台/游戏/首页缓存v2-owen.bru,ACTIVE,yes,fat-client-network.json action=earn_filcoins__daily_task_go_7; records=735|762|773,,3
client,Filcoins,Earn Filcoins,/s-points-v2,button,daily task Go 7,GET,https://client-fat.filbet2025.com,/promo/blindbox/detail,pid|ym,,header:t<-authenticated-session;query:pid|ym<-page/filter/pagination/default,200,true,"{""type"":""object"",""fields"":[""data"",""status""]}",authenticated client session (t header),none observed,not applicable/read-only,unknown/promo,获取盲盒详情 - felix,活动/盲盒/获取盲盒详情 - felix.bru,MISCLASSIFIED,yes,fat-client-network.json action=earn_filcoins__daily_task_go_7; records=752,,1
client,Filcoins,Earn Filcoins,/s-points-v2,button,daily task Go 7,GET,https://client-fat.filbet2025.com,/promo/blindbox/query/bonus,,,header:t<-authenticated-session,200,true,"{""type"":""object"",""fields"":[""data"",""status""]}",authenticated client session (t header),none observed,not applicable/read-only,unknown/promo,查询盲盒待领取记录,活动/盲盒/查询盲盒待领取记录.bru,MISCLASSIFIED,yes,fat-client-network.json action=earn_filcoins__daily_task_go_7; records=744,,1
client,Filcoins,Earn Filcoins,/s-points-v2,button,daily task Go 7,GET,https://client-fat.filbet2025.com,/promo/deposit/ladder/deposit/conf,,,header:t<-authenticated-session,200,true,"{""type"":""object"",""fields"":[""data"",""status""]}",authenticated client session (t header),none observed,not applicable/read-only,unknown/finance,存款阶梯配置活动,活动/存款阶梯活动/存款阶梯配置活动.bru,MISCLASSIFIED,yes,fat-client-network.json action=earn_filcoins__daily_task_go_7; records=778,,1
client,Filcoins,Earn Filcoins,/s-points-v2,button,daily task Go 7,GET,https://client-fat.filbet2025.com,/promo/filpcard/detail,pid,,header:t<-authenticated-session;query:pid<-page/filter/pagination/default,200,true,"{""type"":""object"",""fields"":[""data"",""status""]}",authenticated client session (t header),none observed,not applicable/read-only,unknown/promo,活动详情,活动/王牌活动/活动详情.bru,MISCLASSIFIED,yes,fat-client-network.json action=earn_filcoins__daily_task_go_7; records=748|763,,2
client,Filcoins,Earn Filcoins,/s-points-v2,button,daily task Go 7,GET,https://client-fat.filbet2025.com,/promo/rotate/bet/detail,is_welfare|pid,,header:t<-authenticated-session;query:is_welfare|pid<-page/filter/pagination/default,200,true,"{""type"":""object"",""fields"":[""data"",""status""]}",authenticated client session (t header),none observed,not applicable/read-only,client/kyc|client/promo|unknown/promo,弹目消息|活动详情|福利详情|详情(老页面),活动/Vip/详情(老页面).bru|活动/kyc送免费旋转/详情(老页面).bru|活动/每日充值+投注阶梯送礼金和旋转次数/弹目消息.bru|活动/每日充值+投注阶梯送礼金和旋转次数/活动详情.bru|活动/每日充值+投注阶梯送礼金和旋转次数/福利详情.bru,ACTIVE,yes,fat-client-network.json action=earn_filcoins__daily_task_go_7; records=776|780,,2
client,Filcoins,Earn Filcoins,/s-points-v2,button,daily task Go 7,GET,https://client-fat.filbet2025.com,/promo/rotate/kyc/detail,,,header:t<-authenticated-session,200,true,"{""type"":""object"",""fields"":[""data"",""status""]}",authenticated client session (t header),none observed,not applicable/read-only,client/kyc,详情,活动/kyc送免费旋转/详情.bru,ACTIVE,yes,fat-client-network.json action=earn_filcoins__daily_task_go_7; records=756|757|766,,3
client,Filcoins,Earn Filcoins,/s-points-v2,button,daily task Go 7,GET,https://client-fat.filbet2025.com,/promo/slot/machine/detail,pid,,header:t<-authenticated-session;query:pid<-page/filter/pagination/default,200,true,"{""type"":""object"",""fields"":[""data"",""status""]}",authenticated client session (t header),none observed,not applicable/read-only,unknown/promo,实时滚动有效投注top100|实时滚动负盈利排行榜|排行榜详情,活动/老虎机排行榜/实时滚动有效投注top100.bru|活动/老虎机排行榜/实时滚动负盈利排行榜.bru|活动/老虎机排行榜/排行榜详情.bru,MISCLASSIFIED,yes,fat-client-network.json action=earn_filcoins__daily_task_go_7; records=761,,1
client,Filcoins,Earn Filcoins,/s-points-v2,button,daily task Go 7,GET,https://client-fat.filbet2025.com,/promo/task/daily/list,,,header:t<-authenticated-session,200,true,"{""type"":""object"",""fields"":[""data"",""status""]}",authenticated client session (t header),none observed,not applicable/read-only,client/promo,日常任务列表-seven,前台/任务中心/日常任务列表-seven.bru,ACTIVE,yes,fat-client-network.json action=earn_filcoins__daily_task_go_7; records=742|754,,2
client,Filcoins,Earn Filcoins,/s-points-v2,button,daily task Go 7,GET,https://client-fat.filbet2025.com,/promo/task/newbie/daily,,,header:t<-authenticated-session,200,true,"{""type"":""object"",""fields"":[""data"",""status""]}",authenticated client session (t header),none observed,not applicable/read-only,client/promo,签到任务详情-seven,前台/任务中心/签到任务详情-seven.bru,ACTIVE,yes,fat-client-network.json action=earn_filcoins__daily_task_go_7; records=743,,1
client,Filcoins,Earn Filcoins,/s-points-v2,button,daily task Go 7,GET,https://client-fat.filbet2025.com,/promo/task/newbie/list,,,header:t<-authenticated-session,200,true,"{""type"":""object"",""fields"":[""data"",""status""]}",authenticated client session (t header),none observed,not applicable/read-only,client/promo,新人任务列表-seven,前台/任务中心/新人任务列表-seven.bru,ACTIVE,yes,fat-client-network.json action=earn_filcoins__daily_task_go_7; records=741|753,,2
client,Filcoins,Earn Filcoins,/s-points-v2,button,daily task Go 7,GET,https://client-fat.filbet2025.com,/promo/turntable/detail,,,header:t<-authenticated-session,200,false,"{""type"":""object"",""fields"":[""data"",""status""]}",authenticated client session (t header),none observed,not applicable/read-only,unknown/promo,活动详情,活动/大转盘活动/活动详情.bru,ACTIVE_FAILED,yes,fat-client-network.json action=earn_filcoins__daily_task_go_7; records=749|764,business status false,2
client,Filcoins,Earn Filcoins,/s-points-v2,button,daily task Go 7,GET,https://client-fat.filbet2025.com,/promo/turntable/num,,,header:t<-authenticated-session,200,true,"{""type"":""object"",""fields"":[""data"",""status""]}",authenticated client session (t header),none observed,not applicable/read-only,unknown/promo,剩余次数,活动/大转盘活动/剩余次数.bru,MISCLASSIFIED,yes,fat-client-network.json action=earn_filcoins__daily_task_go_7; records=765,,1
client,Filcoins,Earn Filcoins,/s-points-v2,button,daily task Go 7,GET,https://client-fat.filbet2025.com,/promo/vip/sign/in/config,,,header:t<-authenticated-session,200,true,"{""type"":""object"",""fields"":[""data"",""status""]}",authenticated client session (t header),none observed,not applicable/read-only,client/promo,签到配置,活动/Vip/签到配置.bru,ACTIVE,yes,fat-client-network.json action=earn_filcoins__daily_task_go_7; records=745,,1
client,Filcoins,Earn Filcoins,/s-points-v2,button,daily task Go 7,GET,https://pwa.filbet.com,/filbet/dev/v20260129/assets/lotties/ace_daily_float_btn.lottie,,,,200,UNAVAILABLE,"{""type"":""object"",""fields"":[""0"",""1"",""10"",""11"",""12"",""13"",""14"",""15"",""2"",""3"",""4"",""5"",""6"",""7"",""8"",""9""]}",guest or no auth header observed,none observed,not applicable/read-only,,,,THIRD_PARTY,yes,fat-client-network.json action=earn_filcoins__daily_task_go_7; records=768|769,,2
client,Filcoins,Earn Filcoins,/s-points-v2,button,daily task Go 7,POST,https://client-fat.filbet2025.com,/member/channel/trackclick,,,header:t<-authenticated-session,200,true,"{""type"":""object"",""fields"":[""data"",""status""]}",authenticated client session (t header),request emitted; no durable business change observed by this discovery action,no state identifier returned or persisted in sanitized evidence,client/member,渠道跟踪点击-todo,前台/渠道/渠道跟踪点击-todo.bru,ACTIVE,yes,fat-client-network.json action=earn_filcoins__daily_task_go_7; records=751,,1
client,Filcoins,Earn Filcoins,/s-points-v2,button,daily task Go 7,POST,https://client-fat.filbet2025.com,/member/game/rank,,game_type|page|page_size|strategy|time_range,body:game_type|page|page_size|strategy|time_range<-form/current-record/default;header:t<-authenticated-session,200,true,"{""type"":""object"",""fields"":[""data"",""status""]}",authenticated client session (t header),request emitted; no durable business change observed by this discovery action,no state identifier returned or persisted in sanitized evidence,client/game,游戏排名-benjie,前台/游戏/游戏排名-benjie.bru,ACTIVE,yes,fat-client-network.json action=earn_filcoins__daily_task_go_7; records=771|775,,2
client,Filcoins,Earn Filcoins,/s-points-v2,button,daily task Go 7,POST,https://web-pp6o4v.opoinstalljs.com,/web/pp6o4v/clientf/init2,av|channelCode|cv|hash|sh|sp|sw,,query:av|channelCode|cv|hash|sh|sp|sw<-page/filter/pagination/default,200,UNAVAILABLE,"""number""",guest or no auth header observed,request emitted; no durable business change observed by this discovery action,no state identifier returned or persisted in sanitized evidence,,,,THIRD_PARTY,yes,fat-client-network.json action=earn_filcoins__daily_task_go_7; records=767,,1
client,Filcoins,Earn Filcoins,/s-points-v2,button,daily task Go 7,POST,https://www.google-analytics.com,/g/collect,_eu|_p|_s|are|cid|dl|dma|dt|en|ep.page_env|frm|gcd|gtm|ngs|npa|pscdl|rcb|sct|seg|sid|sr|tag_exp|tfd|tid|uaa|uab|uafvl|uam|uamb|uap|uapv|uaw|ul|v,,query:_eu|_p|_s|are|cid|dl|dma|dt|en|ep.page_env|frm|gcd|gtm|ngs|npa|pscdl|rcb|sct|seg|sid|sr|tag_exp|tfd|tid|uaa|uab|uafvl|uam|uamb|uap|uapv|uaw|ul|v<-page/filter/pagination/default,204,UNAVAILABLE,"""null""",guest or no auth header observed,request emitted; no durable business change observed by this discovery action,no state identifier returned or persisted in sanitized evidence,,,,THIRD_PARTY,yes,fat-client-network.json action=earn_filcoins__daily_task_go_7; records=746,,1
client,Filcoins,Earn Filcoins,/s-points-v2,button,daily task Go 8,GET,https://client-fat.filbet2025.com,/finance/wallet,,,header:t<-authenticated-session,200,true,"{""type"":""object"",""fields"":[""data"",""status""]}",authenticated client session (t header),none observed,not applicable/read-only,client/finance,会员钱包-wesley,前台/财务/会员钱包-wesley.bru,ACTIVE,yes,fat-client-network.json action=earn_filcoins__daily_task_go_8; records=805|829,,2
client,Filcoins,Earn Filcoins,/s-points-v2,button,daily task Go 8,GET,https://client-fat.filbet2025.com,/member/bigprize/list,,,header:t<-authenticated-session,200,true,"{""type"":""object"",""fields"":[""data"",""status""]}",authenticated client session (t header),none observed,not applicable/read-only,client/member,爆奖列表,前台/爆奖信息/爆奖列表.bru,ACTIVE,yes,fat-client-network.json action=earn_filcoins__daily_task_go_8; records=824,,1
client,Filcoins,Earn Filcoins,/s-points-v2,button,daily task Go 8,GET,https://client-fat.filbet2025.com,/member/buriedPoint/detailV2,ad_id,,header:t<-authenticated-session;query:ad_id<-page/filter/pagination/default,200,true,"{""type"":""object"",""fields"":[""data"",""status""]}",authenticated client session (t header),none observed,not applicable/read-only,client/member,埋点详情V2-todo,前台/埋点/埋点详情V2-todo.bru,ACTIVE,yes,fat-client-network.json action=earn_filcoins__daily_task_go_8; records=791,,1
client,Filcoins,Earn Filcoins,/s-points-v2,button,daily task Go 8,GET,https://client-fat.filbet2025.com,/member/detail,,,header:t<-authenticated-session,200,true,"{""type"":""object"",""fields"":[""data"",""status""]}",authenticated client session (t header),none observed,not applicable/read-only,client/member,获取会员信息-seven-aliang(20260424),前台/会员信息/获取会员信息-seven-aliang(20260424).bru,ACTIVE,yes,fat-client-network.json action=earn_filcoins__daily_task_go_8; records=794,,1
client,Filcoins,Earn Filcoins,/s-points-v2,button,daily task Go 8,GET,https://client-fat.filbet2025.com,/member/fav/list,page|page_size,,header:t<-authenticated-session;query:page|page_size<-page/filter/pagination/default,200,true,"{""type"":""object"",""fields"":[""data"",""status""]}",authenticated client session (t header),none observed,not applicable/read-only,client/game,游戏收藏列表-light,前台/游戏/游戏收藏列表-light.bru,ACTIVE,yes,fat-client-network.json action=earn_filcoins__daily_task_go_8; records=806,,1
client,Filcoins,Earn Filcoins,/s-points-v2,button,daily task Go 8,GET,https://client-fat.filbet2025.com,/member/fb/list,,,header:t<-authenticated-session,200,true,"{""type"":""object"",""fields"":[""data"",""status""]}",authenticated client session (t header),none observed,not applicable/read-only,client/member,三方登录列表,前台/三方登录/三方登录列表.bru,ACTIVE,yes,fat-client-network.json action=earn_filcoins__daily_task_go_8; records=796,,1
client,Filcoins,Earn Filcoins,/s-points-v2,button,daily task Go 8,GET,https://client-fat.filbet2025.com,/member/filcoin/balance,,,header:t<-authenticated-session,200,true,"{""type"":""object"",""fields"":[""data"",""status""]}",authenticated client session (t header),none observed,not applicable/read-only,client/member,代币余额 - felix,前台/商城/代币余额 - felix.bru,ACTIVE,yes,fat-client-network.json action=earn_filcoins__daily_task_go_8; records=798,,1
client,Filcoins,Earn Filcoins,/s-points-v2,button,daily task Go 8,GET,https://client-fat.filbet2025.com,/member/home/sections,brand,,header:t<-authenticated-session;query:brand<-page/filter/pagination/default,200,true,"{""type"":""object"",""fields"":[""data"",""status""]}",authenticated client session (t header),none observed,not applicable/read-only,client/member,首页板块列表,前台/首页/首页板块列表.bru,ACTIVE,yes,fat-client-network.json action=earn_filcoins__daily_task_go_8; records=822,,1
client,Filcoins,Earn Filcoins,/s-points-v2,button,daily task Go 8,GET,https://client-fat.filbet2025.com,/member/index,,,header:t<-authenticated-session,200,true,"{""type"":""object"",""fields"":[""data"",""status""]}",authenticated client session (t header),none observed,not applicable/read-only,client/game,首页缓存,前台/游戏/首页缓存.bru,ACTIVE,yes,fat-client-network.json action=earn_filcoins__daily_task_go_8; records=786,,1
client,Filcoins,Earn Filcoins,/s-points-v2,button,daily task Go 8,GET,https://client-fat.filbet2025.com,/member/materials/list,material_type_code|platform_code,,header:t<-authenticated-session;query:material_type_code|platform_code<-page/filter/pagination/default,200,true,"{""type"":""object"",""fields"":[""data"",""status""]}",authenticated client session (t header),none observed,not applicable/read-only,client/member,素材列表,前台/素材/素材列表.bru,ACTIVE,yes,fat-client-network.json action=earn_filcoins__daily_task_go_8; records=787|788|789,,3
client,Filcoins,Earn Filcoins,/s-points-v2,button,daily task Go 8,GET,https://client-fat.filbet2025.com,/member/message/has_unread,,,header:t<-authenticated-session,200,true,"{""type"":""object"",""fields"":[""data"",""status""]}",authenticated client session (t header),none observed,not applicable/read-only,client/member,是否有未读信息-todo,前台/站内信/是否有未读信息-todo.bru,ACTIVE,yes,fat-client-network.json action=earn_filcoins__daily_task_go_8; records=827,,1
client,Filcoins,Earn Filcoins,/s-points-v2,button,daily task Go 8,GET,https://client-fat.filbet2025.com,/member/message/popup_list,,,header:t<-authenticated-session,200,true,"{""type"":""object"",""fields"":[""data"",""status""]}",authenticated client session (t header),none observed,not applicable/read-only,client/member,获取弹窗站内信列表-todo,前台/站内信/获取弹窗站内信列表-todo.bru,ACTIVE,yes,fat-client-network.json action=earn_filcoins__daily_task_go_8; records=807,,1
client,Filcoins,Earn Filcoins,/s-points-v2,button,daily task Go 8,GET,https://client-fat.filbet2025.com,/member/v2/index,,,header:t<-authenticated-session,200,true,"{""type"":""object"",""fields"":[""data"",""status""]}",authenticated client session (t header),none observed,not applicable/read-only,client/game,首页缓存v2-owen,前台/游戏/首页缓存v2-owen.bru,ACTIVE,yes,fat-client-network.json action=earn_filcoins__daily_task_go_8; records=785|809|823,,3
client,Filcoins,Earn Filcoins,/s-points-v2,button,daily task Go 8,GET,https://client-fat.filbet2025.com,/promo/blindbox/detail,pid|ym,,header:t<-authenticated-session;query:pid|ym<-page/filter/pagination/default,200,true,"{""type"":""object"",""fields"":[""data"",""status""]}",authenticated client session (t header),none observed,not applicable/read-only,unknown/promo,获取盲盒详情 - felix,活动/盲盒/获取盲盒详情 - felix.bru,MISCLASSIFIED,yes,fat-client-network.json action=earn_filcoins__daily_task_go_8; records=814,,1
client,Filcoins,Earn Filcoins,/s-points-v2,button,daily task Go 8,GET,https://client-fat.filbet2025.com,/promo/blindbox/query/bonus,,,header:t<-authenticated-session,200,true,"{""type"":""object"",""fields"":[""data"",""status""]}",authenticated client session (t header),none observed,not applicable/read-only,unknown/promo,查询盲盒待领取记录,活动/盲盒/查询盲盒待领取记录.bru,MISCLASSIFIED,yes,fat-client-network.json action=earn_filcoins__daily_task_go_8; records=802,,1
client,Filcoins,Earn Filcoins,/s-points-v2,button,daily task Go 8,GET,https://client-fat.filbet2025.com,/promo/deposit/ladder/deposit/conf,,,header:t<-authenticated-session,200,true,"{""type"":""object"",""fields"":[""data"",""status""]}",authenticated client session (t header),none observed,not applicable/read-only,unknown/finance,存款阶梯配置活动,活动/存款阶梯活动/存款阶梯配置活动.bru,MISCLASSIFIED,yes,fat-client-network.json action=earn_filcoins__daily_task_go_8; records=828,,1
client,Filcoins,Earn Filcoins,/s-points-v2,button,daily task Go 8,GET,https://client-fat.filbet2025.com,/promo/filpcard/detail,pid,,header:t<-authenticated-session;query:pid<-page/filter/pagination/default,200,true,"{""type"":""object"",""fields"":[""data"",""status""]}",authenticated client session (t header),none observed,not applicable/read-only,unknown/promo,活动详情,活动/王牌活动/活动详情.bru,MISCLASSIFIED,yes,fat-client-network.json action=earn_filcoins__daily_task_go_8; records=792|810,,2
client,Filcoins,Earn Filcoins,/s-points-v2,button,daily task Go 8,GET,https://client-fat.filbet2025.com,/promo/rotate/bet/detail,is_welfare|pid,,header:t<-authenticated-session;query:is_welfare|pid<-page/filter/pagination/default,200,true,"{""type"":""object"",""fields"":[""data"",""status""]}",authenticated client session (t header),none observed,not applicable/read-only,client/kyc|client/promo|unknown/promo,弹目消息|活动详情|福利详情|详情(老页面),活动/Vip/详情(老页面).bru|活动/kyc送免费旋转/详情(老页面).bru|活动/每日充值+投注阶梯送礼金和旋转次数/弹目消息.bru|活动/每日充值+投注阶梯送礼金和旋转次数/活动详情.bru|活动/每日充值+投注阶梯送礼金和旋转次数/福利详情.bru,ACTIVE,yes,fat-client-network.json action=earn_filcoins__daily_task_go_8; records=826|830,,2
client,Filcoins,Earn Filcoins,/s-points-v2,button,daily task Go 8,GET,https://client-fat.filbet2025.com,/promo/rotate/kyc/detail,,,header:t<-authenticated-session,200,true,"{""type"":""object"",""fields"":[""data"",""status""]}",authenticated client session (t header),none observed,not applicable/read-only,client/kyc,详情,活动/kyc送免费旋转/详情.bru,ACTIVE,yes,fat-client-network.json action=earn_filcoins__daily_task_go_8; records=797|804|813,,3
client,Filcoins,Earn Filcoins,/s-points-v2,button,daily task Go 8,GET,https://client-fat.filbet2025.com,/promo/slot/machine/detail,pid,,header:t<-authenticated-session;query:pid<-page/filter/pagination/default,200,true,"{""type"":""object"",""fields"":[""data"",""status""]}",authenticated client session (t header),none observed,not applicable/read-only,unknown/promo,实时滚动有效投注top100|实时滚动负盈利排行榜|排行榜详情,活动/老虎机排行榜/实时滚动有效投注top100.bru|活动/老虎机排行榜/实时滚动负盈利排行榜.bru|活动/老虎机排行榜/排行榜详情.bru,MISCLASSIFIED,yes,fat-client-network.json action=earn_filcoins__daily_task_go_8; records=808,,1
client,Filcoins,Earn Filcoins,/s-points-v2,button,daily task Go 8,GET,https://client-fat.filbet2025.com,/promo/task/daily/list,,,header:t<-authenticated-session,200,true,"{""type"":""object"",""fields"":[""data"",""status""]}",authenticated client session (t header),none observed,not applicable/read-only,client/promo,日常任务列表-seven,前台/任务中心/日常任务列表-seven.bru,ACTIVE,yes,fat-client-network.json action=earn_filcoins__daily_task_go_8; records=800|816,,2
client,Filcoins,Earn Filcoins,/s-points-v2,button,daily task Go 8,GET,https://client-fat.filbet2025.com,/promo/task/newbie/daily,,,header:t<-authenticated-session,200,true,"{""type"":""object"",""fields"":[""data"",""status""]}",authenticated client session (t header),none observed,not applicable/read-only,client/promo,签到任务详情-seven,前台/任务中心/签到任务详情-seven.bru,ACTIVE,yes,fat-client-network.json action=earn_filcoins__daily_task_go_8; records=801,,1
client,Filcoins,Earn Filcoins,/s-points-v2,button,daily task Go 8,GET,https://client-fat.filbet2025.com,/promo/task/newbie/list,,,header:t<-authenticated-session,200,true,"{""type"":""object"",""fields"":[""data"",""status""]}",authenticated client session (t header),none observed,not applicable/read-only,client/promo,新人任务列表-seven,前台/任务中心/新人任务列表-seven.bru,ACTIVE,yes,fat-client-network.json action=earn_filcoins__daily_task_go_8; records=799|815,,2
client,Filcoins,Earn Filcoins,/s-points-v2,button,daily task Go 8,GET,https://client-fat.filbet2025.com,/promo/turntable/detail,,,header:t<-authenticated-session,200,false,"{""type"":""object"",""fields"":[""data"",""status""]}",authenticated client session (t header),none observed,not applicable/read-only,unknown/promo,活动详情,活动/大转盘活动/活动详情.bru,ACTIVE_FAILED,yes,fat-client-network.json action=earn_filcoins__daily_task_go_8; records=793|811,business status false,2
client,Filcoins,Earn Filcoins,/s-points-v2,button,daily task Go 8,GET,https://client-fat.filbet2025.com,/promo/turntable/num,,,header:t<-authenticated-session,200,true,"{""type"":""object"",""fields"":[""data"",""status""]}",authenticated client session (t header),none observed,not applicable/read-only,unknown/promo,剩余次数,活动/大转盘活动/剩余次数.bru,MISCLASSIFIED,yes,fat-client-network.json action=earn_filcoins__daily_task_go_8; records=812,,1
client,Filcoins,Earn Filcoins,/s-points-v2,button,daily task Go 8,GET,https://client-fat.filbet2025.com,/promo/vip/sign/in/config,,,header:t<-authenticated-session,200,true,"{""type"":""object"",""fields"":[""data"",""status""]}",authenticated client session (t header),none observed,not applicable/read-only,client/promo,签到配置,活动/Vip/签到配置.bru,ACTIVE,yes,fat-client-network.json action=earn_filcoins__daily_task_go_8; records=803,,1
client,Filcoins,Earn Filcoins,/s-points-v2,button,daily task Go 8,GET,https://pwa.filbet.com,/filbet/dev/v20260129/assets/lotties/ace_daily_float_btn.lottie,,,,200,UNAVAILABLE,"{""type"":""object"",""fields"":[""0"",""1"",""10"",""11"",""12"",""13"",""14"",""15"",""2"",""3"",""4"",""5"",""6"",""7"",""8"",""9""]}",guest or no auth header observed,none observed,not applicable/read-only,,,,THIRD_PARTY,yes,fat-client-network.json action=earn_filcoins__daily_task_go_8; records=818|819,,2
client,Filcoins,Earn Filcoins,/s-points-v2,button,daily task Go 8,POST,https://client-fat.filbet2025.com,/member/channel/trackclick,,,header:t<-authenticated-session,200,true,"{""type"":""object"",""fields"":[""data"",""status""]}",authenticated client session (t header),request emitted; no durable business change observed by this discovery action,no state identifier returned or persisted in sanitized evidence,client/member,渠道跟踪点击-todo,前台/渠道/渠道跟踪点击-todo.bru,ACTIVE,yes,fat-client-network.json action=earn_filcoins__daily_task_go_8; records=795,,1
client,Filcoins,Earn Filcoins,/s-points-v2,button,daily task Go 8,POST,https://client-fat.filbet2025.com,/member/game/rank,,game_type|page|page_size|strategy|time_range,body:game_type|page|page_size|strategy|time_range<-form/current-record/default;header:t<-authenticated-session,200,true,"{""type"":""object"",""fields"":[""data"",""status""]}",authenticated client session (t header),request emitted; no durable business change observed by this discovery action,no state identifier returned or persisted in sanitized evidence,client/game,游戏排名-benjie,前台/游戏/游戏排名-benjie.bru,ACTIVE,yes,fat-client-network.json action=earn_filcoins__daily_task_go_8; records=821|825,,2
client,Filcoins,Earn Filcoins,/s-points-v2,button,daily task Go 8,POST,https://web-pp6o4v.opoinstalljs.com,/web/pp6o4v/clientf/init2,av|channelCode|cv|hash|sh|sp|sw,,query:av|channelCode|cv|hash|sh|sp|sw<-page/filter/pagination/default,200,UNAVAILABLE,"""number""",guest or no auth header observed,request emitted; no durable business change observed by this discovery action,no state identifier returned or persisted in sanitized evidence,,,,THIRD_PARTY,yes,fat-client-network.json action=earn_filcoins__daily_task_go_8; records=817,,1
client,Filcoins,Earn Filcoins,/s-points-v2,button,daily task Go 8,POST,https://www.google-analytics.com,/g/collect,_eu|_p|_s|are|cid|dl|dma|dt|en|ep.page_env|frm|gcd|gtm|ngs|npa|pscdl|rcb|sct|seg|sid|sr|tag_exp|tfd|tid|uaa|uab|uafvl|uam|uamb|uap|uapv|uaw|ul|v,,query:_eu|_p|_s|are|cid|dl|dma|dt|en|ep.page_env|frm|gcd|gtm|ngs|npa|pscdl|rcb|sct|seg|sid|sr|tag_exp|tfd|tid|uaa|uab|uafvl|uam|uamb|uap|uapv|uaw|ul|v<-page/filter/pagination/default,204,UNAVAILABLE,"""null""",guest or no auth header observed,request emitted; no durable business change observed by this discovery action,no state identifier returned or persisted in sanitized evidence,,,,THIRD_PARTY,yes,fat-client-network.json action=earn_filcoins__daily_task_go_8; records=790,,1
client,Filcoins,Earn Filcoins,/s-points-v2,button,daily task Go 9,GET,https://client-fat.filbet2025.com,/finance/wallet,,,header:t<-authenticated-session,200,true,"{""type"":""object"",""fields"":[""data"",""status""]}",authenticated client session (t header),none observed,not applicable/read-only,client/finance,会员钱包-wesley,前台/财务/会员钱包-wesley.bru,ACTIVE,yes,fat-client-network.json action=earn_filcoins__daily_task_go_9; records=858,,1
client,Filcoins,Earn Filcoins,/s-points-v2,button,daily task Go 9,GET,https://client-fat.filbet2025.com,/member/buriedPoint/detailV2,ad_id,,header:t<-authenticated-session;query:ad_id<-page/filter/pagination/default,200,true,"{""type"":""object"",""fields"":[""data"",""status""]}",authenticated client session (t header),none observed,not applicable/read-only,client/member,埋点详情V2-todo,前台/埋点/埋点详情V2-todo.bru,ACTIVE,yes,fat-client-network.json action=earn_filcoins__daily_task_go_9; records=847,,1
client,Filcoins,Earn Filcoins,/s-points-v2,button,daily task Go 9,GET,https://client-fat.filbet2025.com,/member/detail,,,header:t<-authenticated-session,200,true,"{""type"":""object"",""fields"":[""data"",""status""]}",authenticated client session (t header),none observed,not applicable/read-only,client/member,获取会员信息-seven-aliang(20260424),前台/会员信息/获取会员信息-seven-aliang(20260424).bru,ACTIVE,yes,fat-client-network.json action=earn_filcoins__daily_task_go_9; records=850,,1
client,Filcoins,Earn Filcoins,/s-points-v2,button,daily task Go 9,GET,https://client-fat.filbet2025.com,/member/fav/list,page|page_size,,header:t<-authenticated-session;query:page|page_size<-page/filter/pagination/default,200,true,"{""type"":""object"",""fields"":[""data"",""status""]}",authenticated client session (t header),none observed,not applicable/read-only,client/game,游戏收藏列表-light,前台/游戏/游戏收藏列表-light.bru,ACTIVE,yes,fat-client-network.json action=earn_filcoins__daily_task_go_9; records=859,,1
client,Filcoins,Earn Filcoins,/s-points-v2,button,daily task Go 9,GET,https://client-fat.filbet2025.com,/member/fb/list,,,header:t<-authenticated-session,200,true,"{""type"":""object"",""fields"":[""data"",""status""]}",authenticated client session (t header),none observed,not applicable/read-only,client/member,三方登录列表,前台/三方登录/三方登录列表.bru,ACTIVE,yes,fat-client-network.json action=earn_filcoins__daily_task_go_9; records=855,,1
client,Filcoins,Earn Filcoins,/s-points-v2,button,daily task Go 9,GET,https://client-fat.filbet2025.com,/member/filcoin/balance,,,header:t<-authenticated-session,200,true,"{""type"":""object"",""fields"":[""data"",""status""]}",authenticated client session (t header),none observed,not applicable/read-only,client/member,代币余额 - felix,前台/商城/代币余额 - felix.bru,ACTIVE,yes,fat-client-network.json action=earn_filcoins__daily_task_go_9; records=836|870,,2
client,Filcoins,Earn Filcoins,/s-points-v2,button,daily task Go 9,GET,https://client-fat.filbet2025.com,/member/index,,,header:t<-authenticated-session,200,true,"{""type"":""object"",""fields"":[""data"",""status""]}",authenticated client session (t header),none observed,not applicable/read-only,client/game,首页缓存,前台/游戏/首页缓存.bru,ACTIVE,yes,fat-client-network.json action=earn_filcoins__daily_task_go_9; records=843,,1
client,Filcoins,Earn Filcoins,/s-points-v2,button,daily task Go 9,GET,https://client-fat.filbet2025.com,/member/materials/list,material_type_code|platform_code,,header:t<-authenticated-session;query:material_type_code|platform_code<-page/filter/pagination/default,200,true,"{""type"":""object"",""fields"":[""data"",""status""]}",authenticated client session (t header),none observed,not applicable/read-only,client/member,素材列表,前台/素材/素材列表.bru,ACTIVE,yes,fat-client-network.json action=earn_filcoins__daily_task_go_9; records=844|845|846,,3
client,Filcoins,Earn Filcoins,/s-points-v2,button,daily task Go 9,GET,https://client-fat.filbet2025.com,/member/message/popup_list,,,header:t<-authenticated-session,200,true,"{""type"":""object"",""fields"":[""data"",""status""]}",authenticated client session (t header),none observed,not applicable/read-only,client/member,获取弹窗站内信列表-todo,前台/站内信/获取弹窗站内信列表-todo.bru,ACTIVE,yes,fat-client-network.json action=earn_filcoins__daily_task_go_9; records=860,,1
client,Filcoins,Earn Filcoins,/s-points-v2,button,daily task Go 9,GET,https://client-fat.filbet2025.com,/member/v2/index,,,header:t<-authenticated-session,200,true,"{""type"":""object"",""fields"":[""data"",""status""]}",authenticated client session (t header),none observed,not applicable/read-only,client/game,首页缓存v2-owen,前台/游戏/首页缓存v2-owen.bru,ACTIVE,yes,fat-client-network.json action=earn_filcoins__daily_task_go_9; records=842|862,,2
client,Filcoins,Earn Filcoins,/s-points-v2,button,daily task Go 9,GET,https://client-fat.filbet2025.com,/promo/blindbox/detail,pid|ym,,header:t<-authenticated-session;query:pid|ym<-page/filter/pagination/default,200,true,"{""type"":""object"",""fields"":[""data"",""status""]}",authenticated client session (t header),none observed,not applicable/read-only,unknown/promo,获取盲盒详情 - felix,活动/盲盒/获取盲盒详情 - felix.bru,MISCLASSIFIED,yes,fat-client-network.json action=earn_filcoins__daily_task_go_9; records=852,,1
client,Filcoins,Earn Filcoins,/s-points-v2,button,daily task Go 9,GET,https://client-fat.filbet2025.com,/promo/blindbox/query/bonus,,,header:t<-authenticated-session,200,true,"{""type"":""object"",""fields"":[""data"",""status""]}",authenticated client session (t header),none observed,not applicable/read-only,unknown/promo,查询盲盒待领取记录,活动/盲盒/查询盲盒待领取记录.bru,MISCLASSIFIED,yes,fat-client-network.json action=earn_filcoins__daily_task_go_9; records=840,,1
client,Filcoins,Earn Filcoins,/s-points-v2,button,daily task Go 9,GET,https://client-fat.filbet2025.com,/promo/filpcard/detail,pid,,header:t<-authenticated-session;query:pid<-page/filter/pagination/default,200,true,"{""type"":""object"",""fields"":[""data"",""status""]}",authenticated client session (t header),none observed,not applicable/read-only,unknown/promo,活动详情,活动/王牌活动/活动详情.bru,MISCLASSIFIED,yes,fat-client-network.json action=earn_filcoins__daily_task_go_9; records=848|863,,2
client,Filcoins,Earn Filcoins,/s-points-v2,button,daily task Go 9,GET,https://client-fat.filbet2025.com,/promo/rotate/kyc/detail,,,header:t<-authenticated-session,200,true,"{""type"":""object"",""fields"":[""data"",""status""]}",authenticated client session (t header),none observed,not applicable/read-only,client/kyc,详情,活动/kyc送免费旋转/详情.bru,ACTIVE,yes,fat-client-network.json action=earn_filcoins__daily_task_go_9; records=856|857|866,,3
client,Filcoins,Earn Filcoins,/s-points-v2,button,daily task Go 9,GET,https://client-fat.filbet2025.com,/promo/slot/machine/detail,pid,,header:t<-authenticated-session;query:pid<-page/filter/pagination/default,200,true,"{""type"":""object"",""fields"":[""data"",""status""]}",authenticated client session (t header),none observed,not applicable/read-only,unknown/promo,实时滚动有效投注top100|实时滚动负盈利排行榜|排行榜详情,活动/老虎机排行榜/实时滚动有效投注top100.bru|活动/老虎机排行榜/实时滚动负盈利排行榜.bru|活动/老虎机排行榜/排行榜详情.bru,MISCLASSIFIED,yes,fat-client-network.json action=earn_filcoins__daily_task_go_9; records=861,,1
client,Filcoins,Earn Filcoins,/s-points-v2,button,daily task Go 9,GET,https://client-fat.filbet2025.com,/promo/task/daily/claim,done_task|ty,,header:t<-authenticated-session;query:done_task|ty<-page/filter/pagination/default,200,true,"{""type"":""object"",""fields"":[""data"",""status""]}",authenticated client session (t header),POTENTIAL_REWARD_CLAIM: endpoint returned business success after clicking Go; durable change not verified,before_state=unavailable; after_state=HTTP 200/business true and page remained /s-points-v2; no closure claimed,client/promo,领取日常任务-seven,前台/任务中心/领取日常任务-seven.bru,ACTIVE,yes,fat-client-network.json action=earn_filcoins__daily_task_go_9; records=868,,1
client,Filcoins,Earn Filcoins,/s-points-v2,button,daily task Go 9,GET,https://client-fat.filbet2025.com,/promo/task/daily/list,,,header:t<-authenticated-session,200,true,"{""type"":""object"",""fields"":[""data"",""status""]}",authenticated client session (t header),none observed,not applicable/read-only,client/promo,日常任务列表-seven,前台/任务中心/日常任务列表-seven.bru,ACTIVE,yes,fat-client-network.json action=earn_filcoins__daily_task_go_9; records=838|854|869,,3
client,Filcoins,Earn Filcoins,/s-points-v2,button,daily task Go 9,GET,https://client-fat.filbet2025.com,/promo/task/newbie/daily,,,header:t<-authenticated-session,200,true,"{""type"":""object"",""fields"":[""data"",""status""]}",authenticated client session (t header),none observed,not applicable/read-only,client/promo,签到任务详情-seven,前台/任务中心/签到任务详情-seven.bru,ACTIVE,yes,fat-client-network.json action=earn_filcoins__daily_task_go_9; records=839,,1
client,Filcoins,Earn Filcoins,/s-points-v2,button,daily task Go 9,GET,https://client-fat.filbet2025.com,/promo/task/newbie/list,,,header:t<-authenticated-session,200,true,"{""type"":""object"",""fields"":[""data"",""status""]}",authenticated client session (t header),none observed,not applicable/read-only,client/promo,新人任务列表-seven,前台/任务中心/新人任务列表-seven.bru,ACTIVE,yes,fat-client-network.json action=earn_filcoins__daily_task_go_9; records=837|853,,2
client,Filcoins,Earn Filcoins,/s-points-v2,button,daily task Go 9,GET,https://client-fat.filbet2025.com,/promo/turntable/detail,,,header:t<-authenticated-session,200,false,"{""type"":""object"",""fields"":[""data"",""status""]}",authenticated client session (t header),none observed,not applicable/read-only,unknown/promo,活动详情,活动/大转盘活动/活动详情.bru,ACTIVE_FAILED,yes,fat-client-network.json action=earn_filcoins__daily_task_go_9; records=849|864,business status false,2
client,Filcoins,Earn Filcoins,/s-points-v2,button,daily task Go 9,GET,https://client-fat.filbet2025.com,/promo/turntable/num,,,header:t<-authenticated-session,200,true,"{""type"":""object"",""fields"":[""data"",""status""]}",authenticated client session (t header),none observed,not applicable/read-only,unknown/promo,剩余次数,活动/大转盘活动/剩余次数.bru,MISCLASSIFIED,yes,fat-client-network.json action=earn_filcoins__daily_task_go_9; records=865,,1
client,Filcoins,Earn Filcoins,/s-points-v2,button,daily task Go 9,GET,https://client-fat.filbet2025.com,/promo/vip/sign/in/config,,,header:t<-authenticated-session,200,true,"{""type"":""object"",""fields"":[""data"",""status""]}",authenticated client session (t header),none observed,not applicable/read-only,client/promo,签到配置,活动/Vip/签到配置.bru,ACTIVE,yes,fat-client-network.json action=earn_filcoins__daily_task_go_9; records=841,,1
client,Filcoins,Earn Filcoins,/s-points-v2,button,daily task Go 9,POST,https://client-fat.filbet2025.com,/member/channel/trackclick,,,header:t<-authenticated-session,200,true,"{""type"":""object"",""fields"":[""data"",""status""]}",authenticated client session (t header),request emitted; no durable business change observed by this discovery action,no state identifier returned or persisted in sanitized evidence,client/member,渠道跟踪点击-todo,前台/渠道/渠道跟踪点击-todo.bru,ACTIVE,yes,fat-client-network.json action=earn_filcoins__daily_task_go_9; records=851,,1
client,Filcoins,Earn Filcoins,/s-points-v2,button,daily task Go 9,POST,https://web-pp6o4v.opoinstalljs.com,/web/pp6o4v/clientf/init2,av|channelCode|cv|hash|sh|sp|sw,,query:av|channelCode|cv|hash|sh|sp|sw<-page/filter/pagination/default,200,UNAVAILABLE,"""number""",guest or no auth header observed,request emitted; no durable business change observed by this discovery action,no state identifier returned or persisted in sanitized evidence,,,,THIRD_PARTY,yes,fat-client-network.json action=earn_filcoins__daily_task_go_9; records=867,,1
client,Filcoins,Earn Filcoins,/s-points-v2,button,daily task Go 9,POST,https://www.google-analytics.com,/g/collect,_eu|_p|_s|are|cid|dl|dma|dt|en|ep.page_env|frm|gcd|gtm|ngs|npa|pscdl|rcb|sct|seg|sid|sr|tag_exp|tfd|tid|uaa|uab|uafvl|uam|uamb|uap|uapv|uaw|ul|v,,query:_eu|_p|_s|are|cid|dl|dma|dt|en|ep.page_env|frm|gcd|gtm|ngs|npa|pscdl|rcb|sct|seg|sid|sr|tag_exp|tfd|tid|uaa|uab|uafvl|uam|uamb|uap|uapv|uaw|ul|v<-page/filter/pagination/default,204,UNAVAILABLE,"""null""",guest or no auth header observed,request emitted; no durable business change observed by this discovery action,no state identifier returned or persisted in sanitized evidence,,,,THIRD_PARTY,yes,fat-client-network.json action=earn_filcoins__daily_task_go_9; records=835,,1
client,Filcoins,Earn Filcoins,/s-points-v2,page,page initialization,GET,https://client-fat.filbet2025.com,/finance/wallet,,,header:t<-authenticated-session,200,true,"{""type"":""object"",""fields"":[""data"",""status""]}",authenticated client session (t header),none observed,not applicable/read-only,client/finance,会员钱包-wesley,前台/财务/会员钱包-wesley.bru,ACTIVE,yes,fat-client-network.json action=earn_filcoins__page_initialization; records=481,,1
client,Filcoins,Earn Filcoins,/s-points-v2,page,page initialization,GET,https://client-fat.filbet2025.com,/member/buriedPoint/detailV2,ad_id,,header:t<-authenticated-session;query:ad_id<-page/filter/pagination/default,200,true,"{""type"":""object"",""fields"":[""data"",""status""]}",authenticated client session (t header),none observed,not applicable/read-only,client/member,埋点详情V2-todo,前台/埋点/埋点详情V2-todo.bru,ACTIVE,yes,fat-client-network.json action=earn_filcoins__page_initialization; records=475,,1
client,Filcoins,Earn Filcoins,/s-points-v2,page,page initialization,GET,https://client-fat.filbet2025.com,/member/detail,,,header:t<-authenticated-session,200,true,"{""type"":""object"",""fields"":[""data"",""status""]}",authenticated client session (t header),none observed,not applicable/read-only,client/member,获取会员信息-seven-aliang(20260424),前台/会员信息/获取会员信息-seven-aliang(20260424).bru,ACTIVE,yes,fat-client-network.json action=earn_filcoins__page_initialization; records=478,,1
client,Filcoins,Earn Filcoins,/s-points-v2,page,page initialization,GET,https://client-fat.filbet2025.com,/member/fav/list,page|page_size,,header:t<-authenticated-session;query:page|page_size<-page/filter/pagination/default,200,true,"{""type"":""object"",""fields"":[""data"",""status""]}",authenticated client session (t header),none observed,not applicable/read-only,client/game,游戏收藏列表-light,前台/游戏/游戏收藏列表-light.bru,ACTIVE,yes,fat-client-network.json action=earn_filcoins__page_initialization; records=482,,1
client,Filcoins,Earn Filcoins,/s-points-v2,page,page initialization,GET,https://client-fat.filbet2025.com,/member/fb/list,,,header:t<-authenticated-session,200,true,"{""type"":""object"",""fields"":[""data"",""status""]}",authenticated client session (t header),none observed,not applicable/read-only,client/member,三方登录列表,前台/三方登录/三方登录列表.bru,ACTIVE,yes,fat-client-network.json action=earn_filcoins__page_initialization; records=468,,1
client,Filcoins,Earn Filcoins,/s-points-v2,page,page initialization,GET,https://client-fat.filbet2025.com,/member/filcoin/balance,,,header:t<-authenticated-session,200,true,"{""type"":""object"",""fields"":[""data"",""status""]}",authenticated client session (t header),none observed,not applicable/read-only,client/member,代币余额 - felix,前台/商城/代币余额 - felix.bru,ACTIVE,yes,fat-client-network.json action=earn_filcoins__page_initialization; records=458,,1
client,Filcoins,Earn Filcoins,/s-points-v2,page,page initialization,GET,https://client-fat.filbet2025.com,/member/index,,,header:t<-authenticated-session,200,true,"{""type"":""object"",""fields"":[""data"",""status""]}",authenticated client session (t header),none observed,not applicable/read-only,client/game,首页缓存,前台/游戏/首页缓存.bru,ACTIVE,yes,fat-client-network.json action=earn_filcoins__page_initialization; records=471,,1
client,Filcoins,Earn Filcoins,/s-points-v2,page,page initialization,GET,https://client-fat.filbet2025.com,/member/materials/list,material_type_code|platform_code,,header:t<-authenticated-session;query:material_type_code|platform_code<-page/filter/pagination/default,200,true,"{""type"":""object"",""fields"":[""data"",""status""]}",authenticated client session (t header),none observed,not applicable/read-only,client/member,素材列表,前台/素材/素材列表.bru,ACTIVE,yes,fat-client-network.json action=earn_filcoins__page_initialization; records=472|473|474,,3
client,Filcoins,Earn Filcoins,/s-points-v2,page,page initialization,GET,https://client-fat.filbet2025.com,/member/message/popup_list,,,header:t<-authenticated-session,200,true,"{""type"":""object"",""fields"":[""data"",""status""]}",authenticated client session (t header),none observed,not applicable/read-only,client/member,获取弹窗站内信列表-todo,前台/站内信/获取弹窗站内信列表-todo.bru,ACTIVE,yes,fat-client-network.json action=earn_filcoins__page_initialization; records=483,,1
client,Filcoins,Earn Filcoins,/s-points-v2,page,page initialization,GET,https://client-fat.filbet2025.com,/member/v2/index,,,header:t<-authenticated-session,200,true,"{""type"":""object"",""fields"":[""data"",""status""]}",authenticated client session (t header),none observed,not applicable/read-only,client/game,首页缓存v2-owen,前台/游戏/首页缓存v2-owen.bru,ACTIVE,yes,fat-client-network.json action=earn_filcoins__page_initialization; records=470|485,,2
client,Filcoins,Earn Filcoins,/s-points-v2,page,page initialization,GET,https://client-fat.filbet2025.com,/promo/blindbox/detail,pid|ym,,header:t<-authenticated-session;query:pid|ym<-page/filter/pagination/default,200,true,"{""type"":""object"",""fields"":[""data"",""status""]}",authenticated client session (t header),none observed,not applicable/read-only,unknown/promo,获取盲盒详情 - felix,活动/盲盒/获取盲盒详情 - felix.bru,MISCLASSIFIED,yes,fat-client-network.json action=earn_filcoins__page_initialization; records=465,,1
client,Filcoins,Earn Filcoins,/s-points-v2,page,page initialization,GET,https://client-fat.filbet2025.com,/promo/blindbox/query/bonus,,,header:t<-authenticated-session,200,true,"{""type"":""object"",""fields"":[""data"",""status""]}",authenticated client session (t header),none observed,not applicable/read-only,unknown/promo,查询盲盒待领取记录,活动/盲盒/查询盲盒待领取记录.bru,MISCLASSIFIED,yes,fat-client-network.json action=earn_filcoins__page_initialization; records=462,,1
client,Filcoins,Earn Filcoins,/s-points-v2,page,page initialization,GET,https://client-fat.filbet2025.com,/promo/filpcard/detail,pid,,header:t<-authenticated-session;query:pid<-page/filter/pagination/default,200,true,"{""type"":""object"",""fields"":[""data"",""status""]}",authenticated client session (t header),none observed,not applicable/read-only,unknown/promo,活动详情,活动/王牌活动/活动详情.bru,MISCLASSIFIED,yes,fat-client-network.json action=earn_filcoins__page_initialization; records=476|486,,2
client,Filcoins,Earn Filcoins,/s-points-v2,page,page initialization,GET,https://client-fat.filbet2025.com,/promo/rotate/kyc/detail,,,header:t<-authenticated-session,200,true,"{""type"":""object"",""fields"":[""data"",""status""]}",authenticated client session (t header),none observed,not applicable/read-only,client/kyc,详情,活动/kyc送免费旋转/详情.bru,ACTIVE,yes,fat-client-network.json action=earn_filcoins__page_initialization; records=469|480|489,,3
client,Filcoins,Earn Filcoins,/s-points-v2,page,page initialization,GET,https://client-fat.filbet2025.com,/promo/slot/machine/detail,pid,,header:t<-authenticated-session;query:pid<-page/filter/pagination/default,200,true,"{""type"":""object"",""fields"":[""data"",""status""]}",authenticated client session (t header),none observed,not applicable/read-only,unknown/promo,实时滚动有效投注top100|实时滚动负盈利排行榜|排行榜详情,活动/老虎机排行榜/实时滚动有效投注top100.bru|活动/老虎机排行榜/实时滚动负盈利排行榜.bru|活动/老虎机排行榜/排行榜详情.bru,MISCLASSIFIED,yes,fat-client-network.json action=earn_filcoins__page_initialization; records=484,,1
client,Filcoins,Earn Filcoins,/s-points-v2,page,page initialization,GET,https://client-fat.filbet2025.com,/promo/task/daily/list,,,header:t<-authenticated-session,200,true,"{""type"":""object"",""fields"":[""data"",""status""]}",authenticated client session (t header),none observed,not applicable/read-only,client/promo,日常任务列表-seven,前台/任务中心/日常任务列表-seven.bru,ACTIVE,yes,fat-client-network.json action=earn_filcoins__page_initialization; records=460|467,,2
client,Filcoins,Earn Filcoins,/s-points-v2,page,page initialization,GET,https://client-fat.filbet2025.com,/promo/task/newbie/daily,,,header:t<-authenticated-session,200,true,"{""type"":""object"",""fields"":[""data"",""status""]}",authenticated client session (t header),none observed,not applicable/read-only,client/promo,签到任务详情-seven,前台/任务中心/签到任务详情-seven.bru,ACTIVE,yes,fat-client-network.json action=earn_filcoins__page_initialization; records=461,,1
client,Filcoins,Earn Filcoins,/s-points-v2,page,page initialization,GET,https://client-fat.filbet2025.com,/promo/task/newbie/list,,,header:t<-authenticated-session,200,true,"{""type"":""object"",""fields"":[""data"",""status""]}",authenticated client session (t header),none observed,not applicable/read-only,client/promo,新人任务列表-seven,前台/任务中心/新人任务列表-seven.bru,ACTIVE,yes,fat-client-network.json action=earn_filcoins__page_initialization; records=459|466,,2
client,Filcoins,Earn Filcoins,/s-points-v2,page,page initialization,GET,https://client-fat.filbet2025.com,/promo/turntable/detail,,,header:t<-authenticated-session,200,false,"{""type"":""object"",""fields"":[""data"",""status""]}",authenticated client session (t header),none observed,not applicable/read-only,unknown/promo,活动详情,活动/大转盘活动/活动详情.bru,ACTIVE_FAILED,yes,fat-client-network.json action=earn_filcoins__page_initialization; records=477|487,business status false,2
client,Filcoins,Earn Filcoins,/s-points-v2,page,page initialization,GET,https://client-fat.filbet2025.com,/promo/turntable/num,,,header:t<-authenticated-session,200,true,"{""type"":""object"",""fields"":[""data"",""status""]}",authenticated client session (t header),none observed,not applicable/read-only,unknown/promo,剩余次数,活动/大转盘活动/剩余次数.bru,MISCLASSIFIED,yes,fat-client-network.json action=earn_filcoins__page_initialization; records=488,,1
client,Filcoins,Earn Filcoins,/s-points-v2,page,page initialization,GET,https://client-fat.filbet2025.com,/promo/vip/sign/in/config,,,header:t<-authenticated-session,200,true,"{""type"":""object"",""fields"":[""data"",""status""]}",authenticated client session (t header),none observed,not applicable/read-only,client/promo,签到配置,活动/Vip/签到配置.bru,ACTIVE,yes,fat-client-network.json action=earn_filcoins__page_initialization; records=463,,1
client,Filcoins,Earn Filcoins,/s-points-v2,page,page initialization,GET,https://www.googletagmanager.com,/td,bt|ct|dl|exp|frm|gtm|hlo|id|jsp|lst|pid|rtg|seq|slo|t|tdp|v|z,,query:bt|ct|dl|exp|frm|gtm|hlo|id|jsp|lst|pid|rtg|seq|slo|t|tdp|v|z<-page/filter/pagination/default,204,UNAVAILABLE,"""null""",guest or no auth header observed,none observed,not applicable/read-only,,,,THIRD_PARTY,yes,fat-client-network.json action=earn_filcoins__page_initialization; records=456,,1
client,Filcoins,Earn Filcoins,/s-points-v2,page,page initialization,POST,https://client-fat.filbet2025.com,/member/channel/trackclick,,,header:t<-authenticated-session,200,true,"{""type"":""object"",""fields"":[""data"",""status""]}",authenticated client session (t header),request emitted; no durable business change observed by this discovery action,no state identifier returned or persisted in sanitized evidence,client/member,渠道跟踪点击-todo,前台/渠道/渠道跟踪点击-todo.bru,ACTIVE,yes,fat-client-network.json action=earn_filcoins__page_initialization; records=479,,1
client,Filcoins,Earn Filcoins,/s-points-v2,page,page initialization,POST,https://web-pp6o4v.opoinstalljs.com,/web/pp6o4v/clientf/init2,av|channelCode|cv|hash|sh|sp|sw,,query:av|channelCode|cv|hash|sh|sp|sw<-page/filter/pagination/default,200,UNAVAILABLE,"""number""",guest or no auth header observed,request emitted; no durable business change observed by this discovery action,no state identifier returned or persisted in sanitized evidence,,,,THIRD_PARTY,yes,fat-client-network.json action=earn_filcoins__page_initialization; records=490,,1
client,Filcoins,Filcoins Mall,/s-points-v2,page,page initialization,GET,https://client-fat.filbet2025.com,/finance/wallet,,,header:t<-authenticated-session,200,true,"{""type"":""object"",""fields"":[""data"",""status""]}",authenticated client session (t header),none observed,not applicable/read-only,client/finance,会员钱包-wesley,前台/财务/会员钱包-wesley.bru,ACTIVE,yes,fat-client-network.json action=filcoins_mall__page_initialization; records=902,,1
client,Filcoins,Filcoins Mall,/s-points-v2,page,page initialization,GET,https://client-fat.filbet2025.com,/member/buriedPoint/detailV2,ad_id,,header:t<-authenticated-session;query:ad_id<-page/filter/pagination/default,200,true,"{""type"":""object"",""fields"":[""data"",""status""]}",authenticated client session (t header),none observed,not applicable/read-only,client/member,埋点详情V2-todo,前台/埋点/埋点详情V2-todo.bru,ACTIVE,yes,fat-client-network.json action=filcoins_mall__page_initialization; records=891,,1
client,Filcoins,Filcoins Mall,/s-points-v2,page,page initialization,GET,https://client-fat.filbet2025.com,/member/detail,,,header:t<-authenticated-session,200,true,"{""type"":""object"",""fields"":[""data"",""status""]}",authenticated client session (t header),none observed,not applicable/read-only,client/member,获取会员信息-seven-aliang(20260424),前台/会员信息/获取会员信息-seven-aliang(20260424).bru,ACTIVE,yes,fat-client-network.json action=filcoins_mall__page_initialization; records=894,,1
client,Filcoins,Filcoins Mall,/s-points-v2,page,page initialization,GET,https://client-fat.filbet2025.com,/member/fav/list,page|page_size,,header:t<-authenticated-session;query:page|page_size<-page/filter/pagination/default,200,true,"{""type"":""object"",""fields"":[""data"",""status""]}",authenticated client session (t header),none observed,not applicable/read-only,client/game,游戏收藏列表-light,前台/游戏/游戏收藏列表-light.bru,ACTIVE,yes,fat-client-network.json action=filcoins_mall__page_initialization; records=903,,1
client,Filcoins,Filcoins Mall,/s-points-v2,page,page initialization,GET,https://client-fat.filbet2025.com,/member/fb/list,,,header:t<-authenticated-session,200,true,"{""type"":""object"",""fields"":[""data"",""status""]}",authenticated client session (t header),none observed,not applicable/read-only,client/member,三方登录列表,前台/三方登录/三方登录列表.bru,ACTIVE,yes,fat-client-network.json action=filcoins_mall__page_initialization; records=899,,1
client,Filcoins,Filcoins Mall,/s-points-v2,page,page initialization,GET,https://client-fat.filbet2025.com,/member/filcoin/balance,,,header:t<-authenticated-session,200,true,"{""type"":""object"",""fields"":[""data"",""status""]}",authenticated client session (t header),none observed,not applicable/read-only,client/member,代币余额 - felix,前台/商城/代币余额 - felix.bru,ACTIVE,yes,fat-client-network.json action=filcoins_mall__page_initialization; records=884,,1
client,Filcoins,Filcoins Mall,/s-points-v2,page,page initialization,GET,https://client-fat.filbet2025.com,/member/index,,,header:t<-authenticated-session,200,true,"{""type"":""object"",""fields"":[""data"",""status""]}",authenticated client session (t header),none observed,not applicable/read-only,client/game,首页缓存,前台/游戏/首页缓存.bru,ACTIVE,yes,fat-client-network.json action=filcoins_mall__page_initialization; records=880,,1
client,Filcoins,Filcoins Mall,/s-points-v2,page,page initialization,GET,https://client-fat.filbet2025.com,/member/materials/list,material_type_code|platform_code,,header:t<-authenticated-session;query:material_type_code|platform_code<-page/filter/pagination/default,200,true,"{""type"":""object"",""fields"":[""data"",""status""]}",authenticated client session (t header),none observed,not applicable/read-only,client/member,素材列表,前台/素材/素材列表.bru,ACTIVE,yes,fat-client-network.json action=filcoins_mall__page_initialization; records=881|882|883,,3
client,Filcoins,Filcoins Mall,/s-points-v2,page,page initialization,GET,https://client-fat.filbet2025.com,/member/message/popup_list,,,header:t<-authenticated-session,200,true,"{""type"":""object"",""fields"":[""data"",""status""]}",authenticated client session (t header),none observed,not applicable/read-only,client/member,获取弹窗站内信列表-todo,前台/站内信/获取弹窗站内信列表-todo.bru,ACTIVE,yes,fat-client-network.json action=filcoins_mall__page_initialization; records=904,,1
client,Filcoins,Filcoins Mall,/s-points-v2,page,page initialization,GET,https://client-fat.filbet2025.com,/member/v2/index,,,header:t<-authenticated-session,200,true,"{""type"":""object"",""fields"":[""data"",""status""]}",authenticated client session (t header),none observed,not applicable/read-only,client/game,首页缓存v2-owen,前台/游戏/首页缓存v2-owen.bru,ACTIVE,yes,fat-client-network.json action=filcoins_mall__page_initialization; records=879|906,,2
client,Filcoins,Filcoins Mall,/s-points-v2,page,page initialization,GET,https://client-fat.filbet2025.com,/promo/blindbox/detail,pid|ym,,header:t<-authenticated-session;query:pid|ym<-page/filter/pagination/default,200,true,"{""type"":""object"",""fields"":[""data"",""status""]}",authenticated client session (t header),none observed,not applicable/read-only,unknown/promo,获取盲盒详情 - felix,活动/盲盒/获取盲盒详情 - felix.bru,MISCLASSIFIED,yes,fat-client-network.json action=filcoins_mall__page_initialization; records=896,,1
client,Filcoins,Filcoins Mall,/s-points-v2,page,page initialization,GET,https://client-fat.filbet2025.com,/promo/blindbox/query/bonus,,,header:t<-authenticated-session,200,true,"{""type"":""object"",""fields"":[""data"",""status""]}",authenticated client session (t header),none observed,not applicable/read-only,unknown/promo,查询盲盒待领取记录,活动/盲盒/查询盲盒待领取记录.bru,MISCLASSIFIED,yes,fat-client-network.json action=filcoins_mall__page_initialization; records=888,,1
client,Filcoins,Filcoins Mall,/s-points-v2,page,page initialization,GET,https://client-fat.filbet2025.com,/promo/filpcard/detail,pid,,header:t<-authenticated-session;query:pid<-page/filter/pagination/default,200,true,"{""type"":""object"",""fields"":[""data"",""status""]}",authenticated client session (t header),none observed,not applicable/read-only,unknown/promo,活动详情,活动/王牌活动/活动详情.bru,MISCLASSIFIED,yes,fat-client-network.json action=filcoins_mall__page_initialization; records=892|907,,2
client,Filcoins,Filcoins Mall,/s-points-v2,page,page initialization,GET,https://client-fat.filbet2025.com,/promo/rotate/kyc/detail,,,header:t<-authenticated-session,200,true,"{""type"":""object"",""fields"":[""data"",""status""]}",authenticated client session (t header),none observed,not applicable/read-only,client/kyc,详情,活动/kyc送免费旋转/详情.bru,ACTIVE,yes,fat-client-network.json action=filcoins_mall__page_initialization; records=900|901|910,,3
client,Filcoins,Filcoins Mall,/s-points-v2,page,page initialization,GET,https://client-fat.filbet2025.com,/promo/slot/machine/detail,pid,,header:t<-authenticated-session;query:pid<-page/filter/pagination/default,200,true,"{""type"":""object"",""fields"":[""data"",""status""]}",authenticated client session (t header),none observed,not applicable/read-only,unknown/promo,实时滚动有效投注top100|实时滚动负盈利排行榜|排行榜详情,活动/老虎机排行榜/实时滚动有效投注top100.bru|活动/老虎机排行榜/实时滚动负盈利排行榜.bru|活动/老虎机排行榜/排行榜详情.bru,MISCLASSIFIED,yes,fat-client-network.json action=filcoins_mall__page_initialization; records=905,,1
client,Filcoins,Filcoins Mall,/s-points-v2,page,page initialization,GET,https://client-fat.filbet2025.com,/promo/task/daily/list,,,header:t<-authenticated-session,200,true,"{""type"":""object"",""fields"":[""data"",""status""]}",authenticated client session (t header),none observed,not applicable/read-only,client/promo,日常任务列表-seven,前台/任务中心/日常任务列表-seven.bru,ACTIVE,yes,fat-client-network.json action=filcoins_mall__page_initialization; records=886|898,,2
client,Filcoins,Filcoins Mall,/s-points-v2,page,page initialization,GET,https://client-fat.filbet2025.com,/promo/task/newbie/daily,,,header:t<-authenticated-session,200,true,"{""type"":""object"",""fields"":[""data"",""status""]}",authenticated client session (t header),none observed,not applicable/read-only,client/promo,签到任务详情-seven,前台/任务中心/签到任务详情-seven.bru,ACTIVE,yes,fat-client-network.json action=filcoins_mall__page_initialization; records=887,,1
client,Filcoins,Filcoins Mall,/s-points-v2,page,page initialization,GET,https://client-fat.filbet2025.com,/promo/task/newbie/list,,,header:t<-authenticated-session,200,true,"{""type"":""object"",""fields"":[""data"",""status""]}",authenticated client session (t header),none observed,not applicable/read-only,client/promo,新人任务列表-seven,前台/任务中心/新人任务列表-seven.bru,ACTIVE,yes,fat-client-network.json action=filcoins_mall__page_initialization; records=885|897,,2
client,Filcoins,Filcoins Mall,/s-points-v2,page,page initialization,GET,https://client-fat.filbet2025.com,/promo/turntable/detail,,,header:t<-authenticated-session,200,false,"{""type"":""object"",""fields"":[""data"",""status""]}",authenticated client session (t header),none observed,not applicable/read-only,unknown/promo,活动详情,活动/大转盘活动/活动详情.bru,ACTIVE_FAILED,yes,fat-client-network.json action=filcoins_mall__page_initialization; records=893|908,business status false,2
client,Filcoins,Filcoins Mall,/s-points-v2,page,page initialization,GET,https://client-fat.filbet2025.com,/promo/turntable/num,,,header:t<-authenticated-session,200,true,"{""type"":""object"",""fields"":[""data"",""status""]}",authenticated client session (t header),none observed,not applicable/read-only,unknown/promo,剩余次数,活动/大转盘活动/剩余次数.bru,MISCLASSIFIED,yes,fat-client-network.json action=filcoins_mall__page_initialization; records=909,,1
client,Filcoins,Filcoins Mall,/s-points-v2,page,page initialization,GET,https://client-fat.filbet2025.com,/promo/vip/sign/in/config,,,header:t<-authenticated-session,200,true,"{""type"":""object"",""fields"":[""data"",""status""]}",authenticated client session (t header),none observed,not applicable/read-only,client/promo,签到配置,活动/Vip/签到配置.bru,ACTIVE,yes,fat-client-network.json action=filcoins_mall__page_initialization; records=889,,1
client,Filcoins,Filcoins Mall,/s-points-v2,page,page initialization,POST,https://client-fat.filbet2025.com,/member/channel/trackclick,,,header:t<-authenticated-session,200,true,"{""type"":""object"",""fields"":[""data"",""status""]}",authenticated client session (t header),request emitted; no durable business change observed by this discovery action,no state identifier returned or persisted in sanitized evidence,client/member,渠道跟踪点击-todo,前台/渠道/渠道跟踪点击-todo.bru,ACTIVE,yes,fat-client-network.json action=filcoins_mall__page_initialization; records=895,,1
client,Filcoins,Filcoins Mall,/s-points-v2,page,page initialization,POST,https://web-pp6o4v.opoinstalljs.com,/web/pp6o4v/clientf/init2,av|channelCode|cv|hash|sh|sp|sw,,query:av|channelCode|cv|hash|sh|sp|sw<-page/filter/pagination/default,200,UNAVAILABLE,"""number""",guest or no auth header observed,request emitted; no durable business change observed by this discovery action,no state identifier returned or persisted in sanitized evidence,,,,THIRD_PARTY,yes,fat-client-network.json action=filcoins_mall__page_initialization; records=911,,1
client,Filcoins,Filcoins Mall,/s-points-v2,page,page initialization,POST,https://www.google-analytics.com,/g/collect,_eu|_p|_s|are|cid|dl|dma|dt|en|ep.page_env|frm|gcd|gtm|ngs|npa|pscdl|rcb|sct|seg|sid|sr|tag_exp|tfd|tid|uaa|uab|uafvl|uam|uamb|uap|uapv|uaw|ul|v,,query:_eu|_p|_s|are|cid|dl|dma|dt|en|ep.page_env|frm|gcd|gtm|ngs|npa|pscdl|rcb|sct|seg|sid|sr|tag_exp|tfd|tid|uaa|uab|uafvl|uam|uamb|uap|uapv|uaw|ul|v<-page/filter/pagination/default,204,UNAVAILABLE,"""null""",guest or no auth header observed,request emitted; no durable business change observed by this discovery action,no state identifier returned or persisted in sanitized evidence,,,,THIRD_PARTY,yes,fat-client-network.json action=filcoins_mall__page_initialization; records=890,,1
client,Filcoins,Filcoins Mall,/s-points-v2,page,page initialization,POST,https://www.google.com,/ccm/collect,apvc|dl|dma|dr|en|ep.currency|epn.value|fmt|frm|gcd|gtm|navt|npa|rcb|rnd|scrsrc|tag_exp|tfd|tft|tid|tids|top,,query:apvc|dl|dma|dr|en|ep.currency|epn.value|fmt|frm|gcd|gtm|navt|npa|rcb|rnd|scrsrc|tag_exp|tfd|tft|tid|tids|top<-page/filter/pagination/default;query:apvc|dl|dma|dr|en|fmt|frm|gcd|gtm|navt|npa|rcb|rnd|scrsrc|tag_exp|tfd|tft|tid|tids|top<-page/filter/pagination/default,200,UNAVAILABLE,,guest or no auth header observed,request emitted; no durable business change observed by this discovery action,no state identifier returned or persisted in sanitized evidence,,,,THIRD_PARTY,yes,fat-client-network.json action=filcoins_mall__page_initialization; records=876|877,business status false,2
client,Filcoins,Filcoins Mall,/s-points-v2,page,page initialization,POST,https://www.google.com,/rmkt/collect/{id}/,async|bg|currency_code|cv|data|dma|en|ept|fmt|frm|fst|gcd|gcp|gtm|guid|hn|label|npa|pscdl|random|rcb|ref|tag_exp|top|u_h|u_w|uaa|uab|uafvl|uam|uamb|uap|uapv|uaw|url|value,,query:async|bg|currency_code|cv|data|dma|en|ept|fmt|frm|fst|gcd|gcp|gtm|guid|hn|label|npa|pscdl|random|rcb|ref|tag_exp|top|u_h|u_w|uaa|uab|uafvl|uam|uamb|uap|uapv|uaw|url|value<-page/filter/pagination/default;query:async|bg|cv|data|dma|en|ept|fmt|frm|fst|gcd|gcp|gtm|guid|hn|npa|pscdl|random|rcb|ref|tag_exp|top|u_h|u_w|uaa|uab|uafvl|uam|uamb|uap|uapv|uaw|url<-page/filter/pagination/default,200,UNAVAILABLE,,guest or no auth header observed,request emitted; no durable business change observed by this discovery action,no state identifier returned or persisted in sanitized evidence,,,,THIRD_PARTY,yes,fat-client-network.json action=filcoins_mall__page_initialization; records=874|875,business status false,2
client,Filcoins,Filcoins Mall,/s-points-v2,button,primary navigation/action,GET,https://client-fat.filbet2025.com,/member/goods/list,page|page_size|points_range|sort,,header:t<-authenticated-session;query:page|page_size|points_range|sort<-page/filter/pagination/default,200,true,"{""type"":""object"",""fields"":[""data"",""status""]}",authenticated client session (t header),none observed,not applicable/read-only,client/member,商品列表 - felix,前台/商城/商品列表 - felix.bru,ACTIVE,yes,fat-client-network.json action=filcoins_mall__primary_navigation_action; records=912,,1
client,Filcoins,Filcoins Mall,/s-points-v2,filter,select All Filcoins range,POST,https://www.google-analytics.com,/g/collect,_eu|_p|_s|ae|are|cid|dl|dma|dt|frm|gcd|gtm|ngs|npa|pscdl|rcb|sct|seg|sid|sr|tag_exp|tfd|tid|uaa|uab|uafvl|uam|uamb|uap|uapv|uaw|ul|v,,query:_eu|_p|_s|ae|are|cid|dl|dma|dt|frm|gcd|gtm|ngs|npa|pscdl|rcb|sct|seg|sid|sr|tag_exp|tfd|tid|uaa|uab|uafvl|uam|uamb|uap|uapv|uaw|ul|v<-page/filter/pagination/default,204,UNAVAILABLE,"""null""",guest or no auth header observed,request emitted; no durable business change observed by this discovery action,no state identifier returned or persisted in sanitized evidence,,,,THIRD_PARTY,yes,fat-client-network.json action=filcoins_mall__select_all_filcoins_range; records=913,,1
client,Game,Game,/s-game-category-v2/gameType/3,filter,open Providers,GET,https://client-fat.filbet2025.com,/member/game/listRw,game_types|is_hot|is_new|page|page_size|query|sort|venues,,header:t<-authenticated-session;query:game_types|is_hot|is_new|page|page_size|query|sort|venues<-page/filter/pagination/default,200,true,"{""type"":""object"",""fields"":[""data"",""status""]}",authenticated client session (t header),none observed,not applicable/read-only,client/game,游戏查询语句组合-benjie,前台/游戏/游戏查询语句组合-benjie.bru,ACTIVE,yes,fat-client-network.json action=game__open_providers; records=957,,1
client,Game,Game,/s-game-category-v2/gameType/3,filter,open Sort By,GET,https://client-fat.filbet2025.com,/member/game/listRw,game_types|is_hot|is_new|page|page_size|query|sort|venues,,header:t<-authenticated-session;query:game_types|is_hot|is_new|page|page_size|query|sort|venues<-page/filter/pagination/default,200,true,"{""type"":""object"",""fields"":[""data"",""status""]}",authenticated client session (t header),none observed,not applicable/read-only,client/game,游戏查询语句组合-benjie,前台/游戏/游戏查询语句组合-benjie.bru,ACTIVE,yes,fat-client-network.json action=game__open_sort_by; records=955,,1
client,Game,Game,/s-game-category-v2/gameType/3,page,page initialization,GET,https://client-fat.filbet2025.com,/finance/wallet,,,header:t<-authenticated-session,200,true,"{""type"":""object"",""fields"":[""data"",""status""]}",authenticated client session (t header),none observed,not applicable/read-only,client/finance,会员钱包-wesley,前台/财务/会员钱包-wesley.bru,ACTIVE,yes,fat-client-network.json action=game__page_initialization; records=936,,1
client,Game,Game,/s-game-category-v2/gameType/3,page,page initialization,GET,https://client-fat.filbet2025.com,/member/buriedPoint/detailV2,ad_id,,header:t<-authenticated-session;query:ad_id<-page/filter/pagination/default,200,true,"{""type"":""object"",""fields"":[""data"",""status""]}",authenticated client session (t header),none observed,not applicable/read-only,client/member,埋点详情V2-todo,前台/埋点/埋点详情V2-todo.bru,ACTIVE,yes,fat-client-network.json action=game__page_initialization; records=927,,1
client,Game,Game,/s-game-category-v2/gameType/3,page,page initialization,GET,https://client-fat.filbet2025.com,/member/detail,,,header:t<-authenticated-session,200,true,"{""type"":""object"",""fields"":[""data"",""status""]}",authenticated client session (t header),none observed,not applicable/read-only,client/member,获取会员信息-seven-aliang(20260424),前台/会员信息/获取会员信息-seven-aliang(20260424).bru,ACTIVE,yes,fat-client-network.json action=game__page_initialization; records=930,,1
client,Game,Game,/s-game-category-v2/gameType/3,page,page initialization,GET,https://client-fat.filbet2025.com,/member/fav/list,page|page_size,,header:t<-authenticated-session;query:page|page_size<-page/filter/pagination/default,200,true,"{""type"":""object"",""fields"":[""data"",""status""]}",authenticated client session (t header),none observed,not applicable/read-only,client/game,游戏收藏列表-light,前台/游戏/游戏收藏列表-light.bru,ACTIVE,yes,fat-client-network.json action=game__page_initialization; records=937,,1
client,Game,Game,/s-game-category-v2/gameType/3,page,page initialization,GET,https://client-fat.filbet2025.com,/member/fb/list,,,header:t<-authenticated-session,200,true,"{""type"":""object"",""fields"":[""data"",""status""]}",authenticated client session (t header),none observed,not applicable/read-only,client/member,三方登录列表,前台/三方登录/三方登录列表.bru,ACTIVE,yes,fat-client-network.json action=game__page_initialization; records=933,,1
client,Game,Game,/s-game-category-v2/gameType/3,page,page initialization,GET,https://client-fat.filbet2025.com,/member/game/listRw,game_types|is_hot|is_new|page|page_size|query|sort|venues,,header:t<-authenticated-session;query:game_types|is_hot|is_new|page|page_size|query|sort|venues<-page/filter/pagination/default,200,true,"{""type"":""object"",""fields"":[""data"",""status""]}",authenticated client session (t header),none observed,not applicable/read-only,client/game,游戏查询语句组合-benjie,前台/游戏/游戏查询语句组合-benjie.bru,ACTIVE,yes,fat-client-network.json action=game__page_initialization; records=923,,1
client,Game,Game,/s-game-category-v2/gameType/3,page,page initialization,GET,https://client-fat.filbet2025.com,/member/index,,,header:t<-authenticated-session,200,true,"{""type"":""object"",""fields"":[""data"",""status""]}",authenticated client session (t header),none observed,not applicable/read-only,client/game,首页缓存,前台/游戏/首页缓存.bru,ACTIVE,yes,fat-client-network.json action=game__page_initialization; records=919,,1
client,Game,Game,/s-game-category-v2/gameType/3,page,page initialization,GET,https://client-fat.filbet2025.com,/member/materials/list,material_type_code|platform_code,,header:t<-authenticated-session;query:material_type_code|platform_code<-page/filter/pagination/default,200,true,"{""type"":""object"",""fields"":[""data"",""status""]}",authenticated client session (t header),none observed,not applicable/read-only,client/member,素材列表,前台/素材/素材列表.bru,ACTIVE,yes,fat-client-network.json action=game__page_initialization; records=920|921|922,,3
client,Game,Game,/s-game-category-v2/gameType/3,page,page initialization,GET,https://client-fat.filbet2025.com,/member/message/popup_list,,,header:t<-authenticated-session,200,true,"{""type"":""object"",""fields"":[""data"",""status""]}",authenticated client session (t header),none observed,not applicable/read-only,client/member,获取弹窗站内信列表-todo,前台/站内信/获取弹窗站内信列表-todo.bru,ACTIVE,yes,fat-client-network.json action=game__page_initialization; records=938,,1
client,Game,Game,/s-game-category-v2/gameType/3,page,page initialization,GET,https://client-fat.filbet2025.com,/member/v2/index,,,header:t<-authenticated-session,200,true,"{""type"":""object"",""fields"":[""data"",""status""]}",authenticated client session (t header),none observed,not applicable/read-only,client/game,首页缓存v2-owen,前台/游戏/首页缓存v2-owen.bru,ACTIVE,yes,fat-client-network.json action=game__page_initialization; records=918|940,,2
client,Game,Game,/s-game-category-v2/gameType/3,page,page initialization,GET,https://client-fat.filbet2025.com,/promo/blindbox/detail,pid|ym,,header:t<-authenticated-session;query:pid|ym<-page/filter/pagination/default,200,true,"{""type"":""object"",""fields"":[""data"",""status""]}",authenticated client session (t header),none observed,not applicable/read-only,unknown/promo,获取盲盒详情 - felix,活动/盲盒/获取盲盒详情 - felix.bru,MISCLASSIFIED,yes,fat-client-network.json action=game__page_initialization; records=932,,1
client,Game,Game,/s-game-category-v2/gameType/3,page,page initialization,GET,https://client-fat.filbet2025.com,/promo/blindbox/query/bonus,,,header:t<-authenticated-session,200,true,"{""type"":""object"",""fields"":[""data"",""status""]}",authenticated client session (t header),none observed,not applicable/read-only,unknown/promo,查询盲盒待领取记录,活动/盲盒/查询盲盒待领取记录.bru,MISCLASSIFIED,yes,fat-client-network.json action=game__page_initialization; records=924,,1
client,Game,Game,/s-game-category-v2/gameType/3,page,page initialization,GET,https://client-fat.filbet2025.com,/promo/filpcard/detail,pid,,header:t<-authenticated-session;query:pid<-page/filter/pagination/default,200,true,"{""type"":""object"",""fields"":[""data"",""status""]}",authenticated client session (t header),none observed,not applicable/read-only,unknown/promo,活动详情,活动/王牌活动/活动详情.bru,MISCLASSIFIED,yes,fat-client-network.json action=game__page_initialization; records=928|941,,2
client,Game,Game,/s-game-category-v2/gameType/3,page,page initialization,GET,https://client-fat.filbet2025.com,/promo/rotate/kyc/detail,,,header:t<-authenticated-session,200,true,"{""type"":""object"",""fields"":[""data"",""status""]}",authenticated client session (t header),none observed,not applicable/read-only,client/kyc,详情,活动/kyc送免费旋转/详情.bru,ACTIVE,yes,fat-client-network.json action=game__page_initialization; records=934|935|944,,3
client,Game,Game,/s-game-category-v2/gameType/3,page,page initialization,GET,https://client-fat.filbet2025.com,/promo/slot/machine/detail,pid,,header:t<-authenticated-session;query:pid<-page/filter/pagination/default,200,true,"{""type"":""object"",""fields"":[""data"",""status""]}",authenticated client session (t header),none observed,not applicable/read-only,unknown/promo,实时滚动有效投注top100|实时滚动负盈利排行榜|排行榜详情,活动/老虎机排行榜/实时滚动有效投注top100.bru|活动/老虎机排行榜/实时滚动负盈利排行榜.bru|活动/老虎机排行榜/排行榜详情.bru,MISCLASSIFIED,yes,fat-client-network.json action=game__page_initialization; records=939,,1
client,Game,Game,/s-game-category-v2/gameType/3,page,page initialization,GET,https://client-fat.filbet2025.com,/promo/turntable/detail,,,header:t<-authenticated-session,200,false,"{""type"":""object"",""fields"":[""data"",""status""]}",authenticated client session (t header),none observed,not applicable/read-only,unknown/promo,活动详情,活动/大转盘活动/活动详情.bru,ACTIVE_FAILED,yes,fat-client-network.json action=game__page_initialization; records=929|942,business status false,2
client,Game,Game,/s-game-category-v2/gameType/3,page,page initialization,GET,https://client-fat.filbet2025.com,/promo/turntable/num,,,header:t<-authenticated-session,200,true,"{""type"":""object"",""fields"":[""data"",""status""]}",authenticated client session (t header),none observed,not applicable/read-only,unknown/promo,剩余次数,活动/大转盘活动/剩余次数.bru,MISCLASSIFIED,yes,fat-client-network.json action=game__page_initialization; records=943,,1
client,Game,Game,/s-game-category-v2/gameType/3,page,page initialization,GET,https://client-fat.filbet2025.com,/promo/vip/sign/in/config,,,header:t<-authenticated-session,200,true,"{""type"":""object"",""fields"":[""data"",""status""]}",authenticated client session (t header),none observed,not applicable/read-only,client/promo,签到配置,活动/Vip/签到配置.bru,ACTIVE,yes,fat-client-network.json action=game__page_initialization; records=925,,1
client,Game,Game,/s-game-category-v2/gameType/3,page,page initialization,POST,https://client-fat.filbet2025.com,/member/channel/trackclick,,,header:t<-authenticated-session,200,true,"{""type"":""object"",""fields"":[""data"",""status""]}",authenticated client session (t header),request emitted; no durable business change observed by this discovery action,no state identifier returned or persisted in sanitized evidence,client/member,渠道跟踪点击-todo,前台/渠道/渠道跟踪点击-todo.bru,ACTIVE,yes,fat-client-network.json action=game__page_initialization; records=931,,1
client,Game,Game,/s-game-category-v2/gameType/3,page,page initialization,POST,https://web-pp6o4v.opoinstalljs.com,/web/pp6o4v/clientf/init2,av|channelCode|cv|hash|sh|sp|sw,,query:av|channelCode|cv|hash|sh|sp|sw<-page/filter/pagination/default,200,UNAVAILABLE,"""number""",guest or no auth header observed,request emitted; no durable business change observed by this discovery action,no state identifier returned or persisted in sanitized evidence,,,,THIRD_PARTY,yes,fat-client-network.json action=game__page_initialization; records=945,,1
client,Game,Game,/s-game-category-v2/gameType/3,page,page initialization,POST,https://www.google-analytics.com,/g/collect,_eu|_p|_s|are|cid|dl|dma|dt|en|ep.page_env|frm|gcd|gtm|ngs|npa|pscdl|rcb|sct|seg|sid|sr|tag_exp|tfd|tid|uaa|uab|uafvl|uam|uamb|uap|uapv|uaw|ul|v,,query:_eu|_p|_s|are|cid|dl|dma|dt|en|ep.page_env|frm|gcd|gtm|ngs|npa|pscdl|rcb|sct|seg|sid|sr|tag_exp|tfd|tid|uaa|uab|uafvl|uam|uamb|uap|uapv|uaw|ul|v<-page/filter/pagination/default,204,UNAVAILABLE,"""null""",guest or no auth header observed,request emitted; no durable business change observed by this discovery action,no state identifier returned or persisted in sanitized evidence,,,,THIRD_PARTY,yes,fat-client-network.json action=game__page_initialization; records=926,,1
client,Game,Game,/s-game-category-v2/gameType/3,tab,select Arcade tab,GET,https://client-fat.filbet2025.com,/member/game/listRw,game_types|is_hot|is_new|page|page_size|query|sort|venues,,header:t<-authenticated-session;query:game_types|is_hot|is_new|page|page_size|query|sort|venues<-page/filter/pagination/default,200,true,"{""type"":""object"",""fields"":[""data"",""status""]}",authenticated client session (t header),none observed,not applicable/read-only,client/game,游戏查询语句组合-benjie,前台/游戏/游戏查询语句组合-benjie.bru,ACTIVE,yes,fat-client-network.json action=game__select_arcade_tab; records=952,,1
client,Game,Game,/s-game-category-v2/gameType/3,tab,select Arcade tab,POST,https://www.google-analytics.com,/g/collect,_et|_eu|_p|_s|ae|are|cid|dl|dma|dt|en|ep.page_env|epn.percent_scrolled|frm|gcd|gtm|ngs|npa|pscdl|rcb|sct|seg|sid|sr|tag_exp|tfd|tid|uaa|uab|uafvl|uam|uamb|uap|uapv|uaw|ul|v,,query:_et|_eu|_p|_s|ae|are|cid|dl|dma|dt|en|ep.page_env|epn.percent_scrolled|frm|gcd|gtm|ngs|npa|pscdl|rcb|sct|seg|sid|sr|tag_exp|tfd|tid|uaa|uab|uafvl|uam|uamb|uap|uapv|uaw|ul|v<-page/filter/pagination/default,204,UNAVAILABLE,"""null""",guest or no auth header observed,request emitted; no durable business change observed by this discovery action,no state identifier returned or persisted in sanitized evidence,,,,THIRD_PARTY,yes,fat-client-network.json action=game__select_arcade_tab; records=953,,1
client,Game,Game,/s-game-category-v2/gameType/3,tab,select Live tab,GET,https://client-fat.filbet2025.com,/member/game/listRw,game_types|is_hot|is_new|page|page_size|query|sort|venues,,header:t<-authenticated-session;query:game_types|is_hot|is_new|page|page_size|query|sort|venues<-page/filter/pagination/default,200,true,"{""type"":""object"",""fields"":[""data"",""status""]}",authenticated client session (t header),none observed,not applicable/read-only,client/game,游戏查询语句组合-benjie,前台/游戏/游戏查询语句组合-benjie.bru,ACTIVE,yes,fat-client-network.json action=game__select_live_tab; records=950,,1
client,Game,Game,/s-game-category-v2/gameType/3,tab,select Lottery tab,GET,https://client-fat.filbet2025.com,/member/game/listRw,game_types|is_hot|is_new|page|page_size|query|sort|venues,,header:t<-authenticated-session;query:game_types|is_hot|is_new|page|page_size|query|sort|venues<-page/filter/pagination/default,200,true,"{""type"":""object"",""fields"":[""data"",""status""]}",authenticated client session (t header),none observed,not applicable/read-only,client/game,游戏查询语句组合-benjie,前台/游戏/游戏查询语句组合-benjie.bru,ACTIVE,yes,fat-client-network.json action=game__select_lottery_tab; records=954,,1
client,Game,Game,/s-game-category-v2/gameType/3,tab,select Slot tab,POST,https://www.google.com,/ccm/collect,apvc|dl|dma|dr|en|ep.currency|epn.value|fmt|frm|gcd|gtm|navt|npa|rcb|rnd|scrsrc|tag_exp|tfd|tft|tid|tids|top,,query:apvc|dl|dma|dr|en|ep.currency|epn.value|fmt|frm|gcd|gtm|navt|npa|rcb|rnd|scrsrc|tag_exp|tfd|tft|tid|tids|top<-page/filter/pagination/default;query:apvc|dl|dma|dr|en|fmt|frm|gcd|gtm|navt|npa|rcb|rnd|scrsrc|tag_exp|tfd|tft|tid|tids|top<-page/filter/pagination/default,200,UNAVAILABLE,,guest or no auth header observed,request emitted; no durable business change observed by this discovery action,no state identifier returned or persisted in sanitized evidence,,,,THIRD_PARTY,yes,fat-client-network.json action=game__select_slot_tab; records=948|949,business status false,2
client,Game,Game,/s-game-category-v2/gameType/3,tab,select Slot tab,POST,https://www.google.com,/rmkt/collect/{id}/,async|bg|currency_code|cv|data|dma|en|ept|fmt|frm|fst|gcd|gcp|gtm|guid|hn|label|npa|pscdl|random|rcb|ref|tag_exp|top|u_h|u_w|uaa|uab|uafvl|uam|uamb|uap|uapv|uaw|url|value,,query:async|bg|currency_code|cv|data|dma|en|ept|fmt|frm|fst|gcd|gcp|gtm|guid|hn|label|npa|pscdl|random|rcb|ref|tag_exp|top|u_h|u_w|uaa|uab|uafvl|uam|uamb|uap|uapv|uaw|url|value<-page/filter/pagination/default;query:async|bg|cv|data|dma|en|ept|fmt|frm|fst|gcd|gcp|gtm|guid|hn|npa|pscdl|random|rcb|ref|tag_exp|top|u_h|u_w|uaa|uab|uafvl|uam|uamb|uap|uapv|uaw|url<-page/filter/pagination/default,200,UNAVAILABLE,,guest or no auth header observed,request emitted; no durable business change observed by this discovery action,no state identifier returned or persisted in sanitized evidence,,,,THIRD_PARTY,yes,fat-client-network.json action=game__select_slot_tab; records=946|947,business status false,2
client,Game,Game,/s-game-category-v2/gameType/3,tab,select Table tab,GET,https://client-fat.filbet2025.com,/member/game/listRw,game_types|is_hot|is_new|page|page_size|query|sort|venues,,header:t<-authenticated-session;query:game_types|is_hot|is_new|page|page_size|query|sort|venues<-page/filter/pagination/default,200,true,"{""type"":""object"",""fields"":[""data"",""status""]}",authenticated client session (t header),none observed,not applicable/read-only,client/game,游戏查询语句组合-benjie,前台/游戏/游戏查询语句组合-benjie.bru,ACTIVE,yes,fat-client-network.json action=game__select_table_tab; records=951,,1
client,Game,Game,/s-game-category-v2/gameType/3,filter,sort Newest,GET,https://client-fat.filbet2025.com,/member/game/listRw,game_types|is_hot|is_new|page|page_size|query|sort|venues,,header:t<-authenticated-session;query:game_types|is_hot|is_new|page|page_size|query|sort|venues<-page/filter/pagination/default,200,true,"{""type"":""object"",""fields"":[""data"",""status""]}",authenticated client session (t header),none observed,not applicable/read-only,client/game,游戏查询语句组合-benjie,前台/游戏/游戏查询语句组合-benjie.bru,ACTIVE,yes,fat-client-network.json action=game__sort_newest; records=956,,1
client,Home,Home,/,button,open Daily Rewards,GET,https://client-fat.filbet2025.com,/promo/rotate/bet/detail,pid,,header:t<-authenticated-session;query:pid<-page/filter/pagination/default,200,true,"{""type"":""object"",""fields"":[""data"",""status""]}",authenticated client session (t header),none observed,not applicable/read-only,client/kyc|client/promo|unknown/promo,弹目消息|活动详情|福利详情|详情(老页面),活动/Vip/详情(老页面).bru|活动/kyc送免费旋转/详情(老页面).bru|活动/每日充值+投注阶梯送礼金和旋转次数/弹目消息.bru|活动/每日充值+投注阶梯送礼金和旋转次数/活动详情.bru|活动/每日充值+投注阶梯送礼金和旋转次数/福利详情.bru,ACTIVE,yes,fat-client-network.json action=home__open_daily_rewards; records=185,,1
client,Home,Home,/,page,page initialization,GET,https://client-fat.filbet2025.com,/finance/wallet,,,header:t<-authenticated-session,200,true,"{""type"":""object"",""fields"":[""data"",""status""]}",authenticated client session (t header),none observed,not applicable/read-only,client/finance,会员钱包-wesley,前台/财务/会员钱包-wesley.bru,ACTIVE,yes,fat-client-network.json action=home__page_initialization; records=150|170,,2
client,Home,Home,/,page,page initialization,GET,https://client-fat.filbet2025.com,/member/bigprize/list,,,header:t<-authenticated-session,200,true,"{""type"":""object"",""fields"":[""data"",""status""]}",authenticated client session (t header),none observed,not applicable/read-only,client/member,爆奖列表,前台/爆奖信息/爆奖列表.bru,ACTIVE,yes,fat-client-network.json action=home__page_initialization; records=145,,1
client,Home,Home,/,page,page initialization,GET,https://client-fat.filbet2025.com,/member/buriedPoint/detailV2,ad_id,,header:t<-authenticated-session;query:ad_id<-page/filter/pagination/default,200,true,"{""type"":""object"",""fields"":[""data"",""status""]}",authenticated client session (t header),none observed,not applicable/read-only,client/member,埋点详情V2-todo,前台/埋点/埋点详情V2-todo.bru,ACTIVE,yes,fat-client-network.json action=home__page_initialization; records=163,,1
client,Home,Home,/,page,page initialization,GET,https://client-fat.filbet2025.com,/member/detail,,,header:t<-authenticated-session,200,true,"{""type"":""object"",""fields"":[""data"",""status""]}",authenticated client session (t header),none observed,not applicable/read-only,client/member,获取会员信息-seven-aliang(20260424),前台/会员信息/获取会员信息-seven-aliang(20260424).bru,ACTIVE,yes,fat-client-network.json action=home__page_initialization; records=166,,1
client,Home,Home,/,page,page initialization,GET,https://client-fat.filbet2025.com,/member/fav/list,page|page_size,,header:t<-authenticated-session;query:page|page_size<-page/filter/pagination/default,200,true,"{""type"":""object"",""fields"":[""data"",""status""]}",authenticated client session (t header),none observed,not applicable/read-only,client/game,游戏收藏列表-light,前台/游戏/游戏收藏列表-light.bru,ACTIVE,yes,fat-client-network.json action=home__page_initialization; records=171,,1
client,Home,Home,/,page,page initialization,GET,https://client-fat.filbet2025.com,/member/fb/list,,,header:t<-authenticated-session,200,true,"{""type"":""object"",""fields"":[""data"",""status""]}",authenticated client session (t header),none observed,not applicable/read-only,client/member,三方登录列表,前台/三方登录/三方登录列表.bru,ACTIVE,yes,fat-client-network.json action=home__page_initialization; records=160,,1
client,Home,Home,/,page,page initialization,GET,https://client-fat.filbet2025.com,/member/home/sections,brand,,header:t<-authenticated-session;query:brand<-page/filter/pagination/default,200,true,"{""type"":""object"",""fields"":[""data"",""status""]}",authenticated client session (t header),none observed,not applicable/read-only,client/member,首页板块列表,前台/首页/首页板块列表.bru,ACTIVE,yes,fat-client-network.json action=home__page_initialization; records=143,,1
client,Home,Home,/,page,page initialization,GET,https://client-fat.filbet2025.com,/member/index,,,header:t<-authenticated-session,200,true,"{""type"":""object"",""fields"":[""data"",""status""]}",authenticated client session (t header),none observed,not applicable/read-only,client/game,首页缓存,前台/游戏/首页缓存.bru,ACTIVE,yes,fat-client-network.json action=home__page_initialization; records=155,,1
client,Home,Home,/,page,page initialization,GET,https://client-fat.filbet2025.com,/member/materials/list,material_type_code|platform_code,,header:t<-authenticated-session;query:material_type_code|platform_code<-page/filter/pagination/default,200,true,"{""type"":""object"",""fields"":[""data"",""status""]}",authenticated client session (t header),none observed,not applicable/read-only,client/member,素材列表,前台/素材/素材列表.bru,ACTIVE,yes,fat-client-network.json action=home__page_initialization; records=156|157|158|159,,4
client,Home,Home,/,page,page initialization,GET,https://client-fat.filbet2025.com,/member/message/has_unread,,,header:t<-authenticated-session,200,true,"{""type"":""object"",""fields"":[""data"",""status""]}",authenticated client session (t header),none observed,not applicable/read-only,client/member,是否有未读信息-todo,前台/站内信/是否有未读信息-todo.bru,ACTIVE,yes,fat-client-network.json action=home__page_initialization; records=148,,1
client,Home,Home,/,page,page initialization,GET,https://client-fat.filbet2025.com,/member/message/popup_list,,,header:t<-authenticated-session,200,true,"{""type"":""object"",""fields"":[""data"",""status""]}",authenticated client session (t header),none observed,not applicable/read-only,client/member,获取弹窗站内信列表-todo,前台/站内信/获取弹窗站内信列表-todo.bru,ACTIVE,yes,fat-client-network.json action=home__page_initialization; records=172,,1
client,Home,Home,/,page,page initialization,GET,https://client-fat.filbet2025.com,/member/v2/index,,,header:t<-authenticated-session,200,true,"{""type"":""object"",""fields"":[""data"",""status""]}",authenticated client session (t header),none observed,not applicable/read-only,client/game,首页缓存v2-owen,前台/游戏/首页缓存v2-owen.bru,ACTIVE,yes,fat-client-network.json action=home__page_initialization; records=144|154|174,,3
client,Home,Home,/,page,page initialization,GET,https://client-fat.filbet2025.com,/promo/blindbox/detail,pid|ym,,header:t<-authenticated-session;query:pid|ym<-page/filter/pagination/default,200,true,"{""type"":""object"",""fields"":[""data"",""status""]}",authenticated client session (t header),none observed,not applicable/read-only,unknown/promo,获取盲盒详情 - felix,活动/盲盒/获取盲盒详情 - felix.bru,MISCLASSIFIED,yes,fat-client-network.json action=home__page_initialization; records=162,,1
client,Home,Home,/,page,page initialization,GET,https://client-fat.filbet2025.com,/promo/blindbox/query/bonus,,,header:t<-authenticated-session,200,true,"{""type"":""object"",""fields"":[""data"",""status""]}",authenticated client session (t header),none observed,not applicable/read-only,unknown/promo,查询盲盒待领取记录,活动/盲盒/查询盲盒待领取记录.bru,MISCLASSIFIED,yes,fat-client-network.json action=home__page_initialization; records=152,,1
client,Home,Home,/,page,page initialization,GET,https://client-fat.filbet2025.com,/promo/deposit/ladder/deposit/conf,,,header:t<-authenticated-session,200,true,"{""type"":""object"",""fields"":[""data"",""status""]}",authenticated client session (t header),none observed,not applicable/read-only,unknown/finance,存款阶梯配置活动,活动/存款阶梯活动/存款阶梯配置活动.bru,MISCLASSIFIED,yes,fat-client-network.json action=home__page_initialization; records=149,,1
client,Home,Home,/,page,page initialization,GET,https://client-fat.filbet2025.com,/promo/filpcard/detail,pid,,header:t<-authenticated-session;query:pid<-page/filter/pagination/default,200,true,"{""type"":""object"",""fields"":[""data"",""status""]}",authenticated client session (t header),none observed,not applicable/read-only,unknown/promo,活动详情,活动/王牌活动/活动详情.bru,MISCLASSIFIED,yes,fat-client-network.json action=home__page_initialization; records=164|175,,2
client,Home,Home,/,page,page initialization,GET,https://client-fat.filbet2025.com,/promo/rotate/bet/detail,is_welfare|pid,,header:t<-authenticated-session;query:is_welfare|pid<-page/filter/pagination/default,200,true,"{""type"":""object"",""fields"":[""data"",""status""]}",authenticated client session (t header),none observed,not applicable/read-only,client/kyc|client/promo|unknown/promo,弹目消息|活动详情|福利详情|详情(老页面),活动/Vip/详情(老页面).bru|活动/kyc送免费旋转/详情(老页面).bru|活动/每日充值+投注阶梯送礼金和旋转次数/弹目消息.bru|活动/每日充值+投注阶梯送礼金和旋转次数/活动详情.bru|活动/每日充值+投注阶梯送礼金和旋转次数/福利详情.bru,ACTIVE,yes,fat-client-network.json action=home__page_initialization; records=147|151,,2
client,Home,Home,/,page,page initialization,GET,https://client-fat.filbet2025.com,/promo/rotate/kyc/detail,,,header:t<-authenticated-session,200,true,"{""type"":""object"",""fields"":[""data"",""status""]}",authenticated client session (t header),none observed,not applicable/read-only,client/kyc,详情,活动/kyc送免费旋转/详情.bru,ACTIVE,yes,fat-client-network.json action=home__page_initialization; records=161|169|178,,3
client,Home,Home,/,page,page initialization,GET,https://client-fat.filbet2025.com,/promo/slot/machine/detail,pid,,header:t<-authenticated-session;query:pid<-page/filter/pagination/default,200,true,"{""type"":""object"",""fields"":[""data"",""status""]}",authenticated client session (t header),none observed,not applicable/read-only,unknown/promo,实时滚动有效投注top100|实时滚动负盈利排行榜|排行榜详情,活动/老虎机排行榜/实时滚动有效投注top100.bru|活动/老虎机排行榜/实时滚动负盈利排行榜.bru|活动/老虎机排行榜/排行榜详情.bru,MISCLASSIFIED,yes,fat-client-network.json action=home__page_initialization; records=173,,1
client,Home,Home,/,page,page initialization,GET,https://client-fat.filbet2025.com,/promo/turntable/detail,,,header:t<-authenticated-session,200,false,"{""type"":""object"",""fields"":[""data"",""status""]}",authenticated client session (t header),none observed,not applicable/read-only,unknown/promo,活动详情,活动/大转盘活动/活动详情.bru,ACTIVE_FAILED,yes,fat-client-network.json action=home__page_initialization; records=165|176,business status false,2
client,Home,Home,/,page,page initialization,GET,https://client-fat.filbet2025.com,/promo/turntable/num,,,header:t<-authenticated-session,200,true,"{""type"":""object"",""fields"":[""data"",""status""]}",authenticated client session (t header),none observed,not applicable/read-only,unknown/promo,剩余次数,活动/大转盘活动/剩余次数.bru,MISCLASSIFIED,yes,fat-client-network.json action=home__page_initialization; records=177,,1
client,Home,Home,/,page,page initialization,GET,https://client-fat.filbet2025.com,/promo/vip/sign/in/config,,,header:t<-authenticated-session,200,true,"{""type"":""object"",""fields"":[""data"",""status""]}",authenticated client session (t header),none observed,not applicable/read-only,client/promo,签到配置,活动/Vip/签到配置.bru,ACTIVE,yes,fat-client-network.json action=home__page_initialization; records=153,,1
client,Home,Home,/,page,page initialization,GET,https://pwa.filbet.com,/filbet/dev/v20260129/assets/lotties/ace_daily_float_btn.lottie,,,,200,UNAVAILABLE,"{""type"":""object"",""fields"":[""0"",""1"",""10"",""11"",""12"",""13"",""14"",""15"",""2"",""3"",""4"",""5"",""6"",""7"",""8"",""9""]}",guest or no auth header observed,none observed,not applicable/read-only,,,,THIRD_PARTY,yes,fat-client-network.json action=home__page_initialization; records=168|179|180|182,,4
client,Home,Home,/,page,page initialization,POST,https://client-fat.filbet2025.com,/member/channel/trackclick,,,header:t<-authenticated-session,200,true,"{""type"":""object"",""fields"":[""data"",""status""]}",authenticated client session (t header),request emitted; no durable business change observed by this discovery action,no state identifier returned or persisted in sanitized evidence,client/member,渠道跟踪点击-todo,前台/渠道/渠道跟踪点击-todo.bru,ACTIVE,yes,fat-client-network.json action=home__page_initialization; records=167,,1
client,Home,Home,/,page,page initialization,POST,https://client-fat.filbet2025.com,/member/game/rank,,game_type|page|page_size|strategy|time_range,body:game_type|page|page_size|strategy|time_range<-form/current-record/default;header:t<-authenticated-session,200,true,"{""type"":""object"",""fields"":[""data"",""status""]}",authenticated client session (t header),request emitted; no durable business change observed by this discovery action,no state identifier returned or persisted in sanitized evidence,client/game,游戏排名-benjie,前台/游戏/游戏排名-benjie.bru,ACTIVE,yes,fat-client-network.json action=home__page_initialization; records=142|146,,2
client,Home,Home,/,page,page initialization,POST,https://web-pp6o4v.opoinstalljs.com,/web/pp6o4v/clientf/init2,av|channelCode|cv|hash|sh|sp|sw,,query:av|channelCode|cv|hash|sh|sp|sw<-page/filter/pagination/default,200,UNAVAILABLE,"""number""",guest or no auth header observed,request emitted; no durable business change observed by this discovery action,no state identifier returned or persisted in sanitized evidence,,,,THIRD_PARTY,yes,fat-client-network.json action=home__page_initialization; records=184,,1
client,Home,Home,/,button,refresh balance,GET,https://client-fat.filbet2025.com,/finance/wallet,,,header:t<-authenticated-session,200,true,"{""type"":""object"",""fields"":[""data"",""status""]}",authenticated client session (t header),none observed,not applicable/read-only,client/finance,会员钱包-wesley,前台/财务/会员钱包-wesley.bru,ACTIVE,yes,fat-client-network.json action=home__refresh_balance; records=212|218|231,,3
client,Home,Home,/,button,refresh balance,GET,https://client-fat.filbet2025.com,/member/bigprize/list,,,header:t<-authenticated-session,200,true,"{""type"":""object"",""fields"":[""data"",""status""]}",authenticated client session (t header),none observed,not applicable/read-only,client/member,爆奖列表,前台/爆奖信息/爆奖列表.bru,ACTIVE,yes,fat-client-network.json action=home__refresh_balance; records=207,,1
client,Home,Home,/,button,refresh balance,GET,https://client-fat.filbet2025.com,/member/buriedPoint/detailV2,ad_id,,header:t<-authenticated-session;query:ad_id<-page/filter/pagination/default,200,true,"{""type"":""object"",""fields"":[""data"",""status""]}",authenticated client session (t header),none observed,not applicable/read-only,client/member,埋点详情V2-todo,前台/埋点/埋点详情V2-todo.bru,ACTIVE,yes,fat-client-network.json action=home__refresh_balance; records=197,,1
client,Home,Home,/,button,refresh balance,GET,https://client-fat.filbet2025.com,/member/detail,,,header:t<-authenticated-session,200,true,"{""type"":""object"",""fields"":[""data"",""status""]}",authenticated client session (t header),none observed,not applicable/read-only,client/member,获取会员信息-seven-aliang(20260424),前台/会员信息/获取会员信息-seven-aliang(20260424).bru,ACTIVE,yes,fat-client-network.json action=home__refresh_balance; records=200,,1
client,Home,Home,/,button,refresh balance,GET,https://client-fat.filbet2025.com,/member/fav/list,page|page_size,,header:t<-authenticated-session;query:page|page_size<-page/filter/pagination/default,200,true,"{""type"":""object"",""fields"":[""data"",""status""]}",authenticated client session (t header),none observed,not applicable/read-only,client/game,游戏收藏列表-light,前台/游戏/游戏收藏列表-light.bru,ACTIVE,yes,fat-client-network.json action=home__refresh_balance; records=219,,1
client,Home,Home,/,button,refresh balance,GET,https://client-fat.filbet2025.com,/member/fb/list,,,header:t<-authenticated-session,200,true,"{""type"":""object"",""fields"":[""data"",""status""]}",authenticated client session (t header),none observed,not applicable/read-only,client/member,三方登录列表,前台/三方登录/三方登录列表.bru,ACTIVE,yes,fat-client-network.json action=home__refresh_balance; records=202,,1
client,Home,Home,/,button,refresh balance,GET,https://client-fat.filbet2025.com,/member/home/sections,brand,,header:t<-authenticated-session;query:brand<-page/filter/pagination/default,200,true,"{""type"":""object"",""fields"":[""data"",""status""]}",authenticated client session (t header),none observed,not applicable/read-only,client/member,首页板块列表,前台/首页/首页板块列表.bru,ACTIVE,yes,fat-client-network.json action=home__refresh_balance; records=205,,1
client,Home,Home,/,button,refresh balance,GET,https://client-fat.filbet2025.com,/member/index,,,header:t<-authenticated-session,200,true,"{""type"":""object"",""fields"":[""data"",""status""]}",authenticated client session (t header),none observed,not applicable/read-only,client/game,首页缓存,前台/游戏/首页缓存.bru,ACTIVE,yes,fat-client-network.json action=home__refresh_balance; records=191,,1
client,Home,Home,/,button,refresh balance,GET,https://client-fat.filbet2025.com,/member/materials/list,material_type_code|platform_code,,header:t<-authenticated-session;query:material_type_code|platform_code<-page/filter/pagination/default,200,true,"{""type"":""object"",""fields"":[""data"",""status""]}",authenticated client session (t header),none observed,not applicable/read-only,client/member,素材列表,前台/素材/素材列表.bru,ACTIVE,yes,fat-client-network.json action=home__refresh_balance; records=192|193|194|195,,4
client,Home,Home,/,button,refresh balance,GET,https://client-fat.filbet2025.com,/member/message/has_unread,,,header:t<-authenticated-session,200,true,"{""type"":""object"",""fields"":[""data"",""status""]}",authenticated client session (t header),none observed,not applicable/read-only,client/member,是否有未读信息-todo,前台/站内信/是否有未读信息-todo.bru,ACTIVE,yes,fat-client-network.json action=home__refresh_balance; records=210,,1
client,Home,Home,/,button,refresh balance,GET,https://client-fat.filbet2025.com,/member/message/popup_list,,,header:t<-authenticated-session,200,true,"{""type"":""object"",""fields"":[""data"",""status""]}",authenticated client session (t header),none observed,not applicable/read-only,client/member,获取弹窗站内信列表-todo,前台/站内信/获取弹窗站内信列表-todo.bru,ACTIVE,yes,fat-client-network.json action=home__refresh_balance; records=220,,1
client,Home,Home,/,button,refresh balance,GET,https://client-fat.filbet2025.com,/member/v2/index,,,header:t<-authenticated-session,200,true,"{""type"":""object"",""fields"":[""data"",""status""]}",authenticated client session (t header),none observed,not applicable/read-only,client/game,首页缓存v2-owen,前台/游戏/首页缓存v2-owen.bru,ACTIVE,yes,fat-client-network.json action=home__refresh_balance; records=190|206|222,,3
client,Home,Home,/,button,refresh balance,GET,https://client-fat.filbet2025.com,/promo/blindbox/detail,pid|ym,,header:t<-authenticated-session;query:pid|ym<-page/filter/pagination/default,200,true,"{""type"":""object"",""fields"":[""data"",""status""]}",authenticated client session (t header),none observed,not applicable/read-only,unknown/promo,获取盲盒详情 - felix,活动/盲盒/获取盲盒详情 - felix.bru,MISCLASSIFIED,yes,fat-client-network.json action=home__refresh_balance; records=229,,1
client,Home,Home,/,button,refresh balance,GET,https://client-fat.filbet2025.com,/promo/blindbox/query/bonus,,,header:t<-authenticated-session,200,true,"{""type"":""object"",""fields"":[""data"",""status""]}",authenticated client session (t header),none observed,not applicable/read-only,unknown/promo,查询盲盒待领取记录,活动/盲盒/查询盲盒待领取记录.bru,MISCLASSIFIED,yes,fat-client-network.json action=home__refresh_balance; records=214,,1
client,Home,Home,/,button,refresh balance,GET,https://client-fat.filbet2025.com,/promo/deposit/ladder/deposit/conf,,,header:t<-authenticated-session,200,true,"{""type"":""object"",""fields"":[""data"",""status""]}",authenticated client session (t header),none observed,not applicable/read-only,unknown/finance,存款阶梯配置活动,活动/存款阶梯活动/存款阶梯配置活动.bru,MISCLASSIFIED,yes,fat-client-network.json action=home__refresh_balance; records=211,,1
client,Home,Home,/,button,refresh balance,GET,https://client-fat.filbet2025.com,/promo/filpcard/detail,pid,,header:t<-authenticated-session;query:pid<-page/filter/pagination/default,200,true,"{""type"":""object"",""fields"":[""data"",""status""]}",authenticated client session (t header),none observed,not applicable/read-only,unknown/promo,活动详情,活动/王牌活动/活动详情.bru,MISCLASSIFIED,yes,fat-client-network.json action=home__refresh_balance; records=198|223,,2
client,Home,Home,/,button,refresh balance,GET,https://client-fat.filbet2025.com,/promo/rotate/bet/detail,is_welfare|pid,,header:t<-authenticated-session;query:is_welfare|pid<-page/filter/pagination/default,200,true,"{""type"":""object"",""fields"":[""data"",""status""]}",authenticated client session (t header),none observed,not applicable/read-only,client/kyc|client/promo|unknown/promo,弹目消息|活动详情|福利详情|详情(老页面),活动/Vip/详情(老页面).bru|活动/kyc送免费旋转/详情(老页面).bru|活动/每日充值+投注阶梯送礼金和旋转次数/弹目消息.bru|活动/每日充值+投注阶梯送礼金和旋转次数/活动详情.bru|活动/每日充值+投注阶梯送礼金和旋转次数/福利详情.bru,ACTIVE,yes,fat-client-network.json action=home__refresh_balance; records=209|213,,2
client,Home,Home,/,button,refresh balance,GET,https://client-fat.filbet2025.com,/promo/rotate/kyc/detail,,,header:t<-authenticated-session,200,true,"{""type"":""object"",""fields"":[""data"",""status""]}",authenticated client session (t header),none observed,not applicable/read-only,client/kyc,详情,活动/kyc送免费旋转/详情.bru,ACTIVE,yes,fat-client-network.json action=home__refresh_balance; records=203|217|226,,3
client,Home,Home,/,button,refresh balance,GET,https://client-fat.filbet2025.com,/promo/slot/machine/detail,pid,,header:t<-authenticated-session;query:pid<-page/filter/pagination/default,200,true,"{""type"":""object"",""fields"":[""data"",""status""]}",authenticated client session (t header),none observed,not applicable/read-only,unknown/promo,实时滚动有效投注top100|实时滚动负盈利排行榜|排行榜详情,活动/老虎机排行榜/实时滚动有效投注top100.bru|活动/老虎机排行榜/实时滚动负盈利排行榜.bru|活动/老虎机排行榜/排行榜详情.bru,MISCLASSIFIED,yes,fat-client-network.json action=home__refresh_balance; records=221,,1
client,Home,Home,/,button,refresh balance,GET,https://client-fat.filbet2025.com,/promo/turntable/detail,,,header:t<-authenticated-session,200,false,"{""type"":""object"",""fields"":[""data"",""status""]}",authenticated client session (t header),none observed,not applicable/read-only,unknown/promo,活动详情,活动/大转盘活动/活动详情.bru,ACTIVE_FAILED,yes,fat-client-network.json action=home__refresh_balance; records=199|224,business status false,2
client,Home,Home,/,button,refresh balance,GET,https://client-fat.filbet2025.com,/promo/turntable/num,,,header:t<-authenticated-session,200,true,"{""type"":""object"",""fields"":[""data"",""status""]}",authenticated client session (t header),none observed,not applicable/read-only,unknown/promo,剩余次数,活动/大转盘活动/剩余次数.bru,MISCLASSIFIED,yes,fat-client-network.json action=home__refresh_balance; records=225,,1
client,Home,Home,/,button,refresh balance,GET,https://client-fat.filbet2025.com,/promo/vip/sign/in/config,,,header:t<-authenticated-session,200,true,"{""type"":""object"",""fields"":[""data"",""status""]}",authenticated client session (t header),none observed,not applicable/read-only,client/promo,签到配置,活动/Vip/签到配置.bru,ACTIVE,yes,fat-client-network.json action=home__refresh_balance; records=215,,1
client,Home,Home,/,button,refresh balance,GET,https://pwa.filbet.com,/filbet/dev/v20260129/assets/lotties/ace_daily_float_btn.lottie,,,,200,UNAVAILABLE,"{""type"":""object"",""fields"":[""0"",""1"",""10"",""11"",""12"",""13"",""14"",""15"",""2"",""3"",""4"",""5"",""6"",""7"",""8"",""9""]}",guest or no auth header observed,none observed,not applicable/read-only,,,,THIRD_PARTY,yes,fat-client-network.json action=home__refresh_balance; records=216|227,,2
client,Home,Home,/,button,refresh balance,POST,https://client-fat.filbet2025.com,/member/channel/trackclick,,,header:t<-authenticated-session,200,true,"{""type"":""object"",""fields"":[""data"",""status""]}",authenticated client session (t header),request emitted; no durable business change observed by this discovery action,no state identifier returned or persisted in sanitized evidence,client/member,渠道跟踪点击-todo,前台/渠道/渠道跟踪点击-todo.bru,ACTIVE,yes,fat-client-network.json action=home__refresh_balance; records=201,,1
client,Home,Home,/,button,refresh balance,POST,https://client-fat.filbet2025.com,/member/game/rank,,game_type|page|page_size|strategy|time_range,body:game_type|page|page_size|strategy|time_range<-form/current-record/default;header:t<-authenticated-session,200,true,"{""type"":""object"",""fields"":[""data"",""status""]}",authenticated client session (t header),request emitted; no durable business change observed by this discovery action,no state identifier returned or persisted in sanitized evidence,client/game,游戏排名-benjie,前台/游戏/游戏排名-benjie.bru,ACTIVE,yes,fat-client-network.json action=home__refresh_balance; records=204|208,,2
client,Home,Home,/,button,refresh balance,POST,https://web-pp6o4v.opoinstalljs.com,/web/pp6o4v/clientf/init2,av|channelCode|cv|hash|sh|sp|sw,,query:av|channelCode|cv|hash|sh|sp|sw<-page/filter/pagination/default,200,UNAVAILABLE,"""number""",guest or no auth header observed,request emitted; no durable business change observed by this discovery action,no state identifier returned or persisted in sanitized evidence,,,,THIRD_PARTY,yes,fat-client-network.json action=home__refresh_balance; records=230,,1
client,Home,Home,/,button,refresh balance,POST,https://www.google-analytics.com,/g/collect,_eu|_p|_s|are|cid|dl|dma|dt|en|ep.page_env|frm|gcd|gtm|ngs|npa|pscdl|rcb|sct|seg|sid|sr|tag_exp|tfd|tid|uaa|uab|uafvl|uam|uamb|uap|uapv|uaw|ul|v,,query:_eu|_p|_s|are|cid|dl|dma|dt|en|ep.page_env|frm|gcd|gtm|ngs|npa|pscdl|rcb|sct|seg|sid|sr|tag_exp|tfd|tid|uaa|uab|uafvl|uam|uamb|uap|uapv|uaw|ul|v<-page/filter/pagination/default,204,UNAVAILABLE,"""null""",guest or no auth header observed,request emitted; no durable business change observed by this discovery action,no state identifier returned or persisted in sanitized evidence,,,,THIRD_PARTY,yes,fat-client-network.json action=home__refresh_balance; records=196,,1
client,Home,Home (guest),/,page,page initialization,GET,https://client-fat.filbet2025.com,/member/bigprize/list,,,header:t<-authenticated-session,200,true,"{""type"":""object"",""fields"":[""data"",""status""]}",authenticated client session (t header),none observed,not applicable/read-only,client/member,爆奖列表,前台/爆奖信息/爆奖列表.bru,ACTIVE,yes,fat-client-network.json action=home_guest__page_initialization; records=10,,1
client,Home,Home (guest),/,page,page initialization,GET,https://client-fat.filbet2025.com,/member/buriedPoint/detailV2,ad_id,,header:t<-authenticated-session;query:ad_id<-page/filter/pagination/default,200,true,"{""type"":""object"",""fields"":[""data"",""status""]}",authenticated client session (t header),none observed,not applicable/read-only,client/member,埋点详情V2-todo,前台/埋点/埋点详情V2-todo.bru,ACTIVE,yes,fat-client-network.json action=home_guest__page_initialization; records=5,,1
client,Home,Home (guest),/,page,page initialization,GET,https://client-fat.filbet2025.com,/member/fb/list,,,header:t<-authenticated-session,200,true,"{""type"":""object"",""fields"":[""data"",""status""]}",authenticated client session (t header),none observed,not applicable/read-only,client/member,三方登录列表,前台/三方登录/三方登录列表.bru,ACTIVE,yes,fat-client-network.json action=home_guest__page_initialization; records=20,,1
client,Home,Home (guest),/,page,page initialization,GET,https://client-fat.filbet2025.com,/member/home/sections,brand,,header:t<-authenticated-session;query:brand<-page/filter/pagination/default,200,true,"{""type"":""object"",""fields"":[""data"",""status""]}",authenticated client session (t header),none observed,not applicable/read-only,client/member,首页板块列表,前台/首页/首页板块列表.bru,ACTIVE,yes,fat-client-network.json action=home_guest__page_initialization; records=8,,1
client,Home,Home (guest),/,page,page initialization,GET,https://client-fat.filbet2025.com,/member/index,,,header:t<-authenticated-session,200,true,"{""type"":""object"",""fields"":[""data"",""status""]}",authenticated client session (t header),none observed,not applicable/read-only,client/game,首页缓存,前台/游戏/首页缓存.bru,ACTIVE,yes,fat-client-network.json action=home_guest__page_initialization; records=15,,1
client,Home,Home (guest),/,page,page initialization,GET,https://client-fat.filbet2025.com,/member/materials/list,material_type_code|platform_code,,header:t<-authenticated-session;query:material_type_code|platform_code<-page/filter/pagination/default,200,true,"{""type"":""object"",""fields"":[""data"",""status""]}",authenticated client session (t header),none observed,not applicable/read-only,client/member,素材列表,前台/素材/素材列表.bru,ACTIVE,yes,fat-client-network.json action=home_guest__page_initialization; records=16|17|18,,3
client,Home,Home (guest),/,page,page initialization,GET,https://client-fat.filbet2025.com,/member/v2/index,,,header:t<-authenticated-session,200,true,"{""type"":""object"",""fields"":[""data"",""status""]}",authenticated client session (t header),none observed,not applicable/read-only,client/game,首页缓存v2-owen,前台/游戏/首页缓存v2-owen.bru,ACTIVE,yes,fat-client-network.json action=home_guest__page_initialization; records=9|14,,2
client,Home,Home (guest),/,page,page initialization,GET,https://client-fat.filbet2025.com,/promo/rotate/bet/detail,is_welfare|pid,,header:t<-authenticated-session;query:is_welfare|pid<-page/filter/pagination/default,200,true,"{""type"":""object"",""fields"":[""data"",""status""]}",authenticated client session (t header),none observed,not applicable/read-only,client/kyc|client/promo|unknown/promo,弹目消息|活动详情|福利详情|详情(老页面),活动/Vip/详情(老页面).bru|活动/kyc送免费旋转/详情(老页面).bru|活动/每日充值+投注阶梯送礼金和旋转次数/弹目消息.bru|活动/每日充值+投注阶梯送礼金和旋转次数/活动详情.bru|活动/每日充值+投注阶梯送礼金和旋转次数/福利详情.bru,ACTIVE,yes,fat-client-network.json action=home_guest__page_initialization; records=12|13,,2
client,Home,Home (guest),/,page,page initialization,POST,https://client-fat.filbet2025.com,/member/channel/trackclick,,,header:t<-authenticated-session,200,true,"{""type"":""object"",""fields"":[""data"",""status""]}",authenticated client session (t header),request emitted; no durable business change observed by this discovery action,no state identifier returned or persisted in sanitized evidence,client/member,渠道跟踪点击-todo,前台/渠道/渠道跟踪点击-todo.bru,ACTIVE,yes,fat-client-network.json action=home_guest__page_initialization; records=6,,1
client,Home,Home (guest),/,page,page initialization,POST,https://client-fat.filbet2025.com,/member/game/rank,,game_type|page|page_size|strategy|time_range,body:game_type|page|page_size|strategy|time_range<-form/current-record/default;header:t<-authenticated-session,200,true,"{""type"":""object"",""fields"":[""data"",""status""]}",authenticated client session (t header),request emitted; no durable business change observed by this discovery action,no state identifier returned or persisted in sanitized evidence,client/game,游戏排名-benjie,前台/游戏/游戏排名-benjie.bru,ACTIVE,yes,fat-client-network.json action=home_guest__page_initialization; records=7|11,,2
client,Home,Home (guest),/,page,page initialization,POST,https://web-pp6o4v.opoinstalljs.com,/web/pp6o4v/clientf/init2,av|channelCode|cv|hash|sh|sp|sw,,query:av|channelCode|cv|hash|sh|sp|sw<-page/filter/pagination/default,200,UNAVAILABLE,"""number""",guest or no auth header observed,request emitted; no durable business change observed by this discovery action,no state identifier returned or persisted in sanitized evidence,,,,THIRD_PARTY,yes,fat-client-network.json action=home_guest__page_initialization; records=4,,1
client,Home,Home (guest),/,page,page initialization,POST,https://www.google-analytics.com,/g/collect,_fv|_nsi|_p|_s|_ss|are|cid|dl|dma|dt|en|ep.page_env|frm|gcd|gtm|ngs|npa|pscdl|rcb|sct|seg|sid|sr|tag_exp|tfd|tid|uaa|uab|uafvl|uam|uamb|uap|uapv|uaw|ul|v,,query:_fv|_nsi|_p|_s|_ss|are|cid|dl|dma|dt|en|ep.page_env|frm|gcd|gtm|ngs|npa|pscdl|rcb|sct|seg|sid|sr|tag_exp|tfd|tid|uaa|uab|uafvl|uam|uamb|uap|uapv|uaw|ul|v<-page/filter/pagination/default,204,UNAVAILABLE,"""null""",guest or no auth header observed,request emitted; no durable business change observed by this discovery action,no state identifier returned or persisted in sanitized evidence,,,,THIRD_PARTY,yes,fat-client-network.json action=home_guest__page_initialization; records=19,,1
client,My,Account,/my,page,page initialization,GET,https://client-fat.filbet2025.com,/finance/wallet,,,header:t<-authenticated-session,200,true,"{""type"":""object"",""fields"":[""data"",""status""]}",authenticated client session (t header),none observed,not applicable/read-only,client/finance,会员钱包-wesley,前台/财务/会员钱包-wesley.bru,ACTIVE,yes,fat-client-network.json action=account__page_initialization; records=1251|1264,,2
client,My,Account,/my,page,page initialization,GET,https://client-fat.filbet2025.com,/member/buriedPoint/detailV2,ad_id,,header:t<-authenticated-session;query:ad_id<-page/filter/pagination/default,200,true,"{""type"":""object"",""fields"":[""data"",""status""]}",authenticated client session (t header),none observed,not applicable/read-only,client/member,埋点详情V2-todo,前台/埋点/埋点详情V2-todo.bru,ACTIVE,yes,fat-client-network.json action=account__page_initialization; records=1243,,1
client,My,Account,/my,page,page initialization,GET,https://client-fat.filbet2025.com,/member/detail,,,header:t<-authenticated-session,200,true,"{""type"":""object"",""fields"":[""data"",""status""]}",authenticated client session (t header),none observed,not applicable/read-only,client/member,获取会员信息-seven-aliang(20260424),前台/会员信息/获取会员信息-seven-aliang(20260424).bru,ACTIVE,yes,fat-client-network.json action=account__page_initialization; records=1246|1261|1267,,3
client,My,Account,/my,page,page initialization,GET,https://client-fat.filbet2025.com,/member/fav/list,page|page_size,,header:t<-authenticated-session;query:page|page_size<-page/filter/pagination/default,200,true,"{""type"":""object"",""fields"":[""data"",""status""]}",authenticated client session (t header),none observed,not applicable/read-only,client/game,游戏收藏列表-light,前台/游戏/游戏收藏列表-light.bru,ACTIVE,yes,fat-client-network.json action=account__page_initialization; records=1252,,1
client,My,Account,/my,page,page initialization,GET,https://client-fat.filbet2025.com,/member/fb/list,,,header:t<-authenticated-session,200,true,"{""type"":""object"",""fields"":[""data"",""status""]}",authenticated client session (t header),none observed,not applicable/read-only,client/member,三方登录列表,前台/三方登录/三方登录列表.bru,ACTIVE,yes,fat-client-network.json action=account__page_initialization; records=1248,,1
client,My,Account,/my,page,page initialization,GET,https://client-fat.filbet2025.com,/member/index,,,header:t<-authenticated-session,200,true,"{""type"":""object"",""fields"":[""data"",""status""]}",authenticated client session (t header),none observed,not applicable/read-only,client/game,首页缓存,前台/游戏/首页缓存.bru,ACTIVE,yes,fat-client-network.json action=account__page_initialization; records=1239,,1
client,My,Account,/my,page,page initialization,GET,https://client-fat.filbet2025.com,/member/materials/list,material_type_code|platform_code,,header:t<-authenticated-session;query:material_type_code|platform_code<-page/filter/pagination/default,200,true,"{""type"":""object"",""fields"":[""data"",""status""]}",authenticated client session (t header),none observed,not applicable/read-only,client/member,素材列表,前台/素材/素材列表.bru,ACTIVE,yes,fat-client-network.json action=account__page_initialization; records=1240|1241|1242,,3
client,My,Account,/my,page,page initialization,GET,https://client-fat.filbet2025.com,/member/message/has_unread,,,header:t<-authenticated-session,200,true,"{""type"":""object"",""fields"":[""data"",""status""]}",authenticated client session (t header),none observed,not applicable/read-only,client/member,是否有未读信息-todo,前台/站内信/是否有未读信息-todo.bru,ACTIVE,yes,fat-client-network.json action=account__page_initialization; records=1260|1268,,2
client,My,Account,/my,page,page initialization,GET,https://client-fat.filbet2025.com,/member/message/popup_list,,,header:t<-authenticated-session,200,true,"{""type"":""object"",""fields"":[""data"",""status""]}",authenticated client session (t header),none observed,not applicable/read-only,client/member,获取弹窗站内信列表-todo,前台/站内信/获取弹窗站内信列表-todo.bru,ACTIVE,yes,fat-client-network.json action=account__page_initialization; records=1253,,1
client,My,Account,/my,page,page initialization,GET,https://client-fat.filbet2025.com,/member/system,,,header:t<-authenticated-session,200,true,"{""type"":""object"",""fields"":[""data"",""status""]}",authenticated client session (t header),none observed,not applicable/read-only,client/member,获取系统配置,前台/配置/获取系统配置.bru,ACTIVE,yes,fat-client-network.json action=account__page_initialization; records=1266,,1
client,My,Account,/my,page,page initialization,GET,https://client-fat.filbet2025.com,/member/v2/index,,,header:t<-authenticated-session,200,true,"{""type"":""object"",""fields"":[""data"",""status""]}",authenticated client session (t header),none observed,not applicable/read-only,client/game,首页缓存v2-owen,前台/游戏/首页缓存v2-owen.bru,ACTIVE,yes,fat-client-network.json action=account__page_initialization; records=1238|1255,,2
client,My,Account,/my,page,page initialization,GET,https://client-fat.filbet2025.com,/member/vip/level/detail,,,header:t<-authenticated-session,200,true,"{""type"":""object"",""fields"":[""data"",""status""]}",authenticated client session (t header),none observed,not applicable/read-only,client/member,会员vip等级详情,前台/VIP/会员vip等级详情.bru,ACTIVE,yes,fat-client-network.json action=account__page_initialization; records=1262,,1
client,My,Account,/my,page,page initialization,GET,https://client-fat.filbet2025.com,/member/vip/rule,,,header:t<-authenticated-session,200,true,"{""type"":""object"",""fields"":[""data"",""status""]}",authenticated client session (t header),none observed,not applicable/read-only,client/member,VIP配置规则-todo,前台/VIP/VIP配置规则-todo.bru,ACTIVE,yes,fat-client-network.json action=account__page_initialization; records=1274,,1
client,My,Account,/my,page,page initialization,GET,https://client-fat.filbet2025.com,/promo/blindbox/detail,pid|ym,,header:t<-authenticated-session;query:pid|ym<-page/filter/pagination/default,200,true,"{""type"":""object"",""fields"":[""data"",""status""]}",authenticated client session (t header),none observed,not applicable/read-only,unknown/promo,获取盲盒详情 - felix,活动/盲盒/获取盲盒详情 - felix.bru,MISCLASSIFIED,yes,fat-client-network.json action=account__page_initialization; records=1272,,1
client,My,Account,/my,page,page initialization,GET,https://client-fat.filbet2025.com,/promo/blindbox/query/bonus,,,header:t<-authenticated-session,200,true,"{""type"":""object"",""fields"":[""data"",""status""]}",authenticated client session (t header),none observed,not applicable/read-only,unknown/promo,查询盲盒待领取记录,活动/盲盒/查询盲盒待领取记录.bru,MISCLASSIFIED,yes,fat-client-network.json action=account__page_initialization; records=1269,,1
client,My,Account,/my,page,page initialization,GET,https://client-fat.filbet2025.com,/promo/deposit/ladder/deposit/conf,,,header:t<-authenticated-session,200,true,"{""type"":""object"",""fields"":[""data"",""status""]}",authenticated client session (t header),none observed,not applicable/read-only,unknown/finance,存款阶梯配置活动,活动/存款阶梯活动/存款阶梯配置活动.bru,MISCLASSIFIED,yes,fat-client-network.json action=account__page_initialization; records=1265,,1
client,My,Account,/my,page,page initialization,GET,https://client-fat.filbet2025.com,/promo/filpcard/detail,pid,,header:t<-authenticated-session;query:pid<-page/filter/pagination/default,200,true,"{""type"":""object"",""fields"":[""data"",""status""]}",authenticated client session (t header),none observed,not applicable/read-only,unknown/promo,活动详情,活动/王牌活动/活动详情.bru,MISCLASSIFIED,yes,fat-client-network.json action=account__page_initialization; records=1244|1256,,2
client,My,Account,/my,page,page initialization,GET,https://client-fat.filbet2025.com,/promo/rotate/kyc/detail,,,header:t<-authenticated-session,200,true,"{""type"":""object"",""fields"":[""data"",""status""]}",authenticated client session (t header),none observed,not applicable/read-only,client/kyc,详情,活动/kyc送免费旋转/详情.bru,ACTIVE,yes,fat-client-network.json action=account__page_initialization; records=1249|1250|1259|1273|1275,,5
client,My,Account,/my,page,page initialization,GET,https://client-fat.filbet2025.com,/promo/slot/machine/detail,pid,,header:t<-authenticated-session;query:pid<-page/filter/pagination/default,200,true,"{""type"":""object"",""fields"":[""data"",""status""]}",authenticated client session (t header),none observed,not applicable/read-only,unknown/promo,实时滚动有效投注top100|实时滚动负盈利排行榜|排行榜详情,活动/老虎机排行榜/实时滚动有效投注top100.bru|活动/老虎机排行榜/实时滚动负盈利排行榜.bru|活动/老虎机排行榜/排行榜详情.bru,MISCLASSIFIED,yes,fat-client-network.json action=account__page_initialization; records=1254,,1
client,My,Account,/my,page,page initialization,GET,https://client-fat.filbet2025.com,/promo/turntable/detail,,,header:t<-authenticated-session,200,false,"{""type"":""object"",""fields"":[""data"",""status""]}",authenticated client session (t header),none observed,not applicable/read-only,unknown/promo,活动详情,活动/大转盘活动/活动详情.bru,ACTIVE_FAILED,yes,fat-client-network.json action=account__page_initialization; records=1245|1257,business status false,2
client,My,Account,/my,page,page initialization,GET,https://client-fat.filbet2025.com,/promo/turntable/num,,,header:t<-authenticated-session,200,true,"{""type"":""object"",""fields"":[""data"",""status""]}",authenticated client session (t header),none observed,not applicable/read-only,unknown/promo,剩余次数,活动/大转盘活动/剩余次数.bru,MISCLASSIFIED,yes,fat-client-network.json action=account__page_initialization; records=1258,,1
client,My,Account,/my,page,page initialization,GET,https://client-fat.filbet2025.com,/promo/vip/sign/in/config,,,header:t<-authenticated-session,200,true,"{""type"":""object"",""fields"":[""data"",""status""]}",authenticated client session (t header),none observed,not applicable/read-only,client/promo,签到配置,活动/Vip/签到配置.bru,ACTIVE,yes,fat-client-network.json action=account__page_initialization; records=1263|1270,,2
client,My,Account,/my,page,page initialization,POST,https://client-fat.filbet2025.com,/member/channel/trackclick,,,header:t<-authenticated-session,200,true,"{""type"":""object"",""fields"":[""data"",""status""]}",authenticated client session (t header),request emitted; no durable business change observed by this discovery action,no state identifier returned or persisted in sanitized evidence,client/member,渠道跟踪点击-todo,前台/渠道/渠道跟踪点击-todo.bru,ACTIVE,yes,fat-client-network.json action=account__page_initialization; records=1247,,1
client,My,Account,/my,page,page initialization,POST,https://web-pp6o4v.opoinstalljs.com,/web/pp6o4v/clientf/init2,av|channelCode|cv|hash|sh|sp|sw,,query:av|channelCode|cv|hash|sh|sp|sw<-page/filter/pagination/default,200,UNAVAILABLE,"""number""",guest or no auth header observed,request emitted; no durable business change observed by this discovery action,no state identifier returned or persisted in sanitized evidence,,,,THIRD_PARTY,yes,fat-client-network.json action=account__page_initialization; records=1271,,1
client,My,Account,/my,button,primary navigation/action,GET,https://client-fat.filbet2025.com,/finance/account/list,,,header:t<-authenticated-session,200,true,"{""type"":""object"",""fields"":[""data"",""status""]}",authenticated client session (t header),none observed,not applicable/read-only,client/finance,提款账户列表-wesley,前台/财务/提款账户列表-wesley.bru,ACTIVE,yes,fat-client-network.json action=account__primary_navigation_action; records=1282,,1
client,My,Account,/my,button,primary navigation/action,GET,https://client-fat.filbet2025.com,/finance/channel/list,mode,,header:t<-authenticated-session;query:mode<-page/filter/pagination/default,200,true,"{""type"":""object"",""fields"":[""data"",""status""]}",authenticated client session (t header),none observed,not applicable/read-only,client/finance,获取支付通道列表-wesley,前台/财务/获取支付通道列表-wesley.bru,ACTIVE,yes,fat-client-network.json action=account__primary_navigation_action; records=1283,,1
client,My,Account,/my,button,primary navigation/action,GET,https://client-fat.filbet2025.com,/finance/payment/tab/list,,,header:t<-authenticated-session,200,true,"{""type"":""object"",""fields"":[""data"",""status""]}",authenticated client session (t header),none observed,not applicable/read-only,client/finance,提现tab,前台/财务/提现tab.bru,ACTIVE,yes,fat-client-network.json action=account__primary_navigation_action; records=1284,,1
client,My,Account,/my,button,primary navigation/action,GET,https://client-fat.filbet2025.com,/member/detail,,,header:t<-authenticated-session,200,true,"{""type"":""object"",""fields"":[""data"",""status""]}",authenticated client session (t header),none observed,not applicable/read-only,client/member,获取会员信息-seven-aliang(20260424),前台/会员信息/获取会员信息-seven-aliang(20260424).bru,ACTIVE,yes,fat-client-network.json action=account__primary_navigation_action; records=1277|1280,,2
client,My,Account,/my,button,primary navigation/action,GET,https://client-fat.filbet2025.com,/member/kyc/detail,,,header:t<-authenticated-session,200,true,"{""type"":""object"",""fields"":[""data"",""status""]}",authenticated client session (t header),none observed,not applicable/read-only,client/kyc,获取 kyc 详情 -- double/cold,前台/kyc/获取 kyc 详情 -- double-cold.bru,ACTIVE,yes,fat-client-network.json action=account__primary_navigation_action; records=1276,,1
client,My,Account,/my,button,primary navigation/action,GET,https://client-fat.filbet2025.com,/promo/rotate/kyc/detail,,,header:t<-authenticated-session,200,true,"{""type"":""object"",""fields"":[""data"",""status""]}",authenticated client session (t header),none observed,not applicable/read-only,client/kyc,详情,活动/kyc送免费旋转/详情.bru,ACTIVE,yes,fat-client-network.json action=account__primary_navigation_action; records=1278|1279|1281,,3
client,My,Account,/my,button,primary navigation/action,POST,https://www.google-analytics.com,/g/collect,_eu|_p|_s|are|cid|dl|dma|dt|en|ep.page_env|frm|gcd|gtm|ngs|npa|pscdl|rcb|sct|seg|sid|sr|tag_exp|tfd|tid|uaa|uab|uafvl|uam|uamb|uap|uapv|uaw|ul|v,,query:_eu|_p|_s|are|cid|dl|dma|dt|en|ep.page_env|frm|gcd|gtm|ngs|npa|pscdl|rcb|sct|seg|sid|sr|tag_exp|tfd|tid|uaa|uab|uafvl|uam|uamb|uap|uapv|uaw|ul|v<-page/filter/pagination/default,204,UNAVAILABLE,"""null""",guest or no auth header observed,request emitted; no durable business change observed by this discovery action,no state identifier returned or persisted in sanitized evidence,,,,THIRD_PARTY,yes,fat-client-network.json action=account__primary_navigation_action; records=1285,,1
client,My,Bet History,/my,page,page initialization,GET,https://client-fat.filbet2025.com,/finance/wallet,,,header:t<-authenticated-session,200,true,"{""type"":""object"",""fields"":[""data"",""status""]}",authenticated client session (t header),none observed,not applicable/read-only,client/finance,会员钱包-wesley,前台/财务/会员钱包-wesley.bru,ACTIVE,yes,fat-client-network.json action=bet_history__page_initialization; records=1158|1180,,2
client,My,Bet History,/my,page,page initialization,GET,https://client-fat.filbet2025.com,/member/buriedPoint/detailV2,ad_id,,header:t<-authenticated-session;query:ad_id<-page/filter/pagination/default,200,true,"{""type"":""object"",""fields"":[""data"",""status""]}",authenticated client session (t header),none observed,not applicable/read-only,client/member,埋点详情V2-todo,前台/埋点/埋点详情V2-todo.bru,ACTIVE,yes,fat-client-network.json action=bet_history__page_initialization; records=1173,,1
client,My,Bet History,/my,page,page initialization,GET,https://client-fat.filbet2025.com,/member/detail,,,header:t<-authenticated-session,200,true,"{""type"":""object"",""fields"":[""data"",""status""]}",authenticated client session (t header),none observed,not applicable/read-only,client/member,获取会员信息-seven-aliang(20260424),前台/会员信息/获取会员信息-seven-aliang(20260424).bru,ACTIVE,yes,fat-client-network.json action=bet_history__page_initialization; records=1155|1161|1176,,3
client,My,Bet History,/my,page,page initialization,GET,https://client-fat.filbet2025.com,/member/fav/list,page|page_size,,header:t<-authenticated-session;query:page|page_size<-page/filter/pagination/default,200,true,"{""type"":""object"",""fields"":[""data"",""status""]}",authenticated client session (t header),none observed,not applicable/read-only,client/game,游戏收藏列表-light,前台/游戏/游戏收藏列表-light.bru,ACTIVE,yes,fat-client-network.json action=bet_history__page_initialization; records=1181,,1
client,My,Bet History,/my,page,page initialization,GET,https://client-fat.filbet2025.com,/member/fb/list,,,header:t<-authenticated-session,200,true,"{""type"":""object"",""fields"":[""data"",""status""]}",authenticated client session (t header),none observed,not applicable/read-only,client/member,三方登录列表,前台/三方登录/三方登录列表.bru,ACTIVE,yes,fat-client-network.json action=bet_history__page_initialization; records=1152,,1
client,My,Bet History,/my,page,page initialization,GET,https://client-fat.filbet2025.com,/member/index,,,header:t<-authenticated-session,200,true,"{""type"":""object"",""fields"":[""data"",""status""]}",authenticated client session (t header),none observed,not applicable/read-only,client/game,首页缓存,前台/游戏/首页缓存.bru,ACTIVE,yes,fat-client-network.json action=bet_history__page_initialization; records=1166,,1
client,My,Bet History,/my,page,page initialization,GET,https://client-fat.filbet2025.com,/member/materials/list,material_type_code|platform_code,,header:t<-authenticated-session;query:material_type_code|platform_code<-page/filter/pagination/default,200,true,"{""type"":""object"",""fields"":[""data"",""status""]}",authenticated client session (t header),none observed,not applicable/read-only,client/member,素材列表,前台/素材/素材列表.bru,ACTIVE,yes,fat-client-network.json action=bet_history__page_initialization; records=1167|1168|1169,,3
client,My,Bet History,/my,page,page initialization,GET,https://client-fat.filbet2025.com,/member/message/has_unread,,,header:t<-authenticated-session,200,true,"{""type"":""object"",""fields"":[""data"",""status""]}",authenticated client session (t header),none observed,not applicable/read-only,client/member,是否有未读信息-todo,前台/站内信/是否有未读信息-todo.bru,ACTIVE,yes,fat-client-network.json action=bet_history__page_initialization; records=1154|1162,,2
client,My,Bet History,/my,page,page initialization,GET,https://client-fat.filbet2025.com,/member/message/popup_list,,,header:t<-authenticated-session,200,true,"{""type"":""object"",""fields"":[""data"",""status""]}",authenticated client session (t header),none observed,not applicable/read-only,client/member,获取弹窗站内信列表-todo,前台/站内信/获取弹窗站内信列表-todo.bru,ACTIVE,yes,fat-client-network.json action=bet_history__page_initialization; records=1182,,1
client,My,Bet History,/my,page,page initialization,GET,https://client-fat.filbet2025.com,/member/system,,,header:t<-authenticated-session,200,true,"{""type"":""object"",""fields"":[""data"",""status""]}",authenticated client session (t header),none observed,not applicable/read-only,client/member,获取系统配置,前台/配置/获取系统配置.bru,ACTIVE,yes,fat-client-network.json action=bet_history__page_initialization; records=1160,,1
client,My,Bet History,/my,page,page initialization,GET,https://client-fat.filbet2025.com,/member/v2/index,,,header:t<-authenticated-session,200,true,"{""type"":""object"",""fields"":[""data"",""status""]}",authenticated client session (t header),none observed,not applicable/read-only,client/game,首页缓存v2-owen,前台/游戏/首页缓存v2-owen.bru,ACTIVE,yes,fat-client-network.json action=bet_history__page_initialization; records=1165|1184,,2
client,My,Bet History,/my,page,page initialization,GET,https://client-fat.filbet2025.com,/member/vip/level/detail,,,header:t<-authenticated-session,200,true,"{""type"":""object"",""fields"":[""data"",""status""]}",authenticated client session (t header),none observed,not applicable/read-only,client/member,会员vip等级详情,前台/VIP/会员vip等级详情.bru,ACTIVE,yes,fat-client-network.json action=bet_history__page_initialization; records=1156,,1
client,My,Bet History,/my,page,page initialization,GET,https://client-fat.filbet2025.com,/member/vip/rule,,,header:t<-authenticated-session,200,true,"{""type"":""object"",""fields"":[""data"",""status""]}",authenticated client session (t header),none observed,not applicable/read-only,client/member,VIP配置规则-todo,前台/VIP/VIP配置规则-todo.bru,ACTIVE,yes,fat-client-network.json action=bet_history__page_initialization; records=1171,,1
client,My,Bet History,/my,page,page initialization,GET,https://client-fat.filbet2025.com,/promo/blindbox/detail,pid|ym,,header:t<-authenticated-session;query:pid|ym<-page/filter/pagination/default,200,true,"{""type"":""object"",""fields"":[""data"",""status""]}",authenticated client session (t header),none observed,not applicable/read-only,unknown/promo,获取盲盒详情 - felix,活动/盲盒/获取盲盒详情 - felix.bru,MISCLASSIFIED,yes,fat-client-network.json action=bet_history__page_initialization; records=1172,,1
client,My,Bet History,/my,page,page initialization,GET,https://client-fat.filbet2025.com,/promo/blindbox/query/bonus,,,header:t<-authenticated-session,200,true,"{""type"":""object"",""fields"":[""data"",""status""]}",authenticated client session (t header),none observed,not applicable/read-only,unknown/promo,查询盲盒待领取记录,活动/盲盒/查询盲盒待领取记录.bru,MISCLASSIFIED,yes,fat-client-network.json action=bet_history__page_initialization; records=1163,,1
client,My,Bet History,/my,page,page initialization,GET,https://client-fat.filbet2025.com,/promo/deposit/ladder/deposit/conf,,,header:t<-authenticated-session,200,true,"{""type"":""object"",""fields"":[""data"",""status""]}",authenticated client session (t header),none observed,not applicable/read-only,unknown/finance,存款阶梯配置活动,活动/存款阶梯活动/存款阶梯配置活动.bru,MISCLASSIFIED,yes,fat-client-network.json action=bet_history__page_initialization; records=1159,,1
client,My,Bet History,/my,page,page initialization,GET,https://client-fat.filbet2025.com,/promo/filpcard/detail,pid,,header:t<-authenticated-session;query:pid<-page/filter/pagination/default,200,true,"{""type"":""object"",""fields"":[""data"",""status""]}",authenticated client session (t header),none observed,not applicable/read-only,unknown/promo,活动详情,活动/王牌活动/活动详情.bru,MISCLASSIFIED,yes,fat-client-network.json action=bet_history__page_initialization; records=1174|1185,,2
client,My,Bet History,/my,page,page initialization,GET,https://client-fat.filbet2025.com,/promo/rotate/kyc/detail,,,header:t<-authenticated-session,200,true,"{""type"":""object"",""fields"":[""data"",""status""]}",authenticated client session (t header),none observed,not applicable/read-only,client/kyc,详情,活动/kyc送免费旋转/详情.bru,ACTIVE,yes,fat-client-network.json action=bet_history__page_initialization; records=1153|1170|1178|1179|1188,,5
client,My,Bet History,/my,page,page initialization,GET,https://client-fat.filbet2025.com,/promo/slot/machine/detail,pid,,header:t<-authenticated-session;query:pid<-page/filter/pagination/default,200,true,"{""type"":""object"",""fields"":[""data"",""status""]}",authenticated client session (t header),none observed,not applicable/read-only,unknown/promo,实时滚动有效投注top100|实时滚动负盈利排行榜|排行榜详情,活动/老虎机排行榜/实时滚动有效投注top100.bru|活动/老虎机排行榜/实时滚动负盈利排行榜.bru|活动/老虎机排行榜/排行榜详情.bru,MISCLASSIFIED,yes,fat-client-network.json action=bet_history__page_initialization; records=1183,,1
client,My,Bet History,/my,page,page initialization,GET,https://client-fat.filbet2025.com,/promo/turntable/detail,,,header:t<-authenticated-session,200,false,"{""type"":""object"",""fields"":[""data"",""status""]}",authenticated client session (t header),none observed,not applicable/read-only,unknown/promo,活动详情,活动/大转盘活动/活动详情.bru,ACTIVE_FAILED,yes,fat-client-network.json action=bet_history__page_initialization; records=1175|1186,business status false,2
client,My,Bet History,/my,page,page initialization,GET,https://client-fat.filbet2025.com,/promo/turntable/num,,,header:t<-authenticated-session,200,true,"{""type"":""object"",""fields"":[""data"",""status""]}",authenticated client session (t header),none observed,not applicable/read-only,unknown/promo,剩余次数,活动/大转盘活动/剩余次数.bru,MISCLASSIFIED,yes,fat-client-network.json action=bet_history__page_initialization; records=1187,,1
client,My,Bet History,/my,page,page initialization,GET,https://client-fat.filbet2025.com,/promo/vip/sign/in/config,,,header:t<-authenticated-session,200,true,"{""type"":""object"",""fields"":[""data"",""status""]}",authenticated client session (t header),none observed,not applicable/read-only,client/promo,签到配置,活动/Vip/签到配置.bru,ACTIVE,yes,fat-client-network.json action=bet_history__page_initialization; records=1157|1164,,2
client,My,Bet History,/my,page,page initialization,POST,https://client-fat.filbet2025.com,/member/channel/trackclick,,,header:t<-authenticated-session,200,true,"{""type"":""object"",""fields"":[""data"",""status""]}",authenticated client session (t header),request emitted; no durable business change observed by this discovery action,no state identifier returned or persisted in sanitized evidence,client/member,渠道跟踪点击-todo,前台/渠道/渠道跟踪点击-todo.bru,ACTIVE,yes,fat-client-network.json action=bet_history__page_initialization; records=1177,,1
client,My,Bet History,/my,page,page initialization,POST,https://web-pp6o4v.opoinstalljs.com,/web/pp6o4v/clientf/init2,av|channelCode|cv|hash|sh|sp|sw,,query:av|channelCode|cv|hash|sh|sp|sw<-page/filter/pagination/default,200,UNAVAILABLE,"""number""",guest or no auth header observed,request emitted; no durable business change observed by this discovery action,no state identifier returned or persisted in sanitized evidence,,,,THIRD_PARTY,yes,fat-client-network.json action=bet_history__page_initialization; records=1189,,1
client,My,Bet History,/my,button,primary navigation/action,GET,https://client-fat.filbet2025.com,/member/game/bet/list,page|page_size|time_flag,,header:t<-authenticated-session;query:page|page_size|time_flag<-page/filter/pagination/default,200,true,"{""type"":""object"",""fields"":[""data"",""status""]}",authenticated client session (t header),none observed,not applicable/read-only,client/game,游戏记录-wesley,前台/游戏/游戏记录-wesley.bru,ACTIVE,yes,fat-client-network.json action=bet_history__primary_navigation_action; records=1190,,1
client,My,Bonus,/my,page,page initialization,GET,https://client-fat.filbet2025.com,/finance/wallet,,,header:t<-authenticated-session,200,true,"{""type"":""object"",""fields"":[""data"",""status""]}",authenticated client session (t header),none observed,not applicable/read-only,client/finance,会员钱包-wesley,前台/财务/会员钱包-wesley.bru,ACTIVE,yes,fat-client-network.json action=bonus__page_initialization; records=1199|1223,,2
client,My,Bonus,/my,page,page initialization,GET,https://client-fat.filbet2025.com,/member/buriedPoint/detailV2,ad_id,,header:t<-authenticated-session;query:ad_id<-page/filter/pagination/default,200,true,"{""type"":""object"",""fields"":[""data"",""status""]}",authenticated client session (t header),none observed,not applicable/read-only,client/member,埋点详情V2-todo,前台/埋点/埋点详情V2-todo.bru,ACTIVE,yes,fat-client-network.json action=bonus__page_initialization; records=1214,,1
client,My,Bonus,/my,page,page initialization,GET,https://client-fat.filbet2025.com,/member/detail,,,header:t<-authenticated-session,200,true,"{""type"":""object"",""fields"":[""data"",""status""]}",authenticated client session (t header),none observed,not applicable/read-only,client/member,获取会员信息-seven-aliang(20260424),前台/会员信息/获取会员信息-seven-aliang(20260424).bru,ACTIVE,yes,fat-client-network.json action=bonus__page_initialization; records=1196|1202|1217,,3
client,My,Bonus,/my,page,page initialization,GET,https://client-fat.filbet2025.com,/member/fav/list,page|page_size,,header:t<-authenticated-session;query:page|page_size<-page/filter/pagination/default,200,true,"{""type"":""object"",""fields"":[""data"",""status""]}",authenticated client session (t header),none observed,not applicable/read-only,client/game,游戏收藏列表-light,前台/游戏/游戏收藏列表-light.bru,ACTIVE,yes,fat-client-network.json action=bonus__page_initialization; records=1224,,1
client,My,Bonus,/my,page,page initialization,GET,https://client-fat.filbet2025.com,/member/fb/list,,,header:t<-authenticated-session,200,true,"{""type"":""object"",""fields"":[""data"",""status""]}",authenticated client session (t header),none observed,not applicable/read-only,client/member,三方登录列表,前台/三方登录/三方登录列表.bru,ACTIVE,yes,fat-client-network.json action=bonus__page_initialization; records=1219,,1
client,My,Bonus,/my,page,page initialization,GET,https://client-fat.filbet2025.com,/member/index,,,header:t<-authenticated-session,200,true,"{""type"":""object"",""fields"":[""data"",""status""]}",authenticated client session (t header),none observed,not applicable/read-only,client/game,首页缓存,前台/游戏/首页缓存.bru,ACTIVE,yes,fat-client-network.json action=bonus__page_initialization; records=1207,,1
client,My,Bonus,/my,page,page initialization,GET,https://client-fat.filbet2025.com,/member/materials/list,material_type_code|platform_code,,header:t<-authenticated-session;query:material_type_code|platform_code<-page/filter/pagination/default,200,true,"{""type"":""object"",""fields"":[""data"",""status""]}",authenticated client session (t header),none observed,not applicable/read-only,client/member,素材列表,前台/素材/素材列表.bru,ACTIVE,yes,fat-client-network.json action=bonus__page_initialization; records=1208|1209|1210,,3
client,My,Bonus,/my,page,page initialization,GET,https://client-fat.filbet2025.com,/member/message/has_unread,,,header:t<-authenticated-session,200,true,"{""type"":""object"",""fields"":[""data"",""status""]}",authenticated client session (t header),none observed,not applicable/read-only,client/member,是否有未读信息-todo,前台/站内信/是否有未读信息-todo.bru,ACTIVE,yes,fat-client-network.json action=bonus__page_initialization; records=1195|1203,,2
client,My,Bonus,/my,page,page initialization,GET,https://client-fat.filbet2025.com,/member/message/popup_list,,,header:t<-authenticated-session,200,true,"{""type"":""object"",""fields"":[""data"",""status""]}",authenticated client session (t header),none observed,not applicable/read-only,client/member,获取弹窗站内信列表-todo,前台/站内信/获取弹窗站内信列表-todo.bru,ACTIVE,yes,fat-client-network.json action=bonus__page_initialization; records=1225,,1
client,My,Bonus,/my,page,page initialization,GET,https://client-fat.filbet2025.com,/member/system,,,header:t<-authenticated-session,200,true,"{""type"":""object"",""fields"":[""data"",""status""]}",authenticated client session (t header),none observed,not applicable/read-only,client/member,获取系统配置,前台/配置/获取系统配置.bru,ACTIVE,yes,fat-client-network.json action=bonus__page_initialization; records=1201,,1
client,My,Bonus,/my,page,page initialization,GET,https://client-fat.filbet2025.com,/member/v2/index,,,header:t<-authenticated-session,200,true,"{""type"":""object"",""fields"":[""data"",""status""]}",authenticated client session (t header),none observed,not applicable/read-only,client/game,首页缓存v2-owen,前台/游戏/首页缓存v2-owen.bru,ACTIVE,yes,fat-client-network.json action=bonus__page_initialization; records=1206|1227,,2
client,My,Bonus,/my,page,page initialization,GET,https://client-fat.filbet2025.com,/member/vip/level/detail,,,header:t<-authenticated-session,200,true,"{""type"":""object"",""fields"":[""data"",""status""]}",authenticated client session (t header),none observed,not applicable/read-only,client/member,会员vip等级详情,前台/VIP/会员vip等级详情.bru,ACTIVE,yes,fat-client-network.json action=bonus__page_initialization; records=1197,,1
client,My,Bonus,/my,page,page initialization,GET,https://client-fat.filbet2025.com,/member/vip/rule,,,header:t<-authenticated-session,200,true,"{""type"":""object"",""fields"":[""data"",""status""]}",authenticated client session (t header),none observed,not applicable/read-only,client/member,VIP配置规则-todo,前台/VIP/VIP配置规则-todo.bru,ACTIVE,yes,fat-client-network.json action=bonus__page_initialization; records=1213,,1
client,My,Bonus,/my,page,page initialization,GET,https://client-fat.filbet2025.com,/promo/blindbox/detail,pid|ym,,header:t<-authenticated-session;query:pid|ym<-page/filter/pagination/default,200,true,"{""type"":""object"",""fields"":[""data"",""status""]}",authenticated client session (t header),none observed,not applicable/read-only,unknown/promo,获取盲盒详情 - felix,活动/盲盒/获取盲盒详情 - felix.bru,MISCLASSIFIED,yes,fat-client-network.json action=bonus__page_initialization; records=1211,,1
client,My,Bonus,/my,page,page initialization,GET,https://client-fat.filbet2025.com,/promo/blindbox/query/bonus,,,header:t<-authenticated-session,200,true,"{""type"":""object"",""fields"":[""data"",""status""]}",authenticated client session (t header),none observed,not applicable/read-only,unknown/promo,查询盲盒待领取记录,活动/盲盒/查询盲盒待领取记录.bru,MISCLASSIFIED,yes,fat-client-network.json action=bonus__page_initialization; records=1204,,1
client,My,Bonus,/my,page,page initialization,GET,https://client-fat.filbet2025.com,/promo/deposit/ladder/deposit/conf,,,header:t<-authenticated-session,200,true,"{""type"":""object"",""fields"":[""data"",""status""]}",authenticated client session (t header),none observed,not applicable/read-only,unknown/finance,存款阶梯配置活动,活动/存款阶梯活动/存款阶梯配置活动.bru,MISCLASSIFIED,yes,fat-client-network.json action=bonus__page_initialization; records=1200,,1
client,My,Bonus,/my,page,page initialization,GET,https://client-fat.filbet2025.com,/promo/filpcard/detail,pid,,header:t<-authenticated-session;query:pid<-page/filter/pagination/default,200,true,"{""type"":""object"",""fields"":[""data"",""status""]}",authenticated client session (t header),none observed,not applicable/read-only,unknown/promo,活动详情,活动/王牌活动/活动详情.bru,MISCLASSIFIED,yes,fat-client-network.json action=bonus__page_initialization; records=1215|1228,,2
client,My,Bonus,/my,page,page initialization,GET,https://client-fat.filbet2025.com,/promo/rotate/kyc/detail,,,header:t<-authenticated-session,200,true,"{""type"":""object"",""fields"":[""data"",""status""]}",authenticated client session (t header),none observed,not applicable/read-only,client/kyc,详情,活动/kyc送免费旋转/详情.bru,ACTIVE,yes,fat-client-network.json action=bonus__page_initialization; records=1212|1220|1221|1222|1231,,5
client,My,Bonus,/my,page,page initialization,GET,https://client-fat.filbet2025.com,/promo/slot/machine/detail,pid,,header:t<-authenticated-session;query:pid<-page/filter/pagination/default,200,true,"{""type"":""object"",""fields"":[""data"",""status""]}",authenticated client session (t header),none observed,not applicable/read-only,unknown/promo,实时滚动有效投注top100|实时滚动负盈利排行榜|排行榜详情,活动/老虎机排行榜/实时滚动有效投注top100.bru|活动/老虎机排行榜/实时滚动负盈利排行榜.bru|活动/老虎机排行榜/排行榜详情.bru,MISCLASSIFIED,yes,fat-client-network.json action=bonus__page_initialization; records=1226,,1
client,My,Bonus,/my,page,page initialization,GET,https://client-fat.filbet2025.com,/promo/turntable/detail,,,header:t<-authenticated-session,200,false,"{""type"":""object"",""fields"":[""data"",""status""]}",authenticated client session (t header),none observed,not applicable/read-only,unknown/promo,活动详情,活动/大转盘活动/活动详情.bru,ACTIVE_FAILED,yes,fat-client-network.json action=bonus__page_initialization; records=1216|1229,business status false,2
client,My,Bonus,/my,page,page initialization,GET,https://client-fat.filbet2025.com,/promo/turntable/num,,,header:t<-authenticated-session,200,true,"{""type"":""object"",""fields"":[""data"",""status""]}",authenticated client session (t header),none observed,not applicable/read-only,unknown/promo,剩余次数,活动/大转盘活动/剩余次数.bru,MISCLASSIFIED,yes,fat-client-network.json action=bonus__page_initialization; records=1230,,1
client,My,Bonus,/my,page,page initialization,GET,https://client-fat.filbet2025.com,/promo/vip/sign/in/config,,,header:t<-authenticated-session,200,true,"{""type"":""object"",""fields"":[""data"",""status""]}",authenticated client session (t header),none observed,not applicable/read-only,client/promo,签到配置,活动/Vip/签到配置.bru,ACTIVE,yes,fat-client-network.json action=bonus__page_initialization; records=1198|1205,,2
client,My,Bonus,/my,page,page initialization,POST,https://client-fat.filbet2025.com,/member/channel/trackclick,,,header:t<-authenticated-session,200,true,"{""type"":""object"",""fields"":[""data"",""status""]}",authenticated client session (t header),request emitted; no durable business change observed by this discovery action,no state identifier returned or persisted in sanitized evidence,client/member,渠道跟踪点击-todo,前台/渠道/渠道跟踪点击-todo.bru,ACTIVE,yes,fat-client-network.json action=bonus__page_initialization; records=1218,,1
client,My,Bonus,/my,page,page initialization,POST,https://web-pp6o4v.opoinstalljs.com,/web/pp6o4v/clientf/init2,av|channelCode|cv|hash|sh|sp|sw,,query:av|channelCode|cv|hash|sh|sp|sw<-page/filter/pagination/default,200,UNAVAILABLE,"""number""",guest or no auth header observed,request emitted; no durable business change observed by this discovery action,no state identifier returned or persisted in sanitized evidence,,,,THIRD_PARTY,yes,fat-client-network.json action=bonus__page_initialization; records=1232,,1
client,My,Bonus,/my,button,primary navigation/action,GET,https://client-fat.filbet2025.com,/promo/blindbox/transaction/bonus,page|page_size|time_flag,,header:t<-authenticated-session;query:page|page_size|time_flag<-page/filter/pagination/default,200,true,"{""type"":""object"",""fields"":[""data"",""status""]}",authenticated client session (t header),none observed,not applicable/read-only,unknown/finance,bonus列表 - felix|公共礼金列表记录|领取记录|领取记录列表,活动/cq9返水/领取记录列表.bru|活动/tpg 返利/领取记录.bru|活动/盲盒/bonus列表 - felix.bru|活动/老虎机排行榜/公共礼金列表记录.bru,MISCLASSIFIED,yes,fat-client-network.json action=bonus__primary_navigation_action; records=1233,,1
client,My,Deposit,/my?action=deposit,page,page initialization,GET,https://client-fat.filbet2025.com,/finance/channel/list,mode,,header:t<-authenticated-session;query:mode<-page/filter/pagination/default,200,true,"{""type"":""object"",""fields"":[""data"",""status""]}",authenticated client session (t header),none observed,not applicable/read-only,client/finance,获取支付通道列表-wesley,前台/财务/获取支付通道列表-wesley.bru,ACTIVE,yes,fat-client-network.json action=deposit__page_initialization; records=1014,,1
client,My,Deposit,/my?action=deposit,page,page initialization,GET,https://client-fat.filbet2025.com,/finance/wallet,,,header:t<-authenticated-session,200,true,"{""type"":""object"",""fields"":[""data"",""status""]}",authenticated client session (t header),none observed,not applicable/read-only,client/finance,会员钱包-wesley,前台/财务/会员钱包-wesley.bru,ACTIVE,yes,fat-client-network.json action=deposit__page_initialization; records=1032|1040,,2
client,My,Deposit,/my?action=deposit,page,page initialization,GET,https://client-fat.filbet2025.com,/member/buriedPoint/detailV2,ad_id,,header:t<-authenticated-session;query:ad_id<-page/filter/pagination/default,200,true,"{""type"":""object"",""fields"":[""data"",""status""]}",authenticated client session (t header),none observed,not applicable/read-only,client/member,埋点详情V2-todo,前台/埋点/埋点详情V2-todo.bru,ACTIVE,yes,fat-client-network.json action=deposit__page_initialization; records=1020,,1
client,My,Deposit,/my?action=deposit,page,page initialization,GET,https://client-fat.filbet2025.com,/member/detail,,,header:t<-authenticated-session,200,true,"{""type"":""object"",""fields"":[""data"",""status""]}",authenticated client session (t header),none observed,not applicable/read-only,client/member,获取会员信息-seven-aliang(20260424),前台/会员信息/获取会员信息-seven-aliang(20260424).bru,ACTIVE,yes,fat-client-network.json action=deposit__page_initialization; records=1023|1029|1035,,3
client,My,Deposit,/my?action=deposit,page,page initialization,GET,https://client-fat.filbet2025.com,/member/fav/list,page|page_size,,header:t<-authenticated-session;query:page|page_size<-page/filter/pagination/default,200,true,"{""type"":""object"",""fields"":[""data"",""status""]}",authenticated client session (t header),none observed,not applicable/read-only,client/game,游戏收藏列表-light,前台/游戏/游戏收藏列表-light.bru,ACTIVE,yes,fat-client-network.json action=deposit__page_initialization; records=1041,,1
client,My,Deposit,/my?action=deposit,page,page initialization,GET,https://client-fat.filbet2025.com,/member/fb/list,,,header:t<-authenticated-session,200,true,"{""type"":""object"",""fields"":[""data"",""status""]}",authenticated client session (t header),none observed,not applicable/read-only,client/member,三方登录列表,前台/三方登录/三方登录列表.bru,ACTIVE,yes,fat-client-network.json action=deposit__page_initialization; records=1026,,1
client,My,Deposit,/my?action=deposit,page,page initialization,GET,https://client-fat.filbet2025.com,/member/index,,,header:t<-authenticated-session,200,true,"{""type"":""object"",""fields"":[""data"",""status""]}",authenticated client session (t header),none observed,not applicable/read-only,client/game,首页缓存,前台/游戏/首页缓存.bru,ACTIVE,yes,fat-client-network.json action=deposit__page_initialization; records=1016,,1
client,My,Deposit,/my?action=deposit,page,page initialization,GET,https://client-fat.filbet2025.com,/member/materials/list,material_type_code|platform_code,,header:t<-authenticated-session;query:material_type_code|platform_code<-page/filter/pagination/default,200,true,"{""type"":""object"",""fields"":[""data"",""status""]}",authenticated client session (t header),none observed,not applicable/read-only,client/member,素材列表,前台/素材/素材列表.bru,ACTIVE,yes,fat-client-network.json action=deposit__page_initialization; records=1017|1018|1019,,3
client,My,Deposit,/my?action=deposit,page,page initialization,GET,https://client-fat.filbet2025.com,/member/message/has_unread,,,header:t<-authenticated-session,200,true,"{""type"":""object"",""fields"":[""data"",""status""]}",authenticated client session (t header),none observed,not applicable/read-only,client/member,是否有未读信息-todo,前台/站内信/是否有未读信息-todo.bru,ACTIVE,yes,fat-client-network.json action=deposit__page_initialization; records=1028|1036,,2
client,My,Deposit,/my?action=deposit,page,page initialization,GET,https://client-fat.filbet2025.com,/member/message/popup_list,,,header:t<-authenticated-session,200,true,"{""type"":""object"",""fields"":[""data"",""status""]}",authenticated client session (t header),none observed,not applicable/read-only,client/member,获取弹窗站内信列表-todo,前台/站内信/获取弹窗站内信列表-todo.bru,ACTIVE,yes,fat-client-network.json action=deposit__page_initialization; records=1042,,1
client,My,Deposit,/my?action=deposit,page,page initialization,GET,https://client-fat.filbet2025.com,/member/system,,,header:t<-authenticated-session,200,true,"{""type"":""object"",""fields"":[""data"",""status""]}",authenticated client session (t header),none observed,not applicable/read-only,client/member,获取系统配置,前台/配置/获取系统配置.bru,ACTIVE,yes,fat-client-network.json action=deposit__page_initialization; records=1034,,1
client,My,Deposit,/my?action=deposit,page,page initialization,GET,https://client-fat.filbet2025.com,/member/v2/index,,,header:t<-authenticated-session,200,true,"{""type"":""object"",""fields"":[""data"",""status""]}",authenticated client session (t header),none observed,not applicable/read-only,client/game,首页缓存v2-owen,前台/游戏/首页缓存v2-owen.bru,ACTIVE,yes,fat-client-network.json action=deposit__page_initialization; records=1015|1044,,2
client,My,Deposit,/my?action=deposit,page,page initialization,GET,https://client-fat.filbet2025.com,/member/vip/level/detail,,,header:t<-authenticated-session,200,true,"{""type"":""object"",""fields"":[""data"",""status""]}",authenticated client session (t header),none observed,not applicable/read-only,client/member,会员vip等级详情,前台/VIP/会员vip等级详情.bru,ACTIVE,yes,fat-client-network.json action=deposit__page_initialization; records=1030,,1
client,My,Deposit,/my?action=deposit,page,page initialization,GET,https://client-fat.filbet2025.com,/member/vip/rule,,,header:t<-authenticated-session,200,true,"{""type"":""object"",""fields"":[""data"",""status""]}",authenticated client session (t header),none observed,not applicable/read-only,client/member,VIP配置规则-todo,前台/VIP/VIP配置规则-todo.bru,ACTIVE,yes,fat-client-network.json action=deposit__page_initialization; records=1052,,1
client,My,Deposit,/my?action=deposit,page,page initialization,GET,https://client-fat.filbet2025.com,/promo/blindbox/detail,pid|ym,,header:t<-authenticated-session;query:pid|ym<-page/filter/pagination/default,200,true,"{""type"":""object"",""fields"":[""data"",""status""]}",authenticated client session (t header),none observed,not applicable/read-only,unknown/promo,获取盲盒详情 - felix,活动/盲盒/获取盲盒详情 - felix.bru,MISCLASSIFIED,yes,fat-client-network.json action=deposit__page_initialization; records=1050,,1
client,My,Deposit,/my?action=deposit,page,page initialization,GET,https://client-fat.filbet2025.com,/promo/blindbox/query/bonus,,,header:t<-authenticated-session,200,true,"{""type"":""object"",""fields"":[""data"",""status""]}",authenticated client session (t header),none observed,not applicable/read-only,unknown/promo,查询盲盒待领取记录,活动/盲盒/查询盲盒待领取记录.bru,MISCLASSIFIED,yes,fat-client-network.json action=deposit__page_initialization; records=1037,,1
client,My,Deposit,/my?action=deposit,page,page initialization,GET,https://client-fat.filbet2025.com,/promo/deposit/ladder/deposit/conf,channel_id|pid,,header:t<-authenticated-session;query:channel_id|pid<-page/filter/pagination/default,200,true,"{""type"":""object"",""fields"":[""data"",""status""]}",authenticated client session (t header),none observed,not applicable/read-only,unknown/finance,存款阶梯配置活动,活动/存款阶梯活动/存款阶梯配置活动.bru,MISCLASSIFIED,yes,fat-client-network.json action=deposit__page_initialization; records=1025|1033,,2
client,My,Deposit,/my?action=deposit,page,page initialization,GET,https://client-fat.filbet2025.com,/promo/filpcard/detail,pid,,header:t<-authenticated-session;query:pid<-page/filter/pagination/default,200,true,"{""type"":""object"",""fields"":[""data"",""status""]}",authenticated client session (t header),none observed,not applicable/read-only,unknown/promo,活动详情,活动/王牌活动/活动详情.bru,MISCLASSIFIED,yes,fat-client-network.json action=deposit__page_initialization; records=1021|1045,,2
client,My,Deposit,/my?action=deposit,page,page initialization,GET,https://client-fat.filbet2025.com,/promo/rotate/kyc/detail,,,header:t<-authenticated-session,200,true,"{""type"":""object"",""fields"":[""data"",""status""]}",authenticated client session (t header),none observed,not applicable/read-only,client/kyc,详情,活动/kyc送免费旋转/详情.bru,ACTIVE,yes,fat-client-network.json action=deposit__page_initialization; records=1027|1039|1048|1051|1053,,5
client,My,Deposit,/my?action=deposit,page,page initialization,GET,https://client-fat.filbet2025.com,/promo/slot/machine/detail,pid,,header:t<-authenticated-session;query:pid<-page/filter/pagination/default,200,true,"{""type"":""object"",""fields"":[""data"",""status""]}",authenticated client session (t header),none observed,not applicable/read-only,unknown/promo,实时滚动有效投注top100|实时滚动负盈利排行榜|排行榜详情,活动/老虎机排行榜/实时滚动有效投注top100.bru|活动/老虎机排行榜/实时滚动负盈利排行榜.bru|活动/老虎机排行榜/排行榜详情.bru,MISCLASSIFIED,yes,fat-client-network.json action=deposit__page_initialization; records=1043,,1
client,My,Deposit,/my?action=deposit,page,page initialization,GET,https://client-fat.filbet2025.com,/promo/turntable/detail,,,header:t<-authenticated-session,200,false,"{""type"":""object"",""fields"":[""data"",""status""]}",authenticated client session (t header),none observed,not applicable/read-only,unknown/promo,活动详情,活动/大转盘活动/活动详情.bru,ACTIVE_FAILED,yes,fat-client-network.json action=deposit__page_initialization; records=1022|1046,business status false,2
client,My,Deposit,/my?action=deposit,page,page initialization,GET,https://client-fat.filbet2025.com,/promo/turntable/num,,,header:t<-authenticated-session,200,true,"{""type"":""object"",""fields"":[""data"",""status""]}",authenticated client session (t header),none observed,not applicable/read-only,unknown/promo,剩余次数,活动/大转盘活动/剩余次数.bru,MISCLASSIFIED,yes,fat-client-network.json action=deposit__page_initialization; records=1047,,1
client,My,Deposit,/my?action=deposit,page,page initialization,GET,https://client-fat.filbet2025.com,/promo/vip/sign/in/config,,,header:t<-authenticated-session,200,true,"{""type"":""object"",""fields"":[""data"",""status""]}",authenticated client session (t header),none observed,not applicable/read-only,client/promo,签到配置,活动/Vip/签到配置.bru,ACTIVE,yes,fat-client-network.json action=deposit__page_initialization; records=1031|1038,,2
client,My,Deposit,/my?action=deposit,page,page initialization,POST,https://client-fat.filbet2025.com,/member/channel/trackclick,,,header:t<-authenticated-session,200,true,"{""type"":""object"",""fields"":[""data"",""status""]}",authenticated client session (t header),request emitted; no durable business change observed by this discovery action,no state identifier returned or persisted in sanitized evidence,client/member,渠道跟踪点击-todo,前台/渠道/渠道跟踪点击-todo.bru,ACTIVE,yes,fat-client-network.json action=deposit__page_initialization; records=1024,,1
client,My,Deposit,/my?action=deposit,page,page initialization,POST,https://web-pp6o4v.opoinstalljs.com,/web/pp6o4v/clientf/init2,av|channelCode|cv|hash|sh|sp|sw,,query:av|channelCode|cv|hash|sh|sp|sw<-page/filter/pagination/default,200,UNAVAILABLE,"""number""",guest or no auth header observed,request emitted; no durable business change observed by this discovery action,no state identifier returned or persisted in sanitized evidence,,,,THIRD_PARTY,yes,fat-client-network.json action=deposit__page_initialization; records=1049,,1
client,My,My,/my,page,page initialization,GET,https://client-fat.filbet2025.com,/finance/wallet,,,header:t<-authenticated-session,200,true,"{""type"":""object"",""fields"":[""data"",""status""]}",authenticated client session (t header),none observed,not applicable/read-only,client/finance,会员钱包-wesley,前台/财务/会员钱包-wesley.bru,ACTIVE,yes,fat-client-network.json action=my__page_initialization; records=296|321,,2
client,My,My,/my,page,page initialization,GET,https://client-fat.filbet2025.com,/member/buriedPoint/detailV2,ad_id,,header:t<-authenticated-session;query:ad_id<-page/filter/pagination/default,200,true,"{""type"":""object"",""fields"":[""data"",""status""]}",authenticated client session (t header),none observed,not applicable/read-only,client/member,埋点详情V2-todo,前台/埋点/埋点详情V2-todo.bru,ACTIVE,yes,fat-client-network.json action=my__page_initialization; records=312,,1
client,My,My,/my,page,page initialization,GET,https://client-fat.filbet2025.com,/member/detail,,,header:t<-authenticated-session,200,true,"{""type"":""object"",""fields"":[""data"",""status""]}",authenticated client session (t header),none observed,not applicable/read-only,client/member,获取会员信息-seven-aliang(20260424),前台/会员信息/获取会员信息-seven-aliang(20260424).bru,ACTIVE,yes,fat-client-network.json action=my__page_initialization; records=293|299|315,,3
client,My,My,/my,page,page initialization,GET,https://client-fat.filbet2025.com,/member/fav/list,page|page_size,,header:t<-authenticated-session;query:page|page_size<-page/filter/pagination/default,200,true,"{""type"":""object"",""fields"":[""data"",""status""]}",authenticated client session (t header),none observed,not applicable/read-only,client/game,游戏收藏列表-light,前台/游戏/游戏收藏列表-light.bru,ACTIVE,yes,fat-client-network.json action=my__page_initialization; records=322,,1
client,My,My,/my,page,page initialization,GET,https://client-fat.filbet2025.com,/member/fb/list,,,header:t<-authenticated-session,200,true,"{""type"":""object"",""fields"":[""data"",""status""]}",authenticated client session (t header),none observed,not applicable/read-only,client/member,三方登录列表,前台/三方登录/三方登录列表.bru,ACTIVE,yes,fat-client-network.json action=my__page_initialization; records=317,,1
client,My,My,/my,page,page initialization,GET,https://client-fat.filbet2025.com,/member/index,,,header:t<-authenticated-session,200,true,"{""type"":""object"",""fields"":[""data"",""status""]}",authenticated client session (t header),none observed,not applicable/read-only,client/game,首页缓存,前台/游戏/首页缓存.bru,ACTIVE,yes,fat-client-network.json action=my__page_initialization; records=304,,1
client,My,My,/my,page,page initialization,GET,https://client-fat.filbet2025.com,/member/materials/list,material_type_code|platform_code,,header:t<-authenticated-session;query:material_type_code|platform_code<-page/filter/pagination/default,200,true,"{""type"":""object"",""fields"":[""data"",""status""]}",authenticated client session (t header),none observed,not applicable/read-only,client/member,素材列表,前台/素材/素材列表.bru,ACTIVE,yes,fat-client-network.json action=my__page_initialization; records=305|306|307,,3
client,My,My,/my,page,page initialization,GET,https://client-fat.filbet2025.com,/member/message/has_unread,,,header:t<-authenticated-session,200,true,"{""type"":""object"",""fields"":[""data"",""status""]}",authenticated client session (t header),none observed,not applicable/read-only,client/member,是否有未读信息-todo,前台/站内信/是否有未读信息-todo.bru,ACTIVE,yes,fat-client-network.json action=my__page_initialization; records=292|300,,2
client,My,My,/my,page,page initialization,GET,https://client-fat.filbet2025.com,/member/message/popup_list,,,header:t<-authenticated-session,200,true,"{""type"":""object"",""fields"":[""data"",""status""]}",authenticated client session (t header),none observed,not applicable/read-only,client/member,获取弹窗站内信列表-todo,前台/站内信/获取弹窗站内信列表-todo.bru,ACTIVE,yes,fat-client-network.json action=my__page_initialization; records=323,,1
client,My,My,/my,page,page initialization,GET,https://client-fat.filbet2025.com,/member/system,,,header:t<-authenticated-session,200,true,"{""type"":""object"",""fields"":[""data"",""status""]}",authenticated client session (t header),none observed,not applicable/read-only,client/member,获取系统配置,前台/配置/获取系统配置.bru,ACTIVE,yes,fat-client-network.json action=my__page_initialization; records=298,,1
client,My,My,/my,page,page initialization,GET,https://client-fat.filbet2025.com,/member/v2/index,,,header:t<-authenticated-session,200,true,"{""type"":""object"",""fields"":[""data"",""status""]}",authenticated client session (t header),none observed,not applicable/read-only,client/game,首页缓存v2-owen,前台/游戏/首页缓存v2-owen.bru,ACTIVE,yes,fat-client-network.json action=my__page_initialization; records=303|325,,2
client,My,My,/my,page,page initialization,GET,https://client-fat.filbet2025.com,/member/vip/level/detail,,,header:t<-authenticated-session,200,true,"{""type"":""object"",""fields"":[""data"",""status""]}",authenticated client session (t header),none observed,not applicable/read-only,client/member,会员vip等级详情,前台/VIP/会员vip等级详情.bru,ACTIVE,yes,fat-client-network.json action=my__page_initialization; records=294,,1
client,My,My,/my,page,page initialization,GET,https://client-fat.filbet2025.com,/member/vip/rule,,,header:t<-authenticated-session,200,true,"{""type"":""object"",""fields"":[""data"",""status""]}",authenticated client session (t header),none observed,not applicable/read-only,client/member,VIP配置规则-todo,前台/VIP/VIP配置规则-todo.bru,ACTIVE,yes,fat-client-network.json action=my__page_initialization; records=311,,1
client,My,My,/my,page,page initialization,GET,https://client-fat.filbet2025.com,/promo/blindbox/detail,pid|ym,,header:t<-authenticated-session;query:pid|ym<-page/filter/pagination/default,200,true,"{""type"":""object"",""fields"":[""data"",""status""]}",authenticated client session (t header),none observed,not applicable/read-only,unknown/promo,获取盲盒详情 - felix,活动/盲盒/获取盲盒详情 - felix.bru,MISCLASSIFIED,yes,fat-client-network.json action=my__page_initialization; records=309,,1
client,My,My,/my,page,page initialization,GET,https://client-fat.filbet2025.com,/promo/blindbox/query/bonus,,,header:t<-authenticated-session,200,true,"{""type"":""object"",""fields"":[""data"",""status""]}",authenticated client session (t header),none observed,not applicable/read-only,unknown/promo,查询盲盒待领取记录,活动/盲盒/查询盲盒待领取记录.bru,MISCLASSIFIED,yes,fat-client-network.json action=my__page_initialization; records=301,,1
client,My,My,/my,page,page initialization,GET,https://client-fat.filbet2025.com,/promo/deposit/ladder/deposit/conf,,,header:t<-authenticated-session,200,true,"{""type"":""object"",""fields"":[""data"",""status""]}",authenticated client session (t header),none observed,not applicable/read-only,unknown/finance,存款阶梯配置活动,活动/存款阶梯活动/存款阶梯配置活动.bru,MISCLASSIFIED,yes,fat-client-network.json action=my__page_initialization; records=297,,1
client,My,My,/my,page,page initialization,GET,https://client-fat.filbet2025.com,/promo/filpcard/detail,pid,,header:t<-authenticated-session;query:pid<-page/filter/pagination/default,200,true,"{""type"":""object"",""fields"":[""data"",""status""]}",authenticated client session (t header),none observed,not applicable/read-only,unknown/promo,活动详情,活动/王牌活动/活动详情.bru,MISCLASSIFIED,yes,fat-client-network.json action=my__page_initialization; records=313|326,,2
client,My,My,/my,page,page initialization,GET,https://client-fat.filbet2025.com,/promo/rotate/kyc/detail,,,header:t<-authenticated-session,200,true,"{""type"":""object"",""fields"":[""data"",""status""]}",authenticated client session (t header),none observed,not applicable/read-only,client/kyc,详情,活动/kyc送免费旋转/详情.bru,ACTIVE,yes,fat-client-network.json action=my__page_initialization; records=310|318|319|320|329,,5
client,My,My,/my,page,page initialization,GET,https://client-fat.filbet2025.com,/promo/slot/machine/detail,pid,,header:t<-authenticated-session;query:pid<-page/filter/pagination/default,200,true,"{""type"":""object"",""fields"":[""data"",""status""]}",authenticated client session (t header),none observed,not applicable/read-only,unknown/promo,实时滚动有效投注top100|实时滚动负盈利排行榜|排行榜详情,活动/老虎机排行榜/实时滚动有效投注top100.bru|活动/老虎机排行榜/实时滚动负盈利排行榜.bru|活动/老虎机排行榜/排行榜详情.bru,MISCLASSIFIED,yes,fat-client-network.json action=my__page_initialization; records=324,,1
client,My,My,/my,page,page initialization,GET,https://client-fat.filbet2025.com,/promo/turntable/detail,,,header:t<-authenticated-session,200,false,"{""type"":""object"",""fields"":[""data"",""status""]}",authenticated client session (t header),none observed,not applicable/read-only,unknown/promo,活动详情,活动/大转盘活动/活动详情.bru,ACTIVE_FAILED,yes,fat-client-network.json action=my__page_initialization; records=314|327,business status false,2
client,My,My,/my,page,page initialization,GET,https://client-fat.filbet2025.com,/promo/turntable/num,,,header:t<-authenticated-session,200,true,"{""type"":""object"",""fields"":[""data"",""status""]}",authenticated client session (t header),none observed,not applicable/read-only,unknown/promo,剩余次数,活动/大转盘活动/剩余次数.bru,MISCLASSIFIED,yes,fat-client-network.json action=my__page_initialization; records=328,,1
client,My,My,/my,page,page initialization,GET,https://client-fat.filbet2025.com,/promo/vip/sign/in/config,,,header:t<-authenticated-session,200,true,"{""type"":""object"",""fields"":[""data"",""status""]}",authenticated client session (t header),none observed,not applicable/read-only,client/promo,签到配置,活动/Vip/签到配置.bru,ACTIVE,yes,fat-client-network.json action=my__page_initialization; records=295|302,,2
client,My,My,/my,page,page initialization,GET,https://www.googletagmanager.com,/a,ccid|cid|gtm|h|l|pid|rv|t|tag_exp|u|v,,query:ccid|cid|gtm|h|l|pid|rv|t|tag_exp|u|v<-page/filter/pagination/default,200,UNAVAILABLE,"""null""",guest or no auth header observed,none observed,not applicable/read-only,,,,THIRD_PARTY,yes,fat-client-network.json action=my__page_initialization; records=308,,1
client,My,My,/my,page,page initialization,POST,https://client-fat.filbet2025.com,/member/channel/trackclick,,,header:t<-authenticated-session,200,true,"{""type"":""object"",""fields"":[""data"",""status""]}",authenticated client session (t header),request emitted; no durable business change observed by this discovery action,no state identifier returned or persisted in sanitized evidence,client/member,渠道跟踪点击-todo,前台/渠道/渠道跟踪点击-todo.bru,ACTIVE,yes,fat-client-network.json action=my__page_initialization; records=316,,1
client,My,My,/my,page,page initialization,POST,https://web-pp6o4v.opoinstalljs.com,/web/pp6o4v/clientf/init2,av|channelCode|cv|hash|sh|sp|sw,,query:av|channelCode|cv|hash|sh|sp|sw<-page/filter/pagination/default,200,UNAVAILABLE,"""number""",guest or no auth header observed,request emitted; no durable business change observed by this discovery action,no state identifier returned or persisted in sanitized evidence,,,,THIRD_PARTY,yes,fat-client-network.json action=my__page_initialization; records=330,,1
client,My,My,/my,button,refresh balance,GET,https://client-fat.filbet2025.com,/finance/wallet,,,header:t<-authenticated-session,200,true,"{""type"":""object"",""fields"":[""data"",""status""]}",authenticated client session (t header),none observed,not applicable/read-only,client/finance,会员钱包-wesley,前台/财务/会员钱包-wesley.bru,ACTIVE,yes,fat-client-network.json action=my__refresh_balance; records=331,,1
client,My,Transaction,/my,filter,open All Status filter,POST,https://www.google-analytics.com,/g/collect,_eu|_p|_s|are|cid|dl|dma|dt|frm|gcd|gtm|ngs|npa|pscdl|rcb|sct|seg|sid|sr|tag_exp|tfd|tid|uaa|uab|uafvl|uam|uamb|uap|uapv|uaw|ul|v,,query:_eu|_p|_s|are|cid|dl|dma|dt|frm|gcd|gtm|ngs|npa|pscdl|rcb|sct|seg|sid|sr|tag_exp|tfd|tid|uaa|uab|uafvl|uam|uamb|uap|uapv|uaw|ul|v<-page/filter/pagination/default,204,UNAVAILABLE,"""null""",guest or no auth header observed,request emitted; no durable business change observed by this discovery action,no state identifier returned or persisted in sanitized evidence,,,,THIRD_PARTY,yes,fat-client-network.json action=transaction__open_all_status_filter; records=1147,,1
client,My,Transaction,/my,page,page initialization,GET,https://client-fat.filbet2025.com,/finance/wallet,,,header:t<-authenticated-session,200,true,"{""type"":""object"",""fields"":[""data"",""status""]}",authenticated client session (t header),none observed,not applicable/read-only,client/finance,会员钱包-wesley,前台/财务/会员钱包-wesley.bru,ACTIVE,yes,fat-client-network.json action=transaction__page_initialization; records=1111|1136,,2
client,My,Transaction,/my,page,page initialization,GET,https://client-fat.filbet2025.com,/member/buriedPoint/detailV2,ad_id,,header:t<-authenticated-session;query:ad_id<-page/filter/pagination/default,200,true,"{""type"":""object"",""fields"":[""data"",""status""]}",authenticated client session (t header),none observed,not applicable/read-only,client/member,埋点详情V2-todo,前台/埋点/埋点详情V2-todo.bru,ACTIVE,yes,fat-client-network.json action=transaction__page_initialization; records=1123,,1
client,My,Transaction,/my,page,page initialization,GET,https://client-fat.filbet2025.com,/member/detail,,,header:t<-authenticated-session,200,true,"{""type"":""object"",""fields"":[""data"",""status""]}",authenticated client session (t header),none observed,not applicable/read-only,client/member,获取会员信息-seven-aliang(20260424),前台/会员信息/获取会员信息-seven-aliang(20260424).bru,ACTIVE,yes,fat-client-network.json action=transaction__page_initialization; records=1108|1114|1126,,3
client,My,Transaction,/my,page,page initialization,GET,https://client-fat.filbet2025.com,/member/fav/list,page|page_size,,header:t<-authenticated-session;query:page|page_size<-page/filter/pagination/default,200,true,"{""type"":""object"",""fields"":[""data"",""status""]}",authenticated client session (t header),none observed,not applicable/read-only,client/game,游戏收藏列表-light,前台/游戏/游戏收藏列表-light.bru,ACTIVE,yes,fat-client-network.json action=transaction__page_initialization; records=1137,,1
client,My,Transaction,/my,page,page initialization,GET,https://client-fat.filbet2025.com,/member/fb/list,,,header:t<-authenticated-session,200,true,"{""type"":""object"",""fields"":[""data"",""status""]}",authenticated client session (t header),none observed,not applicable/read-only,client/member,三方登录列表,前台/三方登录/三方登录列表.bru,ACTIVE,yes,fat-client-network.json action=transaction__page_initialization; records=1131,,1
client,My,Transaction,/my,page,page initialization,GET,https://client-fat.filbet2025.com,/member/index,,,header:t<-authenticated-session,200,true,"{""type"":""object"",""fields"":[""data"",""status""]}",authenticated client session (t header),none observed,not applicable/read-only,client/game,首页缓存,前台/游戏/首页缓存.bru,ACTIVE,yes,fat-client-network.json action=transaction__page_initialization; records=1119,,1
client,My,Transaction,/my,page,page initialization,GET,https://client-fat.filbet2025.com,/member/materials/list,material_type_code|platform_code,,header:t<-authenticated-session;query:material_type_code|platform_code<-page/filter/pagination/default,200,true,"{""type"":""object"",""fields"":[""data"",""status""]}",authenticated client session (t header),none observed,not applicable/read-only,client/member,素材列表,前台/素材/素材列表.bru,ACTIVE,yes,fat-client-network.json action=transaction__page_initialization; records=1120|1121|1122,,3
client,My,Transaction,/my,page,page initialization,GET,https://client-fat.filbet2025.com,/member/message/has_unread,,,header:t<-authenticated-session,200,true,"{""type"":""object"",""fields"":[""data"",""status""]}",authenticated client session (t header),none observed,not applicable/read-only,client/member,是否有未读信息-todo,前台/站内信/是否有未读信息-todo.bru,ACTIVE,yes,fat-client-network.json action=transaction__page_initialization; records=1107|1115,,2
client,My,Transaction,/my,page,page initialization,GET,https://client-fat.filbet2025.com,/member/message/popup_list,,,header:t<-authenticated-session,200,true,"{""type"":""object"",""fields"":[""data"",""status""]}",authenticated client session (t header),none observed,not applicable/read-only,client/member,获取弹窗站内信列表-todo,前台/站内信/获取弹窗站内信列表-todo.bru,ACTIVE,yes,fat-client-network.json action=transaction__page_initialization; records=1138,,1
client,My,Transaction,/my,page,page initialization,GET,https://client-fat.filbet2025.com,/member/system,,,header:t<-authenticated-session,200,true,"{""type"":""object"",""fields"":[""data"",""status""]}",authenticated client session (t header),none observed,not applicable/read-only,client/member,获取系统配置,前台/配置/获取系统配置.bru,ACTIVE,yes,fat-client-network.json action=transaction__page_initialization; records=1113,,1
client,My,Transaction,/my,page,page initialization,GET,https://client-fat.filbet2025.com,/member/v2/index,,,header:t<-authenticated-session,200,true,"{""type"":""object"",""fields"":[""data"",""status""]}",authenticated client session (t header),none observed,not applicable/read-only,client/game,首页缓存v2-owen,前台/游戏/首页缓存v2-owen.bru,ACTIVE,yes,fat-client-network.json action=transaction__page_initialization; records=1118|1140,,2
client,My,Transaction,/my,page,page initialization,GET,https://client-fat.filbet2025.com,/member/vip/level/detail,,,header:t<-authenticated-session,200,true,"{""type"":""object"",""fields"":[""data"",""status""]}",authenticated client session (t header),none observed,not applicable/read-only,client/member,会员vip等级详情,前台/VIP/会员vip等级详情.bru,ACTIVE,yes,fat-client-network.json action=transaction__page_initialization; records=1109,,1
client,My,Transaction,/my,page,page initialization,GET,https://client-fat.filbet2025.com,/member/vip/rule,,,header:t<-authenticated-session,200,true,"{""type"":""object"",""fields"":[""data"",""status""]}",authenticated client session (t header),none observed,not applicable/read-only,client/member,VIP配置规则-todo,前台/VIP/VIP配置规则-todo.bru,ACTIVE,yes,fat-client-network.json action=transaction__page_initialization; records=1130,,1
client,My,Transaction,/my,page,page initialization,GET,https://client-fat.filbet2025.com,/promo/blindbox/detail,pid|ym,,header:t<-authenticated-session;query:pid|ym<-page/filter/pagination/default,200,true,"{""type"":""object"",""fields"":[""data"",""status""]}",authenticated client session (t header),none observed,not applicable/read-only,unknown/promo,获取盲盒详情 - felix,活动/盲盒/获取盲盒详情 - felix.bru,MISCLASSIFIED,yes,fat-client-network.json action=transaction__page_initialization; records=1128,,1
client,My,Transaction,/my,page,page initialization,GET,https://client-fat.filbet2025.com,/promo/blindbox/query/bonus,,,header:t<-authenticated-session,200,true,"{""type"":""object"",""fields"":[""data"",""status""]}",authenticated client session (t header),none observed,not applicable/read-only,unknown/promo,查询盲盒待领取记录,活动/盲盒/查询盲盒待领取记录.bru,MISCLASSIFIED,yes,fat-client-network.json action=transaction__page_initialization; records=1116,,1
client,My,Transaction,/my,page,page initialization,GET,https://client-fat.filbet2025.com,/promo/deposit/ladder/deposit/conf,,,header:t<-authenticated-session,200,true,"{""type"":""object"",""fields"":[""data"",""status""]}",authenticated client session (t header),none observed,not applicable/read-only,unknown/finance,存款阶梯配置活动,活动/存款阶梯活动/存款阶梯配置活动.bru,MISCLASSIFIED,yes,fat-client-network.json action=transaction__page_initialization; records=1112,,1
client,My,Transaction,/my,page,page initialization,GET,https://client-fat.filbet2025.com,/promo/filpcard/detail,pid,,header:t<-authenticated-session;query:pid<-page/filter/pagination/default,200,true,"{""type"":""object"",""fields"":[""data"",""status""]}",authenticated client session (t header),none observed,not applicable/read-only,unknown/promo,活动详情,活动/王牌活动/活动详情.bru,MISCLASSIFIED,yes,fat-client-network.json action=transaction__page_initialization; records=1124|1141,,2
client,My,Transaction,/my,page,page initialization,GET,https://client-fat.filbet2025.com,/promo/rotate/kyc/detail,,,header:t<-authenticated-session,200,true,"{""type"":""object"",""fields"":[""data"",""status""]}",authenticated client session (t header),none observed,not applicable/read-only,client/kyc,详情,活动/kyc送免费旋转/详情.bru,ACTIVE,yes,fat-client-network.json action=transaction__page_initialization; records=1129|1132|1133|1135|1144,,5
client,My,Transaction,/my,page,page initialization,GET,https://client-fat.filbet2025.com,/promo/slot/machine/detail,pid,,header:t<-authenticated-session;query:pid<-page/filter/pagination/default,200,true,"{""type"":""object"",""fields"":[""data"",""status""]}",authenticated client session (t header),none observed,not applicable/read-only,unknown/promo,实时滚动有效投注top100|实时滚动负盈利排行榜|排行榜详情,活动/老虎机排行榜/实时滚动有效投注top100.bru|活动/老虎机排行榜/实时滚动负盈利排行榜.bru|活动/老虎机排行榜/排行榜详情.bru,MISCLASSIFIED,yes,fat-client-network.json action=transaction__page_initialization; records=1139,,1
client,My,Transaction,/my,page,page initialization,GET,https://client-fat.filbet2025.com,/promo/turntable/detail,,,header:t<-authenticated-session,200,false,"{""type"":""object"",""fields"":[""data"",""status""]}",authenticated client session (t header),none observed,not applicable/read-only,unknown/promo,活动详情,活动/大转盘活动/活动详情.bru,ACTIVE_FAILED,yes,fat-client-network.json action=transaction__page_initialization; records=1125|1142,business status false,2
client,My,Transaction,/my,page,page initialization,GET,https://client-fat.filbet2025.com,/promo/turntable/num,,,header:t<-authenticated-session,200,true,"{""type"":""object"",""fields"":[""data"",""status""]}",authenticated client session (t header),none observed,not applicable/read-only,unknown/promo,剩余次数,活动/大转盘活动/剩余次数.bru,MISCLASSIFIED,yes,fat-client-network.json action=transaction__page_initialization; records=1143,,1
client,My,Transaction,/my,page,page initialization,GET,https://client-fat.filbet2025.com,/promo/vip/sign/in/config,,,header:t<-authenticated-session,200,true,"{""type"":""object"",""fields"":[""data"",""status""]}",authenticated client session (t header),none observed,not applicable/read-only,client/promo,签到配置,活动/Vip/签到配置.bru,ACTIVE,yes,fat-client-network.json action=transaction__page_initialization; records=1110|1117,,2
client,My,Transaction,/my,page,page initialization,POST,https://client-fat.filbet2025.com,/member/channel/trackclick,,,header:t<-authenticated-session,200,true,"{""type"":""object"",""fields"":[""data"",""status""]}",authenticated client session (t header),request emitted; no durable business change observed by this discovery action,no state identifier returned or persisted in sanitized evidence,client/member,渠道跟踪点击-todo,前台/渠道/渠道跟踪点击-todo.bru,ACTIVE,yes,fat-client-network.json action=transaction__page_initialization; records=1127,,1
client,My,Transaction,/my,page,page initialization,POST,https://web-pp6o4v.opoinstalljs.com,/web/pp6o4v/clientf/init2,av|channelCode|cv|hash|sh|sp|sw,,query:av|channelCode|cv|hash|sh|sp|sw<-page/filter/pagination/default,200,UNAVAILABLE,"""number""",guest or no auth header observed,request emitted; no durable business change observed by this discovery action,no state identifier returned or persisted in sanitized evidence,,,,THIRD_PARTY,yes,fat-client-network.json action=transaction__page_initialization; records=1134,,1
client,My,Transaction,/my,button,primary navigation/action,GET,https://client-fat.filbet2025.com,/finance/deposit/list,page|page_size|time_flag,,header:t<-authenticated-session;query:page|page_size|time_flag<-page/filter/pagination/default,200,true,"{""type"":""object"",""fields"":[""data"",""status""]}",authenticated client session (t header),none observed,not applicable/read-only,client/finance,充值记录-wesley,前台/财务/充值记录-wesley.bru,ACTIVE,yes,fat-client-network.json action=transaction__primary_navigation_action; records=1145,,1
client,My,Transaction,/my,tab,select Withdraw tab,GET,https://client-fat.filbet2025.com,/finance/withdraw/list,page|page_size|time_flag,,header:t<-authenticated-session;query:page|page_size|time_flag<-page/filter/pagination/default,200,true,"{""type"":""object"",""fields"":[""data"",""status""]}",authenticated client session (t header),none observed,not applicable/read-only,client/finance,提现记录-wesley,前台/财务/提现记录-wesley.bru,ACTIVE,yes,fat-client-network.json action=transaction__select_withdraw_tab; records=1146,,1
client,My,Withdraw,/my?action=withdraw,page,page initialization,GET,https://client-fat.filbet2025.com,/finance/account/list,,,header:t<-authenticated-session,200,true,"{""type"":""object"",""fields"":[""data"",""status""]}",authenticated client session (t header),none observed,not applicable/read-only,client/finance,提款账户列表-wesley,前台/财务/提款账户列表-wesley.bru,ACTIVE,yes,fat-client-network.json action=withdraw__page_initialization; records=1099,,1
client,My,Withdraw,/my?action=withdraw,page,page initialization,GET,https://client-fat.filbet2025.com,/finance/channel/list,mode,,header:t<-authenticated-session;query:mode<-page/filter/pagination/default,200,true,"{""type"":""object"",""fields"":[""data"",""status""]}",authenticated client session (t header),none observed,not applicable/read-only,client/finance,获取支付通道列表-wesley,前台/财务/获取支付通道列表-wesley.bru,ACTIVE,yes,fat-client-network.json action=withdraw__page_initialization; records=1098|1100,,2
client,My,Withdraw,/my?action=withdraw,page,page initialization,GET,https://client-fat.filbet2025.com,/finance/member/buyfeatures,,,header:t<-authenticated-session,200,true,"{""type"":""object"",""fields"":[""data"",""status""]}",authenticated client session (t header),none observed,not applicable/read-only,client/finance,购买免费旋转游戏列表,前台/财务/购买免费旋转游戏列表.bru,ACTIVE,yes,fat-client-network.json action=withdraw__page_initialization; records=1058|1102,,2
client,My,Withdraw,/my?action=withdraw,page,page initialization,GET,https://client-fat.filbet2025.com,/finance/payment/tab/list,,,header:t<-authenticated-session,200,true,"{""type"":""object"",""fields"":[""data"",""status""]}",authenticated client session (t header),none observed,not applicable/read-only,client/finance,提现tab,前台/财务/提现tab.bru,ACTIVE,yes,fat-client-network.json action=withdraw__page_initialization; records=1101,,1
client,My,Withdraw,/my?action=withdraw,page,page initialization,GET,https://client-fat.filbet2025.com,/finance/wallet,,,header:t<-authenticated-session,200,true,"{""type"":""object"",""fields"":[""data"",""status""]}",authenticated client session (t header),none observed,not applicable/read-only,client/finance,会员钱包-wesley,前台/财务/会员钱包-wesley.bru,ACTIVE,yes,fat-client-network.json action=withdraw__page_initialization; records=1063|1075|1088,,3
client,My,Withdraw,/my?action=withdraw,page,page initialization,GET,https://client-fat.filbet2025.com,/member/buriedPoint/detailV2,ad_id,,header:t<-authenticated-session;query:ad_id<-page/filter/pagination/default,200,true,"{""type"":""object"",""fields"":[""data"",""status""]}",authenticated client session (t header),none observed,not applicable/read-only,client/member,埋点详情V2-todo,前台/埋点/埋点详情V2-todo.bru,ACTIVE,yes,fat-client-network.json action=withdraw__page_initialization; records=1076,,1
client,My,Withdraw,/my?action=withdraw,page,page initialization,GET,https://client-fat.filbet2025.com,/member/detail,,,header:t<-authenticated-session,200,true,"{""type"":""object"",""fields"":[""data"",""status""]}",authenticated client session (t header),none observed,not applicable/read-only,client/member,获取会员信息-seven-aliang(20260424),前台/会员信息/获取会员信息-seven-aliang(20260424).bru,ACTIVE,yes,fat-client-network.json action=withdraw__page_initialization; records=1060|1066|1079,,3
client,My,Withdraw,/my?action=withdraw,page,page initialization,GET,https://client-fat.filbet2025.com,/member/fav/list,page|page_size,,header:t<-authenticated-session;query:page|page_size<-page/filter/pagination/default,200,true,"{""type"":""object"",""fields"":[""data"",""status""]}",authenticated client session (t header),none observed,not applicable/read-only,client/game,游戏收藏列表-light,前台/游戏/游戏收藏列表-light.bru,ACTIVE,yes,fat-client-network.json action=withdraw__page_initialization; records=1089,,1
client,My,Withdraw,/my?action=withdraw,page,page initialization,GET,https://client-fat.filbet2025.com,/member/fb/list,,,header:t<-authenticated-session,200,true,"{""type"":""object"",""fields"":[""data"",""status""]}",authenticated client session (t header),none observed,not applicable/read-only,client/member,三方登录列表,前台/三方登录/三方登录列表.bru,ACTIVE,yes,fat-client-network.json action=withdraw__page_initialization; records=1084,,1
client,My,Withdraw,/my?action=withdraw,page,page initialization,GET,https://client-fat.filbet2025.com,/member/index,,,header:t<-authenticated-session,200,true,"{""type"":""object"",""fields"":[""data"",""status""]}",authenticated client session (t header),none observed,not applicable/read-only,client/game,首页缓存,前台/游戏/首页缓存.bru,ACTIVE,yes,fat-client-network.json action=withdraw__page_initialization; records=1071,,1
client,My,Withdraw,/my?action=withdraw,page,page initialization,GET,https://client-fat.filbet2025.com,/member/materials/list,material_type_code|platform_code,,header:t<-authenticated-session;query:material_type_code|platform_code<-page/filter/pagination/default,200,true,"{""type"":""object"",""fields"":[""data"",""status""]}",authenticated client session (t header),none observed,not applicable/read-only,client/member,素材列表,前台/素材/素材列表.bru,ACTIVE,yes,fat-client-network.json action=withdraw__page_initialization; records=1072|1073|1074,,3
client,My,Withdraw,/my?action=withdraw,page,page initialization,GET,https://client-fat.filbet2025.com,/member/message/has_unread,,,header:t<-authenticated-session,200,true,"{""type"":""object"",""fields"":[""data"",""status""]}",authenticated client session (t header),none observed,not applicable/read-only,client/member,是否有未读信息-todo,前台/站内信/是否有未读信息-todo.bru,ACTIVE,yes,fat-client-network.json action=withdraw__page_initialization; records=1059|1067,,2
client,My,Withdraw,/my?action=withdraw,page,page initialization,GET,https://client-fat.filbet2025.com,/member/message/popup_list,,,header:t<-authenticated-session,200,true,"{""type"":""object"",""fields"":[""data"",""status""]}",authenticated client session (t header),none observed,not applicable/read-only,client/member,获取弹窗站内信列表-todo,前台/站内信/获取弹窗站内信列表-todo.bru,ACTIVE,yes,fat-client-network.json action=withdraw__page_initialization; records=1090,,1
client,My,Withdraw,/my?action=withdraw,page,page initialization,GET,https://client-fat.filbet2025.com,/member/system,,,header:t<-authenticated-session,200,true,"{""type"":""object"",""fields"":[""data"",""status""]}",authenticated client session (t header),none observed,not applicable/read-only,client/member,获取系统配置,前台/配置/获取系统配置.bru,ACTIVE,yes,fat-client-network.json action=withdraw__page_initialization; records=1065,,1
client,My,Withdraw,/my?action=withdraw,page,page initialization,GET,https://client-fat.filbet2025.com,/member/v2/index,,,header:t<-authenticated-session,200,true,"{""type"":""object"",""fields"":[""data"",""status""]}",authenticated client session (t header),none observed,not applicable/read-only,client/game,首页缓存v2-owen,前台/游戏/首页缓存v2-owen.bru,ACTIVE,yes,fat-client-network.json action=withdraw__page_initialization; records=1070|1092,,2
client,My,Withdraw,/my?action=withdraw,page,page initialization,GET,https://client-fat.filbet2025.com,/member/vip/level/detail,,,header:t<-authenticated-session,200,true,"{""type"":""object"",""fields"":[""data"",""status""]}",authenticated client session (t header),none observed,not applicable/read-only,client/member,会员vip等级详情,前台/VIP/会员vip等级详情.bru,ACTIVE,yes,fat-client-network.json action=withdraw__page_initialization; records=1061,,1
client,My,Withdraw,/my?action=withdraw,page,page initialization,GET,https://client-fat.filbet2025.com,/member/vip/rule,,,header:t<-authenticated-session,200,true,"{""type"":""object"",""fields"":[""data"",""status""]}",authenticated client session (t header),none observed,not applicable/read-only,client/member,VIP配置规则-todo,前台/VIP/VIP配置规则-todo.bru,ACTIVE,yes,fat-client-network.json action=withdraw__page_initialization; records=1083,,1
client,My,Withdraw,/my?action=withdraw,page,page initialization,GET,https://client-fat.filbet2025.com,/promo/blindbox/detail,pid|ym,,header:t<-authenticated-session;query:pid|ym<-page/filter/pagination/default,200,true,"{""type"":""object"",""fields"":[""data"",""status""]}",authenticated client session (t header),none observed,not applicable/read-only,unknown/promo,获取盲盒详情 - felix,活动/盲盒/获取盲盒详情 - felix.bru,MISCLASSIFIED,yes,fat-client-network.json action=withdraw__page_initialization; records=1081,,1
client,My,Withdraw,/my?action=withdraw,page,page initialization,GET,https://client-fat.filbet2025.com,/promo/blindbox/query/bonus,,,header:t<-authenticated-session,200,true,"{""type"":""object"",""fields"":[""data"",""status""]}",authenticated client session (t header),none observed,not applicable/read-only,unknown/promo,查询盲盒待领取记录,活动/盲盒/查询盲盒待领取记录.bru,MISCLASSIFIED,yes,fat-client-network.json action=withdraw__page_initialization; records=1068,,1
client,My,Withdraw,/my?action=withdraw,page,page initialization,GET,https://client-fat.filbet2025.com,/promo/deposit/ladder/deposit/conf,,,header:t<-authenticated-session,200,true,"{""type"":""object"",""fields"":[""data"",""status""]}",authenticated client session (t header),none observed,not applicable/read-only,unknown/finance,存款阶梯配置活动,活动/存款阶梯活动/存款阶梯配置活动.bru,MISCLASSIFIED,yes,fat-client-network.json action=withdraw__page_initialization; records=1064,,1
client,My,Withdraw,/my?action=withdraw,page,page initialization,GET,https://client-fat.filbet2025.com,/promo/filpcard/detail,pid,,header:t<-authenticated-session;query:pid<-page/filter/pagination/default,200,true,"{""type"":""object"",""fields"":[""data"",""status""]}",authenticated client session (t header),none observed,not applicable/read-only,unknown/promo,活动详情,活动/王牌活动/活动详情.bru,MISCLASSIFIED,yes,fat-client-network.json action=withdraw__page_initialization; records=1077|1093,,2
client,My,Withdraw,/my?action=withdraw,page,page initialization,GET,https://client-fat.filbet2025.com,/promo/rotate/kyc/detail,,,header:t<-authenticated-session,200,true,"{""type"":""object"",""fields"":[""data"",""status""]}",authenticated client session (t header),none observed,not applicable/read-only,client/kyc,详情,活动/kyc送免费旋转/详情.bru,ACTIVE,yes,fat-client-network.json action=withdraw__page_initialization; records=1082|1085|1086|1087|1096,,5
client,My,Withdraw,/my?action=withdraw,page,page initialization,GET,https://client-fat.filbet2025.com,/promo/slot/machine/detail,pid,,header:t<-authenticated-session;query:pid<-page/filter/pagination/default,200,true,"{""type"":""object"",""fields"":[""data"",""status""]}",authenticated client session (t header),none observed,not applicable/read-only,unknown/promo,实时滚动有效投注top100|实时滚动负盈利排行榜|排行榜详情,活动/老虎机排行榜/实时滚动有效投注top100.bru|活动/老虎机排行榜/实时滚动负盈利排行榜.bru|活动/老虎机排行榜/排行榜详情.bru,MISCLASSIFIED,yes,fat-client-network.json action=withdraw__page_initialization; records=1091,,1
client,My,Withdraw,/my?action=withdraw,page,page initialization,GET,https://client-fat.filbet2025.com,/promo/turntable/detail,,,header:t<-authenticated-session,200,false,"{""type"":""object"",""fields"":[""data"",""status""]}",authenticated client session (t header),none observed,not applicable/read-only,unknown/promo,活动详情,活动/大转盘活动/活动详情.bru,ACTIVE_FAILED,yes,fat-client-network.json action=withdraw__page_initialization; records=1078|1094,business status false,2
client,My,Withdraw,/my?action=withdraw,page,page initialization,GET,https://client-fat.filbet2025.com,/promo/turntable/num,,,header:t<-authenticated-session,200,true,"{""type"":""object"",""fields"":[""data"",""status""]}",authenticated client session (t header),none observed,not applicable/read-only,unknown/promo,剩余次数,活动/大转盘活动/剩余次数.bru,MISCLASSIFIED,yes,fat-client-network.json action=withdraw__page_initialization; records=1095,,1
client,My,Withdraw,/my?action=withdraw,page,page initialization,GET,https://client-fat.filbet2025.com,/promo/vip/sign/in/config,,,header:t<-authenticated-session,200,true,"{""type"":""object"",""fields"":[""data"",""status""]}",authenticated client session (t header),none observed,not applicable/read-only,client/promo,签到配置,活动/Vip/签到配置.bru,ACTIVE,yes,fat-client-network.json action=withdraw__page_initialization; records=1062|1069,,2
client,My,Withdraw,/my?action=withdraw,page,page initialization,POST,https://client-fat.filbet2025.com,/member/channel/trackclick,,,header:t<-authenticated-session,200,true,"{""type"":""object"",""fields"":[""data"",""status""]}",authenticated client session (t header),request emitted; no durable business change observed by this discovery action,no state identifier returned or persisted in sanitized evidence,client/member,渠道跟踪点击-todo,前台/渠道/渠道跟踪点击-todo.bru,ACTIVE,yes,fat-client-network.json action=withdraw__page_initialization; records=1080,,1
client,My,Withdraw,/my?action=withdraw,page,page initialization,POST,https://web-pp6o4v.opoinstalljs.com,/web/pp6o4v/clientf/init2,av|channelCode|cv|hash|sh|sp|sw,,query:av|channelCode|cv|hash|sh|sp|sw<-page/filter/pagination/default,200,UNAVAILABLE,"""number""",guest or no auth header observed,request emitted; no durable business change observed by this discovery action,no state identifier returned or persisted in sanitized evidence,,,,THIRD_PARTY,yes,fat-client-network.json action=withdraw__page_initialization; records=1097,,1
client,Rewards,My Free Spins,/welfare,page,page initialization,GET,https://client-fat.filbet2025.com,/finance/wallet,,,header:t<-authenticated-session,200,true,"{""type"":""object"",""fields"":[""data"",""status""]}",authenticated client session (t header),none observed,not applicable/read-only,client/finance,会员钱包-wesley,前台/财务/会员钱包-wesley.bru,ACTIVE,yes,fat-client-network.json action=free_spins__page_initialization; records=399,,1
client,Rewards,My Free Spins,/welfare,page,page initialization,GET,https://client-fat.filbet2025.com,/member/buriedPoint/detailV2,ad_id,,header:t<-authenticated-session;query:ad_id<-page/filter/pagination/default,200,true,"{""type"":""object"",""fields"":[""data"",""status""]}",authenticated client session (t header),none observed,not applicable/read-only,client/member,埋点详情V2-todo,前台/埋点/埋点详情V2-todo.bru,ACTIVE,yes,fat-client-network.json action=free_spins__page_initialization; records=392,,1
client,Rewards,My Free Spins,/welfare,page,page initialization,GET,https://client-fat.filbet2025.com,/member/detail,,,header:t<-authenticated-session,200,true,"{""type"":""object"",""fields"":[""data"",""status""]}",authenticated client session (t header),none observed,not applicable/read-only,client/member,获取会员信息-seven-aliang(20260424),前台/会员信息/获取会员信息-seven-aliang(20260424).bru,ACTIVE,yes,fat-client-network.json action=free_spins__page_initialization; records=395,,1
client,Rewards,My Free Spins,/welfare,page,page initialization,GET,https://client-fat.filbet2025.com,/member/fav/list,page|page_size,,header:t<-authenticated-session;query:page|page_size<-page/filter/pagination/default,200,true,"{""type"":""object"",""fields"":[""data"",""status""]}",authenticated client session (t header),none observed,not applicable/read-only,client/game,游戏收藏列表-light,前台/游戏/游戏收藏列表-light.bru,ACTIVE,yes,fat-client-network.json action=free_spins__page_initialization; records=400,,1
client,Rewards,My Free Spins,/welfare,page,page initialization,GET,https://client-fat.filbet2025.com,/member/fb/list,,,header:t<-authenticated-session,200,true,"{""type"":""object"",""fields"":[""data"",""status""]}",authenticated client session (t header),none observed,not applicable/read-only,client/member,三方登录列表,前台/三方登录/三方登录列表.bru,ACTIVE,yes,fat-client-network.json action=free_spins__page_initialization; records=375,,1
client,Rewards,My Free Spins,/welfare,page,page initialization,GET,https://client-fat.filbet2025.com,/member/filcoin/balance,,,header:t<-authenticated-session,200,true,"{""type"":""object"",""fields"":[""data"",""status""]}",authenticated client session (t header),none observed,not applicable/read-only,client/member,代币余额 - felix,前台/商城/代币余额 - felix.bru,ACTIVE,yes,fat-client-network.json action=free_spins__page_initialization; records=381,,1
client,Rewards,My Free Spins,/welfare,page,page initialization,GET,https://client-fat.filbet2025.com,/member/index,,,header:t<-authenticated-session,200,true,"{""type"":""object"",""fields"":[""data"",""status""]}",authenticated client session (t header),none observed,not applicable/read-only,client/game,首页缓存,前台/游戏/首页缓存.bru,ACTIVE,yes,fat-client-network.json action=free_spins__page_initialization; records=388,,1
client,Rewards,My Free Spins,/welfare,page,page initialization,GET,https://client-fat.filbet2025.com,/member/introduce/complex,brand|ty,,header:t<-authenticated-session;query:brand|ty<-page/filter/pagination/default,200,true,"{""type"":""object"",""fields"":[""data"",""status""]}",authenticated client session (t header),none observed,not applicable/read-only,client/member,网站介绍,前台/配置/网站介绍.bru,ACTIVE,yes,fat-client-network.json action=free_spins__page_initialization; records=377,,1
client,Rewards,My Free Spins,/welfare,page,page initialization,GET,https://client-fat.filbet2025.com,/member/materials/list,material_type_code|platform_code,,header:t<-authenticated-session;query:material_type_code|platform_code<-page/filter/pagination/default,200,true,"{""type"":""object"",""fields"":[""data"",""status""]}",authenticated client session (t header),none observed,not applicable/read-only,client/member,素材列表,前台/素材/素材列表.bru,ACTIVE,yes,fat-client-network.json action=free_spins__page_initialization; records=389|390|391,,3
client,Rewards,My Free Spins,/welfare,page,page initialization,GET,https://client-fat.filbet2025.com,/member/message/popup_list,,,header:t<-authenticated-session,200,true,"{""type"":""object"",""fields"":[""data"",""status""]}",authenticated client session (t header),none observed,not applicable/read-only,client/member,获取弹窗站内信列表-todo,前台/站内信/获取弹窗站内信列表-todo.bru,ACTIVE,yes,fat-client-network.json action=free_spins__page_initialization; records=401,,1
client,Rewards,My Free Spins,/welfare,page,page initialization,GET,https://client-fat.filbet2025.com,/member/v2/index,,,header:t<-authenticated-session,200,true,"{""type"":""object"",""fields"":[""data"",""status""]}",authenticated client session (t header),none observed,not applicable/read-only,client/game,首页缓存v2-owen,前台/游戏/首页缓存v2-owen.bru,ACTIVE,yes,fat-client-network.json action=free_spins__page_initialization; records=387|403,,2
client,Rewards,My Free Spins,/welfare,page,page initialization,GET,https://client-fat.filbet2025.com,/promo/blindbox/detail,pid|ym,,header:t<-authenticated-session;query:pid|ym<-page/filter/pagination/default,200,true,"{""type"":""object"",""fields"":[""data"",""status""]}",authenticated client session (t header),none observed,not applicable/read-only,unknown/promo,获取盲盒详情 - felix,活动/盲盒/获取盲盒详情 - felix.bru,MISCLASSIFIED,yes,fat-client-network.json action=free_spins__page_initialization; records=397,,1
client,Rewards,My Free Spins,/welfare,page,page initialization,GET,https://client-fat.filbet2025.com,/promo/blindbox/query/bonus,,,header:t<-authenticated-session,200,true,"{""type"":""object"",""fields"":[""data"",""status""]}",authenticated client session (t header),none observed,not applicable/read-only,unknown/promo,查询盲盒待领取记录,活动/盲盒/查询盲盒待领取记录.bru,MISCLASSIFIED,yes,fat-client-network.json action=free_spins__page_initialization; records=384,,1
client,Rewards,My Free Spins,/welfare,page,page initialization,GET,https://client-fat.filbet2025.com,/promo/bonus/total,,,header:t<-authenticated-session,200,true,"{""type"":""object"",""fields"":[""data"",""status""]}",authenticated client session (t header),none observed,not applicable/read-only,unknown/promo,获取礼金总计,活动/盲盒/获取礼金总计.bru,MISCLASSIFIED,yes,fat-client-network.json action=free_spins__page_initialization; records=378,,1
client,Rewards,My Free Spins,/welfare,page,page initialization,GET,https://client-fat.filbet2025.com,/promo/deposit/ladder/detail,pid,,header:t<-authenticated-session;query:pid<-page/filter/pagination/default,200,true,"{""type"":""object"",""fields"":[""data"",""status""]}",authenticated client session (t header),none observed,not applicable/read-only,unknown/finance,存款阶梯活动详情,活动/存款阶梯活动/存款阶梯活动详情.bru,MISCLASSIFIED,yes,fat-client-network.json action=free_spins__page_initialization; records=379,,1
client,Rewards,My Free Spins,/welfare,page,page initialization,GET,https://client-fat.filbet2025.com,/promo/filpcard/detail,pid,,header:t<-authenticated-session;query:pid<-page/filter/pagination/default,200,true,"{""type"":""object"",""fields"":[""data"",""status""]}",authenticated client session (t header),none observed,not applicable/read-only,unknown/promo,活动详情,活动/王牌活动/活动详情.bru,MISCLASSIFIED,yes,fat-client-network.json action=free_spins__page_initialization; records=393|404,,2
client,Rewards,My Free Spins,/welfare,page,page initialization,GET,https://client-fat.filbet2025.com,/promo/rotate/bet/detail,is_welfare|pid,,header:t<-authenticated-session;query:is_welfare|pid<-page/filter/pagination/default,200,true,"{""type"":""object"",""fields"":[""data"",""status""]}",authenticated client session (t header),none observed,not applicable/read-only,client/kyc|client/promo|unknown/promo,弹目消息|活动详情|福利详情|详情(老页面),活动/Vip/详情(老页面).bru|活动/kyc送免费旋转/详情(老页面).bru|活动/每日充值+投注阶梯送礼金和旋转次数/弹目消息.bru|活动/每日充值+投注阶梯送礼金和旋转次数/活动详情.bru|活动/每日充值+投注阶梯送礼金和旋转次数/福利详情.bru,ACTIVE,yes,fat-client-network.json action=free_spins__page_initialization; records=380|383,,2
client,Rewards,My Free Spins,/welfare,page,page initialization,GET,https://client-fat.filbet2025.com,/promo/rotate/kyc/detail,,,header:t<-authenticated-session,200,true,"{""type"":""object"",""fields"":[""data"",""status""]}",authenticated client session (t header),none observed,not applicable/read-only,client/kyc,详情,活动/kyc送免费旋转/详情.bru,ACTIVE,yes,fat-client-network.json action=free_spins__page_initialization; records=376|398|407,,3
client,Rewards,My Free Spins,/welfare,page,page initialization,GET,https://client-fat.filbet2025.com,/promo/rotate/total,,,header:t<-authenticated-session,200,true,"{""type"":""object"",""fields"":[""data"",""status""]}",authenticated client session (t header),none observed,not applicable/read-only,unknown/promo,获取历史总旋转次数,活动/每日充值+投注阶梯送礼金和旋转次数/获取历史总旋转次数.bru,MISCLASSIFIED,yes,fat-client-network.json action=free_spins__page_initialization; records=382,,1
client,Rewards,My Free Spins,/welfare,page,page initialization,GET,https://client-fat.filbet2025.com,/promo/slot/machine/detail,pid,,header:t<-authenticated-session;query:pid<-page/filter/pagination/default,200,true,"{""type"":""object"",""fields"":[""data"",""status""]}",authenticated client session (t header),none observed,not applicable/read-only,unknown/promo,实时滚动有效投注top100|实时滚动负盈利排行榜|排行榜详情,活动/老虎机排行榜/实时滚动有效投注top100.bru|活动/老虎机排行榜/实时滚动负盈利排行榜.bru|活动/老虎机排行榜/排行榜详情.bru,MISCLASSIFIED,yes,fat-client-network.json action=free_spins__page_initialization; records=402,,1
client,Rewards,My Free Spins,/welfare,page,page initialization,GET,https://client-fat.filbet2025.com,/promo/turntable/detail,,,header:t<-authenticated-session,200,false,"{""type"":""object"",""fields"":[""data"",""status""]}",authenticated client session (t header),none observed,not applicable/read-only,unknown/promo,活动详情,活动/大转盘活动/活动详情.bru,ACTIVE_FAILED,yes,fat-client-network.json action=free_spins__page_initialization; records=394|405,business status false,2
client,Rewards,My Free Spins,/welfare,page,page initialization,GET,https://client-fat.filbet2025.com,/promo/turntable/num,,,header:t<-authenticated-session,200,true,"{""type"":""object"",""fields"":[""data"",""status""]}",authenticated client session (t header),none observed,not applicable/read-only,unknown/promo,剩余次数,活动/大转盘活动/剩余次数.bru,MISCLASSIFIED,yes,fat-client-network.json action=free_spins__page_initialization; records=406,,1
client,Rewards,My Free Spins,/welfare,page,page initialization,GET,https://client-fat.filbet2025.com,/promo/vip/sign/in/config,,,header:t<-authenticated-session,200,true,"{""type"":""object"",""fields"":[""data"",""status""]}",authenticated client session (t header),none observed,not applicable/read-only,client/promo,签到配置,活动/Vip/签到配置.bru,ACTIVE,yes,fat-client-network.json action=free_spins__page_initialization; records=385,,1
client,Rewards,My Free Spins,/welfare,page,page initialization,POST,https://client-fat.filbet2025.com,/member/channel/trackclick,,,header:t<-authenticated-session,200,true,"{""type"":""object"",""fields"":[""data"",""status""]}",authenticated client session (t header),request emitted; no durable business change observed by this discovery action,no state identifier returned or persisted in sanitized evidence,client/member,渠道跟踪点击-todo,前台/渠道/渠道跟踪点击-todo.bru,ACTIVE,yes,fat-client-network.json action=free_spins__page_initialization; records=396,,1
client,Rewards,My Free Spins,/welfare,page,page initialization,POST,https://web-pp6o4v.opoinstalljs.com,/web/pp6o4v/clientf/init2,av|channelCode|cv|hash|sh|sp|sw,,query:av|channelCode|cv|hash|sh|sp|sw<-page/filter/pagination/default,200,UNAVAILABLE,"""number""",guest or no auth header observed,request emitted; no durable business change observed by this discovery action,no state identifier returned or persisted in sanitized evidence,,,,THIRD_PARTY,yes,fat-client-network.json action=free_spins__page_initialization; records=408,,1
client,Rewards,My Free Spins,/welfare,page,page initialization,POST,https://www.google-analytics.com,/g/collect,_eu|_p|_s|are|cid|dl|dma|dt|en|ep.page_env|frm|gcd|gtm|ngs|npa|pscdl|rcb|sct|seg|sid|sr|tag_exp|tfd|tid|uaa|uab|uafvl|uam|uamb|uap|uapv|uaw|ul|v,,query:_eu|_p|_s|are|cid|dl|dma|dt|en|ep.page_env|frm|gcd|gtm|ngs|npa|pscdl|rcb|sct|seg|sid|sr|tag_exp|tfd|tid|uaa|uab|uafvl|uam|uamb|uap|uapv|uaw|ul|v<-page/filter/pagination/default,204,UNAVAILABLE,"""null""",guest or no auth header observed,request emitted; no durable business change observed by this discovery action,no state identifier returned or persisted in sanitized evidence,,,,THIRD_PARTY,yes,fat-client-network.json action=free_spins__page_initialization; records=386,,1
client,Rewards,My Free Spins,/welfare,button,primary navigation/action,GET,https://client-fat.filbet2025.com,/promo/rotation/list,page|page_size|ty,,header:t<-authenticated-session;query:page|page_size|ty<-page/filter/pagination/default,200,true,"{""type"":""object"",""fields"":[""data"",""status""]}",authenticated client session (t header),none observed,not applicable/read-only,client/promo,列表,活动/freeSpin/列表.bru,ACTIVE,yes,fat-client-network.json action=free_spins__primary_navigation_action; records=410|411|412,,3
client,Rewards,My Free Spins,/welfare,button,primary navigation/action,GET,https://client-fat.filbet2025.com,/promo/rotation/summary,,,header:t<-authenticated-session,200,true,"{""type"":""object"",""fields"":[""data"",""status""]}",authenticated client session (t header),none observed,not applicable/read-only,client/report,统计,活动/freeSpin/统计.bru,ACTIVE,yes,fat-client-network.json action=free_spins__primary_navigation_action; records=409,,1
client,Rewards,My Free Spins,/welfare,tab,select Ended tab,GET,https://client-fat.filbet2025.com,/promo/rotation/list,page|page_size|ty,,header:t<-authenticated-session;query:page|page_size|ty<-page/filter/pagination/default,200,true,"{""type"":""object"",""fields"":[""data"",""status""]}",authenticated client session (t header),none observed,not applicable/read-only,client/promo,列表,活动/freeSpin/列表.bru,ACTIVE,yes,fat-client-network.json action=free_spins__select_ended_tab; records=415,,1
client,Rewards,My Free Spins,/welfare,tab,select Ended tab,GET,https://client-fat.filbet2025.com,/promo/rotation/summary,,,header:t<-authenticated-session,200,true,"{""type"":""object"",""fields"":[""data"",""status""]}",authenticated client session (t header),none observed,not applicable/read-only,client/report,统计,活动/freeSpin/统计.bru,ACTIVE,yes,fat-client-network.json action=free_spins__select_ended_tab; records=416,,1
client,Rewards,My Free Spins,/welfare,tab,select Ended tab,POST,https://www.google-analytics.com,/g/collect,_eu|_p|_s|ae|are|cid|dl|dma|dt|frm|gcd|gtm|ngs|npa|pscdl|rcb|sct|seg|sid|sr|tag_exp|tfd|tid|uaa|uab|uafvl|uam|uamb|uap|uapv|uaw|ul|v,,query:_eu|_p|_s|ae|are|cid|dl|dma|dt|frm|gcd|gtm|ngs|npa|pscdl|rcb|sct|seg|sid|sr|tag_exp|tfd|tid|uaa|uab|uafvl|uam|uamb|uap|uapv|uaw|ul|v<-page/filter/pagination/default,204,UNAVAILABLE,"""null""",guest or no auth header observed,request emitted; no durable business change observed by this discovery action,no state identifier returned or persisted in sanitized evidence,,,,THIRD_PARTY,yes,fat-client-network.json action=free_spins__select_ended_tab; records=417,,1
client,Rewards,My Free Spins,/welfare,tab,select In Use tab,GET,https://client-fat.filbet2025.com,/promo/rotation/list,page|page_size|ty,,header:t<-authenticated-session;query:page|page_size|ty<-page/filter/pagination/default,200,true,"{""type"":""object"",""fields"":[""data"",""status""]}",authenticated client session (t header),none observed,not applicable/read-only,client/promo,列表,活动/freeSpin/列表.bru,ACTIVE,yes,fat-client-network.json action=free_spins__select_in_use_tab; records=413,,1
client,Rewards,My Free Spins,/welfare,tab,select In Use tab,GET,https://client-fat.filbet2025.com,/promo/rotation/summary,,,header:t<-authenticated-session,200,true,"{""type"":""object"",""fields"":[""data"",""status""]}",authenticated client session (t header),none observed,not applicable/read-only,client/report,统计,活动/freeSpin/统计.bru,ACTIVE,yes,fat-client-network.json action=free_spins__select_in_use_tab; records=414,,1
client,Rewards,My Free Spins,/welfare,button,start first free-spin game,GET,https://client-fat.filbet2025.com,/finance/wallet,,,header:t<-authenticated-session,200,true,"{""type"":""object"",""fields"":[""data"",""status""]}",authenticated client session (t header),none observed,not applicable/read-only,client/finance,会员钱包-wesley,前台/财务/会员钱包-wesley.bru,ACTIVE,yes,fat-client-network.json action=free_spins__start_first_free_spin_game; records=443,,1
client,Rewards,My Free Spins,/welfare,button,start first free-spin game,GET,https://client-fat.filbet2025.com,/member/buriedPoint/detailV2,ad_id,,header:t<-authenticated-session;query:ad_id<-page/filter/pagination/default,200,true,"{""type"":""object"",""fields"":[""data"",""status""]}",authenticated client session (t header),none observed,not applicable/read-only,client/member,埋点详情V2-todo,前台/埋点/埋点详情V2-todo.bru,ACTIVE,yes,fat-client-network.json action=free_spins__start_first_free_spin_game; records=434,,1
client,Rewards,My Free Spins,/welfare,button,start first free-spin game,GET,https://client-fat.filbet2025.com,/member/detail,,,header:t<-authenticated-session,200,true,"{""type"":""object"",""fields"":[""data"",""status""]}",authenticated client session (t header),none observed,not applicable/read-only,client/member,获取会员信息-seven-aliang(20260424),前台/会员信息/获取会员信息-seven-aliang(20260424).bru,ACTIVE,yes,fat-client-network.json action=free_spins__start_first_free_spin_game; records=437,,1
client,Rewards,My Free Spins,/welfare,button,start first free-spin game,GET,https://client-fat.filbet2025.com,/member/fav/list,page|page_size,,header:t<-authenticated-session;query:page|page_size<-page/filter/pagination/default,200,true,"{""type"":""object"",""fields"":[""data"",""status""]}",authenticated client session (t header),none observed,not applicable/read-only,client/game,游戏收藏列表-light,前台/游戏/游戏收藏列表-light.bru,ACTIVE,yes,fat-client-network.json action=free_spins__start_first_free_spin_game; records=444,,1
client,Rewards,My Free Spins,/welfare,button,start first free-spin game,GET,https://client-fat.filbet2025.com,/member/fb/list,,,header:t<-authenticated-session,200,true,"{""type"":""object"",""fields"":[""data"",""status""]}",authenticated client session (t header),none observed,not applicable/read-only,client/member,三方登录列表,前台/三方登录/三方登录列表.bru,ACTIVE,yes,fat-client-network.json action=free_spins__start_first_free_spin_game; records=440,,1
client,Rewards,My Free Spins,/welfare,button,start first free-spin game,GET,https://client-fat.filbet2025.com,/member/index,,,header:t<-authenticated-session,200,true,"{""type"":""object"",""fields"":[""data"",""status""]}",authenticated client session (t header),none observed,not applicable/read-only,client/game,首页缓存,前台/游戏/首页缓存.bru,ACTIVE,yes,fat-client-network.json action=free_spins__start_first_free_spin_game; records=429,,1
client,Rewards,My Free Spins,/welfare,button,start first free-spin game,GET,https://client-fat.filbet2025.com,/member/materials/list,material_type_code|platform_code,,header:t<-authenticated-session;query:material_type_code|platform_code<-page/filter/pagination/default,200,true,"{""type"":""object"",""fields"":[""data"",""status""]}",authenticated client session (t header),none observed,not applicable/read-only,client/member,素材列表,前台/素材/素材列表.bru,ACTIVE,yes,fat-client-network.json action=free_spins__start_first_free_spin_game; records=430|431|432,,3
client,Rewards,My Free Spins,/welfare,button,start first free-spin game,GET,https://client-fat.filbet2025.com,/member/message/popup_list,,,header:t<-authenticated-session,200,true,"{""type"":""object"",""fields"":[""data"",""status""]}",authenticated client session (t header),none observed,not applicable/read-only,client/member,获取弹窗站内信列表-todo,前台/站内信/获取弹窗站内信列表-todo.bru,ACTIVE,yes,fat-client-network.json action=free_spins__start_first_free_spin_game; records=445,,1
client,Rewards,My Free Spins,/welfare,button,start first free-spin game,GET,https://client-fat.filbet2025.com,/member/v2/index,,,header:t<-authenticated-session,200,true,"{""type"":""object"",""fields"":[""data"",""status""]}",authenticated client session (t header),none observed,not applicable/read-only,client/game,首页缓存v2-owen,前台/游戏/首页缓存v2-owen.bru,ACTIVE,yes,fat-client-network.json action=free_spins__start_first_free_spin_game; records=428|447,,2
client,Rewards,My Free Spins,/welfare,button,start first free-spin game,GET,https://client-fat.filbet2025.com,/promo/blindbox/detail,pid|ym,,header:t<-authenticated-session;query:pid|ym<-page/filter/pagination/default,200,true,"{""type"":""object"",""fields"":[""data"",""status""]}",authenticated client session (t header),none observed,not applicable/read-only,unknown/promo,获取盲盒详情 - felix,活动/盲盒/获取盲盒详情 - felix.bru,MISCLASSIFIED,yes,fat-client-network.json action=free_spins__start_first_free_spin_game; records=439,,1
client,Rewards,My Free Spins,/welfare,button,start first free-spin game,GET,https://client-fat.filbet2025.com,/promo/blindbox/query/bonus,,,header:t<-authenticated-session,200,true,"{""type"":""object"",""fields"":[""data"",""status""]}",authenticated client session (t header),none observed,not applicable/read-only,unknown/promo,查询盲盒待领取记录,活动/盲盒/查询盲盒待领取记录.bru,MISCLASSIFIED,yes,fat-client-network.json action=free_spins__start_first_free_spin_game; records=426,,1
client,Rewards,My Free Spins,/welfare,button,start first free-spin game,GET,https://client-fat.filbet2025.com,/promo/filpcard/detail,pid,,header:t<-authenticated-session;query:pid<-page/filter/pagination/default,200,true,"{""type"":""object"",""fields"":[""data"",""status""]}",authenticated client session (t header),none observed,not applicable/read-only,unknown/promo,活动详情,活动/王牌活动/活动详情.bru,MISCLASSIFIED,yes,fat-client-network.json action=free_spins__start_first_free_spin_game; records=435|448,,2
client,Rewards,My Free Spins,/welfare,button,start first free-spin game,GET,https://client-fat.filbet2025.com,/promo/rotate/kyc/detail,,,header:t<-authenticated-session,200,true,"{""type"":""object"",""fields"":[""data"",""status""]}",authenticated client session (t header),none observed,not applicable/read-only,client/kyc,详情,活动/kyc送免费旋转/详情.bru,ACTIVE,yes,fat-client-network.json action=free_spins__start_first_free_spin_game; records=441|442|451,,3
client,Rewards,My Free Spins,/welfare,button,start first free-spin game,GET,https://client-fat.filbet2025.com,/promo/rotation/detail,id|use_method,,header:t<-authenticated-session;query:id|use_method<-page/filter/pagination/default,200,true,"{""type"":""object"",""fields"":[""data"",""status""]}",authenticated client session (t header),none observed,not applicable/read-only,client/game,详情(选择厂商或游戏),活动/freeSpin/详情(选择厂商或游戏).bru,ACTIVE,yes,fat-client-network.json action=free_spins__start_first_free_spin_game; records=453,,1
client,Rewards,My Free Spins,/welfare,button,start first free-spin game,GET,https://client-fat.filbet2025.com,/promo/rotation/list,page|page_size|ty,,header:t<-authenticated-session;query:page|page_size|ty<-page/filter/pagination/default,200,true,"{""type"":""object"",""fields"":[""data"",""status""]}",authenticated client session (t header),none observed,not applicable/read-only,client/promo,列表,活动/freeSpin/列表.bru,ACTIVE,yes,fat-client-network.json action=free_spins__start_first_free_spin_game; records=423|424|425,,3
client,Rewards,My Free Spins,/welfare,button,start first free-spin game,GET,https://client-fat.filbet2025.com,/promo/rotation/summary,,,header:t<-authenticated-session,200,true,"{""type"":""object"",""fields"":[""data"",""status""]}",authenticated client session (t header),none observed,not applicable/read-only,client/report,统计,活动/freeSpin/统计.bru,ACTIVE,yes,fat-client-network.json action=free_spins__start_first_free_spin_game; records=422,,1
client,Rewards,My Free Spins,/welfare,button,start first free-spin game,GET,https://client-fat.filbet2025.com,/promo/slot/machine/detail,pid,,header:t<-authenticated-session;query:pid<-page/filter/pagination/default,200,true,"{""type"":""object"",""fields"":[""data"",""status""]}",authenticated client session (t header),none observed,not applicable/read-only,unknown/promo,实时滚动有效投注top100|实时滚动负盈利排行榜|排行榜详情,活动/老虎机排行榜/实时滚动有效投注top100.bru|活动/老虎机排行榜/实时滚动负盈利排行榜.bru|活动/老虎机排行榜/排行榜详情.bru,MISCLASSIFIED,yes,fat-client-network.json action=free_spins__start_first_free_spin_game; records=446,,1
client,Rewards,My Free Spins,/welfare,button,start first free-spin game,GET,https://client-fat.filbet2025.com,/promo/turntable/detail,,,header:t<-authenticated-session,200,false,"{""type"":""object"",""fields"":[""data"",""status""]}",authenticated client session (t header),none observed,not applicable/read-only,unknown/promo,活动详情,活动/大转盘活动/活动详情.bru,ACTIVE_FAILED,yes,fat-client-network.json action=free_spins__start_first_free_spin_game; records=436|449,business status false,2
client,Rewards,My Free Spins,/welfare,button,start first free-spin game,GET,https://client-fat.filbet2025.com,/promo/turntable/num,,,header:t<-authenticated-session,200,true,"{""type"":""object"",""fields"":[""data"",""status""]}",authenticated client session (t header),none observed,not applicable/read-only,unknown/promo,剩余次数,活动/大转盘活动/剩余次数.bru,MISCLASSIFIED,yes,fat-client-network.json action=free_spins__start_first_free_spin_game; records=450,,1
client,Rewards,My Free Spins,/welfare,button,start first free-spin game,GET,https://client-fat.filbet2025.com,/promo/vip/sign/in/config,,,header:t<-authenticated-session,200,true,"{""type"":""object"",""fields"":[""data"",""status""]}",authenticated client session (t header),none observed,not applicable/read-only,client/promo,签到配置,活动/Vip/签到配置.bru,ACTIVE,yes,fat-client-network.json action=free_spins__start_first_free_spin_game; records=427,,1
client,Rewards,My Free Spins,/welfare,button,start first free-spin game,POST,https://client-fat.filbet2025.com,/member/channel/trackclick,,,header:t<-authenticated-session,200,true,"{""type"":""object"",""fields"":[""data"",""status""]}",authenticated client session (t header),request emitted; no durable business change observed by this discovery action,no state identifier returned or persisted in sanitized evidence,client/member,渠道跟踪点击-todo,前台/渠道/渠道跟踪点击-todo.bru,ACTIVE,yes,fat-client-network.json action=free_spins__start_first_free_spin_game; records=438,,1
client,Rewards,My Free Spins,/welfare,button,start first free-spin game,POST,https://web-pp6o4v.opoinstalljs.com,/web/pp6o4v/clientf/init2,av|channelCode|cv|hash|sh|sp|sw,,query:av|channelCode|cv|hash|sh|sp|sw<-page/filter/pagination/default,200,UNAVAILABLE,"""number""",guest or no auth header observed,request emitted; no durable business change observed by this discovery action,no state identifier returned or persisted in sanitized evidence,,,,THIRD_PARTY,yes,fat-client-network.json action=free_spins__start_first_free_spin_game; records=452,,1
client,Rewards,My Free Spins,/welfare,button,start first free-spin game,POST,https://www.google-analytics.com,/g/collect,_eu|_p|_s|are|cid|dl|dma|dt|en|ep.page_env|frm|gcd|gtm|ngs|npa|pscdl|rcb|sct|seg|sid|sr|tag_exp|tfd|tid|uaa|uab|uafvl|uam|uamb|uap|uapv|uaw|ul|v,,query:_eu|_p|_s|are|cid|dl|dma|dt|en|ep.page_env|frm|gcd|gtm|ngs|npa|pscdl|rcb|sct|seg|sid|sr|tag_exp|tfd|tid|uaa|uab|uafvl|uam|uamb|uap|uapv|uaw|ul|v<-page/filter/pagination/default,204,UNAVAILABLE,"""null""",guest or no auth header observed,request emitted; no durable business change observed by this discovery action,no state identifier returned or persisted in sanitized evidence,,,,THIRD_PARTY,yes,fat-client-network.json action=free_spins__start_first_free_spin_game; records=433,,1
client,Rewards,Rewards,/welfare,button,open Lucky 7 rules,POST,https://www.google-analytics.com,/g/collect,_et|_eu|_p|_s|ae|are|cid|dl|dma|dt|en|ep.page_env|epn.percent_scrolled|frm|gcd|gtm|ngs|npa|pscdl|rcb|sct|seg|sid|sr|tag_exp|tfd|tid|uaa|uab|uafvl|uam|uamb|uap|uapv|uaw|ul|v,,query:_et|_eu|_p|_s|ae|are|cid|dl|dma|dt|en|ep.page_env|epn.percent_scrolled|frm|gcd|gtm|ngs|npa|pscdl|rcb|sct|seg|sid|sr|tag_exp|tfd|tid|uaa|uab|uafvl|uam|uamb|uap|uapv|uaw|ul|v<-page/filter/pagination/default,204,UNAVAILABLE,"""null""",guest or no auth header observed,request emitted; no durable business change observed by this discovery action,no state identifier returned or persisted in sanitized evidence,,,,THIRD_PARTY,yes,fat-client-network.json action=rewards__open_lucky_7_rules; records=370,,1
client,Rewards,Rewards,/welfare,page,page initialization,GET,https://client-fat.filbet2025.com,/finance/wallet,,,header:t<-authenticated-session,200,true,"{""type"":""object"",""fields"":[""data"",""status""]}",authenticated client session (t header),none observed,not applicable/read-only,client/finance,会员钱包-wesley,前台/财务/会员钱包-wesley.bru,ACTIVE,yes,fat-client-network.json action=rewards__page_initialization; records=360,,1
client,Rewards,Rewards,/welfare,page,page initialization,GET,https://client-fat.filbet2025.com,/member/buriedPoint/detailV2,ad_id,,header:t<-authenticated-session;query:ad_id<-page/filter/pagination/default,200,true,"{""type"":""object"",""fields"":[""data"",""status""]}",authenticated client session (t header),none observed,not applicable/read-only,client/member,埋点详情V2-todo,前台/埋点/埋点详情V2-todo.bru,ACTIVE,yes,fat-client-network.json action=rewards__page_initialization; records=354,,1
client,Rewards,Rewards,/welfare,page,page initialization,GET,https://client-fat.filbet2025.com,/member/detail,,,header:t<-authenticated-session,200,true,"{""type"":""object"",""fields"":[""data"",""status""]}",authenticated client session (t header),none observed,not applicable/read-only,client/member,获取会员信息-seven-aliang(20260424),前台/会员信息/获取会员信息-seven-aliang(20260424).bru,ACTIVE,yes,fat-client-network.json action=rewards__page_initialization; records=357,,1
client,Rewards,Rewards,/welfare,page,page initialization,GET,https://client-fat.filbet2025.com,/member/fav/list,page|page_size,,header:t<-authenticated-session;query:page|page_size<-page/filter/pagination/default,200,true,"{""type"":""object"",""fields"":[""data"",""status""]}",authenticated client session (t header),none observed,not applicable/read-only,client/game,游戏收藏列表-light,前台/游戏/游戏收藏列表-light.bru,ACTIVE,yes,fat-client-network.json action=rewards__page_initialization; records=361,,1
client,Rewards,Rewards,/welfare,page,page initialization,GET,https://client-fat.filbet2025.com,/member/fb/list,,,header:t<-authenticated-session,200,true,"{""type"":""object"",""fields"":[""data"",""status""]}",authenticated client session (t header),none observed,not applicable/read-only,client/member,三方登录列表,前台/三方登录/三方登录列表.bru,ACTIVE,yes,fat-client-network.json action=rewards__page_initialization; records=352,,1
client,Rewards,Rewards,/welfare,page,page initialization,GET,https://client-fat.filbet2025.com,/member/filcoin/balance,,,header:t<-authenticated-session,200,true,"{""type"":""object"",""fields"":[""data"",""status""]}",authenticated client session (t header),none observed,not applicable/read-only,client/member,代币余额 - felix,前台/商城/代币余额 - felix.bru,ACTIVE,yes,fat-client-network.json action=rewards__page_initialization; records=340,,1
client,Rewards,Rewards,/welfare,page,page initialization,GET,https://client-fat.filbet2025.com,/member/index,,,header:t<-authenticated-session,200,true,"{""type"":""object"",""fields"":[""data"",""status""]}",authenticated client session (t header),none observed,not applicable/read-only,client/game,首页缓存,前台/游戏/首页缓存.bru,ACTIVE,yes,fat-client-network.json action=rewards__page_initialization; records=346,,1
client,Rewards,Rewards,/welfare,page,page initialization,GET,https://client-fat.filbet2025.com,/member/introduce/complex,brand|ty,,header:t<-authenticated-session;query:brand|ty<-page/filter/pagination/default,200,true,"{""type"":""object"",""fields"":[""data"",""status""]}",authenticated client session (t header),none observed,not applicable/read-only,client/member,网站介绍,前台/配置/网站介绍.bru,ACTIVE,yes,fat-client-network.json action=rewards__page_initialization; records=336,,1
client,Rewards,Rewards,/welfare,page,page initialization,GET,https://client-fat.filbet2025.com,/member/materials/list,material_type_code|platform_code,,header:t<-authenticated-session;query:material_type_code|platform_code<-page/filter/pagination/default,200,true,"{""type"":""object"",""fields"":[""data"",""status""]}",authenticated client session (t header),none observed,not applicable/read-only,client/member,素材列表,前台/素材/素材列表.bru,ACTIVE,yes,fat-client-network.json action=rewards__page_initialization; records=347|348|349,,3
client,Rewards,Rewards,/welfare,page,page initialization,GET,https://client-fat.filbet2025.com,/member/message/popup_list,,,header:t<-authenticated-session,200,true,"{""type"":""object"",""fields"":[""data"",""status""]}",authenticated client session (t header),none observed,not applicable/read-only,client/member,获取弹窗站内信列表-todo,前台/站内信/获取弹窗站内信列表-todo.bru,ACTIVE,yes,fat-client-network.json action=rewards__page_initialization; records=362,,1
client,Rewards,Rewards,/welfare,page,page initialization,GET,https://client-fat.filbet2025.com,/member/v2/index,,,header:t<-authenticated-session,200,true,"{""type"":""object"",""fields"":[""data"",""status""]}",authenticated client session (t header),none observed,not applicable/read-only,client/game,首页缓存v2-owen,前台/游戏/首页缓存v2-owen.bru,ACTIVE,yes,fat-client-network.json action=rewards__page_initialization; records=345|364,,2
client,Rewards,Rewards,/welfare,page,page initialization,GET,https://client-fat.filbet2025.com,/promo/blindbox/detail,pid|ym,,header:t<-authenticated-session;query:pid|ym<-page/filter/pagination/default,200,true,"{""type"":""object"",""fields"":[""data"",""status""]}",authenticated client session (t header),none observed,not applicable/read-only,unknown/promo,获取盲盒详情 - felix,活动/盲盒/获取盲盒详情 - felix.bru,MISCLASSIFIED,yes,fat-client-network.json action=rewards__page_initialization; records=351,,1
client,Rewards,Rewards,/welfare,page,page initialization,GET,https://client-fat.filbet2025.com,/promo/blindbox/query/bonus,,,header:t<-authenticated-session,200,true,"{""type"":""object"",""fields"":[""data"",""status""]}",authenticated client session (t header),none observed,not applicable/read-only,unknown/promo,查询盲盒待领取记录,活动/盲盒/查询盲盒待领取记录.bru,MISCLASSIFIED,yes,fat-client-network.json action=rewards__page_initialization; records=343,,1
client,Rewards,Rewards,/welfare,page,page initialization,GET,https://client-fat.filbet2025.com,/promo/bonus/total,,,header:t<-authenticated-session,200,true,"{""type"":""object"",""fields"":[""data"",""status""]}",authenticated client session (t header),none observed,not applicable/read-only,unknown/promo,获取礼金总计,活动/盲盒/获取礼金总计.bru,MISCLASSIFIED,yes,fat-client-network.json action=rewards__page_initialization; records=337,,1
client,Rewards,Rewards,/welfare,page,page initialization,GET,https://client-fat.filbet2025.com,/promo/deposit/ladder/detail,pid,,header:t<-authenticated-session;query:pid<-page/filter/pagination/default,200,true,"{""type"":""object"",""fields"":[""data"",""status""]}",authenticated client session (t header),none observed,not applicable/read-only,unknown/finance,存款阶梯活动详情,活动/存款阶梯活动/存款阶梯活动详情.bru,MISCLASSIFIED,yes,fat-client-network.json action=rewards__page_initialization; records=338,,1
client,Rewards,Rewards,/welfare,page,page initialization,GET,https://client-fat.filbet2025.com,/promo/filpcard/detail,pid,,header:t<-authenticated-session;query:pid<-page/filter/pagination/default,200,true,"{""type"":""object"",""fields"":[""data"",""status""]}",authenticated client session (t header),none observed,not applicable/read-only,unknown/promo,活动详情,活动/王牌活动/活动详情.bru,MISCLASSIFIED,yes,fat-client-network.json action=rewards__page_initialization; records=355|365,,2
client,Rewards,Rewards,/welfare,page,page initialization,GET,https://client-fat.filbet2025.com,/promo/rotate/bet/detail,is_welfare|pid,,header:t<-authenticated-session;query:is_welfare|pid<-page/filter/pagination/default,200,true,"{""type"":""object"",""fields"":[""data"",""status""]}",authenticated client session (t header),none observed,not applicable/read-only,client/kyc|client/promo|unknown/promo,弹目消息|活动详情|福利详情|详情(老页面),活动/Vip/详情(老页面).bru|活动/kyc送免费旋转/详情(老页面).bru|活动/每日充值+投注阶梯送礼金和旋转次数/弹目消息.bru|活动/每日充值+投注阶梯送礼金和旋转次数/活动详情.bru|活动/每日充值+投注阶梯送礼金和旋转次数/福利详情.bru,ACTIVE,yes,fat-client-network.json action=rewards__page_initialization; records=339|342,,2
client,Rewards,Rewards,/welfare,page,page initialization,GET,https://client-fat.filbet2025.com,/promo/rotate/kyc/detail,,,header:t<-authenticated-session,200,true,"{""type"":""object"",""fields"":[""data"",""status""]}",authenticated client session (t header),none observed,not applicable/read-only,client/kyc,详情,活动/kyc送免费旋转/详情.bru,ACTIVE,yes,fat-client-network.json action=rewards__page_initialization; records=353|359|368,,3
client,Rewards,Rewards,/welfare,page,page initialization,GET,https://client-fat.filbet2025.com,/promo/rotate/total,,,header:t<-authenticated-session,200,true,"{""type"":""object"",""fields"":[""data"",""status""]}",authenticated client session (t header),none observed,not applicable/read-only,unknown/promo,获取历史总旋转次数,活动/每日充值+投注阶梯送礼金和旋转次数/获取历史总旋转次数.bru,MISCLASSIFIED,yes,fat-client-network.json action=rewards__page_initialization; records=341,,1
client,Rewards,Rewards,/welfare,page,page initialization,GET,https://client-fat.filbet2025.com,/promo/slot/machine/detail,pid,,header:t<-authenticated-session;query:pid<-page/filter/pagination/default,200,true,"{""type"":""object"",""fields"":[""data"",""status""]}",authenticated client session (t header),none observed,not applicable/read-only,unknown/promo,实时滚动有效投注top100|实时滚动负盈利排行榜|排行榜详情,活动/老虎机排行榜/实时滚动有效投注top100.bru|活动/老虎机排行榜/实时滚动负盈利排行榜.bru|活动/老虎机排行榜/排行榜详情.bru,MISCLASSIFIED,yes,fat-client-network.json action=rewards__page_initialization; records=363,,1
client,Rewards,Rewards,/welfare,page,page initialization,GET,https://client-fat.filbet2025.com,/promo/turntable/detail,,,header:t<-authenticated-session,200,false,"{""type"":""object"",""fields"":[""data"",""status""]}",authenticated client session (t header),none observed,not applicable/read-only,unknown/promo,活动详情,活动/大转盘活动/活动详情.bru,ACTIVE_FAILED,yes,fat-client-network.json action=rewards__page_initialization; records=356|366,business status false,2
client,Rewards,Rewards,/welfare,page,page initialization,GET,https://client-fat.filbet2025.com,/promo/turntable/num,,,header:t<-authenticated-session,200,true,"{""type"":""object"",""fields"":[""data"",""status""]}",authenticated client session (t header),none observed,not applicable/read-only,unknown/promo,剩余次数,活动/大转盘活动/剩余次数.bru,MISCLASSIFIED,yes,fat-client-network.json action=rewards__page_initialization; records=367,,1
client,Rewards,Rewards,/welfare,page,page initialization,GET,https://client-fat.filbet2025.com,/promo/vip/sign/in/config,,,header:t<-authenticated-session,200,true,"{""type"":""object"",""fields"":[""data"",""status""]}",authenticated client session (t header),none observed,not applicable/read-only,client/promo,签到配置,活动/Vip/签到配置.bru,ACTIVE,yes,fat-client-network.json action=rewards__page_initialization; records=344,,1
client,Rewards,Rewards,/welfare,page,page initialization,POST,https://client-fat.filbet2025.com,/member/channel/trackclick,,,header:t<-authenticated-session,200,true,"{""type"":""object"",""fields"":[""data"",""status""]}",authenticated client session (t header),request emitted; no durable business change observed by this discovery action,no state identifier returned or persisted in sanitized evidence,client/member,渠道跟踪点击-todo,前台/渠道/渠道跟踪点击-todo.bru,ACTIVE,yes,fat-client-network.json action=rewards__page_initialization; records=358,,1
client,Rewards,Rewards,/welfare,page,page initialization,POST,https://web-pp6o4v.opoinstalljs.com,/web/pp6o4v/clientf/init2,av|channelCode|cv|hash|sh|sp|sw,,query:av|channelCode|cv|hash|sh|sp|sw<-page/filter/pagination/default,200,UNAVAILABLE,"""number""",guest or no auth header observed,request emitted; no durable business change observed by this discovery action,no state identifier returned or persisted in sanitized evidence,,,,THIRD_PARTY,yes,fat-client-network.json action=rewards__page_initialization; records=369,,1
client,Rewards,Rewards,/welfare,page,page initialization,POST,https://www.google-analytics.com,/g/collect,_eu|_p|_s|are|cid|dl|dma|dt|en|ep.page_env|frm|gcd|gtm|ngs|npa|pscdl|rcb|sct|seg|sid|sr|tag_exp|tfd|tid|uaa|uab|uafvl|uam|uamb|uap|uapv|uaw|ul|v,,query:_eu|_p|_s|are|cid|dl|dma|dt|en|ep.page_env|frm|gcd|gtm|ngs|npa|pscdl|rcb|sct|seg|sid|sr|tag_exp|tfd|tid|uaa|uab|uafvl|uam|uamb|uap|uapv|uaw|ul|v<-page/filter/pagination/default,204,UNAVAILABLE,"""null""",guest or no auth header observed,request emitted; no durable business change observed by this discovery action,no state identifier returned or persisted in sanitized evidence,,,,THIRD_PARTY,yes,fat-client-network.json action=rewards__page_initialization; records=350,,1
client,Sidebar,Sidebar,/,page,page initialization,GET,https://client-fat.filbet2025.com,/finance/wallet,,,header:t<-authenticated-session,200,true,"{""type"":""object"",""fields"":[""data"",""status""]}",authenticated client session (t header),none observed,not applicable/read-only,client/finance,会员钱包-wesley,前台/财务/会员钱包-wesley.bru,ACTIVE,yes,fat-client-network.json action=sidebar__page_initialization; records=259|264,,2
client,Sidebar,Sidebar,/,page,page initialization,GET,https://client-fat.filbet2025.com,/member/bigprize/list,,,header:t<-authenticated-session,200,true,"{""type"":""object"",""fields"":[""data"",""status""]}",authenticated client session (t header),none observed,not applicable/read-only,client/member,爆奖列表,前台/爆奖信息/爆奖列表.bru,ACTIVE,yes,fat-client-network.json action=sidebar__page_initialization; records=254,,1
client,Sidebar,Sidebar,/,page,page initialization,GET,https://client-fat.filbet2025.com,/member/buriedPoint/detailV2,ad_id,,header:t<-authenticated-session;query:ad_id<-page/filter/pagination/default,200,true,"{""type"":""object"",""fields"":[""data"",""status""]}",authenticated client session (t header),none observed,not applicable/read-only,client/member,埋点详情V2-todo,前台/埋点/埋点详情V2-todo.bru,ACTIVE,yes,fat-client-network.json action=sidebar__page_initialization; records=244,,1
client,Sidebar,Sidebar,/,page,page initialization,GET,https://client-fat.filbet2025.com,/member/detail,,,header:t<-authenticated-session,200,true,"{""type"":""object"",""fields"":[""data"",""status""]}",authenticated client session (t header),none observed,not applicable/read-only,client/member,获取会员信息-seven-aliang(20260424),前台/会员信息/获取会员信息-seven-aliang(20260424).bru,ACTIVE,yes,fat-client-network.json action=sidebar__page_initialization; records=247,,1
client,Sidebar,Sidebar,/,page,page initialization,GET,https://client-fat.filbet2025.com,/member/fav/list,page|page_size,,header:t<-authenticated-session;query:page|page_size<-page/filter/pagination/default,200,true,"{""type"":""object"",""fields"":[""data"",""status""]}",authenticated client session (t header),none observed,not applicable/read-only,client/game,游戏收藏列表-light,前台/游戏/游戏收藏列表-light.bru,ACTIVE,yes,fat-client-network.json action=sidebar__page_initialization; records=265,,1
client,Sidebar,Sidebar,/,page,page initialization,GET,https://client-fat.filbet2025.com,/member/fb/list,,,header:t<-authenticated-session,200,true,"{""type"":""object"",""fields"":[""data"",""status""]}",authenticated client session (t header),none observed,not applicable/read-only,client/member,三方登录列表,前台/三方登录/三方登录列表.bru,ACTIVE,yes,fat-client-network.json action=sidebar__page_initialization; records=249,,1
client,Sidebar,Sidebar,/,page,page initialization,GET,https://client-fat.filbet2025.com,/member/home/sections,brand,,header:t<-authenticated-session;query:brand<-page/filter/pagination/default,200,true,"{""type"":""object"",""fields"":[""data"",""status""]}",authenticated client session (t header),none observed,not applicable/read-only,client/member,首页板块列表,前台/首页/首页板块列表.bru,ACTIVE,yes,fat-client-network.json action=sidebar__page_initialization; records=252,,1
client,Sidebar,Sidebar,/,page,page initialization,GET,https://client-fat.filbet2025.com,/member/index,,,header:t<-authenticated-session,200,true,"{""type"":""object"",""fields"":[""data"",""status""]}",authenticated client session (t header),none observed,not applicable/read-only,client/game,首页缓存,前台/游戏/首页缓存.bru,ACTIVE,yes,fat-client-network.json action=sidebar__page_initialization; records=238,,1
client,Sidebar,Sidebar,/,page,page initialization,GET,https://client-fat.filbet2025.com,/member/materials/list,material_type_code|platform_code,,header:t<-authenticated-session;query:material_type_code|platform_code<-page/filter/pagination/default,200,true,"{""type"":""object"",""fields"":[""data"",""status""]}",authenticated client session (t header),none observed,not applicable/read-only,client/member,素材列表,前台/素材/素材列表.bru,ACTIVE,yes,fat-client-network.json action=sidebar__page_initialization; records=239|240|241|242,,4
client,Sidebar,Sidebar,/,page,page initialization,GET,https://client-fat.filbet2025.com,/member/message/has_unread,,,header:t<-authenticated-session,200,true,"{""type"":""object"",""fields"":[""data"",""status""]}",authenticated client session (t header),none observed,not applicable/read-only,client/member,是否有未读信息-todo,前台/站内信/是否有未读信息-todo.bru,ACTIVE,yes,fat-client-network.json action=sidebar__page_initialization; records=257,,1
client,Sidebar,Sidebar,/,page,page initialization,GET,https://client-fat.filbet2025.com,/member/message/popup_list,,,header:t<-authenticated-session,200,true,"{""type"":""object"",""fields"":[""data"",""status""]}",authenticated client session (t header),none observed,not applicable/read-only,client/member,获取弹窗站内信列表-todo,前台/站内信/获取弹窗站内信列表-todo.bru,ACTIVE,yes,fat-client-network.json action=sidebar__page_initialization; records=266,,1
client,Sidebar,Sidebar,/,page,page initialization,GET,https://client-fat.filbet2025.com,/member/v2/index,,,header:t<-authenticated-session,200,true,"{""type"":""object"",""fields"":[""data"",""status""]}",authenticated client session (t header),none observed,not applicable/read-only,client/game,首页缓存v2-owen,前台/游戏/首页缓存v2-owen.bru,ACTIVE,yes,fat-client-network.json action=sidebar__page_initialization; records=237|253|268,,3
client,Sidebar,Sidebar,/,page,page initialization,GET,https://client-fat.filbet2025.com,/promo/blindbox/detail,pid|ym,,header:t<-authenticated-session;query:pid|ym<-page/filter/pagination/default,200,true,"{""type"":""object"",""fields"":[""data"",""status""]}",authenticated client session (t header),none observed,not applicable/read-only,unknown/promo,获取盲盒详情 - felix,活动/盲盒/获取盲盒详情 - felix.bru,MISCLASSIFIED,yes,fat-client-network.json action=sidebar__page_initialization; records=275,,1
client,Sidebar,Sidebar,/,page,page initialization,GET,https://client-fat.filbet2025.com,/promo/blindbox/query/bonus,,,header:t<-authenticated-session,200,true,"{""type"":""object"",""fields"":[""data"",""status""]}",authenticated client session (t header),none observed,not applicable/read-only,unknown/promo,查询盲盒待领取记录,活动/盲盒/查询盲盒待领取记录.bru,MISCLASSIFIED,yes,fat-client-network.json action=sidebar__page_initialization; records=261,,1
client,Sidebar,Sidebar,/,page,page initialization,GET,https://client-fat.filbet2025.com,/promo/deposit/ladder/deposit/conf,,,header:t<-authenticated-session,200,true,"{""type"":""object"",""fields"":[""data"",""status""]}",authenticated client session (t header),none observed,not applicable/read-only,unknown/finance,存款阶梯配置活动,活动/存款阶梯活动/存款阶梯配置活动.bru,MISCLASSIFIED,yes,fat-client-network.json action=sidebar__page_initialization; records=258,,1
client,Sidebar,Sidebar,/,page,page initialization,GET,https://client-fat.filbet2025.com,/promo/filpcard/detail,pid,,header:t<-authenticated-session;query:pid<-page/filter/pagination/default,200,true,"{""type"":""object"",""fields"":[""data"",""status""]}",authenticated client session (t header),none observed,not applicable/read-only,unknown/promo,活动详情,活动/王牌活动/活动详情.bru,MISCLASSIFIED,yes,fat-client-network.json action=sidebar__page_initialization; records=245|269,,2
client,Sidebar,Sidebar,/,page,page initialization,GET,https://client-fat.filbet2025.com,/promo/rotate/bet/detail,is_welfare|pid,,header:t<-authenticated-session;query:is_welfare|pid<-page/filter/pagination/default,200,true,"{""type"":""object"",""fields"":[""data"",""status""]}",authenticated client session (t header),none observed,not applicable/read-only,client/kyc|client/promo|unknown/promo,弹目消息|活动详情|福利详情|详情(老页面),活动/Vip/详情(老页面).bru|活动/kyc送免费旋转/详情(老页面).bru|活动/每日充值+投注阶梯送礼金和旋转次数/弹目消息.bru|活动/每日充值+投注阶梯送礼金和旋转次数/活动详情.bru|活动/每日充值+投注阶梯送礼金和旋转次数/福利详情.bru,ACTIVE,yes,fat-client-network.json action=sidebar__page_initialization; records=256|260,,2
client,Sidebar,Sidebar,/,page,page initialization,GET,https://client-fat.filbet2025.com,/promo/rotate/kyc/detail,,,header:t<-authenticated-session,200,true,"{""type"":""object"",""fields"":[""data"",""status""]}",authenticated client session (t header),none observed,not applicable/read-only,client/kyc,详情,活动/kyc送免费旋转/详情.bru,ACTIVE,yes,fat-client-network.json action=sidebar__page_initialization; records=250|263|272,,3
client,Sidebar,Sidebar,/,page,page initialization,GET,https://client-fat.filbet2025.com,/promo/slot/machine/detail,pid,,header:t<-authenticated-session;query:pid<-page/filter/pagination/default,200,true,"{""type"":""object"",""fields"":[""data"",""status""]}",authenticated client session (t header),none observed,not applicable/read-only,unknown/promo,实时滚动有效投注top100|实时滚动负盈利排行榜|排行榜详情,活动/老虎机排行榜/实时滚动有效投注top100.bru|活动/老虎机排行榜/实时滚动负盈利排行榜.bru|活动/老虎机排行榜/排行榜详情.bru,MISCLASSIFIED,yes,fat-client-network.json action=sidebar__page_initialization; records=267,,1
client,Sidebar,Sidebar,/,page,page initialization,GET,https://client-fat.filbet2025.com,/promo/turntable/detail,,,header:t<-authenticated-session,200,false,"{""type"":""object"",""fields"":[""data"",""status""]}",authenticated client session (t header),none observed,not applicable/read-only,unknown/promo,活动详情,活动/大转盘活动/活动详情.bru,ACTIVE_FAILED,yes,fat-client-network.json action=sidebar__page_initialization; records=246|270,business status false,2
client,Sidebar,Sidebar,/,page,page initialization,GET,https://client-fat.filbet2025.com,/promo/turntable/num,,,header:t<-authenticated-session,200,true,"{""type"":""object"",""fields"":[""data"",""status""]}",authenticated client session (t header),none observed,not applicable/read-only,unknown/promo,剩余次数,活动/大转盘活动/剩余次数.bru,MISCLASSIFIED,yes,fat-client-network.json action=sidebar__page_initialization; records=271,,1
client,Sidebar,Sidebar,/,page,page initialization,GET,https://client-fat.filbet2025.com,/promo/vip/sign/in/config,,,header:t<-authenticated-session,200,true,"{""type"":""object"",""fields"":[""data"",""status""]}",authenticated client session (t header),none observed,not applicable/read-only,client/promo,签到配置,活动/Vip/签到配置.bru,ACTIVE,yes,fat-client-network.json action=sidebar__page_initialization; records=236,,1
client,Sidebar,Sidebar,/,page,page initialization,GET,https://pwa.filbet.com,/filbet/dev/v20260129/assets/lotties/ace_daily_float_btn.lottie,,,,200,UNAVAILABLE,"{""type"":""object"",""fields"":[""0"",""1"",""10"",""11"",""12"",""13"",""14"",""15"",""2"",""3"",""4"",""5"",""6"",""7"",""8"",""9""]}",guest or no auth header observed,none observed,not applicable/read-only,,,,THIRD_PARTY,yes,fat-client-network.json action=sidebar__page_initialization; records=262|273,,2
client,Sidebar,Sidebar,/,page,page initialization,POST,https://client-fat.filbet2025.com,/member/channel/trackclick,,,header:t<-authenticated-session,200,true,"{""type"":""object"",""fields"":[""data"",""status""]}",authenticated client session (t header),request emitted; no durable business change observed by this discovery action,no state identifier returned or persisted in sanitized evidence,client/member,渠道跟踪点击-todo,前台/渠道/渠道跟踪点击-todo.bru,ACTIVE,yes,fat-client-network.json action=sidebar__page_initialization; records=248,,1
client,Sidebar,Sidebar,/,page,page initialization,POST,https://client-fat.filbet2025.com,/member/game/rank,,game_type|page|page_size|strategy|time_range,body:game_type|page|page_size|strategy|time_range<-form/current-record/default;header:t<-authenticated-session,200,true,"{""type"":""object"",""fields"":[""data"",""status""]}",authenticated client session (t header),request emitted; no durable business change observed by this discovery action,no state identifier returned or persisted in sanitized evidence,client/game,游戏排名-benjie,前台/游戏/游戏排名-benjie.bru,ACTIVE,yes,fat-client-network.json action=sidebar__page_initialization; records=251|255,,2
client,Sidebar,Sidebar,/,page,page initialization,POST,https://web-pp6o4v.opoinstalljs.com,/web/pp6o4v/clientf/init2,av|channelCode|cv|hash|sh|sp|sw,,query:av|channelCode|cv|hash|sh|sp|sw<-page/filter/pagination/default,200,UNAVAILABLE,"""number""",guest or no auth header observed,request emitted; no durable business change observed by this discovery action,no state identifier returned or persisted in sanitized evidence,,,,THIRD_PARTY,yes,fat-client-network.json action=sidebar__page_initialization; records=276,,1
client,Sidebar,Sidebar,/,page,page initialization,POST,https://www.google-analytics.com,/g/collect,_eu|_p|_s|are|cid|dl|dma|dt|en|ep.page_env|frm|gcd|gtm|ngs|npa|pscdl|rcb|sct|seg|sid|sr|tag_exp|tfd|tid|uaa|uab|uafvl|uam|uamb|uap|uapv|uaw|ul|v,,query:_eu|_p|_s|are|cid|dl|dma|dt|en|ep.page_env|frm|gcd|gtm|ngs|npa|pscdl|rcb|sct|seg|sid|sr|tag_exp|tfd|tid|uaa|uab|uafvl|uam|uamb|uap|uapv|uaw|ul|v<-page/filter/pagination/default,204,UNAVAILABLE,"""null""",guest or no auth header observed,request emitted; no durable business change observed by this discovery action,no state identifier returned or persisted in sanitized evidence,,,,THIRD_PARTY,yes,fat-client-network.json action=sidebar__page_initialization; records=243,,1
client,Sidebar,Sidebar,/,button,primary navigation/action,GET,https://client-fat.filbet2025.com,/member/detail,,,header:t<-authenticated-session,200,true,"{""type"":""object"",""fields"":[""data"",""status""]}",authenticated client session (t header),none observed,not applicable/read-only,client/member,获取会员信息-seven-aliang(20260424),前台/会员信息/获取会员信息-seven-aliang(20260424).bru,ACTIVE,yes,fat-client-network.json action=sidebar__primary_navigation_action; records=278|279,,2
client,Sidebar,Sidebar,/,button,primary navigation/action,GET,https://client-fat.filbet2025.com,/member/filcoin/balance,,,header:t<-authenticated-session,200,true,"{""type"":""object"",""fields"":[""data"",""status""]}",authenticated client session (t header),none observed,not applicable/read-only,client/member,代币余额 - felix,前台/商城/代币余额 - felix.bru,ACTIVE,yes,fat-client-network.json action=sidebar__primary_navigation_action; records=280,,1
client,Sidebar,Sidebar,/,button,primary navigation/action,GET,https://client-fat.filbet2025.com,/member/vip/level/detail,,,header:t<-authenticated-session,200,true,"{""type"":""object"",""fields"":[""data"",""status""]}",authenticated client session (t header),none observed,not applicable/read-only,client/member,会员vip等级详情,前台/VIP/会员vip等级详情.bru,ACTIVE,yes,fat-client-network.json action=sidebar__primary_navigation_action; records=277,,1
client,Sidebar,Sidebar,/,button,primary navigation/action,GET,https://client-fat.filbet2025.com,/member/vip/rule,,,header:t<-authenticated-session,200,true,"{""type"":""object"",""fields"":[""data"",""status""]}",authenticated client session (t header),none observed,not applicable/read-only,client/member,VIP配置规则-todo,前台/VIP/VIP配置规则-todo.bru,ACTIVE,yes,fat-client-network.json action=sidebar__primary_navigation_action; records=282,,1
client,Sidebar,Sidebar,/,button,primary navigation/action,GET,https://client-fat.filbet2025.com,/promo/rotate/kyc/detail,,,header:t<-authenticated-session,200,true,"{""type"":""object"",""fields"":[""data"",""status""]}",authenticated client session (t header),none observed,not applicable/read-only,client/kyc,详情,活动/kyc送免费旋转/详情.bru,ACTIVE,yes,fat-client-network.json action=sidebar__primary_navigation_action; records=281|283,,2
client,Sidebar,Sidebar (guest),/,page,page initialization,GET,https://client-fat.filbet2025.com,/member/bigprize/list,,,header:t<-authenticated-session,200,true,"{""type"":""object"",""fields"":[""data"",""status""]}",authenticated client session (t header),none observed,not applicable/read-only,client/member,爆奖列表,前台/爆奖信息/爆奖列表.bru,ACTIVE,yes,fat-client-network.json action=sidebar_guest__page_initialization; records=26,,1
client,Sidebar,Sidebar (guest),/,page,page initialization,GET,https://client-fat.filbet2025.com,/member/buriedPoint/detailV2,ad_id,,header:t<-authenticated-session;query:ad_id<-page/filter/pagination/default,200,true,"{""type"":""object"",""fields"":[""data"",""status""]}",authenticated client session (t header),none observed,not applicable/read-only,client/member,埋点详情V2-todo,前台/埋点/埋点详情V2-todo.bru,ACTIVE,yes,fat-client-network.json action=sidebar_guest__page_initialization; records=35,,1
client,Sidebar,Sidebar (guest),/,page,page initialization,GET,https://client-fat.filbet2025.com,/member/fb/list,,,header:t<-authenticated-session,200,true,"{""type"":""object"",""fields"":[""data"",""status""]}",authenticated client session (t header),none observed,not applicable/read-only,client/member,三方登录列表,前台/三方登录/三方登录列表.bru,ACTIVE,yes,fat-client-network.json action=sidebar_guest__page_initialization; records=37,,1
client,Sidebar,Sidebar (guest),/,page,page initialization,GET,https://client-fat.filbet2025.com,/member/home/sections,brand,,header:t<-authenticated-session;query:brand<-page/filter/pagination/default,200,true,"{""type"":""object"",""fields"":[""data"",""status""]}",authenticated client session (t header),none observed,not applicable/read-only,client/member,首页板块列表,前台/首页/首页板块列表.bru,ACTIVE,yes,fat-client-network.json action=sidebar_guest__page_initialization; records=24,,1
client,Sidebar,Sidebar (guest),/,page,page initialization,GET,https://client-fat.filbet2025.com,/member/index,,,header:t<-authenticated-session,200,true,"{""type"":""object"",""fields"":[""data"",""status""]}",authenticated client session (t header),none observed,not applicable/read-only,client/game,首页缓存,前台/游戏/首页缓存.bru,ACTIVE,yes,fat-client-network.json action=sidebar_guest__page_initialization; records=31,,1
client,Sidebar,Sidebar (guest),/,page,page initialization,GET,https://client-fat.filbet2025.com,/member/materials/list,material_type_code|platform_code,,header:t<-authenticated-session;query:material_type_code|platform_code<-page/filter/pagination/default,200,true,"{""type"":""object"",""fields"":[""data"",""status""]}",authenticated client session (t header),none observed,not applicable/read-only,client/member,素材列表,前台/素材/素材列表.bru,ACTIVE,yes,fat-client-network.json action=sidebar_guest__page_initialization; records=32|33|34,,3
client,Sidebar,Sidebar (guest),/,page,page initialization,GET,https://client-fat.filbet2025.com,/member/v2/index,,,header:t<-authenticated-session,200,true,"{""type"":""object"",""fields"":[""data"",""status""]}",authenticated client session (t header),none observed,not applicable/read-only,client/game,首页缓存v2-owen,前台/游戏/首页缓存v2-owen.bru,ACTIVE,yes,fat-client-network.json action=sidebar_guest__page_initialization; records=25|30,,2
client,Sidebar,Sidebar (guest),/,page,page initialization,GET,https://client-fat.filbet2025.com,/promo/rotate/bet/detail,is_welfare|pid,,header:t<-authenticated-session;query:is_welfare|pid<-page/filter/pagination/default,200,true,"{""type"":""object"",""fields"":[""data"",""status""]}",authenticated client session (t header),none observed,not applicable/read-only,client/kyc|client/promo|unknown/promo,弹目消息|活动详情|福利详情|详情(老页面),活动/Vip/详情(老页面).bru|活动/kyc送免费旋转/详情(老页面).bru|活动/每日充值+投注阶梯送礼金和旋转次数/弹目消息.bru|活动/每日充值+投注阶梯送礼金和旋转次数/活动详情.bru|活动/每日充值+投注阶梯送礼金和旋转次数/福利详情.bru,ACTIVE,yes,fat-client-network.json action=sidebar_guest__page_initialization; records=28|29,,2
client,Sidebar,Sidebar (guest),/,page,page initialization,POST,https://client-fat.filbet2025.com,/member/channel/trackclick,,,header:t<-authenticated-session,200,true,"{""type"":""object"",""fields"":[""data"",""status""]}",authenticated client session (t header),request emitted; no durable business change observed by this discovery action,no state identifier returned or persisted in sanitized evidence,client/member,渠道跟踪点击-todo,前台/渠道/渠道跟踪点击-todo.bru,ACTIVE,yes,fat-client-network.json action=sidebar_guest__page_initialization; records=36,,1
client,Sidebar,Sidebar (guest),/,page,page initialization,POST,https://client-fat.filbet2025.com,/member/game/rank,,game_type|page|page_size|strategy|time_range,body:game_type|page|page_size|strategy|time_range<-form/current-record/default;header:t<-authenticated-session,200,true,"{""type"":""object"",""fields"":[""data"",""status""]}",authenticated client session (t header),request emitted; no durable business change observed by this discovery action,no state identifier returned or persisted in sanitized evidence,client/game,游戏排名-benjie,前台/游戏/游戏排名-benjie.bru,ACTIVE,yes,fat-client-network.json action=sidebar_guest__page_initialization; records=23|27,,2
client,Sidebar,Sidebar (guest),/,page,page initialization,POST,https://web-pp6o4v.opoinstalljs.com,/web/pp6o4v/clientf/init2,av|channelCode|cv|hash|sh|sp|sw,,query:av|channelCode|cv|hash|sh|sp|sw<-page/filter/pagination/default,200,UNAVAILABLE,"""number""",guest or no auth header observed,request emitted; no durable business change observed by this discovery action,no state identifier returned or persisted in sanitized evidence,,,,THIRD_PARTY,yes,fat-client-network.json action=sidebar_guest__page_initialization; records=38,,1
client,Sidebar,Sidebar (guest),/,page,page initialization,POST,https://www.google-analytics.com,/g/collect,_eu|_p|_s|are|cid|dl|dma|dt|en|ep.page_env|frm|gcd|gtm|ngs|npa|pscdl|rcb|sct|seg|sid|sr|tag_exp|tfd|tid|uaa|uab|uafvl|uam|uamb|uap|uapv|uaw|ul|v,,query:_eu|_p|_s|are|cid|dl|dma|dt|en|ep.page_env|frm|gcd|gtm|ngs|npa|pscdl|rcb|sct|seg|sid|sr|tag_exp|tfd|tid|uaa|uab|uafvl|uam|uamb|uap|uapv|uaw|ul|v<-page/filter/pagination/default,204,UNAVAILABLE,"""null""",guest or no auth header observed,request emitted; no durable business change observed by this discovery action,no state identifier returned or persisted in sanitized evidence,,,,THIRD_PARTY,yes,fat-client-network.json action=sidebar_guest__page_initialization; records=22,,1
client,Sidebar,Sidebar (guest),/,button,primary navigation/action,POST,https://www.google-analytics.com,/g/collect,_et|_eu|_p|_s|ae|are|cid|dl|dma|dt|en|ep.page_env|epn.percent_scrolled|frm|gcd|gtm|ngs|npa|pscdl|rcb|sct|seg|sid|sr|tag_exp|tfd|tid|uaa|uab|uafvl|uam|uamb|uap|uapv|uaw|ul|v,,query:_et|_eu|_p|_s|ae|are|cid|dl|dma|dt|en|ep.page_env|epn.percent_scrolled|frm|gcd|gtm|ngs|npa|pscdl|rcb|sct|seg|sid|sr|tag_exp|tfd|tid|uaa|uab|uafvl|uam|uamb|uap|uapv|uaw|ul|v<-page/filter/pagination/default,204,UNAVAILABLE,"""null""",guest or no auth header observed,request emitted; no durable business change observed by this discovery action,no state identifier returned or persisted in sanitized evidence,,,,THIRD_PARTY,yes,fat-client-network.json action=sidebar_guest__primary_navigation_action; records=44,,1
client,VIP,VIP Center,/my,page,page initialization,GET,https://client-fat.filbet2025.com,/finance/wallet,,,header:t<-authenticated-session,200,true,"{""type"":""object"",""fields"":[""data"",""status""]}",authenticated client session (t header),none observed,not applicable/read-only,client/finance,会员钱包-wesley,前台/财务/会员钱包-wesley.bru,ACTIVE,yes,fat-client-network.json action=vip__page_initialization; records=978|988,,2
client,VIP,VIP Center,/my,page,page initialization,GET,https://client-fat.filbet2025.com,/member/buriedPoint/detailV2,ad_id,,header:t<-authenticated-session;query:ad_id<-page/filter/pagination/default,200,true,"{""type"":""object"",""fields"":[""data"",""status""]}",authenticated client session (t header),none observed,not applicable/read-only,client/member,埋点详情V2-todo,前台/埋点/埋点详情V2-todo.bru,ACTIVE,yes,fat-client-network.json action=vip__page_initialization; records=967,,1
client,VIP,VIP Center,/my,page,page initialization,GET,https://client-fat.filbet2025.com,/member/detail,,,header:t<-authenticated-session,200,true,"{""type"":""object"",""fields"":[""data"",""status""]}",authenticated client session (t header),none observed,not applicable/read-only,client/member,获取会员信息-seven-aliang(20260424),前台/会员信息/获取会员信息-seven-aliang(20260424).bru,ACTIVE,yes,fat-client-network.json action=vip__page_initialization; records=970|975|981,,3
client,VIP,VIP Center,/my,page,page initialization,GET,https://client-fat.filbet2025.com,/member/fav/list,page|page_size,,header:t<-authenticated-session;query:page|page_size<-page/filter/pagination/default,200,true,"{""type"":""object"",""fields"":[""data"",""status""]}",authenticated client session (t header),none observed,not applicable/read-only,client/game,游戏收藏列表-light,前台/游戏/游戏收藏列表-light.bru,ACTIVE,yes,fat-client-network.json action=vip__page_initialization; records=989,,1
client,VIP,VIP Center,/my,page,page initialization,GET,https://client-fat.filbet2025.com,/member/fb/list,,,header:t<-authenticated-session,200,true,"{""type"":""object"",""fields"":[""data"",""status""]}",authenticated client session (t header),none observed,not applicable/read-only,client/member,三方登录列表,前台/三方登录/三方登录列表.bru,ACTIVE,yes,fat-client-network.json action=vip__page_initialization; records=972,,1
client,VIP,VIP Center,/my,page,page initialization,GET,https://client-fat.filbet2025.com,/member/index,,,header:t<-authenticated-session,200,true,"{""type"":""object"",""fields"":[""data"",""status""]}",authenticated client session (t header),none observed,not applicable/read-only,client/game,首页缓存,前台/游戏/首页缓存.bru,ACTIVE,yes,fat-client-network.json action=vip__page_initialization; records=963,,1
client,VIP,VIP Center,/my,page,page initialization,GET,https://client-fat.filbet2025.com,/member/materials/list,material_type_code|platform_code,,header:t<-authenticated-session;query:material_type_code|platform_code<-page/filter/pagination/default,200,true,"{""type"":""object"",""fields"":[""data"",""status""]}",authenticated client session (t header),none observed,not applicable/read-only,client/member,素材列表,前台/素材/素材列表.bru,ACTIVE,yes,fat-client-network.json action=vip__page_initialization; records=964|965|966,,3
client,VIP,VIP Center,/my,page,page initialization,GET,https://client-fat.filbet2025.com,/member/message/has_unread,,,header:t<-authenticated-session,200,true,"{""type"":""object"",""fields"":[""data"",""status""]}",authenticated client session (t header),none observed,not applicable/read-only,client/member,是否有未读信息-todo,前台/站内信/是否有未读信息-todo.bru,ACTIVE,yes,fat-client-network.json action=vip__page_initialization; records=974|982,,2
client,VIP,VIP Center,/my,page,page initialization,GET,https://client-fat.filbet2025.com,/member/message/popup_list,,,header:t<-authenticated-session,200,true,"{""type"":""object"",""fields"":[""data"",""status""]}",authenticated client session (t header),none observed,not applicable/read-only,client/member,获取弹窗站内信列表-todo,前台/站内信/获取弹窗站内信列表-todo.bru,ACTIVE,yes,fat-client-network.json action=vip__page_initialization; records=990,,1
client,VIP,VIP Center,/my,page,page initialization,GET,https://client-fat.filbet2025.com,/member/system,,,header:t<-authenticated-session,200,true,"{""type"":""object"",""fields"":[""data"",""status""]}",authenticated client session (t header),none observed,not applicable/read-only,client/member,获取系统配置,前台/配置/获取系统配置.bru,ACTIVE,yes,fat-client-network.json action=vip__page_initialization; records=980,,1
client,VIP,VIP Center,/my,page,page initialization,GET,https://client-fat.filbet2025.com,/member/v2/index,,,header:t<-authenticated-session,200,true,"{""type"":""object"",""fields"":[""data"",""status""]}",authenticated client session (t header),none observed,not applicable/read-only,client/game,首页缓存v2-owen,前台/游戏/首页缓存v2-owen.bru,ACTIVE,yes,fat-client-network.json action=vip__page_initialization; records=962|992,,2
client,VIP,VIP Center,/my,page,page initialization,GET,https://client-fat.filbet2025.com,/member/vip/level/detail,,,header:t<-authenticated-session,200,true,"{""type"":""object"",""fields"":[""data"",""status""]}",authenticated client session (t header),none observed,not applicable/read-only,client/member,会员vip等级详情,前台/VIP/会员vip等级详情.bru,ACTIVE,yes,fat-client-network.json action=vip__page_initialization; records=976,,1
client,VIP,VIP Center,/my,page,page initialization,GET,https://client-fat.filbet2025.com,/member/vip/rule,,,header:t<-authenticated-session,200,true,"{""type"":""object"",""fields"":[""data"",""status""]}",authenticated client session (t header),none observed,not applicable/read-only,client/member,VIP配置规则-todo,前台/VIP/VIP配置规则-todo.bru,ACTIVE,yes,fat-client-network.json action=vip__page_initialization; records=998,,1
client,VIP,VIP Center,/my,page,page initialization,GET,https://client-fat.filbet2025.com,/promo/blindbox/detail,pid|ym,,header:t<-authenticated-session;query:pid|ym<-page/filter/pagination/default,200,true,"{""type"":""object"",""fields"":[""data"",""status""]}",authenticated client session (t header),none observed,not applicable/read-only,unknown/promo,获取盲盒详情 - felix,活动/盲盒/获取盲盒详情 - felix.bru,MISCLASSIFIED,yes,fat-client-network.json action=vip__page_initialization; records=986,,1
client,VIP,VIP Center,/my,page,page initialization,GET,https://client-fat.filbet2025.com,/promo/blindbox/query/bonus,,,header:t<-authenticated-session,200,true,"{""type"":""object"",""fields"":[""data"",""status""]}",authenticated client session (t header),none observed,not applicable/read-only,unknown/promo,查询盲盒待领取记录,活动/盲盒/查询盲盒待领取记录.bru,MISCLASSIFIED,yes,fat-client-network.json action=vip__page_initialization; records=983,,1
client,VIP,VIP Center,/my,page,page initialization,GET,https://client-fat.filbet2025.com,/promo/deposit/ladder/deposit/conf,,,header:t<-authenticated-session,200,true,"{""type"":""object"",""fields"":[""data"",""status""]}",authenticated client session (t header),none observed,not applicable/read-only,unknown/finance,存款阶梯配置活动,活动/存款阶梯活动/存款阶梯配置活动.bru,MISCLASSIFIED,yes,fat-client-network.json action=vip__page_initialization; records=979,,1
client,VIP,VIP Center,/my,page,page initialization,GET,https://client-fat.filbet2025.com,/promo/filpcard/detail,pid,,header:t<-authenticated-session;query:pid<-page/filter/pagination/default,200,true,"{""type"":""object"",""fields"":[""data"",""status""]}",authenticated client session (t header),none observed,not applicable/read-only,unknown/promo,活动详情,活动/王牌活动/活动详情.bru,MISCLASSIFIED,yes,fat-client-network.json action=vip__page_initialization; records=968|993,,2
client,VIP,VIP Center,/my,page,page initialization,GET,https://client-fat.filbet2025.com,/promo/rotate/kyc/detail,,,header:t<-authenticated-session,200,true,"{""type"":""object"",""fields"":[""data"",""status""]}",authenticated client session (t header),none observed,not applicable/read-only,client/kyc,详情,活动/kyc送免费旋转/详情.bru,ACTIVE,yes,fat-client-network.json action=vip__page_initialization; records=973|987|996|997|999,,5
client,VIP,VIP Center,/my,page,page initialization,GET,https://client-fat.filbet2025.com,/promo/slot/machine/detail,pid,,header:t<-authenticated-session;query:pid<-page/filter/pagination/default,200,true,"{""type"":""object"",""fields"":[""data"",""status""]}",authenticated client session (t header),none observed,not applicable/read-only,unknown/promo,实时滚动有效投注top100|实时滚动负盈利排行榜|排行榜详情,活动/老虎机排行榜/实时滚动有效投注top100.bru|活动/老虎机排行榜/实时滚动负盈利排行榜.bru|活动/老虎机排行榜/排行榜详情.bru,MISCLASSIFIED,yes,fat-client-network.json action=vip__page_initialization; records=991,,1
client,VIP,VIP Center,/my,page,page initialization,GET,https://client-fat.filbet2025.com,/promo/turntable/detail,,,header:t<-authenticated-session,200,false,"{""type"":""object"",""fields"":[""data"",""status""]}",authenticated client session (t header),none observed,not applicable/read-only,unknown/promo,活动详情,活动/大转盘活动/活动详情.bru,ACTIVE_FAILED,yes,fat-client-network.json action=vip__page_initialization; records=969|994,business status false,2
client,VIP,VIP Center,/my,page,page initialization,GET,https://client-fat.filbet2025.com,/promo/turntable/num,,,header:t<-authenticated-session,200,true,"{""type"":""object"",""fields"":[""data"",""status""]}",authenticated client session (t header),none observed,not applicable/read-only,unknown/promo,剩余次数,活动/大转盘活动/剩余次数.bru,MISCLASSIFIED,yes,fat-client-network.json action=vip__page_initialization; records=995,,1
client,VIP,VIP Center,/my,page,page initialization,GET,https://client-fat.filbet2025.com,/promo/vip/sign/in/config,,,header:t<-authenticated-session,200,true,"{""type"":""object"",""fields"":[""data"",""status""]}",authenticated client session (t header),none observed,not applicable/read-only,client/promo,签到配置,活动/Vip/签到配置.bru,ACTIVE,yes,fat-client-network.json action=vip__page_initialization; records=977|984,,2
client,VIP,VIP Center,/my,page,page initialization,POST,https://client-fat.filbet2025.com,/member/channel/trackclick,,,header:t<-authenticated-session,200,true,"{""type"":""object"",""fields"":[""data"",""status""]}",authenticated client session (t header),request emitted; no durable business change observed by this discovery action,no state identifier returned or persisted in sanitized evidence,client/member,渠道跟踪点击-todo,前台/渠道/渠道跟踪点击-todo.bru,ACTIVE,yes,fat-client-network.json action=vip__page_initialization; records=971,,1
client,VIP,VIP Center,/my,page,page initialization,POST,https://web-pp6o4v.opoinstalljs.com,/web/pp6o4v/clientf/init2,av|channelCode|cv|hash|sh|sp|sw,,query:av|channelCode|cv|hash|sh|sp|sw<-page/filter/pagination/default,200,UNAVAILABLE,"""number""",guest or no auth header observed,request emitted; no durable business change observed by this discovery action,no state identifier returned or persisted in sanitized evidence,,,,THIRD_PARTY,yes,fat-client-network.json action=vip__page_initialization; records=985,,1
client,VIP,VIP Center,/my,button,primary navigation/action,GET,https://client-fat.filbet2025.com,/member/detail,,,header:t<-authenticated-session,200,true,"{""type"":""object"",""fields"":[""data"",""status""]}",authenticated client session (t header),none observed,not applicable/read-only,client/member,获取会员信息-seven-aliang(20260424),前台/会员信息/获取会员信息-seven-aliang(20260424).bru,ACTIVE,yes,fat-client-network.json action=vip__primary_navigation_action; records=1001|1002,,2
client,VIP,VIP Center,/my,button,primary navigation/action,GET,https://client-fat.filbet2025.com,/member/vip/level/detail,,,header:t<-authenticated-session,200,true,"{""type"":""object"",""fields"":[""data"",""status""]}",authenticated client session (t header),none observed,not applicable/read-only,client/member,会员vip等级详情,前台/VIP/会员vip等级详情.bru,ACTIVE,yes,fat-client-network.json action=vip__primary_navigation_action; records=1003,,1
client,VIP,VIP Center,/my,button,primary navigation/action,GET,https://client-fat.filbet2025.com,/member/vip/rule,,,header:t<-authenticated-session,200,true,"{""type"":""object"",""fields"":[""data"",""status""]}",authenticated client session (t header),none observed,not applicable/read-only,client/member,VIP配置规则-todo,前台/VIP/VIP配置规则-todo.bru,ACTIVE,yes,fat-client-network.json action=vip__primary_navigation_action; records=1008,,1
client,VIP,VIP Center,/my,button,primary navigation/action,GET,https://client-fat.filbet2025.com,/promo/rotate/kyc/detail,,,header:t<-authenticated-session,200,true,"{""type"":""object"",""fields"":[""data"",""status""]}",authenticated client session (t header),none observed,not applicable/read-only,client/kyc,详情,活动/kyc送免费旋转/详情.bru,ACTIVE,yes,fat-client-network.json action=vip__primary_navigation_action; records=1006|1007,,2
client,VIP,VIP Center,/my,button,primary navigation/action,GET,https://client-fat.filbet2025.com,/promo/vip/config,,,header:t<-authenticated-session,200,true,"{""type"":""object"",""fields"":[""data"",""status""]}",authenticated client session (t header),none observed,not applicable/read-only,client/promo,vip配置,活动/Vip/vip配置.bru,ACTIVE,yes,fat-client-network.json action=vip__primary_navigation_action; records=1004,,1
client,VIP,VIP Center,/my,button,primary navigation/action,GET,https://client-fat.filbet2025.com,/promo/vip/log/list,page|page_size,,header:t<-authenticated-session;query:page|page_size<-page/filter/pagination/default,200,true,"{""type"":""object"",""fields"":[""data"",""status""]}",authenticated client session (t header),none observed,not applicable/read-only,client/promo,待领取奖励列表-aliang,前台/VIP/待领取奖励列表-aliang.bru,ACTIVE,yes,fat-client-network.json action=vip__primary_navigation_action; records=1000|1009,,2
client,VIP,VIP Center,/my,button,primary navigation/action,GET,https://client-fat.filbet2025.com,/promo/vip/sign/in/config,,,header:t<-authenticated-session,200,true,"{""type"":""object"",""fields"":[""data"",""status""]}",authenticated client session (t header),none observed,not applicable/read-only,client/promo,签到配置,活动/Vip/签到配置.bru,ACTIVE,yes,fat-client-network.json action=vip__primary_navigation_action; records=1005,,1
