file,top_domain,name,method,host,path,suggested_base_var,clean_url,flags,p0_candidate,p0_domain,url
collection.bru,(root),,,,,,,non_request,,,
environments/admin.bru,environments,,,,,,,non_request,,,
environments/agency.bru,environments,,,,,,,non_request,,,
environments/cmpl.bru,environments,,,,,,,non_request,,,
environments/dev.bru,environments,,,,,,,non_request,,,
environments/fat.bru,environments,,,,,,,non_request,,,
environments/local.bru,environments,,,,,,,non_request,,,
environments/member.bru,environments,,,,,,,non_request,,,
mx/folder.bru,mx,mx,,,,,,non_request,,,
mx/game-transaction （fat）.bru,mx,game/transaction （fat）,GET,admin-fat.filbet2025.com,/cmpl/game/transaction,{{admin_url}},{{admin_url}}/cmpl/game/transaction?from_date=2026-05-04 22:00:00&to_date=2026-05-04 22:10:00&return_rows=1&hash_code=zJq83EpC2ZIwQmGVQvrLEPLJ9CfHkE8C&page_number=1&page_size=100&api_id=gotech-stg-001,hardcoded_env,,finance,https://admin-fat.filbet2025.com/cmpl/game/transaction?from_date=2026-05-04 22:00:00&to_date=2026-05-04 22:10:00&return_rows=1&hash_code=zJq83EpC2ZIwQmGVQvrLEPLJ9CfHkE8C&page_number=1&page_size=100&api_id=gotech-stg-001
mx/game-transaction （uat）.bru,mx,game/transaction （uat）,POST,admin-pagcor-uat.filbet.zone,/cmpl/game/transaction,,/cmpl/game/transaction?from_date=2026-05-04 22:00:00&to_date=2026-05-04 22:10:00&return_rows=1&hash_code=E6mR1n4ilkjjwkagN6MiSsgcoffbnYSt&page_number=1&page_size=100&api_id=gotech-prod-001,hardcoded_env,,finance,https://admin-pagcor-uat.filbet.zone/cmpl/game/transaction?from_date=2026-05-04 22:00:00&to_date=2026-05-04 22:10:00&return_rows=1&hash_code=E6mR1n4ilkjjwkagN6MiSsgcoffbnYSt&page_number=1&page_size=100&api_id=gotech-prod-001
mx/record_api.bru,mx,record_api,POST,admin-pagcor-uat.filbet.zone,/cmpl/record/api,,/cmpl/record/api,hardcoded_env,,,https://admin-pagcor-uat.filbet.zone/cmpl/record/api
test.bru,(root),test,GET,client-beta.filbet.zone,/member/stmt,{{api_url}},{{api_url}}/member/stmt?brand=h5,hardcoded_env,,,https://client-beta.filbet.zone/member/stmt?brand=h5
代理后台/folder.bru,代理后台,代理后台,,,,,,non_request,,,
代理后台/ggr明细.bru,代理后台,ggr明细,GET,admin-agency-dev.filbet2025.com,/admin/agency/child/ggr,{{agency_url}},{{agency_url}}/admin/agency/child/ggr?parent_id=1&ty=1&month=202508,hardcoded_env,,,https://admin-agency-dev.filbet2025.com/admin/agency/child/ggr?parent_id=1&ty=1&month=202508
代理后台/pagcor税费明细.bru,代理后台,pagcor税费明细,GET,admin-agency-dev.filbet2025.com,/admin/agency/child/pagcor/tax,{{agency_url}},{{agency_url}}/admin/agency/child/pagcor/tax?parent_id=1&ty=1&month=202508,hardcoded_env,,,https://admin-agency-dev.filbet2025.com/admin/agency/child/pagcor/tax?parent_id=1&ty=1&month=202508
代理后台/会员列表/folder.bru,代理后台,会员列表,,,,,,non_request,,,
代理后台/会员列表/会员列表 copy.bru,代理后台,会员列表 copy,GET,admin-agency-dev.filbet2025.com,/agency/member/list,{{agency_url}},{{agency_url}}/agency/member/list?page=1&page_size=10&start_time=1753977600000&end_time=1756656000000,"old_or_copy,hardcoded_env",,,https://admin-agency-dev.filbet2025.com/agency/member/list?page=1&page_size=10&start_time=1753977600000&end_time=1756656000000
代理后台/会员列表/会员列表.bru,代理后台,会员列表,GET,admin-agency-dev.filbet2025.com,/agency/member/list,{{agency_url}},{{agency_url}}/agency/member/list?page=1&page_size=10&start_time=1753977600000&end_time=1756656000000,hardcoded_env,,,https://admin-agency-dev.filbet2025.com/agency/member/list?page=1&page_size=10&start_time=1753977600000&end_time=1756656000000
代理后台/会员列表/重置会员密码.bru,代理后台,重置会员密码,POST,{{admin_url}},/agency/member/update/password,{{admin_url}},{{admin_url}}/agency/member/update/password,,,auth,{{admin_url}}/agency/member/update/password
代理后台/佣金管理/folder.bru,代理后台,佣金管理,,,,,,non_request,,,
代理后台/佣金管理/佣金列表.bru,代理后台,佣金列表,GET,{{angency1}},/agency/commission/report,{{agency_url}},{{agency_url}}/agency/commission/report?page=1&page_size=10&start_time=1756656000000&end_time=1759248000000,,,,{{angency1}}/agency/commission/report?page=1&page_size=10&start_time=1756656000000&end_time=1759248000000
代理后台/佣金管理/活动礼金列表.bru,代理后台,活动礼金列表,GET,{{angency}},/agency/bonus/list,{{agency_url}},{{agency_url}}/agency/bonus/list?page=1&page_size=10&uid=343988357741229178,,,,{{angency}}/agency/bonus/list?page=1&page_size=10&uid=343988357741229178
代理后台/厂商列表.bru,代理后台,厂商列表,GET,admin-agency-dev.filbet2025.com,/agency/platform/list,{{agency_url}},{{agency_url}}/agency/platform/list,hardcoded_env,,,https://admin-agency-dev.filbet2025.com/agency/platform/list
代理后台/场馆费明细.bru,代理后台,场馆费明细,GET,admin-agency-dev.filbet2025.com,/admin/agency/child/venue/fee,{{agency_url}},{{agency_url}}/admin/agency/child/venue/fee?parent_id=1&ty=1&month=202508,hardcoded_env,,,https://admin-agency-dev.filbet2025.com/admin/agency/child/venue/fee?parent_id=1&ty=1&month=202508
代理后台/投注记录.bru,代理后台,投注记录,POST,{{angency1}},/agency/record/bet,{{agency_url}},{{agency_url}}/agency/record/bet,,,,{{angency1}}/agency/record/bet
代理后台/消息管理/folder.bru,代理后台,消息管理,,,,,,non_request,,,
代理后台/消息管理/发送站内信消息.bru,代理后台,发送站内信消息,POST,{{admin_url}},/admin/message/send,{{admin_url}},{{admin_url}}/admin/message/send,,,,{{admin_url}}/admin/message/send
代理后台/消息管理/获取消息列表.bru,代理后台,获取消息列表,GET,{{admin_url}},/agency/message/list,{{admin_url}},{{admin_url}}/agency/message/list?page=1&page_size=20&title=再测一下,,,,{{admin_url}}/agency/message/list?page=1&page_size=20&title=再测一下
代理后台/登陆/folder.bru,代理后台,登陆,,,,,,non_request,,,
代理后台/登陆/otp登陆-wesley.bru,代理后台,otp登陆-wesley,POST,{{api_url}},/agency/otp/login,{{api_url}},{{api_url}}/agency/otp/login,,,auth,{{api_url}}/agency/otp/login
代理后台/登陆/密码登陆-wesley.bru,代理后台,密码登陆-wesley,POST,(relative_odd),/agency/pwd/login,{{agency_url}},{{agency_url}}/agency/pwd/login,"hardcoded_env,odd_relative_url",,auth,admin-agency-dev.filbet2025.com/agency/pwd/login
代理后台/登陆/短信发送-wesley.bru,代理后台,短信发送-wesley,POST,{{api_url}},/member/sms,{{api_url}},{{api_url}}/member/sms,,,auth,{{api_url}}/member/sms
代理后台/登陆/短信验证码前置检查-wesley.bru,代理后台,短信验证码前置检查-wesley,POST,(relative_abs),/member/auth/sms,{{agency_url}},{{agency_url}}/member/auth/sms,,,auth,/member/auth/sms
代理后台/登陆/退出登陆-wesley.bru,代理后台,退出登陆-wesley,GET,{{api_url}},/agency/logout,{{api_url}},{{api_url}}/agency/logout,,,auth,{{api_url}}/agency/logout
代理后台/规则设置/Pagcor 税率列表.bru,代理后台,Pagcor 税率列表,GET,{{angency1}},/agency/taxrate/list,{{agency_url}},{{agency_url}}/agency/taxrate/list,,,,{{angency1}}/agency/taxrate/list
代理后台/规则设置/folder.bru,代理后台,规则设置,,,,,,non_request,,,
代理后台/规则设置/厂商费率列表.bru,代理后台,厂商费率列表,GET,{{angency1}},/agency/vendorrate/list,{{agency_url}},{{agency_url}}/agency/vendorrate/list,,,,{{angency1}}/agency/vendorrate/list
代理后台/规则设置/查询佣金阶梯.bru,代理后台,查询佣金阶梯,GET,{{angency1}},/agency/ladder,{{agency_url}},{{agency_url}}/agency/ladder,,,,{{angency1}}/agency/ladder
代理后台/首页看板.bru,代理后台,首页看板,GET,{{angency1}},/agency/profile,{{agency_url}},{{agency_url}}/agency/profile?start_time=1760284800000&end_time=1760371199999,,,,{{angency1}}/agency/profile?start_time=1760284800000&end_time=1760371199999
代理管理后台/folder.bru,代理管理后台,代理管理后台,,,,,,non_request,,,
代理管理后台/ggr明细.bru,代理管理后台,ggr明细,GET,admin-agency-dev.filbet2025.com,/admin/agency/child/ggr,{{agency_url}},{{agency_url}}/admin/agency/child/ggr?parent_id=1&ty=1&month=202508,hardcoded_env,,,https://admin-agency-dev.filbet2025.com/admin/agency/child/ggr?parent_id=1&ty=1&month=202508
代理管理后台/pagcor税费明细.bru,代理管理后台,pagcor税费明细,GET,admin-agency-dev.filbet2025.com,/admin/agency/child/pagcor/tax,{{agency_url}},{{agency_url}}/admin/agency/child/pagcor/tax?parent_id=1&ty=1&month=202508,hardcoded_env,,,https://admin-agency-dev.filbet2025.com/admin/agency/child/pagcor/tax?parent_id=1&ty=1&month=202508
代理管理后台/代理域名/folder.bru,代理管理后台,代理域名,,,,,,non_request,,,
代理管理后台/代理域名/列表.bru,代理管理后台,列表,GET,admin-agency-fat.filbet2025.com,/admin/agency/domain/list,{{agency_url}},{{agency_url}}/admin/agency/domain/list?domain=filplay,hardcoded_env,,,https://admin-agency-fat.filbet2025.com/admin/agency/domain/list?domain=filplay
代理管理后台/代理域名/删除.bru,代理管理后台,删除,POST,admin-agency-fat.filbet2025.com,/admin/agency/domain/delete,{{agency_url}},{{agency_url}}/admin/agency/domain/delete,hardcoded_env,,,https://admin-agency-fat.filbet2025.com/admin/agency/domain/delete
代理管理后台/代理域名/开关切换.bru,代理管理后台,开关切换,POST,admin-agency-fat.filbet2025.com,/admin/agency/domain/cutover,{{agency_url}},{{agency_url}}/admin/agency/domain/cutover,hardcoded_env,,,https://admin-agency-fat.filbet2025.com/admin/agency/domain/cutover
代理管理后台/代理域名/添加.bru,代理管理后台,添加,POST,admin-agency-fat.filbet2025.com,/admin/agency/domain/insert,{{agency_url}},{{agency_url}}/admin/agency/domain/insert,hardcoded_env,,,https://admin-agency-fat.filbet2025.com/admin/agency/domain/insert
代理管理后台/代理域名/编辑.bru,代理管理后台,编辑,POST,admin-agency-fat.filbet2025.com,/admin/agency/domain/update,{{agency_url}},{{agency_url}}/admin/agency/domain/update,hardcoded_env,,,https://admin-agency-fat.filbet2025.com/admin/agency/domain/update
代理管理后台/代理管理/folder.bru,代理管理后台,代理管理,,,,,,non_request,,,
代理管理后台/代理管理/代理列表/folder.bru,代理管理后台,代理列表,,,,,,non_request,,,
代理管理后台/代理管理/代理列表/代理列表.bru,代理管理后台,代理列表,GET,{{angency}},/admin/agency/list,{{agency_url}},{{agency_url}}/admin/agency/list?page=1&page_size=10&settle_type=1,,,,{{angency}}/admin/agency/list?page=1&page_size=10&settle_type=1
代理管理后台/代理管理/代理列表/代理列表编辑.bru,代理管理后台,代理列表编辑,POST,{{angency}},/admin/agency/update,{{agency_url}},{{agency_url}}/admin/agency/update,,,,{{angency}}/admin/agency/update
代理管理后台/代理管理/代理列表/会员备注.bru,代理管理后台,会员备注,POST,{{angency}},/admin/agency/member/tags/update,{{agency_url}},{{agency_url}}/admin/agency/member/tags/update,,,,{{angency}}/admin/agency/member/tags/update
代理管理后台/代理管理/代理列表/余额调整.bru,代理管理后台,余额调整,POST,{{admin_url}},/admin/finance/adjust/insert,{{admin_url}},{{admin_url}}/admin/finance/adjust/insert,,,finance,{{admin_url}}/admin/finance/adjust/insert
代理管理后台/代理管理/代理审核/folder.bru,代理管理后台,代理审核,,,,,,non_request,,,
代理管理后台/代理管理/代理审核/代理审核列表 - wesley.bru,代理管理后台,代理审核列表 - wesley,GET,{{angency}},/admin/agency/audit/list,{{agency_url}},{{agency_url}}/admin/agency/audit/list?page=1&page_size=10&start_time=1759766400000&end_time=1759852799999&username=filbet_p1cvKH12,,,,{{angency}}/admin/agency/audit/list?page=1&page_size=10&start_time=1759766400000&end_time=1759852799999&username=filbet_p1cvKH12
代理管理后台/代理管理/代理审核/代理审核同意-wesley.bru,代理管理后台,代理审核同意-wesley,POST,{{admin_url}},/admin/agency/audit/agree,{{admin_url}},{{admin_url}}/admin/agency/audit/agree,,,,{{admin_url}}/admin/agency/audit/agree
代理管理后台/代理管理/代理审核/代理审核拒绝-wesley.bru,代理管理后台,代理审核拒绝-wesley,POST,{{admin_url}},/admin/agency/audit/reject,{{admin_url}},{{admin_url}}/admin/agency/audit/reject,,,,{{admin_url}}/admin/agency/audit/reject
代理管理后台/代理管理/代理审核/代理资料.bru,代理管理后台,代理资料,GET,{{angency}},/admin/agency/audit/detail,{{agency_url}},{{agency_url}}/admin/agency/audit/detail?uid=38578612533783530,,,,{{angency}}/admin/agency/audit/detail?uid=38578612533783530
代理管理后台/代理管理/代理设置/Pagcor税率/Pagcor 税率修改.bru,代理管理后台,Pagcor 税率修改,POST,{{angency}},/admin/agency/taxrate/update,{{agency_url}},{{agency_url}}/admin/agency/taxrate/update,,,,{{angency}}/admin/agency/taxrate/update
代理管理后台/代理管理/代理设置/Pagcor税率/Pagcor税率列表.bru,代理管理后台,Pagcor税率列表,GET,{{angency}},/admin/agency/taxrate/list,{{agency_url}},{{agency_url}}/admin/agency/taxrate/list,,,,{{angency}}/admin/agency/taxrate/list
代理管理后台/代理管理/代理设置/Pagcor税率/folder.bru,代理管理后台,Pagcor税率,,,,,,non_request,,,
代理管理后台/代理管理/代理设置/folder.bru,代理管理后台,代理设置,,,,,,non_request,,,
代理管理后台/代理管理/代理设置/代理开关/folder.bru,代理管理后台,代理开关,,,,,,non_request,,,
代理管理后台/代理管理/代理设置/代理开关/代理开关修改.bru,代理管理后台,代理开关修改,POST,admin-agency-fat.filbet2025.com,/backend/agency/sys/config/update,{{agency_url}},{{agency_url}}/backend/agency/sys/config/update,hardcoded_env,,,https://admin-agency-fat.filbet2025.com/backend/agency/sys/config/update
代理管理后台/代理管理/代理设置/代理开关/代理开关列表.bru,代理管理后台,代理开关列表,GET,{{admin_url}},/backend/agency/sys/config/list,{{admin_url}},{{admin_url}}/backend/agency/sys/config/list,,,,{{admin_url}}/backend/agency/sys/config/list
代理管理后台/代理管理/代理设置/佣金阶梯/folder.bru,代理管理后台,佣金阶梯,,,,,,non_request,,,
代理管理后台/代理管理/代理设置/佣金阶梯/修改佣金阶梯.bru,代理管理后台,修改佣金阶梯,POST,{{angency}},/admin/agency/ladder/update,{{agency_url}},{{agency_url}}/admin/agency/ladder/update,,,,{{angency}}/admin/agency/ladder/update
代理管理后台/代理管理/代理设置/佣金阶梯/删除佣金阶梯.bru,代理管理后台,删除佣金阶梯,POST,{{angency}},/admin/agency/ladder/delete,{{agency_url}},{{agency_url}}/admin/agency/ladder/delete,,,,{{angency}}/admin/agency/ladder/delete
代理管理后台/代理管理/代理设置/佣金阶梯/查询佣金阶梯.bru,代理管理后台,查询佣金阶梯,GET,{{angency}},/admin/agency/ladder,{{agency_url}},{{agency_url}}/admin/agency/ladder?type=1,,,,{{angency}}/admin/agency/ladder?type=1
代理管理后台/代理管理/代理设置/佣金阶梯/添加佣金阶梯.bru,代理管理后台,添加佣金阶梯,POST,{{angency}},/admin/agency/ladder/insert,{{agency_url}},{{agency_url}}/admin/agency/ladder/insert,,,,{{angency}}/admin/agency/ladder/insert
代理管理后台/代理管理/代理设置/厂商费率/folder.bru,代理管理后台,厂商费率,,,,,,non_request,,,
代理管理后台/代理管理/代理设置/厂商费率/厂商费率修改.bru,代理管理后台,厂商费率修改,POST,{{angency}},/admin/agency/vendorrate/update,{{agency_url}},{{agency_url}}/admin/agency/vendorrate/update,,,,{{angency}}/admin/agency/vendorrate/update
代理管理后台/代理管理/代理设置/厂商费率/厂商费率列表.bru,代理管理后台,厂商费率列表,GET,{{angency}},/admin/agency/vendorrate/list,{{agency_url}},{{agency_url}}/admin/agency/vendorrate/list,,,,{{angency}}/admin/agency/vendorrate/list
代理管理后台/代理管理/代理设置/推广素材/folder.bru,代理管理后台,推广素材,,,,,,non_request,,,
代理管理后台/代理管理/代理设置/推广素材/列表.bru,代理管理后台,列表,POST,{{angency1}},/backend/agency/banner/list,{{agency_url}},{{agency_url}}/backend/agency/banner/list,,,,{{angency1}}/backend/agency/banner/list
代理管理后台/代理管理/代理设置/推广素材/添加.bru,代理管理后台,添加,POST,{{angency1}},/backend/agency/banner/insert,{{agency_url}},{{agency_url}}/backend/agency/banner/insert,,,,{{angency1}}/backend/agency/banner/insert
代理管理后台/代理管理/代理设置/推广素材/编辑.bru,代理管理后台,编辑,POST,{{angency1}},/backend/agency/banner/update,{{agency_url}},{{agency_url}}/backend/agency/banner/update,,,,{{angency1}}/backend/agency/banner/update
代理管理后台/代理管理/代理设置/活跃会员/folder.bru,代理管理后台,活跃会员,,,,,,non_request,,,
代理管理后台/代理管理/代理设置/活跃会员/系统配置列表.bru,代理管理后台,系统配置列表,GET,{{admin_url}},/backend/agency/sys/config/list,{{admin_url}},{{admin_url}}/backend/agency/sys/config/list?ty=4,,,,{{admin_url}}/backend/agency/sys/config/list?ty=4
代理管理后台/代理管理/代理设置/活跃会员/系统配置设置.bru,代理管理后台,系统配置设置,POST,{{admin_url}},/backend/agency/sys/config/set,{{admin_url}},{{admin_url}}/backend/agency/sys/config/set,,,,{{admin_url}}/backend/agency/sys/config/set
代理管理后台/代理管理/会员列表/folder.bru,代理管理后台,会员列表,,,,,,non_request,,,
代理管理后台/代理管理/会员列表/会员列表-wesley.bru,代理管理后台,会员列表-wesley,GET,admin-agency-dev.filbet2025.com,/admin/agency/member/list,{{agency_url}},{{agency_url}}/admin/agency/member/list?page=1&page_size=10&start_time=1753977600000&end_time=1756656000000&parent_name=adfa&parent_phone=9171234566,hardcoded_env,,,https://admin-agency-dev.filbet2025.com/admin/agency/member/list?page=1&page_size=10&start_time=1753977600000&end_time=1756656000000&parent_name=adfa&parent_phone=9171234566
代理管理后台/后台账号管理/folder.bru,代理管理后台,后台账号管理,,,,,,non_request,,,
代理管理后台/后台账号管理/修改账户信息.bru,代理管理后台,修改账户信息,POST,{{admin_url}},/backend/agency/user/update,{{admin_url}},{{admin_url}}/backend/agency/user/update,,,,{{admin_url}}/backend/agency/user/update
代理管理后台/后台账号管理/后台会员密码otp重置.bru,代理管理后台,后台会员密码otp重置,POST,{{admin_url}},/backend/agency/member/retrieve/password,{{admin_url}},{{admin_url}}/backend/agency/member/retrieve/password,,,auth,{{admin_url}}/backend/agency/member/retrieve/password
代理管理后台/后台账号管理/后台员工修改密码.bru,代理管理后台,后台员工修改密码,POST,{{admin_url}},/backend/agency/user/update/password,{{admin_url}},{{admin_url}}/backend/agency/user/update/password,,,auth,{{admin_url}}/backend/agency/user/update/password
代理管理后台/后台账号管理/后台登出.bru,代理管理后台,后台登出,GET,{{admin_url}},/backend/agency/logout,{{admin_url}},{{admin_url}}/backend/agency/logout,,,auth,{{admin_url}}/backend/agency/logout
代理管理后台/后台账号管理/后台账户列表.bru,代理管理后台,后台账户列表,GET,{{admin_url}},/backend/agency/user/list,{{admin_url}},{{admin_url}}/backend/agency/user/list,,,,{{admin_url}}/backend/agency/user/list
代理管理后台/后台账号管理/后台账户详情(当前登陆信息).bru,代理管理后台,后台账户详情(当前登陆信息),GET,{{admin_url}},/backend/agency/me/detail,{{admin_url}},{{admin_url}}/backend/agency/me/detail,,,,{{admin_url}}/backend/agency/me/detail
代理管理后台/后台账号管理/后台账户详情-seven.bru,代理管理后台,后台账户详情-seven,GET,{{admin_url}},/backend/agency/detail,{{admin_url}},{{admin_url}}/backend/agency/detail?id=106260745782845282,,,,{{admin_url}}/backend/agency/detail?id=106260745782845282
代理管理后台/后台账号管理/后端账号登陆.bru,代理管理后台,后端账号登陆,POST,{{admin_url}},/backend/agency/login,{{admin_url}},{{admin_url}}/backend/agency/login,,,auth,{{admin_url}}/backend/agency/login
代理管理后台/后台账号管理/后端账号登陆（前置验证）-seven.bru,代理管理后台,后端账号登陆（前置验证）-seven,POST,{{admin_url}},/backend/agency/login/auth,{{admin_url}},{{admin_url}}/backend/agency/login/auth,,,auth,{{admin_url}}/backend/agency/login/auth
代理管理后台/后台账号管理/新增账户.bru,代理管理后台,新增账户,POST,{{admin_url}},/backend/agency/user/insert,{{admin_url}},{{admin_url}}/backend/agency/user/insert,,,,{{admin_url}}/backend/agency/user/insert
代理管理后台/后台账号管理/绑定谷歌令牌-seven.bru,代理管理后台,绑定谷歌令牌-seven,POST,{{admin_url}},/backend/agency/google/secret/update,{{admin_url}},{{admin_url}}/backend/agency/google/secret/update,,,,{{admin_url}}/backend/agency/google/secret/update
代理管理后台/后台账号管理/获取谷歌令牌密钥-seven.bru,代理管理后台,获取谷歌令牌密钥-seven,GET,{{admin_url}},/backend/agency/google/qrcode/info,{{admin_url}},{{admin_url}}/backend/agency/google/qrcode/info,,,,{{admin_url}}/backend/agency/google/qrcode/info
代理管理后台/后台账号管理/谷歌令牌解绑.bru,代理管理后台,谷歌令牌解绑,GET,{{admin_url}},/backend/agency/google/unbind,{{admin_url}},{{admin_url}}/backend/agency/google/unbind?id=后台账户ID,,,,{{admin_url}}/backend/agency/google/unbind?id=后台账户ID
代理管理后台/后台账号管理/谷歌令牌验证-seven.bru,代理管理后台,谷歌令牌验证-seven,GET,{{admin_url}},/backend/agency/google/verify,{{admin_url}},{{admin_url}}/backend/agency/google/verify?code=12312,,,,{{admin_url}}/backend/agency/google/verify?code=12312
代理管理后台/场馆费明细.bru,代理管理后台,场馆费明细,GET,admin-agency-dev.filbet2025.com,/admin/agency/child/venue/fee,{{agency_url}},{{agency_url}}/admin/agency/child/venue/fee?parent_id=1&ty=1&month=202508,hardcoded_env,,,https://admin-agency-dev.filbet2025.com/admin/agency/child/venue/fee?parent_id=1&ty=1&month=202508
代理管理后台/推广素材/folder.bru,代理管理后台,推广素材,,,,,,non_request,,,
代理管理后台/推广素材/新增轮播图.bru,代理管理后台,新增轮播图,POST,admin-antd.filbet2025.com,/backend/agency/banner/insert,{{admin_url}},{{admin_url}}/backend/agency/banner/insert,hardcoded_env,,,https://admin-antd.filbet2025.com/backend/agency/banner/insert
代理管理后台/推广素材/轮播图列表.bru,代理管理后台,轮播图列表,POST,admin-antd.filbet2025.com,/backend/agency/banner/list,{{admin_url}},{{admin_url}}/backend/agency/banner/list,hardcoded_env,,,https://admin-antd.filbet2025.com/backend/agency/banner/list
代理管理后台/推广素材/轮播图更新状态.bru,代理管理后台,轮播图更新状态,POST,admin-antd.filbet2025.com,/backend/agency/banner/update/state,{{admin_url}},{{admin_url}}/backend/agency/banner/update/state,hardcoded_env,,,https://admin-antd.filbet2025.com/backend/agency/banner/update/state
代理管理后台/活动礼金列表.bru,代理管理后台,活动礼金列表,GET,{{angency}},/admin/agency/child/bonus/list,{{agency_url}},{{agency_url}}/admin/agency/child/bonus/list?page=1&page_size=10&parent_id=35556968538106858&ty=1&end_time=20251001,,,,{{angency}}/admin/agency/child/bonus/list?page=1&page_size=10&parent_id=35556968538106858&ty=1&end_time=20251001
代理管理后台/活跃会员列表.bru,代理管理后台,活跃会员列表,GET,{{angency}},/admin/agency/child/active/list,{{agency_url}},{{agency_url}}/admin/agency/child/active/list?page=1&page_size=10&parent_id=34398835774122978&ty=1&month=202508,,,,{{angency}}/admin/agency/child/active/list?page=1&page_size=10&parent_id=34398835774122978&ty=1&month=202508
代理管理后台/系统/folder.bru,代理管理后台,系统,,,,,,non_request,,,
代理管理后台/系统/操作日志.bru,代理管理后台,操作日志,GET,{{admin_url}},/admin/log/list,{{admin_url}},"{{admin_url}}/admin/log/list?page_isze=10&page=1&ops=登陆,kcy&result=成功,失败",,,,"{{admin_url}}/admin/log/list?page_isze=10&page=1&ops=登陆,kcy&result=成功,失败"
代理管理后台/系统/角色配置/folder.bru,代理管理后台,角色配置,,,,,,non_request,,,
代理管理后台/系统/角色配置/权限列表.bru,代理管理后台,权限列表,GET,(relative_odd),/agency/priv/list,{{agency_url}},{{agency_url}}/agency/priv/list,odd_relative_url,,,backend/agency/priv/list
代理管理后台/财务管理/folder.bru,代理管理后台,财务管理,,,,,,non_request,,,
代理管理后台/财务管理/佣金审核/folder.bru,代理管理后台,佣金审核,,,,,,non_request,,,
代理管理后台/财务管理/佣金审核/佣金审核列表 - wesley.bru,代理管理后台,佣金审核列表 - wesley,GET,{{angency}},/admin/agency/commission/audit/list,{{agency_url}},{{agency_url}}/admin/agency/commission/audit/list?status=1,,,,{{angency}}/admin/agency/commission/audit/list?status=1
代理管理后台/财务管理/佣金审核/佣金审核拒绝 - wesley.bru,代理管理后台,佣金审核拒绝 - wesley,POST,{{angency}},/admin/agency/commission/audit/reject,{{agency_url}},{{agency_url}}/admin/agency/commission/audit/reject,,,,{{angency}}/admin/agency/commission/audit/reject
代理管理后台/财务管理/佣金审核/佣金审核通过 - wesley.bru,代理管理后台,佣金审核通过 - wesley,POST,{{angency}},/admin/agency/commission/audit/agree,{{agency_url}},{{agency_url}}/admin/agency/commission/audit/agree,,,,{{angency}}/admin/agency/commission/audit/agree
代理管理后台/财务管理/佣金审核/佣金校准 - wesley.bru,代理管理后台,佣金校准 - wesley,POST,{{angency}},/admin/agency/commission/audit/adjust,{{agency_url}},{{agency_url}}/admin/agency/commission/audit/adjust,,,,{{angency}}/admin/agency/commission/audit/adjust
代理管理后台/财务管理/佣金审核/批量拒绝.bru,代理管理后台,批量拒绝,POST,{{angency}},/admin/agency/commission/audit/batch/reject,{{agency_url}},{{agency_url}}/admin/agency/commission/audit/batch/reject,,,,{{angency}}/admin/agency/commission/audit/batch/reject
代理管理后台/财务管理/佣金审核/批量通过.bru,代理管理后台,批量通过,POST,{{angency}},/admin/agency/commission/audit/batch/agree,{{agency_url}},{{agency_url}}/admin/agency/commission/audit/batch/agree,,,,{{angency}}/admin/agency/commission/audit/batch/agree
代理管理后台/财务管理/佣金报表/folder.bru,代理管理后台,佣金报表,,,,,,non_request,,,
代理管理后台/财务管理/佣金报表/佣金报表.bru,代理管理后台,佣金报表,GET,{{angency}},/admin/agency/commission/report,{{agency_url}},{{agency_url}}/admin/agency/commission/report?page=1&page_size=10&state=1,,,,{{angency}}/admin/agency/commission/report?page=1&page_size=10&state=1
代理管理后台/财务管理/佣金报表/佣金报表导出.bru,代理管理后台,佣金报表导出,GET,{{angency}},/admin/agency/commission/report/export,{{agency_url}},{{agency_url}}/admin/agency/commission/report/export?start_time=1754133776000&end_time=1759404176000,,,,{{angency}}/admin/agency/commission/report/export?start_time=1754133776000&end_time=1759404176000
代理管理后台/财务管理/财务报表/folder.bru,代理管理后台,财务报表,,,,,,non_request,,,
代理管理后台/财务管理/财务报表/系统调整.bru,代理管理后台,系统调整,POST,{{admin_url}},/admin/finance/adjust/list,{{admin_url}},"{{admin_url}}/admin/finance/adjust/list?uid=1&operator_uid=2&action=1,2&page=1&page_size=10&bill_no=&amount_min=1&amount_max=100&phone=",,yes,finance,"{{admin_url}}/admin/finance/adjust/list?uid=1&operator_uid=2&action=1,2&page=1&page_size=10&bill_no=&amount_min=1&amount_max=100&phone="
代理管理后台/财务管理/财务报表/账变列表- wesley.bru,代理管理后台,账变列表- wesley,POST,admin-agency-fat.filbet2025.com,/agency/finance/transaction/list,{{agency_url}},{{agency_url}}/agency/finance/transaction/list?cash_type=2001&page=1&page_size=5,hardcoded_env,yes,finance,https://admin-agency-fat.filbet2025.com/agency/finance/transaction/list?cash_type=2001&page=1&page_size=5
代理管理后台/财务管理/财务报表/账变类型- wesley.bru,代理管理后台,账变类型- wesley,GET,{{admin_url}},/agency/finance/transaction/types,{{admin_url}},{{admin_url}}/agency/finance/transaction/types,,yes,finance,{{admin_url}}/agency/finance/transaction/types
代理管理后台/首页BI/folder.bru,代理管理后台,首页BI,,,,,,non_request,,,
代理管理后台/首页BI/报表图形化数据.bru,代理管理后台,报表图形化数据,GET,admin-agency-fat.filbet2025.com,/admin/agency/reports/bi/chart,{{agency_url}},{{agency_url}}/admin/agency/reports/bi/chart?time_range=1,hardcoded_env,,,https://admin-agency-fat.filbet2025.com/admin/agency/reports/bi/chart?time_range=1
代理管理后台/首页BI/数据总览.bru,代理管理后台,数据总览,GET,admin-agency-fat.filbet2025.com,/admin/agency/reports/bi/basic,{{agency_url}},{{agency_url}}/admin/agency/reports/bi/basic?report_type=1,hardcoded_env,,,https://admin-agency-fat.filbet2025.com/admin/agency/reports/bi/basic?report_type=1
免费旋转/folder.bru,免费旋转,免费旋转,,,,,,non_request,,,
免费旋转/创建免费旋转.bru,免费旋转,创建免费旋转,POST,127.0.0.1:5252,/gapi/fs/create,,/gapi/fs/create,hardcoded_env,,,127.0.0.1:5252/gapi/fs/create
免费旋转/查询免费旋转.bru,免费旋转,查询免费旋转,GET,127.0.0.1:5252,/gapi/fs/search,,/gapi/fs/search?venue_tag=fc&uid=123&gid=123&fs_id=123&third_fs_id=123,hardcoded_env,,,127.0.0.1:5252/gapi/fs/search?venue_tag=fc&uid=123&gid=123&fs_id=123&third_fs_id=123
前台/VIP/VIP配置规则-todo.bru,前台,VIP配置规则-todo,GET,{{api_url}},/member/vip/rule,{{api_url}},{{api_url}}/member/vip/rule,todo,yes,member,{{api_url}}/member/vip/rule
前台/VIP/folder.bru,前台,VIP,,,,,,non_request,,,
前台/VIP/会员vip等级详情.bru,前台,会员vip等级详情,GET,client-fat.filbet2025.com,/member/vip/level/detail,{{api_url}},{{api_url}}/member/vip/level/detail,hardcoded_env,yes,member,https://client-fat.filbet2025.com//member/vip/level/detail
前台/VIP/半月礼金-领取奖励-aliang.bru,前台,半月礼金-领取奖励-aliang,POST,client-fat.filbet2025.com,/promo/vip/half/moon/claim,{{api_url}},{{api_url}}/promo/vip/half/moon/claim,hardcoded_env,,,https://client-fat.filbet2025.com/promo/vip/half/moon/claim
前台/VIP/待领取奖励列表-aliang.bru,前台,待领取奖励列表-aliang,GET,client-fat.filbet2025.com,/promo/vip/log/list,{{api_url}},{{api_url}}/promo/vip/log/list?page=1&page_size=10,hardcoded_env,,,https://client-fat.filbet2025.com/promo/vip/log/list?page=1&page_size=10
前台/VIP/每日负盈利-领取奖励-aliang.bru,前台,每日负盈利-领取奖励-aliang,POST,client-fat.filbet2025.com,/promo/vip/daily/loss/claim,{{api_url}},{{api_url}}/promo/vip/daily/loss/claim,hardcoded_env,,,https://client-fat.filbet2025.com/promo/vip/daily/loss/claim
前台/VIP/领取全部奖励.bru,前台,领取全部奖励,POST,client-fat.filbet2025.com,/promo/vip/log/claim/all,{{api_url}},{{api_url}}/promo/vip/log/claim/all,hardcoded_env,,,https://client-fat.filbet2025.com/promo/vip/log/claim/all
前台/VIP/领取奖励-aliang.bru,前台,领取奖励-aliang,POST,client-fat.filbet2025.com,/promo/vip/log/claim/byid,{{api_url}},{{api_url}}/promo/vip/log/claim/byid,hardcoded_env,,,https://client-fat.filbet2025.com/promo/vip/log/claim/byid
前台/VIP/领取奖励历史记录列表-aliang.bru,前台,领取奖励历史记录列表-aliang,GET,client-fat.filbet2025.com,/promo/vip/log/history,{{api_url}},{{api_url}}/promo/vip/log/history,hardcoded_env,,,https://client-fat.filbet2025.com/promo/vip/log/history
前台/feedback/feedback history-ducky.bru,前台,feedback history-ducky,GET,{{test_url}},/member/feedback/history,{{api_url}},{{api_url}}/member/feedback/history?page=1&page_size=10,,,,{{test_url}}/member/feedback/history?page=1&page_size=10
前台/feedback/feedback read-ducky.bru,前台,feedback read-ducky,POST,{{test_url}},/member/feedback/read,{{api_url}},{{api_url}}/member/feedback/read,,,,{{test_url}}/member/feedback/read
前台/feedback/feedback-ducky.bru,前台,feedback-ducky,POST,{{test_url}},/member/feedback,{{api_url}},{{api_url}}/member/feedback,,,,{{test_url}}/member/feedback
前台/feedback/folder.bru,前台,feedback,,,,,,non_request,,,
前台/folder.bru,前台,前台,,,,,,non_request,,,
前台/glife mini/folder.bru,前台,glife mini,,,,,,non_request,,,
前台/glife mini/glife-获取系统配置-owen.bru,前台,glife-获取系统配置-owen,POST,{{api_url}},/api/v1/cbconfig,{{api_url}},{{api_url}}/api/v1/cbconfig,,,,{{api_url}}/api/v1/cbconfig
前台/kyc/ekyc 配置.bru,前台,ekyc 配置,GET,client-fat.filbet2025.com,/member/kyc/ekyc/info,{{api_url}},{{api_url}}/member/kyc/ekyc/info,hardcoded_env,yes,kyc,https://client-fat.filbet2025.com/member/kyc/ekyc/info
前台/kyc/ekyc回调.bru,前台,ekyc回调,POST,filbet-kyc.filbet2025.com,/member/kyc/ekyc/callback,{{api_url}},{{api_url}}/member/kyc/ekyc/callback,hardcoded_env,yes,kyc,https://filbet-kyc.filbet2025.com/member/kyc/ekyc/callback
前台/kyc/folder.bru,前台,kyc,,,,,,non_request,yes,kyc,
前台/kyc/v2/folder.bru,前台,v2,,,,,,non_request,yes,kyc,
前台/kyc/v2/insert.bru,前台,提交 kyc v2 -- double/cold/owen,POST,client-fat.filbet2025.com,/member/kyc/v2/insert,{{api_url}},{{api_url}}/member/kyc/v2/insert,"url_v2,hardcoded_env",yes,kyc,https://client-fat.filbet2025.com/member/kyc/v2/insert
前台/kyc/提交 kyc -- double-cold-owen.bru,前台,提交 kyc -- double/cold/owen,POST,{{api_url}},/member/kyc/insert,{{api_url}},{{api_url}}/member/kyc/insert,,yes,kyc,{{api_url}}/member/kyc/insert
前台/kyc/提交 kyc 基础信息 -- double-cold.bru,前台,提交 kyc 基础信息 -- double/cold,POST,{{api_url}},/member/kyc/base,{{api_url}},{{api_url}}/member/kyc/base,,yes,kyc,{{api_url}}/member/kyc/base
前台/kyc/更新 kyc -- double-cold（已经弃用，请调用 -kyc-insert）.bru,前台,更新 kyc -- double/cold（已经弃用，请调用 /kyc/insert）,POST,{{api_url}},/member/kyc/update,{{api_url}},{{api_url}}/member/kyc/update,deprecated,,,{{api_url}}/member/kyc/update
前台/kyc/获取 kyc 详情 -- double-cold.bru,前台,获取 kyc 详情 -- double/cold,GET,{{api_url}},/member/kyc/detail,{{api_url}},{{api_url}}/member/kyc/detail,,yes,kyc,{{api_url}}/member/kyc/detail
前台/kyc/获取ekyc的url.bru,前台,获取ekyc的url,GET,client-fat.filbet2025.com,/member/kyc/ekyc/url,{{api_url}},{{api_url}}/member/kyc/ekyc/url?language=en&prefers_color_scheme&iframe_enabled=true,hardcoded_env,yes,kyc,https://client-fat.filbet2025.com/member/kyc/ekyc/url?language=en&prefers_color_scheme&iframe_enabled=true
前台/kyc/获取ekyc结果.bru,前台,获取ekyc结果,GET,client-fat.filbet2025.com,/member/kyc/ekyc/get_results,{{api_url}},{{api_url}}/member/kyc/ekyc/get_results?signature_id=26fbea1d1671b7cc,hardcoded_env,yes,kyc,https://client-fat.filbet2025.com/member/kyc/ekyc/get_results?signature_id=26fbea1d1671b7cc
前台/kyc/获取门店列表 -- owen.bru,前台,获取门店列表 -- owen,POST,{{api_url}},/member/kyc/shops,{{api_url}},{{api_url}}/member/kyc/shops,,yes,kyc,{{api_url}}/member/kyc/shops
前台/lazada mini/folder.bru,前台,lazada mini,,,,,,non_request,,,
前台/lazada mini/登陆-owen.bru,前台,登陆-owen,POST,{{api_url}},/finance/lazadaminiapp/login,{{api_url}},{{api_url}}/finance/lazadaminiapp/login,,yes,"auth,finance",{{api_url}}/finance/lazadaminiapp/login
前台/mx/folder.bru,前台,mx,,,,,,non_request,,,
前台/mx/information.bru,前台,information,POST,admin-pagcor-fat.filbet2025.com,/cmpl/wallet/information,{{api_url}},{{api_url}}/cmpl/wallet/information?api_id=gotech-stg-001&hash_code=12345&from_date=2026-01-02 15:04:05&to_date=2026-03-02 15:04:05&page_number=1&page_size=10,hardcoded_env,yes,finance,https://admin-pagcor-fat.filbet2025.com/cmpl/wallet/information?api_id=gotech-stg-001&hash_code=12345&from_date=2026-01-02 15:04:05&to_date=2026-03-02 15:04:05&page_number=1&page_size=10
前台/mx/playerid.bru,前台,playerid,POST,admin-pagcor-fat.filbet2025.com,/cmpl/wallet/playerid,{{api_url}},{{api_url}}/cmpl/wallet/playerid?api_id=gotech-stg-001&hash_code=123456&player_id=61663536069274602,hardcoded_env,yes,finance,https://admin-pagcor-fat.filbet2025.com/cmpl/wallet/playerid?api_id=gotech-stg-001&hash_code=123456&player_id=61663536069274602
前台/ocr/folder.bru,前台,ocr,,,,,,non_request,yes,kyc,
前台/ocr/初始化ZOLOZ中的身份验证进程.bru,前台,初始化ZOLOZ中的身份验证进程-double,POST,{{api_url}},/member/ocr/setup,{{api_url}},{{api_url}}/member/ocr/setup,,yes,kyc,{{api_url}}/member/ocr/setup
前台/ocr/获取身份验证进程的运行状态和相关的验证结果-double-owen.bru,前台,获取身份验证进程的运行状态和相关的验证结果-double/owen,POST,{{api_url}},/member/ocr/checkresult,{{api_url}},{{api_url}}/member/ocr/checkresult,,yes,kyc,{{api_url}}/member/ocr/checkresult
前台/ocr-flutter/folder.bru,前台,ocr-flutter,,,,,,non_request,yes,kyc,
前台/ocr-flutter/初始化ZOLOZ中的身份验证进程.bru,前台,初始化ZOLOZ中的身份验证进程-double,POST,{{api_url}},/member/flutter/ocr/setup,{{api_url}},{{api_url}}/member/flutter/ocr/setup,,yes,kyc,{{api_url}}/member/flutter/ocr/setup
前台/ocr-flutter/获取身份验证进程的运行状态和相关的验证结果.bru,前台,获取身份验证进程的运行状态和相关的验证结果-double,POST,{{api_url}},/member/flutter/ocr/checkresult,{{api_url}},{{api_url}}/member/flutter/ocr/checkresult,,yes,kyc,{{api_url}}/member/flutter/ocr/checkresult
前台/oss/folder.bru,前台,oss,,,,,,non_request,,,
前台/oss/上传 kyc 相关图片 - double.bru,前台,上传 kyc 相关图片 - double,POST,{{admin_url}},/member/oss/upload,{{admin_url}},{{admin_url}}/member/oss/upload,,yes,kyc,{{admin_url}}/member/oss/upload
前台/三方登录/fb-获取fb地址.bru,前台,fb-获取fb地址,GET,client-fat.filbet2025.com,/member/fb/url,{{api_url}},{{api_url}}/member/fb/url,hardcoded_env,,,https://client-fat.filbet2025.com/member/fb/url
前台/三方登录/folder.bru,前台,三方登录,,,,,,non_request,,,
前台/三方登录/三方登录列表.bru,前台,三方登录列表,GET,client-fat.filbet2025.com,/member/fb/list,{{api_url}},{{api_url}}/member/fb/list,hardcoded_env,,,https://client-fat.filbet2025.com/member/fb/list
前台/三方登录/注册接口.bru,前台,注册接口,POST,client-fat.filbet2025.com,/member/fb/login,{{api_url}},{{api_url}}/member/fb/login,hardcoded_env,yes,auth,https://client-fat.filbet2025.com/member/fb/login
前台/三方登录/绑定三方账号.bru,前台,绑定三方账号,POST,client-fat.filbet2025.com,/member/fb/bind,{{api_url}},{{api_url}}/member/fb/bind,hardcoded_env,,,https://client-fat.filbet2025.com/member/fb/bind
前台/三方登录/获取用户信息.bru,前台,获取用户信息,GET,client-fat.filbet2025.com,/member/fb/info,{{api_url}},{{api_url}}/member/fb/info?state=success&token=EAAXtCSwiZAUkBR3ZAFJgJBPIiJRWDMiM634SDrfA3jl3tP19ZCMJrM44faS02jrqYFVCClS087f96kLXcuRBjrQcwqGzRgu5U9nAxs34BrCtUYUd7zql4BlnAeePqsG86n9jI2QzBvNwlwZBNmgxu6Y2c8twIt4ZAXwcA807e1ZAiBmdwSZBpx87CNU09O8r6WYaPoc5RCoIRRZBlFJZAAKXEStZBrVQFJzYgVyW9yg3F60F5WDHXaOZCfvpZAvLBPcmduPP74ih5YFZAf8ptkFbV8mZAhaZBsVndVmBpfHN6h2USQKZCjRnIe521DIO9wZDZD,hardcoded_env,,,https://client-fat.filbet2025.com/member/fb/info?state=success&token=EAAXtCSwiZAUkBR3ZAFJgJBPIiJRWDMiM634SDrfA3jl3tP19ZCMJrM44faS02jrqYFVCClS087f96kLXcuRBjrQcwqGzRgu5U9nAxs34BrCtUYUd7zql4BlnAeePqsG86n9jI2QzBvNwlwZBNmgxu6Y2c8twIt4ZAXwcA807e1ZAiBmdwSZBpx87CNU09O8r6WYaPoc5RCoIRRZBlFJZAAKXEStZBrVQFJzYgVyW9yg3F60F5WDHXaOZCfvpZAvLBPcmduPP74ih5YFZAf8ptkFbV8mZAhaZBsVndVmBpfHN6h2USQKZCjRnIe521DIO9wZDZD
前台/三方登录/解绑三方账号.bru,前台,解绑三方账号,POST,client-fat.filbet2025.com,/member/fb/unbind,{{api_url}},{{api_url}}/member/fb/unbind,hardcoded_env,,,https://client-fat.filbet2025.com/member/fb/unbind
前台/代理/folder.bru,前台,代理,,,,,,non_request,,,
前台/代理/代理审核结果.bru,前台,代理审核结果,GET,client-fat.filbet2025.com,/member/agency/audit/results,{{api_url}},{{api_url}}/member/agency/audit/results,hardcoded_env,yes,member,https://client-fat.filbet2025.com/member/agency/audit/results
前台/代理/代理申请问题列表.bru,前台,代理申请问题列表,GET,client-fat.filbet2025.com,/member/agency/problem/list,{{api_url}},{{api_url}}/member/agency/problem/list,hardcoded_env,yes,member,https://client-fat.filbet2025.com/member/agency/problem/list
前台/代理/代理获取视频上传地址.bru,前台,代理获取视频上传地址,GET,client-fat.filbet2025.com,/member/oss/upload/url,{{api_url}},{{api_url}}/member/oss/upload/url?name=test,hardcoded_env,,,https://client-fat.filbet2025.com/member/oss/upload/url?name=test
前台/代理/申请资料提交.bru,前台,申请资料提交,POST,client-fat.filbet2025.com,/member/agency/apply/material,{{api_url}},{{api_url}}/member/agency/apply/material,hardcoded_env,yes,member,https://client-fat.filbet2025.com/member/agency/apply/material
前台/任务中心/folder.bru,前台,任务中心,,,,,,non_request,,,
前台/任务中心/vip签到.bru,前台,vip签到,POST,(relative_abs),/vip/sign/in,{{api_url}},{{api_url}}/vip/sign/in,,,,/vip/sign/in
前台/任务中心/代币余额-seven.bru,前台,代币余额-seven,GET,(relative_abs),/promo/task/tokens/balance,{{api_url}},{{api_url}}/promo/task/tokens/balance,,,,/promo/task/tokens/balance
前台/任务中心/代币明细-seven.bru,前台,代币明细-seven,GET,(relative_abs),/promo/task/transaction,{{api_url}},{{api_url}}/promo/task/transaction,,yes,finance,/promo/task/transaction
前台/任务中心/待领取任务数-seven.bru,前台,待领取任务数-seven,GET,(relative_abs),/promo/task/unclaimed/num,{{api_url}},{{api_url}}/promo/task/unclaimed/num,,,,/promo/task/unclaimed/num
前台/任务中心/新人任务列表-seven.bru,前台,新人任务列表-seven,GET,(relative_abs),/promo/task/newbie/list,{{api_url}},{{api_url}}/promo/task/newbie/list,,,,/promo/task/newbie/list
前台/任务中心/日常任务列表-seven.bru,前台,日常任务列表-seven,GET,(relative_abs),/promo/task/daily/list,{{api_url}},{{api_url}}/promo/task/daily/list,,,,/promo/task/daily/list
前台/任务中心/日常签到任务详情-seven.bru,前台,日常签到任务详情-seven,GET,(relative_abs),/promo/task/daily/task,{{api_url}},{{api_url}}/promo/task/daily/task,,,,/promo/task/daily/task
前台/任务中心/日常签到历史记录-seven.bru,前台,日常签到历史记录-seven,GET,(relative_abs),/promo/task/daily/history,{{api_url}},{{api_url}}/promo/task/daily/history,,,,/promo/task/daily/history
前台/任务中心/签到任务详情-seven.bru,前台,签到任务详情-seven,GET,(relative_abs),/promo/task/newbie/daily,{{api_url}},{{api_url}}/promo/task/newbie/daily,,,,/promo/task/newbie/daily
前台/任务中心/签到任务领取-seven.bru,前台,签到任务领取-seven,GET,(relative_abs),/promo/task/newbie/daily/claim,{{api_url}},{{api_url}}/promo/task/newbie/daily/claim,,,,/promo/task/newbie/daily/claim
前台/任务中心/领取任务（新手任务14个）-seven.bru,前台,领取任务（新手任务14个）-seven,GET,(relative_abs),/promo/task/newbie/claim,{{api_url}},{{api_url}}/promo/task/newbie/claim,,,,/promo/task/newbie/claim
前台/任务中心/领取日常任务-seven.bru,前台,领取日常任务-seven,GET,(relative_abs),/promo/task/daily/claim,{{api_url}},{{api_url}}/promo/task/daily/claim,,,,/promo/task/daily/claim
前台/会员信息/facebook oauth绑定-ducky.bru,前台,facebook oauth绑定-ducky,POST,{{test_url}},/member/bind/facebook,{{api_url}},{{api_url}}/member/bind/facebook,,yes,auth,{{test_url}}/member/bind/facebook
前台/会员信息/facebook oauth链接-ducky.bru,前台,facebook oauth链接-ducky,GET,{{test_url}},/member/facebook_link,{{api_url}},{{api_url}}/member/facebook_link,,yes,auth,{{test_url}}/member/facebook_link
前台/会员信息/folder.bru,前台,会员信息,,,,,,non_request,,,
前台/会员信息/google oauth绑定-ducky.bru,前台,google oauth绑定-ducky,POST,{{test_url}},/member/bind/google,{{api_url}},{{api_url}}/member/bind/google,,yes,auth,{{test_url}}/member/bind/google
前台/会员信息/google oauth链接-ducky.bru,前台,google oauth链接-ducky,GET,{{test_url}},/member/google_link,{{api_url}},{{api_url}}/member/google_link,,yes,auth,{{test_url}}/member/google_link
前台/会员信息/代理申请.bru,前台,代理申请,POST,{{api_url}},/member/agency/apply,{{api_url}},{{api_url}}/member/agency/apply,,yes,member,{{api_url}}/member/agency/apply
前台/会员信息/会员vip信息-seven.bru,前台,会员vip信息-seven,GET,{{api_url}},/member/vip,{{api_url}},{{api_url}}/member/vip,,yes,member,{{api_url}}/member/vip
前台/会员信息/会员信息修改-seven.bru,前台,会员信息修改-seven,POST,(relative_abs),/member/detail/update,{{api_url}},{{api_url}}/member/detail/update,,yes,member,/member/detail/update
前台/会员信息/会员卡片列表更新-owen.bru,前台,会员卡片列表更新-owen,POST,{{api_url}},/member/card/update,{{api_url}},{{api_url}}/member/card/update,,yes,member,{{api_url}}/member/card/update
前台/会员信息/会员卡片列表查询-owen.bru,前台,会员卡片列表查询-owen,POST,{{api_url}},/member/card/list,{{api_url}},{{api_url}}/member/card/list,,yes,member,{{api_url}}/member/card/list
前台/会员信息/会员头像列表-ducky.bru,前台,会员头像列表-ducky,GET,{{api_url}},/member/avatar/list,{{api_url}},{{api_url}}/member/avatar/list,,,,{{api_url}}//member/avatar/list
前台/会员信息/密码修改-seven.bru,前台,密码修改-seven,POST,{{api_url}},/member/password/update,{{api_url}},{{api_url}}/member/password/update,,yes,auth,{{api_url}}//member/password/update
前台/会员信息/校验钱包密码-ducky.bru,前台,校验钱包密码-ducky,POST,{{test_url}},/member/wallet/checkpassword,{{api_url}},{{api_url}}/member/wallet/checkpassword,,yes,"auth,finance",{{test_url}}/member/wallet/checkpassword
前台/会员信息/申请封禁.bru,前台,申请封禁,POST,client-fat.filbet2025.com,/member/block,{{api_url}},{{api_url}}/member/block,hardcoded_env,,,https://client-fat.filbet2025.com/member/block
前台/会员信息/获取会员信息-seven-aliang(20260424).bru,前台,获取会员信息-seven-aliang(20260424),GET,client-fat.filbet2025.com,/member/detail,{{api_url}},{{api_url}}/member/detail,hardcoded_env,yes,member,https://client-fat.filbet2025.com/member/detail
前台/会员信息/设置新钱包密码-ducky.bru,前台,设置新钱包密码-ducky,POST,{{test_url}},/member/wallet/password/update,{{api_url}},{{api_url}}/member/wallet/password/update,,yes,"auth,finance",{{test_url}}/member/wallet/password/update
前台/会员信息/通过邮箱修改密码-ducky.bru,前台,通过邮箱修改密码-ducky,POST,{{api_url}},/member/retrieve/passwordbyemail,{{api_url}},{{api_url}}/member/retrieve/passwordbyemail,,yes,auth,{{api_url}}//member/retrieve/passwordbyemail
前台/会员信息/邮箱验证码发送-ducky.bru,前台,邮箱验证码发送-ducky,POST,{{test_url}},/member/mail,{{api_url}},{{api_url}}/member/mail,,,,{{test_url}}/member/mail
前台/会员信息/邮箱验证码验证-ducky.bru,前台,邮箱验证码验证-ducky,POST,{{test_url}},/member/auth/mail,{{api_url}},{{api_url}}/member/auth/mail,,yes,auth,{{test_url}}/member/auth/mail
前台/会员信息/钱包密码设置-ducky.bru,前台,钱包密码设置-ducky,POST,{{test_url}},/member/wallet/password,{{api_url}},{{api_url}}/member/wallet/password,,yes,"auth,finance",{{test_url}}/member/wallet/password
前台/会员登陆注册验证/facebook oauth登录-ducky.bru,前台,facebook oauth登录-ducky,POST,{{test_url}},/member/facebook/login,{{api_url}},{{api_url}}/member/facebook/login,,yes,auth,{{test_url}}/member/facebook/login
前台/会员登陆注册验证/folder.bru,前台,会员登陆注册验证,,,,,,non_request,,,
前台/会员登陆注册验证/google oauth登录-ducky.bru,前台,google oauth登录-ducky,POST,{{test_url}},/member/google/login,{{api_url}},{{api_url}}/member/google/login,,yes,auth,{{test_url}}/member/google/login
前台/会员登陆注册验证/otp登陆-seven.bru,前台,otp登陆-seven,POST,{{api_url}},/member/otp/login,{{api_url}},{{api_url}}/member/otp/login,,yes,auth,{{api_url}}/member/otp/login
前台/会员登陆注册验证/otp登陆V2-seven.bru,前台,otp登陆V2-seven,POST,{{api_url}},/member/otp/login/v2,{{api_url}},{{api_url}}/member/otp/login/v2,url_v2,yes,auth,{{api_url}}/member/otp/login/v2
前台/会员登陆注册验证/刷新token-seven.bru,前台,刷新token-seven,GET,{{api_url}},/member/refresh/token,{{api_url}},{{api_url}}/member/refresh/token,,yes,auth,{{api_url}}/member/refresh/token
前台/会员登陆注册验证/密码登陆-seven.bru,前台,密码登陆-seven,POST,{{test_url}},/member/login,{{api_url}},{{api_url}}/member/login,,yes,auth,{{test_url}}/member/login
前台/会员登陆注册验证/密码登陆v2-ducky.bru,前台,密码登陆v2-ducky,POST,{{test_url}},/member/v2/login,{{api_url}},{{api_url}}/member/v2/login,url_v2,yes,auth,{{test_url}}/member/v2/login
前台/会员登陆注册验证/旧密码前置验证-seven.bru,前台,旧密码前置验证-seven,POST,(relative_abs),/member/auth/password,{{api_url}},{{api_url}}/member/auth/password,old_or_copy,yes,auth,/member/auth/password
前台/会员登陆注册验证/校验邀请码.bru,前台,校验邀请码,POST,(relative_abs),/member/invite/code/check,{{api_url}},{{api_url}}/member/invite/code/check,,,,/member/invite/code/check
前台/会员登陆注册验证/注册.bru,前台,注册,POST,client-fat.filbet2025.com,/member/register,{{api_url}},{{api_url}}/member/register,hardcoded_env,yes,auth,https://client-fat.filbet2025.com/member/register
前台/会员登陆注册验证/短信发送-seven.bru,前台,短信发送-seven,POST,{{api_url}},/member/sms,{{api_url}},{{api_url}}/member/sms,,yes,auth,{{api_url}}/member/sms
前台/会员登陆注册验证/短信验证码前置检查-seven.bru,前台,短信验证码前置检查-seven,POST,(relative_abs),/member/auth/sms,{{api_url}},{{api_url}}/member/auth/sms,,yes,auth,/member/auth/sms
前台/会员登陆注册验证/退出登陆-seven.bru,前台,退出登陆-seven,GET,{{api_url}},/member/logout,{{api_url}},{{api_url}}/member/logout,,yes,auth,{{api_url}}/member/logout
前台/会员登陆注册验证/重置密码-seven.bru,前台,重置密码-seven,POST,{{api_url}},/member/retrieve/password,{{api_url}},{{api_url}}/member/retrieve/password,,yes,auth,{{api_url}}/member/retrieve/password
前台/刷新token-owen.bru,前台,刷新token-owen,PUT,(relative_odd),func (that GlifeController) Config(fctx *fasthttp.RequestCtx) {,{{api_url}},,"odd_relative_url,invalid_url",,,func (that GlifeController) Config(fctx *fasthttp.RequestCtx) {
前台/商城/folder.bru,前台,商城,,,,,,non_request,,,
前台/商城/代币余额 - felix.bru,前台,代币余额 - felix,GET,{{member_url}},/member/filcoin/balance,{{api_url}},{{api_url}}/member/filcoin/balance,,,,{{member_url}}/member/filcoin/balance
前台/商城/商品列表 - felix.bru,前台,商品列表 - felix,GET,{{member_url}},/member/goods/list,{{api_url}},{{api_url}}/member/goods/list?sort=3&points_range&page&page_size,,,,{{member_url}}/member/goods/list?sort=3&points_range&page&page_size
前台/商城/商品详情 - felix.bru,前台,商品详情 - felix,GET,{{member_url}},/member/goods/detail,{{api_url}},{{api_url}}/member/goods/detail?goods_id=27163397485292514,,,,{{member_url}}/member/goods/detail?goods_id=27163397485292514
前台/商城/提交订单 - felix.bru,前台,提交订单 - felix,POST,{{member_url}},/member/order/submit,{{api_url}},{{api_url}}/member/order/submit,,,,{{member_url}}/member/order/submit
前台/商城/订单列表 - felix.bru,前台,订单列表 - felix,GET,{{member_url}},/member/order/list,{{api_url}},{{api_url}}/member/order/list?page=1&page_size=2,,,,{{member_url}}/member/order/list?page=1&page_size=2
前台/商城/订单详情 - felix.bru,前台,订单详情 - felix,GET,{{member_url}},/member/order/detail,{{api_url}},{{api_url}}/member/order/detail?order_id=27603982813760002,,,,{{member_url}}/member/order/detail?order_id=27603982813760002
前台/埋点/folder.bru,前台,埋点,,,,,,non_request,,,
前台/埋点/埋点详情-todo.bru,前台,埋点详情-todo,GET,{{api_url}},/member/buriedPoint/detail,{{api_url}},{{api_url}}/member/buriedPoint/detail?ad_id=广告ID,todo,,,{{api_url}}/member/buriedPoint/detail?ad_id=广告ID
前台/埋点/埋点详情V2-todo.bru,前台,埋点详情V2-todo,GET,{{api_url}},/member/buriedPoint/detailV2,{{api_url}},{{api_url}}/member/buriedPoint/detailV2?ad_id=广告ID,"todo,name_v2",,,{{api_url}}/member/buriedPoint/detailV2?ad_id=广告ID
前台/支付/folder.bru,前台,支付,,,,,,non_request,,,
前台/支付/pisopay回调.bru,前台,pisopay回调,POST,client-beta.filbet2025.com,/finance/payment/callback/deposit/pisopay,{{api_url}},{{api_url}}/finance/payment/callback/deposit/pisopay,hardcoded_env,yes,finance,https://client-beta.filbet2025.com/finance/payment/callback/deposit/pisopay
前台/渠道/folder.bru,前台,渠道,,,,,,non_request,,,
前台/渠道/渠道详情-todo.bru,前台,渠道详情-todo,GET,{{api_url}},/member/channel/detail,{{api_url}},{{api_url}}/member/channel/detail,todo,,,{{api_url}}/member/channel/detail
前台/渠道/渠道跟踪点击-todo.bru,前台,渠道跟踪点击-todo,POST,{{api_url}},/member/channel/trackclick,{{api_url}},{{api_url}}/member/channel/trackclick,todo,,,{{api_url}}/member/channel/trackclick
前台/游戏/1-隐私政策 privacy -cold.bru,前台,1-隐私政策 privacy -cold,GET,client-fat.filbet2025.com,/member/privacy,{{api_url}},{{api_url}}/member/privacy?brand=glife1,hardcoded_env,,,https://client-fat.filbet2025.com//member/privacy?brand=glife1
前台/游戏/2-服务条款 terms -cold.bru,前台,2-服务条款 terms -cold,GET,client-fat.filbet2025.com,/member/terms,{{api_url}},{{api_url}}/member/terms?brand=h5,hardcoded_env,,,https://client-fat.filbet2025.com//member/terms?brand=h5
前台/游戏/3-获取FAQ  -cold.bru,前台,3-获取FAQ  -cold,GET,client-beta.filbet2025.com,/member/faq,{{api_url}},{{api_url}}/member/faq?brand=h5,hardcoded_env,,,https://client-beta.filbet2025.com/member/faq?brand=h5
前台/游戏/4-广告弹窗.bru,前台,4-广告弹窗,GET,client-fat.filbet2025.com,/member/popup/list,{{api_url}},{{api_url}}/member/popup/list?brand=glife1,hardcoded_env,,,https://client-fat.filbet2025.com/member/popup/list?brand=glife1
前台/游戏/5-获取声明.bru,前台,5-获取声明,GET,client-fat.filbet2025.com,/member/stmt,{{api_url}},{{api_url}}/member/stmt?brand=h5,hardcoded_env,,,https://client-fat.filbet2025.com/member/stmt?brand=h5
前台/游戏/folder.bru,前台,游戏,,,,,,non_request,,,
前台/游戏/删除游戏收藏-light.bru,前台,删除游戏收藏-light,GET,{{api_url}},/member/fav/delete,{{api_url}},{{api_url}}/member/fav/delete?id=0,,yes,game,{{api_url}}/member/fav/delete?id=0
前台/游戏/历史游戏列表-light.bru,前台,历史游戏列表-light,GET,{{api_url}},/member/game/list/history,{{api_url}},{{api_url}}/member/game/list/history,,yes,game,{{api_url}}/member/game/list/history
前台/游戏/推荐列表-benjie.bru,前台,推荐列表-benjie,GET,client-fat.filbet2025.com,/member/game/list/recommend,{{api_url}},{{api_url}}/member/game/list/recommend,hardcoded_env,yes,game,https://client-fat.filbet2025.com/member/game/list/recommend
前台/游戏/最近游戏-benjie.bru,前台,最近游戏-benjie,GET,{{api_url}},/member/game/list/recent,{{api_url}},{{api_url}}/member/game/list/recent?page=1&page_size=10,,yes,game,{{api_url}}/member/game/list/recent?page=1&page_size=10
前台/游戏/添加游戏收藏-light.bru,前台,添加游戏收藏-light,GET,{{api_url}},/member/fav/insert,{{api_url}},{{api_url}}/member/fav/insert?id=0,,yes,game,{{api_url}}/member/fav/insert?id=0
前台/游戏/游戏列表-light.bru,前台,游戏列表-light,GET,{{api_url}},/member/game/list,{{api_url}},{{api_url}}/member/game/list?page=1&page_size=10&game_type=0&is_hot=0&is_new=0&platform_id=0&venue_id=0&w&sorting&maintained=1,,yes,game,{{api_url}}/member/game/list?page=1&page_size=10&game_type=0&is_hot=0&is_new=0&platform_id=0&venue_id=0&w&sorting&maintained=1
前台/游戏/游戏排名-benjie.bru,前台,游戏排名-benjie,POST,client-fat.filbet2025.com,/member/game/rank,{{api_url}},{{api_url}}/member/game/rank,hardcoded_env,,,https://client-fat.filbet2025.com/member/game/rank
前台/游戏/游戏收藏列表-light.bru,前台,游戏收藏列表-light,GET,{{api_url}},/member/fav/list,{{api_url}},{{api_url}}/member/fav/list?page=1&page_size=10,,yes,game,{{api_url}}/member/fav/list?page=1&page_size=10
前台/游戏/游戏查询语句组合-benjie.bru,前台,游戏查询语句组合-benjie,GET,client-fat.filbet2025.com,/member/game/listRw,{{api_url}},{{api_url}}/member/game/listRw?page=1&page_size=10&venues=op&sort=4,hardcoded_env,yes,game,https://client-fat.filbet2025.com/member/game/listRw?page=1&page_size=10&venues=op&sort=4
前台/游戏/游戏记录-wesley.bru,前台,游戏记录-wesley,GET,{{api_url}},/member/game/bet/list,{{api_url}},{{api_url}}/member/game/bet/list?page=1&page_size=10&time_flag=30&status=1,,yes,game,{{api_url}}/member/game/bet/list?page=1&page_size=10&time_flag=30&status=1
前台/游戏/获取场馆列表-light.bru,前台,获取场馆列表-light,GET,{{api_url}},/member/platform/list,{{api_url}},{{api_url}}/member/platform/list?page=1&page_size=10&game_type=0,,,,{{api_url}}/member/platform/list?page=1&page_size=10&game_type=0
前台/游戏/首页缓存.bru,前台,首页缓存,GET,{{api_url}},/member/index,{{api_url}},{{api_url}}/member/index,,,,{{api_url}}/member/index
前台/游戏/首页缓存v2-owen.bru,前台,首页缓存v2-owen,GET,client-fat.filbet2025.com,/member/v2/index,{{api_url}},{{api_url}}/member/v2/index,"url_v2,hardcoded_env",yes,game,https://client-fat.filbet2025.com/member/v2/index
前台/爆奖信息/folder.bru,前台,爆奖信息,,,,,,non_request,,,
前台/爆奖信息/爆奖列表.bru,前台,爆奖列表,GET,(relative_abs),/member/bigprize/list,{{api_url}},{{api_url}}/member/bigprize/list,,,,/member/bigprize/list
前台/站内信/folder.bru,前台,站内信,,,,,,non_request,,,
前台/站内信/是否有未读信息-todo.bru,前台,是否有未读信息-todo,GET,client-fat.filbet2025.com,/member/message/has_unread,{{api_url}},{{api_url}}/member/message/has_unread,"todo,hardcoded_env",,,https://client-fat.filbet2025.com/member/message/has_unread
前台/站内信/站内信列表-todo.bru,前台,站内信列表-todo,GET,client-fat.filbet2025.com,/member/message/list,{{api_url}},{{api_url}}/member/message/list?page=1&page_size=10,"todo,hardcoded_env",,,https://client-fat.filbet2025.com/member/message/list?page=1&page_size=10
前台/站内信/站内信已读-todo.bru,前台,站内信已读-todo,POST,client-fat.filbet2025.com,/member/message/reads,{{api_url}},{{api_url}}/member/message/reads,"todo,hardcoded_env",,,https://client-fat.filbet2025.com/member/message/reads
前台/站内信/获取弹窗站内信列表-todo.bru,前台,获取弹窗站内信列表-todo,GET,client-fat.filbet2025.com,/member/message/popup_list,{{api_url}},{{api_url}}/member/message/popup_list,"todo,hardcoded_env",,,https://client-fat.filbet2025.com/member/message/popup_list
前台/素材/folder.bru,前台,素材,,,,,,non_request,,,
前台/素材/素材列表.bru,前台,素材列表,GET,client-fat.filbet2025.com,/member/materials/list,{{api_url}},{{api_url}}/member/materials/list?platform_code=filbet&material_type_code=logo,hardcoded_env,,,https://client-fat.filbet2025.com/member/materials/list?platform_code=filbet&material_type_code=logo
前台/获取系统配置-owen.bru,前台,获取系统配置-owen,PUT,(relative_odd),func (that GlifeController) Config(fctx *fasthttp.RequestCtx) {,{{api_url}},,"odd_relative_url,invalid_url",,,func (that GlifeController) Config(fctx *fasthttp.RequestCtx) {
前台/财务/folder.bru,前台,财务,,,,,,non_request,,,
前台/财务/lazada兑换-owen.bru,前台,lazada兑换-owen,POST,{{api_url}},/finance/lazada/exchange,{{api_url}},{{api_url}}/finance/lazada/exchange,,yes,finance,{{api_url}}/finance/lazada/exchange
前台/财务/lazada商品列表-owen.bru,前台,lazada商品列表-owen,POST,{{api_url}},/finance/lazada/product/list,{{api_url}},{{api_url}}/finance/lazada/product/list,,yes,finance,{{api_url}}/finance/lazada/product/list
前台/财务/会员钱包-wesley.bru,前台,会员钱包-wesley,GET,{{api_url}},/finance/wallet,{{api_url}},{{api_url}}/finance/wallet,,yes,finance,{{api_url}}/finance/wallet
前台/财务/佣金账变.bru,前台,佣金账变,GET,client-fat.filbet2025.com,/agency/commission/trans/list,{{api_url}},{{api_url}}/agency/commission/trans/list?month=202508&page=1&page_size=20,hardcoded_env,,,https://client-fat.filbet2025.com/agency/commission/trans/list?month=202508&page=1&page_size=20
前台/财务/充值-wesley-cold.bru,前台,充值-wesley/cold,GET,{{api_url}},/finance/payment/deposit,{{api_url}},{{api_url}}/finance/payment/deposit?pid=10&amount=998&device=web&source=huawei&product_id=123,,yes,finance,{{api_url}}/finance/payment/deposit?pid=10&amount=998&device=web&source=huawei&product_id=123
前台/财务/充值记录-wesley.bru,前台,充值记录-wesley,GET,{{api_url}},/finance/deposit/list,{{api_url}},{{api_url}}/finance/deposit/list?status=PENDING&time_flag=0&page=1&page_size=10,,yes,finance,{{api_url}}/finance/deposit/list?status=PENDING&time_flag=0&page=1&page_size=10
前台/财务/充值详情.bru,前台,充值详情,GET,{{api_url}},/finance/deposit/detail,{{api_url}},{{api_url}}/finance/deposit/detail?id=12942305654052566,,yes,finance,{{api_url}}/finance/deposit/detail?id=12942305654052566
前台/财务/创建提现账户-wesley.bru,前台,创建提现账户-wesley,POST,client-fat.filbet2025.com,/finance/account/insert,{{api_url}},{{api_url}}/finance/account/insert,hardcoded_env,yes,finance,https://client-fat.filbet2025.com/finance/account/insert
前台/财务/删除银行卡.bru,前台,删除银行卡,POST,client-fat.filbet2025.com,/finance/account/bank/delete,{{api_url}},{{api_url}}/finance/account/bank/delete,hardcoded_env,yes,finance,https://client-fat.filbet2025.com/finance/account/bank/delete
前台/财务/提款账号删除-wesley.bru,前台,提款账号删除-wesley,GET,{{api_url}},/finance/account/delete,{{api_url}},{{api_url}}/finance/account/delete?id=1904879468120199168,,yes,finance,{{api_url}}/finance/account/delete?id=1904879468120199168
前台/财务/提款账户列表-wesley.bru,前台,提款账户列表-wesley,GET,client-fat.filbet2025.com,/finance/account/list,{{api_url}},{{api_url}}/finance/account/list,hardcoded_env,yes,finance,https://client-fat.filbet2025.com/finance/account/list
前台/财务/提现-wesley-cold.bru,前台,提现-wesley/cold,GET,client-fat.filbet2025.com,/finance/payment/withdraw,{{api_url}},{{api_url}}/finance/payment/withdraw?amount=100&account_id=47939180401525317,hardcoded_env,yes,finance,https://client-fat.filbet2025.com/finance/payment/withdraw?amount=100&account_id=47939180401525317
前台/财务/提现tab.bru,前台,提现tab,GET,client-fat.filbet2025.com,/finance/payment/tab/list,{{api_url}},{{api_url}}/finance/payment/tab/list,hardcoded_env,yes,finance,https://client-fat.filbet2025.com/finance/payment/tab/list
前台/财务/提现记录-wesley.bru,前台,提现记录-wesley,GET,{{api_url}},/finance/withdraw/list,{{api_url}},{{api_url}}/finance/withdraw/list?time_flag=0&page=1&page_size=10,,yes,finance,{{api_url}}/finance/withdraw/list?time_flag=0&page=1&page_size=10
前台/财务/提现详情.bru,前台,提现详情,GET,{{api_url}},/finance/withdraw/detail,{{api_url}},{{api_url}}/finance/withdraw/detail?id=12959392294586045,,yes,finance,{{api_url}}/finance/withdraw/detail?id=12959392294586045
前台/财务/编辑银行卡.bru,前台,编辑银行卡,POST,client-fat.filbet2025.com,/finance/account/bank/update,{{api_url}},{{api_url}}/finance/account/bank/update,hardcoded_env,yes,finance,https://client-fat.filbet2025.com/finance/account/bank/update
前台/财务/获取交易记录- wesley-alex.bru,前台,获取交易记录- wesley/alex,GET,{{api_url}},/finance/transaction/list,{{api_url}},{{api_url}}/finance/transaction/list?time_flag=15&page=1&page_size=20,,yes,finance,{{api_url}}/finance/transaction/list?time_flag=15&page=1&page_size=20
前台/财务/获取支付通道列表-wesley.bru,前台,获取支付通道列表-wesley,GET,{{api_url}},/finance/channel/list,{{api_url}},{{api_url}}/finance/channel/list?mode=2&source=huawei,,yes,finance,{{api_url}}/finance/channel/list?mode=2&source=huawei
前台/财务/获取支付通道商品列表.bru,前台,获取支付通道商品列表,GET,client-fat.filbet2025.com,/finance/channel/product/list,{{api_url}},{{api_url}}/finance/channel/product/list?mode=1&pid=1,hardcoded_env,yes,finance,https://client-fat.filbet2025.com/finance/channel/product/list?mode=1&pid=1
前台/财务/账变字典.bru,前台,账变字典,GET,{{api_url}},/finance/transaction/types,{{api_url}},{{api_url}}/finance/transaction/types,,yes,finance,{{api_url}}/finance/transaction/types
前台/财务/购买免费旋转游戏列表.bru,前台,购买免费旋转游戏列表,GET,client-fat.filbet2025.com,/finance/member/buyfeatures,{{api_url}},{{api_url}}/finance/member/buyfeatures,hardcoded_env,yes,finance,https://client-fat.filbet2025.com/finance/member/buyfeatures
前台/财务/钱包密码/folder.bru,前台,钱包密码,,,,,,non_request,,,
前台/财务/钱包密码/修改密码.bru,前台,修改密码,POST,client-beta.filbet2025.com,/finance/wallet/pwd/update,{{api_url}},{{api_url}}/finance/wallet/pwd/update,hardcoded_env,yes,finance,https://client-beta.filbet2025.com/finance/wallet/pwd/update
前台/财务/钱包密码/设置钱包密码.bru,前台,设置钱包密码,POST,client-fat.filbet2025.com,/finance/wallet/pwd/set,{{api_url}},{{api_url}}/finance/wallet/pwd/set,hardcoded_env,yes,finance,https://client-fat.filbet2025.com/finance/wallet/pwd/set
前台/财务/钱包密码/验证钱包密码.bru,前台,验证钱包密码,POST,client-beta.filbet2025.com,/finance/wallet/pwd/check,{{api_url}},{{api_url}}/finance/wallet/pwd/check,hardcoded_env,yes,finance,https://client-beta.filbet2025.com/finance/wallet/pwd/check
前台/财务/银行列表.bru,前台,银行列表,GET,client-fat.filbet2025.com,/finance/payment/bank/list,{{api_url}},{{api_url}}/finance/payment/bank/list?page=2&page_size=10,hardcoded_env,yes,finance,https://client-fat.filbet2025.com/finance/payment/bank/list?page=2&page_size=10
前台/跑马灯/folder.bru,前台,跑马灯,,,,,,non_request,,,
前台/跑马灯/跑马灯列表.bru,前台,跑马灯列表,GET,(relative_abs),/member/marquee/list,{{api_url}},{{api_url}}/member/marquee/list,,,,/member/marquee/list
前台/配置/app最新版本信息获取.bru,前台,app最新版本信息获取,GET,{{api_url}},/member/app/version,{{api_url}},{{api_url}}/member/app/version?ty=1,,,,{{api_url}}/member/app/version?ty=1
前台/配置/folder.bru,前台,配置,,,,,,non_request,,,
前台/配置/网站介绍(单个).bru,前台,网站介绍(单个),GET,client-fat.filbet2025.com,/member/introduce/simple,{{api_url}},{{api_url}}/member/introduce/simple?brand=h5&ty=stmts,hardcoded_env,,,https://client-fat.filbet2025.com/member/introduce/simple?brand=h5&ty=stmts
前台/配置/网站介绍.bru,前台,网站介绍,GET,client-fat.filbet2025.com,/member/introduce/complex,{{api_url}},{{api_url}}/member/introduce/complex?brand=h5&ty=welfare,hardcoded_env,,,https://client-fat.filbet2025.com/member/introduce/complex?brand=h5&ty=welfare
前台/配置/获取系统配置.bru,前台,获取系统配置,GET,client-fat.filbet2025.com,/member/system,{{api_url}},{{api_url}}/member/system,hardcoded_env,,,https://client-fat.filbet2025.com/member/system
前台/配置/首页弹窗/folder.bru,前台,首页弹窗,,,,,,non_request,,,
前台/配置/首页弹窗/获取首页弹窗列表-todo.bru,前台,获取首页弹窗列表-todo,GET,{{api_url}},/member/popup/list,{{api_url}},{{api_url}}/member/popup/list,todo,,,{{api_url}}/member/popup/list
前台/首页/big win.bru,前台,big win,GET,client-fat.filbet2025.com,/member/index/bigwin,{{api_url}},{{api_url}}/member/index/bigwin,hardcoded_env,,,https://client-fat.filbet2025.com/member/index/bigwin
前台/首页/folder.bru,前台,首页,,,,,,non_request,,,
前台/首页/回报率排名 (Highest RTP).bru,前台,回报率排名 (Highest RTP),GET,client-fat.filbet2025.com,/member/game/rpt,{{api_url}},{{api_url}}/member/game/rpt?ty=10,hardcoded_env,,,https://client-fat.filbet2025.com/member/game/rpt?ty=10
合规/folder.bru,合规,合规,,,,,,non_request,,,
合规/kyc/folder.bru,合规,kyc,,,,,,non_request,yes,kyc,
合规/kyc/kyc 审核通过 - owen.bru,合规,kyc 审核通过 - owen,POST,{{admin_url}},/cmpl/kyc/approve,{{admin_url}},{{admin_url}}/cmpl/kyc/approve,,yes,kyc,{{admin_url}}/cmpl/kyc/approve
合规/kyc/kyc 审核驳回 - owen.bru,合规,kyc 审核驳回 - owen,POST,{{admin_url}},/cmpl/kyc/reject,{{admin_url}},{{admin_url}}/cmpl/kyc/reject,,yes,kyc,{{admin_url}}/cmpl/kyc/reject
合规/kyc/更新 kyc - owen.bru,合规,更新 kyc - owen,POST,{{admin_url}},/cmpl/kyc/update,{{admin_url}},{{admin_url}}/cmpl/kyc/update,,yes,kyc,{{admin_url}}/cmpl/kyc/update
合规/kyc/获取 kyc 列表 - owen.bru,合规,获取 kyc 列表 - owen,POST,{{admin_url}},/cmpl/kyc/list,{{admin_url}},{{admin_url}}/cmpl/kyc/list,,yes,kyc,{{admin_url}}/cmpl/kyc/list
合规/kyc/获取 kyc 待审批数量.bru,合规,获取 kyc 待审批数量,GET,{{admin_url}},/cmpl/kyc/pending/count,{{admin_url}},{{admin_url}}/cmpl/kyc/pending/count,,yes,kyc,{{admin_url}}/cmpl/kyc/pending/count
合规/kyc/获取 kyc 详情 - owen.bru,合规,获取 kyc 详情 - owen,GET,{{admin_url}},/cmpl/kyc/detail,{{admin_url}},{{admin_url}}/cmpl/kyc/detail,,yes,kyc,{{admin_url}}/cmpl/kyc/detail
合规/上传/folder.bru,合规,上传,,,,,,non_request,,,
合规/上传/上传-临时访问 - double.bru,合规,上传-临时访问 - double,POST,{{admin_url}},/cmpl/upload/private,{{admin_url}},{{admin_url}}/cmpl/upload/private?prefix=kyc,,,,{{admin_url}}/cmpl/upload/private?prefix=kyc
合规/上传/上传-公开访问 - double.bru,合规,上传-公开访问 - double,POST,{{admin_url}},/cmpl/upload/public,{{admin_url}},{{admin_url}}/cmpl/upload/public?prefix=banner,,,,{{admin_url}}/cmpl/upload/public?prefix=banner
合规/交易管理/folder.bru,合规,交易管理,,,,,,non_request,,,
合规/交易管理/交易记录- wesley.bru,合规,交易记录- wesley,GET,{{admin_url}},/cmpl/finance/transaction/list,{{admin_url}},{{admin_url}}/cmpl/finance/transaction/list?cash_type=2001&page=1&page_size=5,,,finance,{{admin_url}}/cmpl/finance/transaction/list?cash_type=2001&page=1&page_size=5
合规/交易管理/交易记录导出-wesley.bru,合规,交易记录导出-wesley,POST,{{admin_url}},/cmpl/finance/transaction/export,{{admin_url}},{{admin_url}}/cmpl/finance/transaction/export,,,finance,{{admin_url}}/cmpl/finance/transaction/export
合规/交易管理/账变类型- wesley.bru,合规,账变类型- wesley,GET,{{admin_url}},/cmpl/finance/transaction/types,{{admin_url}},{{admin_url}}/cmpl/finance/transaction/types,,,finance,{{admin_url}}/cmpl/finance/transaction/types
合规/会员列表/folder.bru,合规,会员列表,,,,,,non_request,,,
合规/会员列表/kyc详情 - owen.bru,合规,kyc详情 - owen,GET,{{admin_url}},/cmpl/kyc/detail,{{admin_url}},{{admin_url}}/cmpl/kyc/detail,,yes,kyc,{{admin_url}}/cmpl/kyc/detail
合规/会员列表/会员列表 - seven-double.bru,合规,会员列表 - seven/double,GET,{{admin_url}},/cmpl/member/list,{{admin_url}},{{admin_url}}/cmpl/member/list,,,,{{admin_url}}/cmpl/member/list
合规/会员列表/提现限额.bru,合规,提现限额,GET,admin-pagcor-fat.filbet2025.com,/cmpl/member/withdrawal/limit,{{admin_url}},{{admin_url}}/cmpl/member/withdrawal/limit?uid=63847892565158890,hardcoded_env,,finance,https://admin-pagcor-fat.filbet2025.com/cmpl/member/withdrawal/limit?uid=63847892565158890
合规/会员列表/数据导出 - seven-double.bru,合规,数据导出 - seven/double,GET,{{admin_url}},/cmpl/member/export,{{admin_url}},{{admin_url}}/cmpl/member/export,,,,{{admin_url}}/cmpl/member/export
合规/会员列表/新增会员 - seven-double.bru,合规,新增会员 - seven/double,POST,{{admin_url}},/cmpl/member/insert,{{admin_url}},{{admin_url}}/cmpl/member/insert,,,,{{admin_url}}/cmpl/member/insert
合规/会员列表/更新会员 - seven-double.bru,合规,更新会员 - seven/double,POST,{{admin_url}},/cmpl/member/update,{{admin_url}},{{admin_url}}/cmpl/member/update,,,,{{admin_url}}/cmpl/member/update
合规/会员列表/重置会员密码.bru,合规,重置会员密码,POST,{{admin_url}},/cmpl/member/update/password,{{admin_url}},{{admin_url}}/cmpl/member/update/password,,,auth,{{admin_url}}/cmpl/member/update/password
合规/厂商管理/folder.bru,合规,厂商管理,,,,,,non_request,,,
合规/厂商管理/厂商列表-light.bru,合规,厂商列表-light,GET,{{admin_url}},/cmpl/venue/list,{{admin_url}},{{admin_url}}/cmpl/venue/list,,,,{{admin_url}}/cmpl/venue/list
合规/后台日志/folder.bru,合规,后台日志,,,,,,non_request,,,
合规/后台日志/会员登录日志-seven.bru,合规,会员登录日志-seven,GET,{{admin_url}},/cmpl/member/log/list,{{admin_url}},{{admin_url}}/cmpl/member/log/list?page_isze=10&page=1&client_id=客户端类型&reg_device_no=设备ID,,,,{{admin_url}}/cmpl/member/log/list?page_isze=10&page=1&client_id=客户端类型&reg_device_no=设备ID
合规/后台日志/日志-seven.bru,合规,日志-seven,POST,{{admin_url}},/cmpl/log/list,{{admin_url}},"{{admin_url}}/cmpl/log/list?page_isze=10&page=1&ops=登陆,kcy&result=成功,失败",,,,"{{admin_url}}/cmpl/log/list?page_isze=10&page=1&ops=登陆,kcy&result=成功,失败"
合规/后台账号管理/folder.bru,合规,后台账号管理,,,,,,non_request,,,
合规/后台账号管理/修改账户信息-seven.bru,合规,修改账户信息-seven,POST,{{admin_url}},/cmpl/user/update,{{admin_url}},{{admin_url}}/cmpl/user/update,,,,{{admin_url}}/cmpl/user/update
合规/后台账号管理/后台会员密码otp重置.bru,合规,后台会员密码otp重置,POST,(relative_abs),/cmpl/member/retrieve/password,{{admin_url}},{{admin_url}}/cmpl/member/retrieve/password,,,auth,/cmpl/member/retrieve/password
合规/后台账号管理/后台删除账户-seven.bru,合规,后台删除账户-seven,GET,{{admin_url}},/cmpl/user/delete,{{admin_url}},{{admin_url}}/cmpl/user/delete?id=106260745782845282,,,,{{admin_url}}/cmpl/user/delete?id=106260745782845282
合规/后台账号管理/后台员工修改密码.bru,合规,后台员工修改密码,POST,(relative_abs),/cmpl/user/update/password,{{admin_url}},{{admin_url}}/cmpl/user/update/password,,,auth,/cmpl/user/update/password
合规/后台账号管理/后台登出-seven.bru,合规,后台登出-seven,GET,{{admin_url}},/cmpl/logout,{{admin_url}},{{admin_url}}/cmpl/logout,,,auth,{{admin_url}}/cmpl/logout
合规/后台账号管理/后台账户列表-seven.bru,合规,后台账户列表-seven,GET,{{admin_url}},/cmpl/user/list,{{admin_url}},{{admin_url}}/cmpl/user/list,,,,{{admin_url}}/cmpl/user/list
合规/后台账号管理/后台账户详情(当前登陆信息)-seven.bru,合规,后台账户详情(当前登陆信息)-seven,GET,{{admin_url}},/cmpl/me/detail,{{admin_url}},{{admin_url}}/cmpl/me/detail,,,,{{admin_url}}/cmpl/me/detail
合规/后台账号管理/后台账户详情-seven.bru,合规,后台账户详情-seven,GET,{{admin_url}},/cmpl/user/detail,{{admin_url}},{{admin_url}}/cmpl/user/detail?id=106260745782845282,,,,{{admin_url}}/cmpl/user/detail?id=106260745782845282
合规/后台账号管理/后端账号登陆-seven.bru,合规,后端账号登陆-seven,POST,{{admin_url}},/cmpl/login,{{admin_url}},{{admin_url}}/cmpl/login,,,auth,{{admin_url}}/cmpl/login
合规/后台账号管理/新增账户-seven.bru,合规,新增账户-seven,POST,{{admin_url}},/cmpl/user/insert,{{admin_url}},{{admin_url}}/cmpl/user/insert,,,,{{admin_url}}/cmpl/user/insert
合规/在线用户/folder.bru,合规,在线用户,,,,,,non_request,,,
合规/在线用户/在线会员列表.bru,合规,在线会员列表,GET,(relative_abs),/cmpl/online/list,{{admin_url}},{{admin_url}}/cmpl/online/list,,,,/cmpl/online/list
合规/在线用户/获取在线会员数.bru,合规,获取在线会员数,GET,(relative_abs),/cmpl/online/count,{{admin_url}},{{admin_url}}/cmpl/online/count,,,,/cmpl/online/count
合规/场馆管理/folder.bru,合规,场馆管理,,,,,,non_request,,,
合规/场馆管理/场馆列表.bru,合规,场馆列表,GET,admin-antd.filbet2025.com,/cmpl/platform/list,{{admin_url}},{{admin_url}}/cmpl/platform/list?page=1&page_size=10&game_type=0,hardcoded_env,,,https://admin-antd.filbet2025.com/cmpl/platform/list?page=1&page_size=10&game_type=0
合规/场馆管理/场馆更新状态.bru,合规,场馆更新状态,POST,{{admin_url}},/cmpl/platform/update/state,{{admin_url}},{{admin_url}}/cmpl/platform/update/state,,,,{{admin_url}}/cmpl/platform/update/state
合规/报表/folder.bru,合规,报表,,,,,,non_request,,,
合规/报表/pagcor 导出 - owen.bru,合规,pagcor 导出 - owen,POST,{{admin_url}},/cmpl/report/pagcor/export,{{admin_url}},{{admin_url}}/cmpl/report/pagcor/export,,,,{{admin_url}}/cmpl/report/pagcor/export
合规/报表/pagcor 报表 - owen.bru,合规,pagcor 报表 - owen,POST,admin-pagcor-fat.filbet2025.com,/cmpl/report/pagcor/list,{{admin_url}},{{admin_url}}/cmpl/report/pagcor/list,hardcoded_env,,,https://admin-pagcor-fat.filbet2025.com/cmpl/report/pagcor/list
合规/报表/pagcor 数据字典 - owen.bru,合规,pagcor 数据字典 - owen,POST,{{admin_url}},/cmpl/report/pagcor/dictionary,{{admin_url}},{{admin_url}}/cmpl/report/pagcor/dictionary,,,,{{admin_url}}/cmpl/report/pagcor/dictionary
合规/报表/报表-报告摘要.bru,合规,报表-报告摘要,POST,admin-pagcor-fat.filbet2025.com,/cmpl/report/summary/list,{{admin_url}},{{admin_url}}/cmpl/report/summary/list,hardcoded_env,,,https://admin-pagcor-fat.filbet2025.com/cmpl/report/summary/list
合规/报表/拉单API - light.bru,合规,拉单API - light,POST,{{admin_url}},/cmpl/record/api,{{admin_url}},{{admin_url}}/cmpl/record/api?start_time=1749473206500&end_time=1749483206500&page=1&page_size=10&signature=adfsafagw34234,,,,{{admin_url}}/cmpl/record/api?start_time=1749473206500&end_time=1749483206500&page=1&page_size=10&signature=adfsafagw34234
合规/报表/门店报表 - owen.bru,合规,门店报表 - owen,POST,admin-pagcor-fat.filbet2025.com,/cmpl/report/shop/list,{{admin_url}},{{admin_url}}/cmpl/report/shop/list,hardcoded_env,,,https://admin-pagcor-fat.filbet2025.com/cmpl/report/shop/list
合规/报表/门店报表导出 - owen.bru,合规,门店报表导出 - owen,POST,{{admin_url}},/cmpl/report/shop/export,{{admin_url}},{{admin_url}}/cmpl/report/shop/export,,,,{{admin_url}}/cmpl/report/shop/export
合规/游戏管理/folder.bru,合规,游戏管理,,,,,,non_request,,,
合规/游戏管理/游戏列表.bru,合规,游戏列表,GET,{{admin_url}},/cmpl/game/list,{{admin_url}},{{admin_url}}/cmpl/game/list?page=1&page_size=10&venue_id=1,,,game,{{admin_url}}/cmpl/game/list?page=1&page_size=10&venue_id=1
合规/游戏管理/游戏更新状态.bru,合规,游戏更新状态,POST,{{admin_url}},/cmpl/game/update/state,{{admin_url}},{{admin_url}}/cmpl/game/update/state,,,,{{admin_url}}/cmpl/game/update/state
合规/游戏记录/folder.bru,合规,游戏记录,,,,,,non_request,,,
合规/游戏记录/jackpot记录-owen.bru,合规,jackpot记录-owen,POST,{{admin_url}},/cmpl/jackpot/list,{{admin_url}},{{admin_url}}/cmpl/jackpot/list,,,,{{admin_url}}/cmpl/jackpot/list
合规/游戏记录/jackpot记录导出-owen.bru,合规,jackpot记录导出-owen,POST,{{admin_url}},/cmpl/jackpot/export,{{admin_url}},{{admin_url}}/cmpl/jackpot/export,,,,{{admin_url}}/cmpl/jackpot/export
合规/游戏记录/全平台投注记录-wesley-owen.bru,合规,全平台投注记录-wesley/owen,POST,{{admin_url}},/cmpl/record/bet,{{admin_url}},{{admin_url}}/cmpl/record/bet,,,,{{admin_url}}/cmpl/record/bet
合规/游戏记录/游戏记录导出-wesley-owen.bru,合规,游戏记录导出-wesley/owen,POST,{{admin_url}},/cmpl/record/export,{{admin_url}},{{admin_url}}/cmpl/record/export,,,,{{admin_url}}/cmpl/record/export
合规/系统管理/folder.bru,合规,系统管理,,,,,,non_request,,,
合规/系统管理/权限管理/folder.bru,合规,权限管理,,,,,,non_request,,,
合规/系统管理/权限管理/权限列表.bru,合规,权限列表,GET,admin-antd.filbet2025.com,/cmpl/priv/list,{{admin_url}},{{admin_url}}/cmpl/priv/list?pid=0,hardcoded_env,,,https://admin-antd.filbet2025.com/cmpl/priv/list?pid=0
合规/系统管理/权限管理/角色权限列表.bru,合规,角色权限列表,GET,admin-antd.filbet2025.com,/cmpl/priv/by/group,{{admin_url}},{{admin_url}}/cmpl/priv/by/group?gid=0,hardcoded_env,,,https://admin-antd.filbet2025.com/cmpl/priv/by/group?gid=0
合规/系统管理/白名单管理/folder.bru,合规,白名单管理,,,,,,non_request,,,
合规/系统管理/白名单管理/删除白名单 --yasser.bru,合规,删除白名单 --yasser,GET,{{admin_url}},/cmpl/whiteList/delete,{{admin_url}},{{admin_url}}/cmpl/whiteList/delete?id=123456,,,,{{admin_url}}/cmpl/whiteList/delete?id=123456
合规/系统管理/白名单管理/新增白名单 --yasser.bru,合规,新增白名单 --yasser,POST,47.254.235.130:1111,/cmpl/whiteList/insert,{{admin_url}},{{admin_url}}/cmpl/whiteList/insert,hardcoded_env,,,47.254.235.130:1111/cmpl/whiteList/insert
合规/系统管理/白名单管理/更新白名单 --yasser.bru,合规,更新白名单 --yasser,POST,{{admin_url}},/cmpl/whiteList/update,{{admin_url}},{{admin_url}}/cmpl/whiteList/update,,,,{{admin_url}}//cmpl/whiteList/update
合规/系统管理/白名单管理/白名单列表 --yasser.bru,合规,白名单列表 --yasser,GET,{{admin_url}},/cmpl/whiteList/list,{{admin_url}},{{admin_url}}/cmpl/whiteList/list?page=1&page_size=20,,,,{{admin_url}}//cmpl/whiteList/list?page=1&page_size=20
合规/系统管理/角色管理/folder.bru,合规,角色管理,,,,,,non_request,,,
合规/系统管理/角色管理/新增角色 --yasser.bru,合规,新增角色 --yasser,POST,admin-antd.filbet2025.com,/cmpl/group/insert,{{admin_url}},{{admin_url}}/cmpl/group/insert,hardcoded_env,,,https://admin-antd.filbet2025.com/cmpl/group/insert
合规/系统管理/角色管理/更新角色--yasser.bru,合规,更新角色--yasser,POST,{{admin_url}},/cmpl/group/update,{{admin_url}},{{admin_url}}/cmpl/group/update,,,,{{admin_url}}/cmpl/group/update
合规/系统管理/角色管理/角色列表 --yasser.bru,合规,角色列表 --yasser,GET,{{admin_url}},/cmpl/group/list,{{admin_url}},{{admin_url}}/cmpl/group/list?page=1&page_size=20,,,,{{admin_url}}/cmpl/group/list?page=1&page_size=20
合规/系统管理/通知中心/folder.bru,合规,通知中心,,,,,,non_request,,,
合规/系统管理/通知中心/获取系统通知数量-wesley.bru,合规,获取系统通知数量-wesley,GET,{{admin_url}},/cmpl/notify/audit/alarm,{{admin_url}},{{admin_url}}/cmpl/notify/audit/alarm?t=1,,,,{{admin_url}}/cmpl/notify/audit/alarm?t=1
合规/获取品牌列表.bru,合规,获取品牌列表,GET,,,{{admin_url}},,invalid_url,,,
合规/财务管理/folder.bru,合规,财务管理,,,,,,non_request,,,
合规/财务管理/财务记录/folder.bru,合规,财务记录,,,,,,non_request,,,
合规/财务管理/财务记录/充值记录-wesley.bru,合规,充值记录-wesley,GET,{{url}},/cmpl/finance/deposit/list,{{admin_url}},{{admin_url}}/cmpl/finance/deposit/list,,yes,finance,{{url}}/cmpl/finance/deposit/list
合规/财务管理/财务记录/充值记录导出-wesley.bru,合规,充值记录导出-wesley,POST,{{admin_url}},/cmpl/finance/deposit/export,{{admin_url}},{{admin_url}}/cmpl/finance/deposit/export,,yes,finance,{{admin_url}}/cmpl/finance/deposit/export
合规/财务管理/财务记录/提现渠道列表-cold.bru,合规,提现渠道列表-cold,GET,{{admin_url}},/admin/finance/payment/withdraw/channels,{{admin_url}},{{admin_url}}/admin/finance/payment/withdraw/channels,,yes,finance,{{admin_url}}/admin/finance/payment/withdraw/channels
合规/财务管理/财务记录/提现记录-wesley.bru,合规,提现记录-wesley,GET,{{admin_url}},/cmpl/finance/withdraw/list,{{admin_url}},{{admin_url}}/cmpl/finance/withdraw/list,,yes,finance,{{admin_url}}/cmpl/finance/withdraw/list
合规/财务管理/财务记录/提现记录导出-wesley.bru,合规,提现记录导出-wesley,POST,{{admin_url}},/cmpl/finance/withdraw/export,{{admin_url}},{{admin_url}}/cmpl/finance/withdraw/export,,yes,finance,{{admin_url}}/cmpl/finance/withdraw/export
合规/财务管理/财务记录/支付渠道列表-cold.bru,合规,支付渠道列表-cold,GET,{{admin_url}},/cmpl/finance/payment/deposit/channels,{{admin_url}},{{admin_url}}/cmpl/finance/payment/deposit/channels,,yes,finance,{{admin_url}}/cmpl/finance/payment/deposit/channels
合规/轮播图/folder.bru,合规,轮播图,,,,,,non_request,,,
合规/轮播图/新增轮播图.bru,合规,新增轮播图,POST,admin-antd.filbet2025.com,/cmpl/banner/insert,{{admin_url}},{{admin_url}}/cmpl/banner/insert,hardcoded_env,,,https://admin-antd.filbet2025.com/cmpl/banner/insert
合规/轮播图/轮播图修改.bru,合规,轮播图修改,POST,admin-antd.filbet2025.com,/cmpl/banner/update,{{admin_url}},{{admin_url}}/cmpl/banner/update,hardcoded_env,,,https://admin-antd.filbet2025.com/cmpl/banner/update
合规/轮播图/轮播图列表.bru,合规,轮播图列表,POST,admin-antd.filbet2025.com,/cmpl/banner/list,{{admin_url}},{{admin_url}}/cmpl/banner/list,hardcoded_env,,,https://admin-antd.filbet2025.com/cmpl/banner/list
合规/轮播图/轮播图删除.bru,合规,轮播图删除,GET,admin-antd.filbet2025.com,/cmpl/banner/delete,{{admin_url}},{{admin_url}}/cmpl/banner/delete?id=1,hardcoded_env,,,https://admin-antd.filbet2025.com/cmpl/banner/delete?id=1
合规/轮播图/轮播图更新状态.bru,合规,轮播图更新状态,POST,admin-antd.filbet2025.com,/cmpl/banner/update/state,{{admin_url}},{{admin_url}}/cmpl/banner/update/state,hardcoded_env,,,https://admin-antd.filbet2025.com/cmpl/banner/update/state
合规/门店/folder.bru,合规,门店,,,,,,non_request,,,
合规/门店/修改门店.bru,合规,修改门店,POST,(relative_abs),/cmpl/shop/update,{{admin_url}},{{admin_url}}/cmpl/shop/update,,,,/cmpl/shop/update
合规/门店/新增门店.bru,合规,新增门店,POST,(relative_abs),/cmpl/shop/insert,{{admin_url}},{{admin_url}}/cmpl/shop/insert,,,,/cmpl/shop/insert
合规/门店/门店列表.bru,合规,门店列表,GET,(relative_abs),/cmpl/shop/list,{{admin_url}},{{admin_url}}/cmpl/shop/list,,,,/cmpl/shop/list
后台/VIP/VIP等级区间详情-todo.bru,后台,VIP等级区间详情-todo,GET,127.0.0.1:7095,/admin/vip/level/range/detail,{{admin_url}},{{admin_url}}/admin/vip/level/range/detail?ty=等级区间名称,"todo,hardcoded_env",,,http://127.0.0.1:7095/admin/vip/level/range/detail?ty=等级区间名称
后台/VIP/VIP配置列表-todo.bru,后台,VIP配置列表-todo,GET,admin-fat.filbet2025.com,/admin/vip/level/list,{{admin_url}},{{admin_url}}/admin/vip/level/list,"todo,hardcoded_env",,,https://admin-fat.filbet2025.com/admin/vip/level/list
后台/VIP/VIP配置编辑-todo.bru,后台,VIP配置编辑-todo,POST,127.0.0.1:7095,/admin/vip/level/update,{{admin_url}},{{admin_url}}/admin/vip/level/update,"todo,hardcoded_env",,,http://127.0.0.1:7095/admin/vip/level/update
后台/VIP/VIP配置详情-todo.bru,后台,VIP配置详情-todo,GET,127.0.0.1:7095,/admin/vip/level/detail,{{admin_url}},{{admin_url}}/admin/vip/level/detail?level=VIP等级,"todo,hardcoded_env",,,http://127.0.0.1:7095/admin/vip/level/detail?level=VIP等级
后台/VIP/folder.bru,后台,VIP,,,,,,non_request,,,
后台/VIP/xp成长日志 - felix.bru,后台,xp成长日志 - felix,GET,{{admin_domain}},/admin/vip/xp/list,{{admin_url}},{{admin_url}}/admin/vip/xp/list?ids=3&min_xp=3&start_at&end_at&page&page_size=3&uid=2,,,,{{admin_domain}}/admin/vip/xp/list?ids=3&min_xp=3&start_at&end_at&page&page_size=3&uid=2
后台/VIP/导出xp成长日志 - felix.bru,后台,导出xp成长日志 - felix,GET,{{admin_domain}},/admin/vip/xp/export,{{admin_url}},"{{admin_url}}/admin/vip/xp/export?ids=1,2&min_xp=3&max_xp&start_at&end_at&topic_id=111&uid=2",,,,"{{admin_domain}}/admin/vip/xp/export?ids=1,2&min_xp=3&max_xp&start_at&end_at&topic_id=111&uid=2"
后台/VIP/导出礼金列表 - felix.bru,后台,导出礼金列表 - felix,GET,{{admin_domain}},/admin/bonus/export,{{admin_url}},{{admin_url}}/admin/bonus/export?uid=1901963030459928576&ids&state&activity_name&received_start_at&received_end_at&created_start_at&created_end_at&review_start_at&review_end_at&min_amount&max_amount&created_name&review_name&page&page_size&topic_id=11,,,,{{admin_domain}}/admin/bonus/export?uid=1901963030459928576&ids&state&activity_name&received_start_at&received_end_at&created_start_at&created_end_at&review_start_at&review_end_at&min_amount&max_amount&created_name&review_name&page&page_size&topic_id=11
后台/VIP/礼金列表 - felix.bru,后台,礼金列表 - felix,GET,{{admin_domain}},/admin/bonus/list,{{admin_url}},{{admin_url}}/admin/bonus/list?uid=1901963030459928576&ids&state&activity_id&received_start_at&received_end_at&created_start_at&created_end_at&review_start_at&review_end_at&min_amount&max_amount&created_name&review_name&page&page_size&remark,,,,{{admin_domain}}/admin/bonus/list?uid=1901963030459928576&ids&state&activity_id&received_start_at&received_end_at&created_start_at&created_end_at&review_start_at&review_end_at&min_amount&max_amount&created_name&review_name&page&page_size&remark
后台/Vipv2/folder.bru,后台,Vipv2,,,,,,non_request,,,
后台/Vipv2/会员vip手动升级.bru,后台,会员vip手动升级,POST,{{admin_url}},/admin/member/vip/level/manual/upgrade,{{admin_url}},{{admin_url}}/admin/member/vip/level/manual/upgrade,name_v2,,member,{{admin_url}}/admin/member/vip/level/manual/upgrade
后台/Vipv2/会员vip等级记录.bru,后台,会员vip等级记录,GET,admin-fat.filbet2025.com,/admin/member/vip/level/list,{{admin_url}},{{admin_url}}/admin/member/vip/level/list?page=1&page_size=10&uid=7896475377333960&start_time=1774972800000&end_time=1778083200000,"name_v2,hardcoded_env",,member,https://admin-fat.filbet2025.com/admin/member/vip/level/list?page=1&page_size=10&uid=7896475377333960&start_time=1774972800000&end_time=1778083200000
后台/Vipv2/半月礼金活动记录-导出-aliang.bru,后台,半月礼金活动记录-导出-aliang,GET,admin-fat.filbet2025.com,/admin/promo/vip/half/moon/export,{{admin_url}},{{admin_url}}/admin/promo/vip/half/moon/export,"name_v2,hardcoded_env",,,https://admin-fat.filbet2025.com/admin/promo/vip/half/moon/export
后台/Vipv2/半月礼金活动记录列表-aliang.bru,后台,半月礼金活动记录列表-aliang,GET,admin-fat.filbet2025.com,/admin/promo/vip/half/moon/list,{{admin_url}},{{admin_url}}/admin/promo/vip/half/moon/list?page=1&page_size=100&phone=9812343526,"name_v2,hardcoded_env",,,https://admin-fat.filbet2025.com/admin/promo/vip/half/moon/list?page=1&page_size=100&phone=9812343526
后台/Vipv2/奖励表-导出-aliang.bru,后台,奖励表-导出-aliang,GET,admin-fat.filbet2025.com,/admin/promo/vip/log/export,{{admin_url}},{{admin_url}}/admin/promo/vip/log/export,"name_v2,hardcoded_env",,,https://admin-fat.filbet2025.com/admin/promo/vip/log/export
后台/Vipv2/奖励表列表-aliang.bru,后台,奖励表列表-aliang,GET,admin-fat.filbet2025.com,/admin/promo/vip/log/list,{{admin_url}},{{admin_url}}/admin/promo/vip/log/list?page=1&page_size=20,"name_v2,hardcoded_env",,,https://admin-fat.filbet2025.com/admin/promo/vip/log/list?page=1&page_size=20
后台/Vipv2/每日签到列表.bru,后台,每日签到列表,GET,admin-fat.filbet2025.com,/admin/promo/vip/sign/in/list,{{admin_url}},{{admin_url}}/admin/promo/vip/sign/in/list,"name_v2,hardcoded_env",,,https://admin-fat.filbet2025.com/admin/promo/vip/sign/in/list
后台/Vipv2/每日签到导出.bru,后台,每日签到导出,GET,admin-fat.filbet2025.com,/admin/promo/vip/sign/in/export,{{admin_url}},{{admin_url}}/admin/promo/vip/sign/in/export?topic_id=123456,"name_v2,hardcoded_env",,,https://admin-fat.filbet2025.com/admin/promo/vip/sign/in/export?topic_id=123456
后台/Vipv2/每日负盈利活动记录-aliang.bru,后台,每日负盈利活动记录-aliang,GET,admin-fat.filbet2025.com,/admin/promo/vip/daily/loss/list,{{admin_url}},{{admin_url}}/admin/promo/vip/daily/loss/list?page=1&page_size=100&phone=9812343526,"name_v2,hardcoded_env",,,https://admin-fat.filbet2025.com/admin/promo/vip/daily/loss/list?page=1&page_size=100&phone=9812343526
后台/Vipv2/每日负盈利活动记录-导出-aliang.bru,后台,每日负盈利活动记录-导出-aliang,GET,admin-fat.filbet2025.com,/admin/promo/vip/daily/loss/export,{{admin_url}},{{admin_url}}/admin/promo/vip/daily/loss/export,"name_v2,hardcoded_env",,,https://admin-fat.filbet2025.com/admin/promo/vip/daily/loss/export
后台/Vipv2/活动编辑.bru,后台,活动编辑,POST,(relative_abs),/admin/promo/update,{{admin_url}},{{admin_url}}/admin/promo/update,name_v2,,,/admin/promo/update
后台/Vipv2/获取XP对照表.bru,后台,获取XP对照表,GET,admin-fat.filbet2025.com,/admin/vip/config/comparison,{{admin_url}},{{admin_url}}/admin/vip/config/comparison,"name_v2,hardcoded_env",,,https://admin-fat.filbet2025.com/admin/vip/config/comparison
后台/Vipv2/配置列表.bru,后台,配置列表,GET,admin-fat.filbet2025.com,/admin/vip/config/listv2,{{admin_url}},{{admin_url}}/admin/vip/config/listv2,"name_v2,hardcoded_env",,,https://admin-fat.filbet2025.com/admin/vip/config/listv2
后台/Vipv2/配置编辑.bru,后台,配置编辑,POST,admin-fat.filbet2025.com,/admin/vip/config/edit,{{admin_url}},{{admin_url}}/admin/vip/config/edit,"name_v2,hardcoded_env",,,https://admin-fat.filbet2025.com/admin/vip/config/edit
后台/folder.bru,后台,后台,,,,,,non_request,,,
后台/game管理/folder.bru,后台,game管理,,,,,,non_request,,,
后台/game管理/freebet活动管理/folder.bru,后台,freebet活动管理,,,,,,non_request,,,
后台/game管理/freebet活动管理/freebet活动管理-取消免费投注.bru,后台,freebet活动管理-取消免费投注,POST,{fat},/admin/promo/bti/world/cup/cancel,{{admin_url}},{{admin_url}}/admin/promo/bti/world/cup/cancel,,,,{fat}/admin/promo/bti/world/cup/cancel
后台/game管理/freebet活动管理/freebet活动管理-同步状态.bru,后台,freebet活动管理-同步状态,POST,(relative_abs),/admin/promo/bti/world/cup/bti/syn,{{admin_url}},{{admin_url}}/admin/promo/bti/world/cup/bti/syn,,,,/admin/promo/bti/world/cup/bti/syn
后台/game管理/freebet活动管理/freebet活动管理-重新发放.bru,后台,freebet活动管理-重新发放,GET,{fat},/admin/promo/bti/world/cup/list,{{admin_url}},{{admin_url}}/admin/promo/bti/world/cup/list,,,,{fat}/admin/promo/bti/world/cup/list
后台/game管理/freebet活动管理/freebet活动管理列表.bru,后台,freebet活动管理列表,GET,{fat},/admin/promo/bti/world/cup/list,{{admin_url}},{{admin_url}}/admin/promo/bti/world/cup/list,,,,{fat}/admin/promo/bti/world/cup/list
后台/game管理/freebet活动管理/freebet活动管理列表导出.bru,后台,freebet活动管理列表导出,GET,{fat},/admin/promo/bti/world/cup/list,{{admin_url}},{{admin_url}}/admin/promo/bti/world/cup/list,,,,{fat}/admin/promo/bti/world/cup/list
后台/game管理/免费旋转游戏列表.bru,后台,免费旋转游戏列表,GET,admin-fat.filbet2025.com,/admin/game/freespins,{{admin_url}},"{{admin_url}}/admin/game/freespins?provider_names=fc,jili",hardcoded_env,,,"https://admin-fat.filbet2025.com/admin/game/freespins?provider_names=fc,jili"
后台/game管理/厂商管理/+更新厂商记录-owen.bru,后台,+更新厂商记录-owen,POST,{{cbor_request_proxy}},/admin/platform/update,{{admin_url}},{{admin_url}}/admin/platform/update,,,,{{cbor_request_proxy}}/admin/platform/update
后台/game管理/厂商管理/+查询厂商列表-owen.bru,后台,+查询厂商列表-owen,POST,{{cbor_request_proxy}},/admin/platform/search,{{admin_url}},{{admin_url}}/admin/platform/search,,,,{{cbor_request_proxy}}/admin/platform/search
后台/game管理/厂商管理/+添加厂商记录-owen.bru,后台,+添加厂商记录-owen,POST,{{cbor_request_proxy}},/admin/platform/insert,{{admin_url}},{{admin_url}}/admin/platform/insert,,,,{{cbor_request_proxy}}/admin/platform/insert
后台/game管理/厂商管理/folder.bru,后台,厂商管理,,,,,,non_request,,,
后台/game管理/厂商管理/厂商列表-light-owen.bru,后台,厂商列表-light/owen,POST,{{admin_url}},/admin/venue/list,{{admin_url}},{{admin_url}}/admin/venue/list,,,,{{admin_url}}/admin/venue/list
后台/game管理/厂商管理/获取厂商支持的场馆.bru,后台,获取厂商支持的场馆,GET,{{admin_url}},/admin/platform/gametype,{{admin_url}},{{admin_url}}/admin/platform/gametype?venue_id=123,,,,{{admin_url}}/admin/platform/gametype?venue_id=123
后台/game管理/场馆管理/+更新场馆记录-owen.bru,后台,+更新场馆记录-owen,POST,{{cbor_request_proxy}},/admin/gameclass/update,{{admin_url}},{{admin_url}}/admin/gameclass/update,,,,{{cbor_request_proxy}}/admin/gameclass/update
后台/game管理/场馆管理/+查询场馆列表-owen.bru,后台,+查询场馆列表-owen,POST,{{cbor_request_proxy}},/admin/gameclass/list,{{admin_url}},{{admin_url}}/admin/gameclass/list,,,,{{cbor_request_proxy}}/admin/gameclass/list
后台/game管理/场馆管理/+添加场馆记录-owen.bru,后台,+添加场馆记录-owen,POST,{{cbor_request_proxy}},/admin/gameclass/insert,{{admin_url}},{{admin_url}}/admin/gameclass/insert,,,,{{cbor_request_proxy}}/admin/gameclass/insert
后台/game管理/场馆管理/folder.bru,后台,场馆管理,,,,,,non_request,,,
后台/game管理/场馆管理/场馆列表-owen.bru,后台,场馆列表-owen,POST,admin-antd.filbet2025.com,/admin/platform/list,{{admin_url}},{{admin_url}}/admin/platform/list,hardcoded_env,,,https://admin-antd.filbet2025.com/admin/platform/list
后台/game管理/场馆管理/场馆更新状态-owen.bru,后台,场馆更新状态-owen,POST,{{cbor_request_proxy}},/admin/platform/update/state,{{admin_url}},{{admin_url}}/admin/platform/update/state,,,,{{cbor_request_proxy}}/admin/platform/update/state
后台/game管理/场馆管理/查询缓存-owen.bru,后台,查询缓存-owen,POST,{{cbor_request_proxy}},/admin/gameclass/member/index,{{admin_url}},{{admin_url}}/admin/gameclass/member/index,,,,{{cbor_request_proxy}}/admin/gameclass/member/index
后台/game管理/游戏管理/+修改 -权重标签--owen.bru,后台,+修改 <权重标签>-owen,POST,{{cbor_request_proxy}},/admin/game/dictweighttag/update/state,{{admin_url}},{{admin_url}}/admin/game/dictweighttag/update/state,,,,{{cbor_request_proxy}}/admin/game/dictweighttag/update/state
后台/game管理/游戏管理/+修改 -类型标签--owen.bru,后台,+修改 <类型标签>-owen,POST,{{cbor_request_proxy}},/admin/game/dicttypetag/update/state,{{admin_url}},{{admin_url}}/admin/game/dicttypetag/update/state,,,,{{cbor_request_proxy}}/admin/game/dicttypetag/update/state
后台/game管理/游戏管理/+添加 -权重标签--owen.bru,后台,+添加 <权重标签>-owen,POST,{{cbor_request_proxy}},/admin/game/dictweighttag/insert,{{admin_url}},{{admin_url}}/admin/game/dictweighttag/insert,,,,{{cbor_request_proxy}}/admin/game/dictweighttag/insert
后台/game管理/游戏管理/+添加 -类型标签--owen.bru,后台,+添加 <类型标签>-owen,POST,{{cbor_request_proxy}},/admin/game/dicttypetag/insert,{{admin_url}},{{admin_url}}/admin/game/dicttypetag/insert,,,,{{cbor_request_proxy}}/admin/game/dicttypetag/insert
后台/game管理/游戏管理/+游戏列表查询-owen-aliang.bru,后台,+游戏列表查询-owen-aliang,POST,{{cbor_request_proxy}},/admin/game/search,{{admin_url}},{{admin_url}}/admin/game/search,,,,{{cbor_request_proxy}}/admin/game/search
后台/game管理/游戏管理/+游戏列表查询-结果导出-owen.bru,后台,+游戏列表查询-结果导出-owen,POST,{{cbor_request_proxy}},/admin/game/search/export,{{admin_url}},{{admin_url}}/admin/game/search/export,,,,{{cbor_request_proxy}}/admin/game/search/export
后台/game管理/游戏管理/+游戏条目更新-owen.bru,后台,+游戏条目更新-owen,POST,{{cbor_request_proxy}},/admin/game/update,{{admin_url}},{{admin_url}}/admin/game/update,,,,{{cbor_request_proxy}}/admin/game/update
后台/game管理/游戏管理/+游戏绑定到场馆-owen.bru,后台,+游戏绑定到场馆-owen,POST,{{cbor_request_proxy}},/admin/game/bindvenue,{{admin_url}},{{admin_url}}/admin/game/bindvenue,,,,{{cbor_request_proxy}}/admin/game/bindvenue
后台/game管理/游戏管理/+给游戏添加权重标签-owen.bru,后台,+给游戏添加权重标签-owen,POST,{{cbor_request_proxy}},/admin/game/gameweighttag/insert,{{admin_url}},{{admin_url}}/admin/game/gameweighttag/insert,,,,{{cbor_request_proxy}}/admin/game/gameweighttag/insert
后台/game管理/游戏管理/+获取 -权重标签- 列表-owen.bru,后台,+获取 <权重标签> 列表-owen,POST,{{cbor_request_proxy}},/admin/game/dictweighttag/list,{{admin_url}},{{admin_url}}/admin/game/dictweighttag/list,,,,{{cbor_request_proxy}}/admin/game/dictweighttag/list
后台/game管理/游戏管理/+获取 -类型标签- 列表-owen.bru,后台,+获取 <类型标签> 列表-owen,POST,{{cbor_request_proxy}},/admin/game/dicttypetag/list,{{admin_url}},{{admin_url}}/admin/game/dicttypetag/list,,,,{{cbor_request_proxy}}/admin/game/dicttypetag/list
后台/game管理/游戏管理/folder.bru,后台,游戏管理,,,,,,non_request,,,
后台/game管理/游戏管理/更新游戏合规状态-light-owen.bru,后台,更新游戏合规状态-light/owen,POST,{{admin_url}},/admin/game/update/compliance,{{admin_url}},{{admin_url}}/admin/game/update/compliance,,,,{{admin_url}}/admin/game/update/compliance
后台/game管理/游戏管理/游戏下拉框-owen.bru,后台,游戏下拉框-owen,GET,{{admin_url}},/admin/game/downbox,{{admin_url}},{{admin_url}}/admin/game/downbox,,,,{{admin_url}}/admin/game/downbox
后台/game管理/游戏管理/游戏列表-owen.bru,后台,游戏列表-owen,POST,{{admin_url}},/admin/game/list,{{admin_url}},{{admin_url}}/admin/game/list,,,game,{{admin_url}}/admin/game/list
后台/game管理/游戏管理/游戏导入.bru,后台,游戏导入,POST,{{admin_url}},/admin/game/import,{{admin_url}},{{admin_url}}/admin/game/import,,,,{{admin_url}}/admin/game/import
后台/game管理/游戏管理/游戏导入失败列表.bru,后台,游戏导入失败列表,GET,{{admin_url}},/admin/game/import/failed/list,{{admin_url}},{{admin_url}}/admin/game/import/failed/list?page=1&page_size=100,,,,{{admin_url}}/admin/game/import/failed/list?page=1&page_size=100
后台/game管理/游戏管理/游戏新增.bru,后台,游戏新增,POST,{{admin_url}},/admin/game/insert,{{admin_url}},{{admin_url}}/admin/game/insert,,,,{{admin_url}}/admin/game/insert
后台/game管理/游戏管理/游戏更新状态.bru,后台,游戏更新状态,POST,{{cbor_request_proxy}},/admin/game/update/state,{{admin_url}},{{admin_url}}/admin/game/update/state,,,,{{cbor_request_proxy}}/admin/game/update/state
后台/game管理/游戏管理/游戏设置排序标签.bru,后台,游戏设置排序标签,POST,{{cbor_request_proxy}},/admin/game/update/tags,{{admin_url}},{{admin_url}}/admin/game/update/tags,,,,{{cbor_request_proxy}}/admin/game/update/tags
后台/kyc/ekyc编辑.bru,后台,ekyc编辑,POST,admin-fat.filbet2025.com,/admin/kyc/edit,{{admin_url}},{{admin_url}}/admin/kyc/edit,hardcoded_env,yes,kyc,https://admin-fat.filbet2025.com/admin/kyc/edit
后台/kyc/ekyc配置编辑.bru,后台,ekyc配置编辑,POST,admin-fat.filbet2025.com,/admin/kyc/config/edit,{{admin_url}},{{admin_url}}/admin/kyc/config/edit,hardcoded_env,yes,kyc,https://admin-fat.filbet2025.com/admin/kyc/config/edit
后台/kyc/folder.bru,后台,kyc,,,,,,non_request,yes,kyc,
后台/kyc/kyc 审核通过 - double.bru,后台,kyc 审核通过 - double,POST,{{admin_url}},/admin/kyc/approve,{{admin_url}},{{admin_url}}/admin/kyc/approve,,yes,kyc,{{admin_url}}/admin/kyc/approve
后台/kyc/kyc 审核驳回 - double.bru,后台,kyc 审核驳回 - double,POST,{{admin_url}},/admin/kyc/reject,{{admin_url}},{{admin_url}}/admin/kyc/reject,,yes,kyc,{{admin_url}}/admin/kyc/reject
后台/kyc/uid数组查询详情页.bru,后台,uid数组查询详情页,POST,{{admin_url}},/admin/kyc/details,{{admin_url}},{{admin_url}}/admin/kyc/details,,yes,kyc,{{admin_url}}/admin/kyc/details
后台/kyc/异动记录.bru,后台,异动记录,GET,admin-fat.filbet2025.com,/admin/kyc/ekyc/log,{{admin_url}},{{admin_url}}/admin/kyc/ekyc/log?uid=62368292488145898,hardcoded_env,yes,kyc,https://admin-fat.filbet2025.com/admin/kyc/ekyc/log?uid=62368292488145898
后台/kyc/更新 kyc - double.bru,后台,更新 kyc - double,POST,{{admin_url}},/admin/kyc/update,{{admin_url}},{{admin_url}}/admin/kyc/update,,yes,kyc,{{admin_url}}/admin/kyc/update
后台/kyc/统计每天审核通过数量.bru,后台,统计每天审核通过数量,GET,{{admin_url}},/admin/kyc/approved/count,{{admin_url}},{{admin_url}}/admin/kyc/approved/count,,yes,kyc,{{admin_url}}/admin/kyc/approved/count
后台/kyc/获取 kyc 列表 - double-owen.bru,后台,获取 kyc 列表 - double/owen,POST,admin-fat.filbet2025.com,/admin/kyc/list,{{admin_url}},{{admin_url}}/admin/kyc/list?phone=9876667334&created_end_time=1774972799999&created_start_time=1772294400000&source=default,hardcoded_env,yes,kyc,https://admin-fat.filbet2025.com/admin/kyc/list?phone=9876667334&created_end_time=1774972799999&created_start_time=1772294400000&source=default
后台/kyc/获取 kyc 待审批数量.bru,后台,获取 kyc 待审批数量,GET,{{admin_url}},/admin/kyc/pending/count,{{admin_url}},{{admin_url}}/admin/kyc/pending/count,,yes,kyc,{{admin_url}}/admin/kyc/pending/count
后台/kyc/获取 kyc 详情 - double.bru,后台,获取 kyc 详情 - double,GET,{{admin_url}},/admin/kyc/detail,{{admin_url}},{{admin_url}}/admin/kyc/detail,,yes,kyc,{{admin_url}}/admin/kyc/detail
后台/kyc/获取ekyc相关配置.bru,后台,获取ekyc相关配置,GET,admin-fat.filbet2025.com,/admin/kyc/config/info,{{admin_url}},{{admin_url}}/admin/kyc/config/info,hardcoded_env,yes,kyc,https://admin-fat.filbet2025.com/admin/kyc/config/info
后台/vip代币钱包/folder.bru,后台,vip代币钱包,,,,,,non_request,,,
后台/vip代币钱包/vip任务中心/folder.bru,后台,vip任务中心,,,,,,non_request,,,
后台/vip代币钱包/代币上下分.bru,后台,代币上下分,POST,(relative_abs),/admin/finance/tokens/adjust,{{admin_url}},{{admin_url}}/admin/finance/tokens/adjust,,,finance,/admin/finance/tokens/adjust
后台/vip代币钱包/代币账变列表.bru,后台,代币账变列表,GET,(relative_abs),/admin/finance/tokens/transaction/list,{{admin_url}},{{admin_url}}/admin/finance/tokens/transaction/list,,,finance,/admin/finance/tokens/transaction/list
后台/vip代币钱包/代币账变导出.bru,后台,代币账变导出,GET,(relative_abs),/admin/finance/tokens/transaction/export,{{admin_url}},{{admin_url}}/admin/finance/tokens/transaction/export,,,finance,/admin/finance/tokens/transaction/export
后台/vip任务中心/folder.bru,后台,vip任务中心,,,,,,non_request,,,
后台/vip任务中心/任务中心列表-seven.bru,后台,任务中心列表-seven,GET,(relative_abs),/admin/promo/task/list,{{admin_url}},{{admin_url}}/admin/promo/task/list,,,,/admin/promo/task/list
后台/vip任务中心/任务中心导出-seven.bru,后台,任务中心导出-seven,GET,(relative_abs),/admin/promo/task/export,{{admin_url}},{{admin_url}}/admin/promo/task/export,,,,/admin/promo/task/export
后台/vip任务中心/任务奖励列表导出-seven.bru,后台,任务奖励列表导出-seven,GET,(relative_abs),/admin/promo/task/transaction/export,{{admin_url}},{{admin_url}}/admin/promo/task/transaction/export,,,finance,/admin/promo/task/transaction/export
后台/vip任务中心/任务奖金列表-seven.bru,后台,任务奖金列表-seven,GET,(relative_abs),/admin/promo/task/transaction,{{admin_url}},{{admin_url}}/admin/promo/task/transaction,,,finance,/admin/promo/task/transaction
后台/vip任务中心/任务清单(账变)-seven.bru,后台,任务清单(账变)-seven,GET,(relative_abs),/admin/promo/task/all,{{admin_url}},{{admin_url}}/admin/promo/task/all,,,,/admin/promo/task/all
后台/vip任务中心/新增任务-seven.bru,后台,新增任务-seven,POST,(relative_abs),/admin/promo/task/insert,{{admin_url}},{{admin_url}}/admin/promo/task/insert,,,,/admin/promo/task/insert
后台/上传/folder.bru,后台,上传,,,,,,non_request,,,
后台/上传/上传-临时访问 - double.bru,后台,上传-临时访问 - double,POST,{{admin_url}},/admin/upload/private,{{admin_url}},{{admin_url}}/admin/upload/private?prefix=kyc,,,,{{admin_url}}/admin/upload/private?prefix=kyc
后台/上传/上传-公开访问 - double.bru,后台,上传-公开访问 - double,POST,{{admin_url}},/admin/upload/public,{{admin_url}},{{admin_url}}/admin/upload/public?prefix=banner,,,,{{admin_url}}/admin/upload/public?prefix=banner
后台/代理管理/folder.bru,后台,代理管理,,,,,,non_request,,,
后台/代理管理/代理统计导出.bru,后台,代理统计导出,GET,admin-fat.filbet2025.com,/admin/reports/agency/export,{{admin_url}},{{admin_url}}/admin/reports/agency/export?topic_id=12345,hardcoded_env,,,https://admin-fat.filbet2025.com/admin/reports/agency/export?topic_id=12345
后台/代理管理/代理统计报表.bru,后台,代理统计报表,GET,admin-fat.filbet2025.com,/admin/reports/agency,{{admin_url}},{{admin_url}}/admin/reports/agency?page_size=20&page=1,hardcoded_env,,,https://admin-fat.filbet2025.com/admin/reports/agency?page_size=20&page=1
后台/会员列表/block解封.bru,后台,block解封,POST,admin-fat.filbet2025.com,/admin/member/unblock,{{admin_url}},{{admin_url}}/admin/member/unblock,hardcoded_env,,,https://admin-fat.filbet2025.com/admin/member/unblock
后台/会员列表/folder.bru,后台,会员列表,,,,,,non_request,,,
后台/会员列表/kyc详情.bru,后台,kyc详情,GET,{{admin_url}},/admin/kyc/detail,{{admin_url}},{{admin_url}}/admin/kyc/detail,,yes,kyc,{{admin_url}}/admin/kyc/detail
后台/会员列表/三方账号解绑.bru,后台,三方账号解绑,POST,admin-fat.filbet2025.com,/admin/member/unbind,{{admin_url}},{{admin_url}}/admin/member/unbind,hardcoded_env,,,https://admin-fat.filbet2025.com/admin/member/unbind
后台/会员列表/代理查询.bru,后台,代理查询,GET,admin-fat.filbet2025.com,/admin/superior/one,{{admin_url}},{{admin_url}}/admin/superior/one?uid=35404900540148714,hardcoded_env,,,https://admin-fat.filbet2025.com/admin/superior/one?uid=35404900540148714
后台/会员列表/会员列表 - seven-double.bru,后台,会员列表 - seven/double,GET,admin-fat.filbet2025.com,/admin/member/list,{{admin_url}},{{admin_url}}/admin/member/list?page=1&page_size=10&risk_tag=对打,hardcoded_env,,,https://admin-fat.filbet2025.com/admin/member/list?page=1&page_size=10&risk_tag=对打
后台/会员列表/会员流水清理-light.bru,后台,会员流水清理-light,POST,{{admin_url}},/admin/member/turnover/clear,{{admin_url}},{{admin_url}}/admin/member/turnover/clear,,,,{{admin_url}}/admin/member/turnover/clear
后台/会员列表/会员详情 - seven-double.bru,后台,会员详情 - seven/double,GET,{{admin_url}},/admin/member/detail,{{admin_url}},{{admin_url}}/admin/member/detail,,,member,{{admin_url}}/admin/member/detail
后台/会员列表/会员购买免费旋转记录.bru,后台,会员购买免费旋转记录,GET,{{admin_url}},/admin/member/buyfeature/list,{{admin_url}},{{admin_url}}/admin/member/buyfeature/list?page=1&page_size=10&uid=1,,,,{{admin_url}}/admin/member/buyfeature/list?page=1&page_size=10&uid=1
后台/会员列表/会员转线.bru,后台,会员转线,POST,admin-fat.filbet2025.com,/admin/superior/update,{{admin_url}},{{admin_url}}/admin/superior/update,hardcoded_env,,,https://admin-fat.filbet2025.com/admin/superior/update
后台/会员列表/会员转线log.bru,后台,会员转线log,GET,admin-fat.filbet2025.com,/admin/superior/log,{{admin_url}},{{admin_url}}/admin/superior/log?uid=58151291163044842,hardcoded_env,,,https://admin-fat.filbet2025.com/admin/superior/log?uid=58151291163044842
后台/会员列表/会员钱包 - wesley.bru,后台,会员钱包 - wesley,GET,{{admin_url}},/admin/finance/member/wallet,{{admin_url}},{{admin_url}}/admin/finance/member/wallet?uid=123,,,finance,{{admin_url}}/admin/finance/member/wallet?uid=123
后台/会员列表/会员限制状态列表.bru,后台,会员限制状态列表,GET,(relative_abs),/admin/member/limitation/state/info,{{admin_url}},{{admin_url}}/admin/member/limitation/state/info?uid=1212,,,,/admin/member/limitation/state/info?uid=1212
后台/会员列表/封禁会员-sunny.bru,后台,封禁会员-sunny,POST,,,{{admin_url}},,invalid_url,,,
后台/会员列表/数据导出 - seven-double.bru,后台,数据导出 - seven/double,GET,{{admin_url}},/admin/member/export,{{admin_url}},{{admin_url}}/admin/member/export,,,,{{admin_url}}/admin/member/export
后台/会员列表/新增会员 - seven-double.bru,后台,新增会员 - seven/double,POST,{{admin_url}},/admin/member/insert,{{admin_url}},{{admin_url}}/admin/member/insert,,,,{{admin_url}}/admin/member/insert
后台/会员列表/更新会员 - seven-double.bru,后台,更新会员 - seven/double,POST,{{admin_url}},/admin/member/update,{{admin_url}},{{admin_url}}/admin/member/update,,,,{{admin_url}}/admin/member/update
后台/会员列表/更新会员购买免费旋转记录.bru,后台,更新会员购买免费旋转记录,POST,{{admin_url}},/admin/member/buyfeature/state/set,{{admin_url}},{{admin_url}}/admin/member/buyfeature/state/set,,,,{{admin_url}}/admin/member/buyfeature/state/set
后台/会员列表/更新会员限制状态.bru,后台,更新会员限制状态,POST,admin-fat.filbet2025.com,/admin/member/limitation/state/update,{{admin_url}},{{admin_url}}/admin/member/limitation/state/update,hardcoded_env,,,https://admin-fat.filbet2025.com/admin/member/limitation/state/update
后台/会员列表/清空提款密码 -- ducky.bru,后台,清空提款密码 -- ducky,GET,admin-fat.filbet2025.com,/admin/finance/member/wallet/pwd/clear,{{admin_url}},{{admin_url}}/admin/finance/member/wallet/pwd/clear?uid=38578612533783530,hardcoded_env,,finance,https://admin-fat.filbet2025.com/admin/finance/member/wallet/pwd/clear?uid=38578612533783530
后台/会员列表/获取会员变更记录.bru,后台,获取会员变更记录,GET,{{admin_url}},/admin/member/change/logs,{{admin_url}},{{admin_url}}/admin/member/change/logs?uid=1&change_type=0,,,,{{admin_url}}/admin/member/change/logs?uid=1&change_type=0
后台/会员列表/重置会员密码.bru,后台,重置会员密码,POST,{{admin_url}},/admin/member/update/password,{{admin_url}},{{admin_url}}/admin/member/update/password,,,auth,{{admin_url}}/admin/member/update/password
后台/会员列表/风控日志.bru,后台,风控日志,GET,admin-fat.filbet2025.com,/admin/member/risk/log,{{admin_url}},"{{admin_url}}/admin/member/risk/log?remark=test1,测试2",hardcoded_env,,,"https://admin-fat.filbet2025.com/admin/member/risk/log?remark=test1,测试2"
后台/会员列表/风控调整.bru,后台,风控调整,POST,admin-fat.filbet2025.com,/admin/member/risk/update,{{admin_url}},{{admin_url}}/admin/member/risk/update,hardcoded_env,,,https://admin-fat.filbet2025.com/admin/member/risk/update
后台/会员流水/folder.bru,后台,会员流水,,,,,,non_request,,,
后台/会员流水/会员流水-增加.bru,后台,会员流水-增加,POST,admin-fat.filbet2025.com,/admin/finance/turnover/add,{{admin_url}},{{admin_url}}/admin/finance/turnover/add,hardcoded_env,,finance,https://admin-fat.filbet2025.com/admin/finance/turnover/add
后台/会员流水/会员流水-异动记录-类型列表.bru,后台,会员流水-异动记录-类型列表,GET,admin-fat.filbet2025.com,/admin/finance/turnover/change/types,{{admin_url}},{{admin_url}}/admin/finance/turnover/change/types,hardcoded_env,,finance,https://admin-fat.filbet2025.com/admin/finance/turnover/change/types
后台/会员流水/会员流水-异动记录.bru,后台,会员流水-异动记录,GET,admin-fat.filbet2025.com,/admin/finance/turnover/change/list,{{admin_url}},{{admin_url}}/admin/finance/turnover/change/list?page=1&page_size=20,hardcoded_env,,finance,https://admin-fat.filbet2025.com/admin/finance/turnover/change/list?page=1&page_size=20
后台/会员流水/会员流水-扣减.bru,后台,会员流水-扣减,POST,admin-fat.filbet2025.com,/admin/finance/turnover/sub,{{admin_url}},{{admin_url}}/admin/finance/turnover/sub,hardcoded_env,,finance,https://admin-fat.filbet2025.com/admin/finance/turnover/sub
后台/会员流水/会员流水-清零.bru,后台,会员流水-清零,POST,admin-fat.filbet2025.com,/admin/finance/turnover/clear,{{admin_url}},{{admin_url}}/admin/finance/turnover/clear,hardcoded_env,,finance,https://admin-fat.filbet2025.com/admin/finance/turnover/clear
后台/会员流水/会员流水明细.bru,后台,会员流水明细,GET,admin-fat.filbet2025.com,/admin/finance/turnover/list,{{admin_url}},{{admin_url}}/admin/finance/turnover/list?uid=30348640375598058&page=1&page_size=20,hardcoded_env,,finance,https://admin-fat.filbet2025.com/admin/finance/turnover/list?uid=30348640375598058&page=1&page_size=20
后台/会员流水/会员流水清理-light.bru,后台,会员流水清理-light,POST,admin-fat.filbet2025.com,/admin/finance/turnover/clear,{{admin_url}},{{admin_url}}/admin/finance/turnover/clear,hardcoded_env,,finance,https://admin-fat.filbet2025.com/admin/finance/turnover/clear
后台/其它/folder.bru,后台,其它,,,,,,non_request,,,
后台/其它/待办事项提示器-todo.bru,后台,待办事项提示器-todo,GET,127.0.0.1:7095,/admin/todo/reminder,{{admin_url}},{{admin_url}}/admin/todo/reminder,"todo,hardcoded_env",,,http://127.0.0.1:7095/admin/todo/reminder
后台/其它/获取充值卡下拉列表-todo.bru,后台,获取充值卡下拉列表-todo,GET,127.0.0.1:7095,/admin/rechargeCard/listForSelect,{{admin_url}},{{admin_url}}/admin/rechargeCard/listForSelect,"todo,hardcoded_env",,,http://127.0.0.1:7095/admin/rechargeCard/listForSelect
后台/后台日志/folder.bru,后台,后台日志,,,,,,non_request,,,
后台/后台日志/会员登录日志-seven.bru,后台,会员登录日志-seven,GET,{{admin_url}},/admin/member/log/list,{{admin_url}},{{admin_url}}/admin/member/log/list?page_isze=10&page=1&client_id=客户端类型&reg_device_no=设备ID,,,,{{admin_url}}/admin/member/log/list?page_isze=10&page=1&client_id=客户端类型&reg_device_no=设备ID
后台/后台日志/会员登录日志v1.bru,后台,会员登录日志v1,GET,admin-fat.filbet2025.com,/admin/member/log/listv1,{{admin_url}},{{admin_url}}/admin/member/log/listv1?uid=38578612533783530,hardcoded_env,,,https://admin-fat.filbet2025.com/admin/member/log/listv1?uid=38578612533783530
后台/后台日志/日志-seven.bru,后台,日志-seven,GET,{{admin_url}},/admin/log/list,{{admin_url}},"{{admin_url}}/admin/log/list?page_isze=10&page=1&ops=登陆,kcy&result=成功,失败",,,,"{{admin_url}}/admin/log/list?page_isze=10&page=1&ops=登陆,kcy&result=成功,失败"
后台/后台账号管理/folder.bru,后台,后台账号管理,,,,,,non_request,,,
后台/后台账号管理/webauthn/folder.bru,后台,webauthn,,,,,,non_request,,auth,
后台/后台账号管理/webauthn/webauthn临时验证-owen.bru,后台,webauthn临时验证-owen,POST,{{admin_url}},/admin/webauthn/temporary/execute,{{admin_url}},{{admin_url}}/admin/webauthn/temporary/execute,,,auth,{{admin_url}}/admin/webauthn/temporary/execute
后台/后台账号管理/webauthn/webauthn临时验证配置-owen.bru,后台,webauthn临时验证配置-owen,POST,{{admin_url}},/admin/webauthn/temporary/option,{{admin_url}},{{admin_url}}/admin/webauthn/temporary/option,,,auth,{{admin_url}}/admin/webauthn/temporary/option
后台/后台账号管理/webauthn/webauthn绑定-owen.bru,后台,webauthn绑定-owen,POST,{{admin_url}},/admin/webauthn/bind/execute,{{admin_url}},{{admin_url}}/admin/webauthn/bind/execute,,,auth,{{admin_url}}/admin/webauthn/bind/execute
后台/后台账号管理/webauthn/webauthn绑定配置-owen.bru,后台,webauthn绑定配置-owen,POST,{{admin_url}},/admin/webauthn/bind/option,{{admin_url}},{{admin_url}}/admin/webauthn/bind/option,,,auth,{{admin_url}}/admin/webauthn/bind/option
后台/后台账号管理/webauthn/webauthn解绑-owen.bru,后台,webauthn解绑-owen,POST,{{admin_url}},/admin/webauthn/unbind,{{admin_url}},{{admin_url}}/admin/webauthn/unbind,,,auth,{{admin_url}}/admin/webauthn/unbind
后台/后台账号管理/webauthn/webauthn验证-owen.bru,后台,webauthn验证-owen,POST,{{admin_url}},/admin/webauthn/verify/execute,{{admin_url}},{{admin_url}}/admin/webauthn/verify/execute,,,auth,{{admin_url}}/admin/webauthn/verify/execute
后台/后台账号管理/webauthn/webauthn验证配置-owen.bru,后台,webauthn验证配置-owen,POST,{{admin_url}},/admin/webauthn/verify/option,{{admin_url}},{{admin_url}}/admin/webauthn/verify/option,,,auth,{{admin_url}}/admin/webauthn/verify/option
后台/后台账号管理/修改账户信息-seven.bru,后台,修改账户信息-seven,POST,{{admin_url}},/admin/user/update,{{admin_url}},{{admin_url}}/admin/user/update,,,,{{admin_url}}/admin/user/update
后台/后台账号管理/后台会员密码otp重置.bru,后台,后台会员密码otp重置,POST,(relative_abs),/admin/member/retrieve/password,{{admin_url}},{{admin_url}}/admin/member/retrieve/password,,,auth,/admin/member/retrieve/password
后台/后台账号管理/后台删除账户-seven.bru,后台,后台删除账户-seven,GET,{{admin_url}},/admin/user/delete,{{admin_url}},{{admin_url}}/admin/user/delete?id=106260745782845282,,,,{{admin_url}}/admin/user/delete?id=106260745782845282
后台/后台账号管理/后台员工修改密码.bru,后台,后台员工修改密码,POST,(relative_abs),/admin/user/update/password,{{admin_url}},{{admin_url}}/admin/user/update/password,,,auth,/admin/user/update/password
后台/后台账号管理/后台登出-seven.bru,后台,后台登出-seven,GET,{{admin_url}},/admin/logout,{{admin_url}},{{admin_url}}/admin/logout,,,auth,{{admin_url}}/admin/logout
后台/后台账号管理/后台账户列表-seven.bru,后台,后台账户列表-seven,GET,{{admin_url}},/admin/user/list,{{admin_url}},{{admin_url}}/admin/user/list,,,,{{admin_url}}/admin/user/list
后台/后台账号管理/后台账户详情(当前登陆信息)-seven.bru,后台,后台账户详情(当前登陆信息)-seven,GET,{{admin_url}},/admin/me/detail,{{admin_url}},{{admin_url}}/admin/me/detail,,,,{{admin_url}}/admin/me/detail
后台/后台账号管理/后台账户详情-seven.bru,后台,后台账户详情-seven,GET,{{admin_url}},/admin/user/detail,{{admin_url}},{{admin_url}}/admin/user/detail?id=106260745782845282,,,,{{admin_url}}/admin/user/detail?id=106260745782845282
后台/后台账号管理/后端账号登陆-seven.bru,后台,后端账号登陆-seven,POST,{{cbor_request_proxy}},/admin/login,{{admin_url}},{{admin_url}}/admin/login,,,auth,{{cbor_request_proxy}}/admin/login
后台/后台账号管理/后端账号登陆（前置验证）-seven.bru,后台,后端账号登陆（前置验证）-seven,POST,{{admin_url}},/admin/login/auth,{{admin_url}},{{admin_url}}/admin/login/auth,,,auth,{{admin_url}}/admin/login/auth
后台/后台账号管理/新增账户-seven.bru,后台,新增账户-seven,POST,{{admin_url}},/admin/user/insert,{{admin_url}},{{admin_url}}/admin/user/insert,,,,{{admin_url}}/admin/user/insert
后台/后台账号管理/用户充值倍率调整-aliang.bru,后台,用户充值倍率调整-aliang,POST,admin-fat.filbet2025.com,/admin/member/deposit/multiple/update,{{admin_url}},{{admin_url}}/admin/member/deposit/multiple/update,hardcoded_env,,finance,https://admin-fat.filbet2025.com/admin/member/deposit/multiple/update
后台/后台账号管理/用户充值倍率调整日志列表-aliang.bru,后台,用户充值倍率调整日志列表-aliang,GET,admin-fat.filbet2025.com,/admin/member/deposit/multiple/log,{{admin_url}},{{admin_url}}/admin/member/deposit/multiple/log?uid=30348640375598058&page=1&page_size=20&operator_types=deposit_multiple_member,hardcoded_env,,finance,https://admin-fat.filbet2025.com/admin/member/deposit/multiple/log?uid=30348640375598058&page=1&page_size=20&operator_types=deposit_multiple_member
后台/后台账号管理/绑定谷歌令牌-seven.bru,后台,绑定谷歌令牌-seven,POST,{{admin_url}},/admin/google/secret/update,{{admin_url}},{{admin_url}}/admin/google/secret/update,,,,{{admin_url}}/admin/google/secret/update
后台/后台账号管理/获取谷歌令牌密钥-seven.bru,后台,获取谷歌令牌密钥-seven,GET,{{admin_url}},/admin/google/qrcode/info,{{admin_url}},{{admin_url}}/admin/google/qrcode/info,,,,{{admin_url}}/admin/google/qrcode/info
后台/后台账号管理/谷歌令牌解绑.bru,后台,谷歌令牌解绑,GET,{{admin_url}},/admin/google/unbind,{{admin_url}},{{admin_url}}/admin/google/unbind?id=后台账户ID,,,,{{admin_url}}/admin/google/unbind?id=后台账户ID
后台/后台账号管理/谷歌令牌验证-seven.bru,后台,谷歌令牌验证-seven,GET,{{admin_url}},/admin/google/verify,{{admin_url}},{{admin_url}}/admin/google/verify?code=12312,,,,{{admin_url}}/admin/google/verify?code=12312
后台/商城管理/folder.bru,后台,商城管理,,,,,,non_request,,,
后台/商城管理/产品导入-todo.bru,后台,产品导入-todo,GET,127.0.0.1:7095,/admin/mall/goods/import,{{admin_url}},{{admin_url}}/admin/mall/goods/import,"todo,hardcoded_env",,,http://127.0.0.1:7095/admin/mall/goods/import
后台/商城管理/产品导出-todo.bru,后台,产品导出-todo,GET,127.0.0.1:7095,/admin/mall/goods/export,{{admin_url}},{{admin_url}}/admin/mall/goods/export,"todo,hardcoded_env",,,http://127.0.0.1:7095/admin/mall/goods/export
后台/商城管理/产品详情-todo.bru,后台,产品详情,GET,127.0.0.1:7095,/admin/mall/goods/detail,{{admin_url}},{{admin_url}}/admin/mall/goods/detail?id=商品id,"todo,hardcoded_env",,,http://127.0.0.1:7095/admin/mall/goods/detail?id=商品id
后台/商城管理/新增商城商品-todo.bru,后台,新增商城商品-todo,POST,127.0.0.1:7095,/admin/mall/goods/insert,{{admin_url}},{{admin_url}}/admin/mall/goods/insert,"todo,hardcoded_env",,,http://127.0.0.1:7095/admin/mall/goods/insert
后台/商城管理/更新商城商品-todo.bru,后台,更新商城商品-todo,POST,127.0.0.1:7095,/admin/mall/goods/update,{{admin_url}},{{admin_url}}/admin/mall/goods/update,"todo,hardcoded_env",,,http://127.0.0.1:7095/admin/mall/goods/update
后台/商城管理/获取产品列表-todo.bru,后台,获取产品列表-todo,GET,127.0.0.1:7095,/admin/mall/goods/list,{{admin_url}},{{admin_url}}/admin/mall/goods/list,"todo,hardcoded_env",,,http://127.0.0.1:7095/admin/mall/goods/list
后台/商城订单记录/folder.bru,后台,商城订单记录,,,,,,non_request,,,
后台/商城订单记录/商城订单列表-todo.bru,后台,商城订单列表-todo,GET,127.0.0.1:7095,/admin/mall/order/list,{{admin_url}},{{admin_url}}/admin/mall/order/list,"todo,hardcoded_env",,,http://127.0.0.1:7095/admin/mall/order/list
后台/商城订单记录/商城订单导出-todo.bru,后台,商城订单导出-todo,GET,127.0.0.1:7095,/admin/mall/order/export,{{admin_url}},{{admin_url}}/admin/mall/order/export,"todo,hardcoded_env",,,http://127.0.0.1:7095/admin/mall/order/export
后台/商城订单记录/商城订单详情-todo.bru,后台,商城订单详情-todo,GET,127.0.0.1:7095,/admin/mall/order/detail,{{admin_url}},{{admin_url}}/admin/mall/order/detail?id=订单id,"todo,hardcoded_env",,,http://127.0.0.1:7095/admin/mall/order/detail?id=订单id
后台/商城订单记录/手动发货-todo.bru,后台,手动发货-todo,POST,127.0.0.1:7095,/admin/mall/order/delivery,{{admin_url}},{{admin_url}}/admin/mall/order/delivery,"todo,hardcoded_env",,,http://127.0.0.1:7095/admin/mall/order/delivery
后台/埋点/folder.bru,后台,埋点,,,,,,non_request,,,
后台/埋点/修改埋点-todo.bru,后台,修改埋点-todo,POST,127.0.0.1:7095,/admin/buriedPoint/update,{{admin_url}},{{admin_url}}/admin/buriedPoint/update,"todo,hardcoded_env",,,http://127.0.0.1:7095/admin/buriedPoint/update
后台/埋点/删除埋点-todo.bru,后台,删除埋点-todo,POST,127.0.0.1:7095,/admin/buriedPoint/delete,{{admin_url}},{{admin_url}}/admin/buriedPoint/delete,"todo,hardcoded_env",,,http://127.0.0.1:7095/admin/buriedPoint/delete
后台/埋点/埋点列表-todo.bru,后台,埋点列表-todo,GET,127.0.0.1:7095,/admin/buriedPoint/list,{{admin_url}},{{admin_url}}/admin/buriedPoint/list,"todo,hardcoded_env",,,http://127.0.0.1:7095/admin/buriedPoint/list
后台/埋点/新增埋点-todo.bru,后台,新增埋点-todo,POST,127.0.0.1:7095,/admin/buriedPoint/insert,{{admin_url}},{{admin_url}}/admin/buriedPoint/insert,"todo,hardcoded_env",,,http://127.0.0.1:7095/admin/buriedPoint/insert
后台/域名/folder.bru,后台,域名,,,,,,non_request,,,
后台/域名/域名列表.bru,后台,域名列表,POST,{{baseUrl}},/admin/domain/list,{{admin_url}},{{admin_url}}/admin/domain/list,,,,{{baseUrl}}/admin/domain/list
后台/域名/域名选项列表-todo.bru,后台,域名选项列表-todo,GET,127.0.0.1:7095,/admin/domain/listForSelect,{{admin_url}},{{admin_url}}/admin/domain/listForSelect,"todo,hardcoded_env",,,http://127.0.0.1:7095/admin/domain/listForSelect
后台/域名/获取域名下拉列表-todo.bru,后台,获取域名下拉列表-todo,GET,127.0.0.1:7095,/admin/domain/listForSelect,{{admin_url}},{{admin_url}}/admin/domain/listForSelect,"todo,hardcoded_env",,,http://127.0.0.1:7095/admin/domain/listForSelect
后台/报表/folder.bru,后台,报表,,,,,,non_request,,,
后台/报表/厂商名称字典.bru,后台,厂商名称字典,GET,{{admin_url}},/admin/dict/venues,{{admin_url}},{{admin_url}}/admin/dict/venues,,,,{{admin_url}}/admin/dict/venues
后台/报表/厂商注单对比日报/folder.bru,后台,厂商注单对比日报,,,,,,non_request,,,
后台/报表/厂商注单对比日报/列表.bru,后台,列表,GET,{{admin_url}},/admin/reports/provider/order/compare/daily,{{admin_url}},{{admin_url}}/admin/reports/provider/order/compare/daily?page=1&page_size=20&platform_name=pg&created_at_start=1780000000000&created_at_end=1780086399999,,,,{{admin_url}}/admin/reports/provider/order/compare/daily?page=1&page_size=20&platform_name=pg&created_at_start=1780000000000&created_at_end=1780086399999
后台/报表/新增会员报表/folder.bru,后台,新增会员报表,,,,,,non_request,,,
后台/报表/新增会员报表/新增用户报表.bru,后台,新增用户报表,GET,{{admin_url_new}},/admin/reports/reg,{{admin_url}},{{admin_url}}/admin/reports/reg?page=1&page_size=10&report_type=1&day_start_time=1753632000&day_end_time=1754236799,,,,{{admin_url_new}}/admin/reports/reg?page=1&page_size=10&report_type=1&day_start_time=1753632000&day_end_time=1754236799
后台/报表/新增会员报表/新增用户报表导出.bru,后台,新增用户报表导出,GET,{{admin_url_new}},/admin/reports/reg/export,{{admin_url}},{{admin_url}}/admin/reports/reg/export?page=1&page_size=10&report_type=1&day_start_time=1753632000&day_end_time=1754236799&topic_id=1,,,,{{admin_url_new}}/admin/reports/reg/export?page=1&page_size=10&report_type=1&day_start_time=1753632000&day_end_time=1754236799&topic_id=1
后台/报表/新增会员报表/新增用户详情报表.bru,后台,新增用户详情报表,GET,{{admin_url_new}},/admin/reports/reg/detail,{{admin_url}},{{admin_url}}/admin/reports/reg/detail?day=20250722&page=1&page_size=10&ty=1&report_type=1,,,,{{admin_url_new}}/admin/reports/reg/detail?day=20250722&page=1&page_size=10&ty=1&report_type=1
后台/报表/新增会员报表/新增用户详情报表导出.bru,后台,新增用户详情报表导出,GET,{{admin_url_new}},/admin/reports/reg/detail/export,{{admin_url}},{{admin_url}}/admin/reports/reg/detail/export?day=20250722&topic_id=1&ty=1,,,,{{admin_url_new}}/admin/reports/reg/detail/export?day=20250722&topic_id=1&ty=1
后台/报表/渠道字典.bru,后台,渠道字典,GET,{{cur_admin_url}},/admin/channel/dict,{{admin_url}},{{admin_url}}/admin/channel/dict,,,,{{cur_admin_url}}/admin/channel/dict
后台/报表/渠道报表/folder.bru,后台,渠道报表,,,,,,non_request,,,
后台/报表/渠道报表/渠道日报表-sandy.bru,后台,渠道日报表-sandy,GET,{{cur_admin_url}},/admin/reports/channel,{{admin_url}},{{admin_url}}/admin/reports/channel?page=1&page_size=10&start_time=20250722&end_time=20250722,,,,{{cur_admin_url}}/admin/reports/channel?page=1&page_size=10&start_time=20250722&end_time=20250722
后台/报表/渠道报表/渠道日报表导出.bru,后台,渠道日报表导出,GET,{{cur_admin_url}},/admin/reports/channel/export,{{admin_url}},{{admin_url}}/admin/reports/channel/export?start_time=20250722&end_time=20250722&topic_id=1,,,,{{cur_admin_url}}/admin/reports/channel/export?start_time=20250722&end_time=20250722&topic_id=1
后台/报表/渠道报表/渠道日报表明细-wesley.bru,后台,渠道日报表明细-wesley,GET,{{cur_admin_url}},/admin/reports/channel/detail,{{admin_url}},{{admin_url}}/admin/reports/channel/detail?page=1&page_size=10&day=20250722&channe_id=1,,,,{{cur_admin_url}}/admin/reports/channel/detail?page=1&page_size=10&day=20250722&channe_id=1
后台/报表/渠道报表/渠道日报表明细导出.bru,后台,渠道日报表明细导出,GET,{{cur_admin_url}},/admin/reports/channel/detail/export,{{admin_url}},{{admin_url}}/admin/reports/channel/detail/export?day=20250722&channel_id=1&topic_id=1,,,,{{cur_admin_url}}/admin/reports/channel/detail/export?day=20250722&channel_id=1&topic_id=1
后台/报表/游戏平台报表/folder.bru,后台,游戏平台报表,,,,,,non_request,,,
后台/报表/游戏平台报表/厂商报表.bru,后台,厂商报表,GET,{{admin_url}},/admin/reports/venue,{{admin_url}},{{admin_url}}/admin/reports/venue?page=1&page_size=10&start_time=1753977600000&end_time=1754409600000&venue_name=pg,,,,{{admin_url}}/admin/reports/venue?page=1&page_size=10&start_time=1753977600000&end_time=1754409600000&venue_name=pg
后台/报表/游戏平台报表/厂商报表导出.bru,后台,厂商报表导出,GET,{{admin_url}},/admin/reports/venue/export,{{admin_url}},{{admin_url}}/admin/reports/venue/export?start_time=1753977600000&end_time=1754409600000&venue_name=pg&topic_id=12343,,,,{{admin_url}}/admin/reports/venue/export?start_time=1753977600000&end_time=1754409600000&venue_name=pg&topic_id=12343
后台/报表/游戏平台报表/厂商线路报表.bru,后台,厂商线路报表,GET,{{admin_url}},/admin/reports/venue/node,{{admin_url}},{{admin_url}}/admin/reports/venue/node?page=1&page_size=10&start_time=1753977600000&end_time=1754409600000&venue_name=pg&node=1,,,,{{admin_url}}/admin/reports/venue/node?page=1&page_size=10&start_time=1753977600000&end_time=1754409600000&venue_name=pg&node=1
后台/报表/游戏平台报表/厂商线路报表导出.bru,后台,厂商线路报表导出,GET,{{admin_url}},/admin/reports/venue/node/export,{{admin_url}},{{admin_url}}/admin/reports/venue/node/export?start_time=1753977600000&end_time=1754409600000&venue_name=pg&topic_id=12343&node=1,,,,{{admin_url}}/admin/reports/venue/node/export?start_time=1753977600000&end_time=1754409600000&venue_name=pg&topic_id=12343&node=1
后台/报表/游戏报表/folder.bru,后台,游戏报表,,,,,,non_request,,,
后台/报表/游戏报表/游戏报表.bru,后台,游戏报表,GET,{{admin_url}},/admin/reports/game,{{admin_url}},{{admin_url}}/admin/reports/game?page=1&page_size=10,,,,{{admin_url}}/admin/reports/game?page=1&page_size=10
后台/报表/游戏报表/游戏报表导出.bru,后台,游戏报表导出,GET,{{admin_url}},/admin/reports/game/export,{{admin_url}},{{admin_url}}/admin/reports/game/export?topic_id=1234,,,,{{admin_url}}/admin/reports/game/export?topic_id=1234
后台/报表/游戏报表/游戏线路报表.bru,后台,游戏线路报表,GET,{{admin_url}},/admin/reports/game/node,{{admin_url}},{{admin_url}}/admin/reports/game/node?page=1&page_size=10&start_time=1753977600000&end_time=1754409600000&venue_name=pg&game_class=1&gname=super ace&node=1,,,,{{admin_url}}/admin/reports/game/node?page=1&page_size=10&start_time=1753977600000&end_time=1754409600000&venue_name=pg&game_class=1&gname=super ace&node=1
后台/报表/游戏报表/游戏线路报表导出.bru,后台,游戏线路报表导出,GET,{{admin_url}},/admin/reports/game/node/export,{{admin_url}},{{admin_url}}/admin/reports/game/node/export?topic_id=1234&node=1,,,,{{admin_url}}/admin/reports/game/node/export?topic_id=1234&node=1
后台/报表/游戏报表校准.bru,后台,游戏报表校准,POST,{{admin_url}},/admin/reports/game/adjust,{{admin_url}},{{admin_url}}/admin/reports/game/adjust,,,,{{admin_url}}/admin/reports/game/adjust
后台/报表/游戏类型报表/folder.bru,后台,游戏类型报表,,,,,,non_request,,,
后台/报表/游戏类型报表/游戏类型报表.bru,后台,游戏类型报表,GET,{{admin_url}},/admin/reports/gameclass,{{admin_url}},{{admin_url}}/admin/reports/gameclass?page=1&page_size=10&start_time=1753977600000&end_time=1754409600000&game_class=1&venue_name=pg,,,,{{admin_url}}/admin/reports/gameclass?page=1&page_size=10&start_time=1753977600000&end_time=1754409600000&game_class=1&venue_name=pg
后台/报表/游戏类型报表/游戏类型报表导出.bru,后台,游戏类型报表导出,GET,{{admin_url}},/admin/reports/gameclass/export,{{admin_url}},{{admin_url}}/admin/reports/gameclass/export?topic_id=1234,,,,{{admin_url}}/admin/reports/gameclass/export?topic_id=1234
后台/报表/游戏类型报表/游戏类型线路报表.bru,后台,游戏类型线路报表,GET,{{admin_url}},/admin/reports/gameclass/node,{{admin_url}},{{admin_url}}/admin/reports/gameclass/node?page=1&page_size=10&start_time=1753977600000&end_time=1754409600000&game_class=1&venue_name=pg&node=1,,,,{{admin_url}}/admin/reports/gameclass/node?page=1&page_size=10&start_time=1753977600000&end_time=1754409600000&game_class=1&venue_name=pg&node=1
后台/报表/游戏类型报表/游戏类型线路报表导出.bru,后台,游戏类型线路报表导出,GET,{{admin_url}},/admin/reports/gameclass/node/export,{{admin_url}},{{admin_url}}/admin/reports/gameclass/node/export?topic_id=1234,,,,{{admin_url}}/admin/reports/gameclass/node/export?topic_id=1234
后台/报表/首页BI/folder.bru,后台,首页BI,,,,,,non_request,,,
后台/报表/首页BI/平台业绩报表.bru,后台,平台业绩报表,GET,{{admin_url_new}},/admin/reports/profit,{{admin_url}},{{admin_url}}/admin/reports/profit?page=1&page_size=10&report_type=1&day_start_time=1753632000&day_end_time=1754236799,,,,{{admin_url_new}}/admin/reports/profit?page=1&page_size=10&report_type=1&day_start_time=1753632000&day_end_time=1754236799
后台/报表/首页BI/平台业绩报表导出.bru,后台,平台业绩报表导出,GET,{{admin_url_new}},/admin/reports/profit/export,{{admin_url}},{{admin_url}}/admin/reports/profit/export?page=1&page_size=10&report_type=1&day_start_time=1753632000&day_end_time=1754236799&topic_id=1,,,,{{admin_url_new}}/admin/reports/profit/export?page=1&page_size=10&report_type=1&day_start_time=1753632000&day_end_time=1754236799&topic_id=1
后台/报表/首页BI.bru,后台,首页BI,GET,admin-fat.filbet2025.com,/admin/reports/bi/basic,{{admin_url}},{{admin_url}}/admin/reports/bi/basic?report_type=1,hardcoded_env,,,https://admin-fat.filbet2025.com/admin/reports/bi/basic?report_type=1
后台/报表管理/folder.bru,后台,报表管理,,,,,,non_request,,,
后台/报表管理/个人统计--列表.bru,后台,个人统计--列表,GET,admin-fat.filbet2025.com,/admin/reports/member,{{admin_url}},{{admin_url}}/admin/reports/member?page_size=20&page=1&uid=66295378470824938&field=day&sort=desc&start_time=2025-06-04&end_time=2026-06-03,hardcoded_env,,,https://admin-fat.filbet2025.com/admin/reports/member?page_size=20&page=1&uid=66295378470824938&field=day&sort=desc&start_time=2025-06-04&end_time=2026-06-03
后台/报表管理/个人统计--导出.bru,后台,个人统计--导出,GET,admin-fat.filbet2025.com,/admin/reports/member/export,{{admin_url}},{{admin_url}}/admin/reports/member/export,hardcoded_env,,,https://admin-fat.filbet2025.com/admin/reports/member/export
后台/报表管理/个人统计--查看--导出.bru,后台,个人统计--查看--导出,GET,admin-fat.filbet2025.com,/admin/reports/member/detail/export,{{admin_url}},{{admin_url}}/admin/reports/member/detail/export?uid=26110862750182378,hardcoded_env,,member,https://admin-fat.filbet2025.com/admin/reports/member/detail/export?uid=26110862750182378
后台/报表管理/个人统计--查看.bru,后台,个人统计--查看,GET,admin-fat.filbet2025.com,/admin/reports/member/detail,{{admin_url}},{{admin_url}}/admin/reports/member/detail?uid=26110862750182378,hardcoded_env,,member,https://admin-fat.filbet2025.com/admin/reports/member/detail?uid=26110862750182378
后台/报表管理/会员每日游戏报表--每日明细.bru,后台,会员每日游戏报表--每日明细,GET,{{admin_url}},/admin/reports/member-daily-game/detail,{{admin_url}},{{admin_url}}/admin/reports/member-daily-game/detail?uid=10001&start_date=2026-06-01&end_date=2026-06-03&page=1&page_size=20,,,,{{admin_url}}/admin/reports/member-daily-game/detail?uid=10001&start_date=2026-06-01&end_date=2026-06-03&page=1&page_size=20
后台/报表管理/会员每日游戏报表--汇总列表.bru,后台,会员每日游戏报表--汇总列表,GET,{{admin_url}},/admin/reports/member-daily-game/aggregate,{{admin_url}},{{admin_url}}/admin/reports/member-daily-game/aggregate?start_date=2026-06-01&end_date=2026-06-03&page=1&page_size=20,,,,{{admin_url}}/admin/reports/member-daily-game/aggregate?start_date=2026-06-01&end_date=2026-06-03&page=1&page_size=20
后台/报表管理/会员每日游戏报表--汇总导出.bru,后台,会员每日游戏报表--汇总导出,GET,{{admin_url}},/admin/reports/member-daily-game/aggregate/export,{{admin_url}},{{admin_url}}/admin/reports/member-daily-game/aggregate/export?topic_id={{topic_id}}&start_date=2026-06-01&end_date=2026-06-03,,,,{{admin_url}}/admin/reports/member-daily-game/aggregate/export?topic_id={{topic_id}}&start_date=2026-06-01&end_date=2026-06-03
后台/报表管理/邀请统计--列表.bru,后台,邀请统计--列表,GET,admin-fat.filbet2025.com,/admin/reports/invite,{{admin_url}},{{admin_url}}/admin/reports/invite,hardcoded_env,,,https://admin-fat.filbet2025.com/admin/reports/invite
后台/报表管理/邀请统计--导出.bru,后台,邀请统计--导出,GET,admin-fat.filbet2025.com,/admin/reports/invite/export,{{admin_url}},{{admin_url}}/admin/reports/invite/export,hardcoded_env,,,https://admin-fat.filbet2025.com/admin/reports/invite/export
后台/报表管理/邀请统计--查看--导出.bru,后台,邀请统计--查看--导出,GET,admin-fat.filbet2025.com,/admin/reports/invite/detail/export,{{admin_url}},{{admin_url}}/admin/reports/invite/detail/export?uid=74093280928787434,hardcoded_env,,,https://admin-fat.filbet2025.com/admin/reports/invite/detail/export?uid=74093280928787434
后台/报表管理/邀请统计--查看.bru,后台,邀请统计--查看,GET,admin-fat.filbet2025.com,/admin/reports/invite/detail,{{admin_url}},{{admin_url}}/admin/reports/invite/detail?uid=74093280928787434,hardcoded_env,,,https://admin-fat.filbet2025.com/admin/reports/invite/detail?uid=74093280928787434
后台/推广管理/folder.bru,后台,推广管理,,,,,,non_request,,,
后台/推广管理/推广效果评估.bru,后台,推广效果评估,GET,admin-fat.filbet2025.com,/admin/promotion_effect,{{admin_url}},{{admin_url}}/admin/promotion_effect?promo_group=1,hardcoded_env,,,https://admin-fat.filbet2025.com/admin/promotion_effect?promo_group=1
后台/推广管理/推广统计报表.bru,后台,推广统计报表,GET,admin-fat.filbet2025.com,/admin/promotion_satistic,{{admin_url}},"{{admin_url}}/admin/promotion_satistic?page=1&page_size=15&sort=register_counts:desc,visit_counts:asc",hardcoded_env,,,"https://admin-fat.filbet2025.com/admin/promotion_satistic?page=1&page_size=15&sort=register_counts:desc,visit_counts:asc"
后台/推广管理/注册日活分析.bru,后台,注册日活分析,GET,admin-fat.filbet2025.com,/admin/promotion_register,{{admin_url}},{{admin_url}}/admin/promotion_register?page=1&page_size=15&filter_type=betting,hardcoded_env,,auth,https://admin-fat.filbet2025.com/admin/promotion_register?page=1&page_size=15&filter_type=betting
后台/推广管理/首充日活分析.bru,后台,首充日活分析,GET,admin-fat.filbet2025.com,/admin/promotion_first_deposit,{{admin_url}},{{admin_url}}/admin/promotion_first_deposit?page=1&page_size=15,hardcoded_env,,finance,https://admin-fat.filbet2025.com/admin/promotion_first_deposit?page=1&page_size=15
后台/活动/cq9返水/folder.bru,后台,cq9返水,,,,,,non_request,,,
后台/活动/cq9返水/导出礼金明细-seven.bru,后台,导出礼金明细-seven,GET,{{test_url}},/admin/promo/cq9/bonus/export,{{admin_url}},{{admin_url}}/admin/promo/cq9/bonus/export?min_amount&max_amount&uid&created_start_at&created_end_at&day&state&phone&activity_id&username&received_start_at&received_end_at&review_start_at&review_end_at&username&topic_id=ddddddddddddd2,,,,{{test_url}}/admin/promo/cq9/bonus/export?min_amount&max_amount&uid&created_start_at&created_end_at&day&state&phone&activity_id&username&received_start_at&received_end_at&review_start_at&review_end_at&username&topic_id=ddddddddddddd2
后台/活动/cq9返水/礼金明细-seven.bru,后台,礼金明细-seven,GET,{{test_url}},/admin/promo/cq9/bonus/list,{{admin_url}},{{admin_url}}/admin/promo/cq9/bonus/list?min_amount&max_amount&uid&created_start_at&created_end_at&day&state&page&page_size&phone&activity_id&username&received_start_at&received_end_at&review_start_at&review_end_at&username,,,,{{test_url}}/admin/promo/cq9/bonus/list?min_amount&max_amount&uid&created_start_at&created_end_at&day&state&page&page_size&phone&activity_id&username&received_start_at&received_end_at&review_start_at&review_end_at&username
后台/活动/folder.bru,后台,活动,,,,,,non_request,,,
后台/活动/导出活动列表 - felix.bru,后台,导出活动列表 - felix,GET,{{test_url}},/admin/promo/export,{{admin_url}},"{{admin_url}}/admin/promo/export?start_at&end_at&state&activity_name&topic_id=23333332&activity_id=1,2&update_name=地方",,,,"{{test_url}}/admin/promo/export?start_at&end_at&state&activity_name&topic_id=23333332&activity_id=1,2&update_name=地方"
后台/活动/导出礼金明细 - felix.bru,后台,导出礼金明细 - felix,GET,{{test_url}},/admin/promo/bonus/export,{{admin_url}},{{admin_url}}/admin/promo/bonus/export?min_amount&max_amount&uid&created_start_at&created_end_at&day&state&phone&activity_id&username&received_start_at&received_end_at&review_start_at&review_end_at&username&topic_id=ddddddddddddd2,,,,{{test_url}}/admin/promo/bonus/export?min_amount&max_amount&uid&created_start_at&created_end_at&day&state&phone&activity_id&username&received_start_at&received_end_at&review_start_at&review_end_at&username&topic_id=ddddddddddddd2
后台/活动/手动发放礼金 - felix.bru,后台,手动发放礼金,POST,{{admin_domain}},/admin/bonus/manual/send,{{admin_url}},{{admin_url}}/admin/bonus/manual/send,,,,{{admin_domain}}/admin/bonus/manual/send
后台/活动/活动充值 - whisper.bru,后台,活动充值 - whisper,POST,{{test_url}},/admin/promo/insert,{{admin_url}},{{admin_url}}/admin/promo/insert,,,,{{test_url}}/admin/promo/insert
后台/活动/活动列表 - felix.bru,后台,活动列表 - felix,GET,{{test_url}},/admin/promo/list,{{admin_url}},"{{admin_url}}/admin/promo/list?activity_id=1,2&start_at&end_at&page&page_size&state&update_name=地方&activity_name",,,,"{{test_url}}/admin/promo/list?activity_id=1,2&start_at&end_at&page&page_size&state&update_name=地方&activity_name"
后台/活动/游戏插入 - felix.bru,后台,游戏插入,POST,{{test_url}},/admin/promo/bonus/game/insert,{{admin_url}},{{admin_url}}/admin/promo/bonus/game/insert,,,,{{test_url}}/admin/promo/bonus/game/insert
后台/活动/礼金明细 - felix.bru,后台,礼金明细 - felix,GET,{{test_url}},/admin/promo/bonus/list,{{admin_url}},{{admin_url}}/admin/promo/bonus/list?min_amount&max_amount&uid&created_start_at&created_end_at&day&state&page&page_size&phone&activity_id&username&received_start_at&received_end_at&review_start_at&review_end_at&username,,,,{{test_url}}/admin/promo/bonus/list?min_amount&max_amount&uid&created_start_at&created_end_at&day&state&page&page_size&phone&activity_id&username&received_start_at&received_end_at&review_start_at&review_end_at&username
后台/渠道推广-充值模版/folder.bru,后台,渠道推广-充值模版,,,,,,non_request,,,
后台/渠道推广-充值模版/充值模版列表.bru,后台,充值模版列表,GET,(relative_abs),/admin/channel/promotion/deposit/list,{{admin_url}},{{admin_url}}/admin/channel/promotion/deposit/list,,,finance,/admin/channel/promotion/deposit/list
后台/渠道推广-充值模版/新增模版.bru,后台,新增模版,POST,(relative_abs),/channel/promotion/deposit/insert,{{admin_url}},{{admin_url}}/channel/promotion/deposit/insert,,,finance,/channel/promotion/deposit/insert
后台/渠道推广-充值模版/更新模版.bru,后台,更新模版,POST,(relative_abs),/admin/channel/promotion/deposit/update,{{admin_url}},{{admin_url}}/admin/channel/promotion/deposit/update,,,finance,/admin/channel/promotion/deposit/update
后台/渠道推广-域名管理/folder.bru,后台,渠道推广-域名管理,,,,,,non_request,,,
后台/渠道推广-域名管理/修改.bru,后台,修改,POST,(relative_abs),/admin/channel/promotion/domain/update,{{admin_url}},{{admin_url}}/admin/channel/promotion/domain/update,,,,/admin/channel/promotion/domain/update
后台/渠道推广-域名管理/列表.bru,后台,列表,GET,(relative_abs),/admin/channel/promotion/domain/list,{{admin_url}},{{admin_url}}/admin/channel/promotion/domain/list,,,,/admin/channel/promotion/domain/list
后台/渠道推广-域名管理/新增.bru,后台,新增,POST,(relative_abs),/admin/channel/promotion/domain/insert,{{admin_url}},{{admin_url}}/admin/channel/promotion/domain/insert,,,,/admin/channel/promotion/domain/insert
后台/爆彩/folder.bru,后台,爆彩,,,,,,non_request,,,
后台/爆彩/爆彩列表导出.bru,后台,爆彩列表导出,GET,{{admin_url}},/admin/hotBetNotice/export,{{admin_url}},{{admin_url}}/admin/hotBetNotice/export?topic_id={{topic_id}}&username=hbn_report_1783753951967,,,,{{admin_url}}/admin/hotBetNotice/export?topic_id={{topic_id}}&username=hbn_report_1783753951967
后台/爆彩/爆彩列表查询.bru,后台,爆彩列表查询,GET,{{admin_url}},/admin/hotBetNotice/list,{{admin_url}},{{admin_url}}/admin/hotBetNotice/list?page=1&page_size=10&username=hbn_report_1783753951967,,,,{{admin_url}}/admin/hotBetNotice/list?page=1&page_size=10&username=hbn_report_1783753951967
后台/爆彩/爆彩设置更新.bru,后台,爆彩设置更新,POST,{{admin_url}},/admin/hotBetNotice/config/update,{{admin_url}},{{admin_url}}/admin/hotBetNotice/config/update,,,,{{admin_url}}/admin/hotBetNotice/config/update
后台/爆彩/爆彩设置查询.bru,后台,爆彩设置查询,GET,{{admin_url}},/admin/hotBetNotice/config/detail,{{admin_url}},{{admin_url}}/admin/hotBetNotice/config/detail,,,,{{admin_url}}/admin/hotBetNotice/config/detail
后台/爆彩/爆彩黑名单列表.bru,后台,爆彩黑名单列表,GET,{{admin_url}},/admin/hotBetNotice/displayBlacklist/list,{{admin_url}},{{admin_url}}/admin/hotBetNotice/displayBlacklist/list?page=1&page_size=10&username=hbn_report_1783753951967_black,,,,{{admin_url}}/admin/hotBetNotice/displayBlacklist/list?page=1&page_size=10&username=hbn_report_1783753951967_black
后台/爆彩/爆彩黑名单删除.bru,后台,爆彩黑名单删除,POST,{{cbor_request_proxy}},/admin/hotBetNotice/displayBlacklist/remove,{{admin_url}},{{admin_url}}/admin/hotBetNotice/displayBlacklist/remove,,,,{{cbor_request_proxy}}/admin/hotBetNotice/displayBlacklist/remove
后台/爆彩/爆彩黑名单新增.bru,后台,爆彩黑名单新增,POST,{{cbor_request_proxy}},/admin/hotBetNotice/displayBlacklist/insert,{{admin_url}},{{admin_url}}/admin/hotBetNotice/displayBlacklist/insert,,,,{{cbor_request_proxy}}/admin/hotBetNotice/displayBlacklist/insert
后台/短信发送列表/folder.bru,后台,短信发送列表,,,,,,non_request,,,
后台/短信发送列表/短信列表-seven.bru,后台,短信列表-seven,GET,{{admin_url}},/admin/sms/list,{{admin_url}},{{admin_url}}/admin/sms/list,,,auth,{{admin_url}}/admin/sms/list
后台/短信发送列表/短信排序更新.bru,后台,短信排序更新,POST,{{admin_url}},/admin/sms/conf/sort,{{admin_url}},{{admin_url}}/admin/sms/conf/sort,,,auth,{{admin_url}}/admin/sms/conf/sort
后台/短信发送列表/短信状态更新.bru,后台,短信状态更新,POST,{{admin_url}},/admin/sms/conf/state,{{admin_url}},{{admin_url}}/admin/sms/conf/state,,,auth,{{admin_url}}/admin/sms/conf/state
后台/短信发送列表/短信配置.bru,后台,短信配置,GET,{{admin_url}},/admin/sms/conf/list,{{admin_url}},{{admin_url}}/admin/sms/conf/list,,,auth,{{admin_url}}/admin/sms/conf/list
后台/短信发送列表/短信验证码查看.bru,后台,短信验证码查看,GET,{{admin_url}},/admin/sms/auth,{{admin_url}},{{admin_url}}/admin/sms/auth?code=121312&id=121212,,,auth,{{admin_url}}/admin/sms/auth?code=121312&id=121212
后台/礼金/folder.bru,后台,礼金,,,,,,non_request,,,
后台/礼金/导出待审订单 - felix.bru,后台,导出待审订单 - felix.bru,GET,{{admin_domain}},/admin/bonus/review/export,{{admin_url}},{{admin_url}}/admin/bonus/review/export?page&page_size&activity_id&activity_name&bonus_id&phone&username&uid&created_start_at&created_end_at&min_bonus&max_bonus&created_name&remark&topic_id,,,,{{admin_domain}}/admin/bonus/review/export?page&page_size&activity_id&activity_name&bonus_id&phone&username&uid&created_start_at&created_end_at&min_bonus&max_bonus&created_name&remark&topic_id
后台/礼金/导出过审礼金列表 - felix.bru,后台,导出过审礼金列表 - felix.bru,GET,{{admin_domain}},/admin/bonus/review/noneed/list,{{admin_url}},{{admin_url}}/admin/bonus/review/noneed/list?page&page_size&activity_id&activity_name&bonus_id&phone&username&uid&created_start_at&created_end_at&received_start_at&received_end_at&review_start_at&review_end_at&min_bonus&max_bonus&created_name&review_name&remark&review_state,,,,{{admin_domain}}/admin/bonus/review/noneed/list?page&page_size&activity_id&activity_name&bonus_id&phone&username&uid&created_start_at&created_end_at&received_start_at&received_end_at&review_start_at&review_end_at&min_bonus&max_bonus&created_name&review_name&remark&review_state
后台/礼金/待审订单列表 - felix.bru,后台,待审订单列表 - felix.bru,GET,{{admin_domain}},/admin/bonus/review/list,{{admin_url}},{{admin_url}}/admin/bonus/review/list?page&page_size&activity_id&activity_name&bonus_id&phone&username&uid&created_start_at&created_end_at&min_bonus&max_bonus&created_name&remark,,,,{{admin_domain}}/admin/bonus/review/list?page&page_size&activity_id&activity_name&bonus_id&phone&username&uid&created_start_at&created_end_at&min_bonus&max_bonus&created_name&remark
后台/礼金/批量审批 - felix.bru,后台,批量审批 - felix.bru,POST,{{admin_domain}},/admin/bonus/review/approve,{{admin_url}},{{admin_url}}/admin/bonus/review/approve,,,,{{admin_domain}}/admin/bonus/review/approve
后台/礼金/批量补发 - felix.bru,后台,批量补发 - felix.bru,POST,{{admin_domain}},/admin/bonus/review/send,{{admin_url}},{{admin_url}}/admin/bonus/review/send,,,,{{admin_domain}}/admin/bonus/review/send
后台/礼金/活动列表 - felix.bru,后台,活动列表 - felix.bru,GET,{{admin_domain}},/admin/bonus/activity/list,{{admin_url}},{{admin_url}}/admin/bonus/activity/list,,,,{{admin_domain}}/admin/bonus/activity/list
后台/礼金/礼金弹窗 - felix.bru.bru,后台,礼金弹窗 - felix.bru,GET,,,{{admin_url}},,invalid_url,,,
后台/礼金/获取用户信息 - felix.bru,后台,获取用户信息 - felix.bru,GET,{{admin_domain}},/admin/bonus/review/userinfo,{{admin_url}},{{admin_url}}/admin/bonus/review/userinfo?uid=44422845200018549,,,,{{admin_domain}}/admin/bonus/review/userinfo?uid=44422845200018549
后台/礼金/过审礼金列表 - felix.bru,后台,过审礼金列表 - felix.bru,GET,{{admin_domain}},/admin/bonus/review/noneed/list,{{admin_url}},{{admin_url}}/admin/bonus/review/noneed/list?page&page_size&activity_id&activity_name&bonus_id&phone&username&uid&created_start_at&created_end_at&received_start_at&received_end_at&review_start_at&review_end_at&min_bonus&max_bonus&created_name&review_name&remark&review_state,,,,{{admin_domain}}/admin/bonus/review/noneed/list?page&page_size&activity_id&activity_name&bonus_id&phone&username&uid&created_start_at&created_end_at&received_start_at&received_end_at&review_start_at&review_end_at&min_bonus&max_bonus&created_name&review_name&remark&review_state
后台/系统管理/folder.bru,后台,系统管理,,,,,,non_request,,,
后台/系统管理/权限管理/folder.bru,后台,权限管理,,,,,,non_request,,,
后台/系统管理/权限管理/权限列表.bru,后台,权限列表,GET,admin-antd.filbet2025.com,/admin/priv/list,{{admin_url}},{{admin_url}}/admin/priv/list?pid=0,hardcoded_env,,,https://admin-antd.filbet2025.com/admin/priv/list?pid=0
后台/系统管理/权限管理/权限列表保存.bru,后台,权限列表保存,POST,admin-antd.filbet2025.com,/admin/group/update,{{admin_url}},{{admin_url}}/admin/group/update,hardcoded_env,,,https://admin-antd.filbet2025.com/admin/group/update
后台/系统管理/权限管理/权限检查.bru,后台,权限检查,GET,admin-antd.filbet2025.com,/admin/priv/check,{{admin_url}},{{admin_url}}/admin/priv/check?path=admin/priv/check,hardcoded_env,,,https://admin-antd.filbet2025.com/admin/priv/check?path=admin/priv/check
后台/系统管理/权限管理/角色权限列表.bru,后台,角色权限列表,GET,admin-antd.filbet2025.com,/admin/priv/by/group,{{admin_url}},{{admin_url}}/admin/priv/by/group?gid=0,hardcoded_env,,,https://admin-antd.filbet2025.com/admin/priv/by/group?gid=0
后台/系统管理/白名单管理/folder.bru,后台,白名单管理,,,,,,non_request,,,
后台/系统管理/白名单管理/删除白名单 --yasser.bru,后台,删除白名单 --yasser,GET,{{admin_url}},/admin/whiteList/delete,{{admin_url}},{{admin_url}}/admin/whiteList/delete?id=123456,,,,{{admin_url}}/admin/whiteList/delete?id=123456
后台/系统管理/白名单管理/新增白名单 --yasser.bru,后台,新增白名单 --yasser,POST,47.254.235.130:1111,/admin/whiteList/insert,{{admin_url}},{{admin_url}}/admin/whiteList/insert,hardcoded_env,,,47.254.235.130:1111/admin/whiteList/insert
后台/系统管理/白名单管理/更新白名单 --yasser.bru,后台,更新白名单 --yasser,POST,{{admin_url}},/admin/whiteList/update,{{admin_url}},{{admin_url}}/admin/whiteList/update,,,,{{admin_url}}//admin/whiteList/update
后台/系统管理/白名单管理/白名单列表 --yasser.bru,后台,白名单列表 --yasser,GET,{{admin_url}},/admin/whiteList/list,{{admin_url}},{{admin_url}}/admin/whiteList/list?page=1&page_size=20,,,,{{admin_url}}//admin/whiteList/list?page=1&page_size=20
后台/系统管理/系统配置/folder.bru,后台,系统配置,,,,,,non_request,,,
后台/系统管理/系统配置/系统配置列表 --wesley.bru,后台,系统配置列表 --wesley,GET,{{admin_url}},/sys/config/list,{{admin_url}},{{admin_url}}/sys/config/list,,,,{{admin_url}}/sys/config/list
后台/系统管理/系统配置/系统配置更新--wesley.bru,后台,系统配置更新--wesley,POST,{{admin_url}},/sys/config/update,{{admin_url}},{{admin_url}}/sys/config/update,,,,{{admin_url}}/sys/config/update
后台/系统管理/系统配置/系统配置设置--wesley.bru,后台,系统配置设置--wesley,POST,{{admin_url}},/sys/config/set,{{admin_url}},{{admin_url}}/sys/config/set,,,,{{admin_url}}/sys/config/set
后台/系统管理/角色管理/folder.bru,后台,角色管理,,,,,,non_request,,,
后台/系统管理/角色管理/新增角色 --yasser.bru,后台,新增角色 --yasser,POST,admin-antd.filbet2025.com,/admin/group/insert,{{admin_url}},{{admin_url}}/admin/group/insert,hardcoded_env,,,https://admin-antd.filbet2025.com/admin/group/insert
后台/系统管理/角色管理/更新角色--yasser.bru,后台,更新角色--yasser,POST,{{admin_url}},/admin/group/update,{{admin_url}},{{admin_url}}/admin/group/update,,,,{{admin_url}}/admin/group/update
后台/系统管理/角色管理/角色列表 --yasser.bru,后台,角色列表 --yasser,GET,{{admin_url}},/admin/group/list,{{admin_url}},{{admin_url}}/admin/group/list?page=1&page_size=20,,,,{{admin_url}}/admin/group/list?page=1&page_size=20
后台/系统管理/通知中心/folder.bru,后台,通知中心,,,,,,non_request,,,
后台/系统管理/通知中心/获取系统通知数量-wesley-owen.bru,后台,获取系统通知数量-wesley/owen,GET,{{admin_url}},/admin/notify/audit/alarm,{{admin_url}},{{admin_url}}/admin/notify/audit/alarm?t=1,,,,{{admin_url}}/admin/notify/audit/alarm?t=1
后台/财务管理/folder.bru,后台,财务管理,,,,,,non_request,,,
后台/财务管理/lazada订单/folder.bru,后台,lazada订单,,,,,,non_request,,,
后台/财务管理/lazada订单/lazada-订单列表-owen.bru,后台,lazada-订单列表-owen,POST,{{admin_url}},/admin/finance/lazada/order/list,{{admin_url}},{{admin_url}}/admin/finance/lazada/order/list,,yes,finance,{{admin_url}}/admin/finance/lazada/order/list
后台/财务管理/lazada订单/lazada-重新发货-owen.bru,后台,lazada-重新发货-owen,POST,{{admin_url}},/admin/finance/lazada/send/sms,{{admin_url}},{{admin_url}}/admin/finance/lazada/send/sms,,yes,"auth,finance",{{admin_url}}/admin/finance/lazada/send/sms
后台/财务管理/lazada订单-owen.bru,后台,lazada订单-owen,POST,(relative_abs),"/OrderId           string          `json:""order_id""`           //销售订单ID",{{admin_url}},"{{admin_url}}/OrderId           string          `json:""order_id""`           //销售订单ID",,,,"//OrderId           string          `json:""order_id""`           //销售订单ID"
后台/财务管理/代币商城订单/folder.bru,后台,代币商城订单,,,,,,non_request,,,
后台/财务管理/代币商城订单/代币商城订单列表-todo.bru,后台,代币商城订单列表-todo,GET,127.0.0.1:7095,/admin/filcoin/order/list,{{admin_url}},{{admin_url}}/admin/filcoin/order/list,"todo,hardcoded_env",,,http://127.0.0.1:7095/admin/filcoin/order/list
后台/财务管理/代币商城订单/代币商城订单导出-todo.bru,后台,代币商城订单导出-todo,GET,127.0.0.1:7095,/admin/filcoin/order/export,{{admin_url}},{{admin_url}}/admin/filcoin/order/export,"todo,hardcoded_env",,,http://127.0.0.1:7095/admin/filcoin/order/export
后台/财务管理/会员钱包账变/folder.bru,后台,会员钱包账变,,,,,,non_request,,,
后台/财务管理/会员钱包账变/账变列表- wesley.bru,后台,账变列表- wesley,POST,{{admin_url}},/admin/finance/transaction/list,{{admin_url}},{{admin_url}}/admin/finance/transaction/list?cash_type=2001&page=1&page_size=5,,yes,finance,{{admin_url}}/admin/finance/transaction/list?cash_type=2001&page=1&page_size=5
后台/财务管理/会员钱包账变/账变类型- wesley.bru,后台,账变类型- wesley,GET,{{admin_url}},/admin/finance/transaction/types,{{admin_url}},{{admin_url}}/admin/finance/transaction/types,,yes,finance,{{admin_url}}/admin/finance/transaction/types
后台/财务管理/存款记录/folder.bru,后台,存款记录,,,,,,non_request,,,
后台/财务管理/存款记录/充值列表-wesley.bru,后台,充值列表-wesley,POST,{{admin_url}},/admin/finance/deposit/list,{{admin_url}},{{admin_url}}/admin/finance/deposit/list,,yes,finance,{{admin_url}}/admin/finance/deposit/list
后台/财务管理/存款记录/充值同步状态-wesley.bru,后台,充值同步状态-wesley,POST,{{admin_url}},/admin/finance/deposit/sync,{{admin_url}},{{admin_url}}/admin/finance/deposit/sync?id=110214866785715045,,yes,finance,{{admin_url}}/admin/finance/deposit/sync?id=110214866785715045
后台/财务管理/存款记录/充值记录导出-wesley.bru,后台,充值记录导出-wesley,POST,{{admin_url}},/admin/finance/deposit/export,{{admin_url}},{{admin_url}}/admin/finance/deposit/export,,yes,finance,{{admin_url}}/admin/finance/deposit/export
后台/财务管理/存款记录/支付渠道列表-cold.bru,后台,支付渠道列表-cold,GET,{{admin_url}},/admin/finance/payment/deposit/channels,{{admin_url}},{{admin_url}}/admin/finance/payment/deposit/channels,,yes,finance,{{admin_url}}/admin/finance/payment/deposit/channels
后台/财务管理/提现记录/folder.bru,后台,提现记录,,,,,,non_request,,,
后台/财务管理/提现记录/提现列表-wesley.bru,后台,提现列表-wesley,POST,{{admin_url}},/admin/finance/withdraw/list,{{admin_url}},{{admin_url}}/admin/finance/withdraw/list,,yes,finance,{{admin_url}}/admin/finance/withdraw/list
后台/财务管理/提现记录/提现同步状态-wesley.bru,后台,提现同步状态-wesley,POST,{{admin_url}},/admin/finance/withdraw/sync,{{admin_url}},{{admin_url}}/admin/finance/withdraw/sync?id=3,,yes,finance,{{admin_url}}/admin/finance/withdraw/sync?id=3
后台/财务管理/提现记录/提现渠道列表-cold.bru,后台,提现渠道列表-cold,GET,{{admin_url}},/admin/finance/payment/withdraw/channels,{{admin_url}},{{admin_url}}/admin/finance/payment/withdraw/channels,,yes,finance,{{admin_url}}/admin/finance/payment/withdraw/channels
后台/财务管理/提现记录/提现记录导出-wesley.bru,后台,提现记录导出-wesley,POST,{{admin_url}},/admin/finance/withdraw/export,{{admin_url}},{{admin_url}}/admin/finance/withdraw/export,,yes,finance,{{admin_url}}/admin/finance/withdraw/export
后台/财务管理/支付渠道/folder.bru,后台,支付渠道,,,,,,non_request,,,
后台/财务管理/支付渠道/x-删除支付渠道-cold.bru,后台,x-删除支付渠道-cold,GET,{{admin_url}},/admin/finance/payment/Delete,{{admin_url}},{{admin_url}}/admin/finance/payment/Delete?id=998,,yes,finance,{{admin_url}}/admin/finance/payment/Delete?id=998
后台/财务管理/支付渠道/x-支付渠道列表-cold.bru,后台,x-支付渠道列表-cold,GET,{{admin_url}},/admin/finance/payment/list,{{admin_url}},{{admin_url}}/admin/finance/payment/list?page=1&page_size=10&name=paycools&state=1&id,,yes,finance,{{admin_url}}/admin/finance/payment/list?page=1&page_size=10&name=paycools&state=1&id
后台/财务管理/支付渠道/x-更新支付渠道-cold.bru,后台,x-更新支付渠道-cold,POST,{{admin_url}},/admin/finance/payment/update,{{admin_url}},{{admin_url}}/admin/finance/payment/update,,yes,finance,{{admin_url}}/admin/finance/payment/update
后台/财务管理/支付渠道/x-添加支付渠道-cold.bru,后台,x-添加支付渠道-cold,POST,{{admin_url}},/admin/finance/payment/insert,{{admin_url}},{{admin_url}}/admin/finance/payment/insert,,yes,finance,{{admin_url}}/admin/finance/payment/insert
后台/财务管理/支付渠道/删除支付渠道通道.bru,后台,删除支付渠道通道,GET,{{admin_url}},/admin/finance/payment/channel/delete,{{admin_url}},{{admin_url}}/admin/finance/payment/channel/delete?id=888,,yes,finance,{{admin_url}}/admin/finance/payment/channel/delete?id=888
后台/财务管理/支付渠道/支付平台列表.bru,后台,支付平台列表,GET,admin-fat.filbet2025.com,/admin/finance/payment/platform/list,{{admin_url}},{{admin_url}}/admin/finance/payment/platform/list?page=1&page_size=10&mode=deposit,hardcoded_env,yes,finance,https://admin-fat.filbet2025.com//admin/finance/payment/platform/list?page=1&page_size=10&mode=deposit
后台/财务管理/支付渠道/支付平台开关.bru,后台,支付平台开关,POST,{{admin_url}},/admin/finance/payment/platform/enable,{{admin_url}},{{admin_url}}/admin/finance/payment/platform/enable,,yes,finance,{{admin_url}}/admin/finance/payment/platform/enable
后台/财务管理/支付渠道/支付渠道通道列表.bru,后台,支付渠道通道列表,GET,{{admin_url}},/admin/finance/payment/channel/list,{{admin_url}},{{admin_url}}/admin/finance/payment/channel/list?page=1&page_size=10&name&state=1&payment_name=paycools&name,,yes,finance,{{admin_url}}/admin/finance/payment/channel/list?page=1&page_size=10&name&state=1&payment_name=paycools&name
后台/财务管理/支付渠道/更新支付平台.bru,后台,更新支付平台,POST,{{admin_url}},/admin/finance/payment/platform/update,{{admin_url}},{{admin_url}}/admin/finance/payment/platform/update,,yes,finance,{{admin_url}}/admin/finance/payment/platform/update
后台/财务管理/支付渠道/更新支付渠道通道.bru,后台,更新支付渠道通道,POST,{{admin_url}},/admin/finance/payment/channel/update,{{admin_url}},{{admin_url}}/admin/finance/payment/channel/update,,yes,finance,{{admin_url}}/admin/finance/payment/channel/update
后台/财务管理/支付渠道/添加支付平台.bru,后台,添加支付平台,POST,{{admin_url}},/admin/finance/payment/platform/insert,{{admin_url}},{{admin_url}}/admin/finance/payment/platform/insert,,yes,finance,{{admin_url}}/admin/finance/payment/platform/insert
后台/财务管理/支付渠道/添加支付渠道通道.bru,后台,添加支付渠道通道,POST,{{admin_url}},/admin/finance/payment/channel/insert,{{admin_url}},{{admin_url}}/admin/finance/payment/channel/insert,,yes,finance,{{admin_url}}/admin/finance/payment/channel/insert
后台/财务管理/注单管理/folder.bru,后台,注单管理,,,,,,non_request,,,
后台/财务管理/注单管理/游戏记录-wesley.bru,后台,游戏记录-wesley,POST,{{admin_url}},/admin/record/bet,{{admin_url}},{{admin_url}}/admin/record/bet,,,,{{admin_url}}/admin/record/bet
后台/财务管理/银行卡/folder.bru,后台,银行卡,,,,,,non_request,,,
后台/财务管理/银行卡/开启关闭按钮.bru,后台,开启关闭按钮,POST,admin-antd.filbet2025.com,/admin/finance/payment/bank/enable,{{admin_url}},{{admin_url}}/admin/finance/payment/bank/enable,hardcoded_env,yes,finance,https://admin-antd.filbet2025.com/admin/finance/payment/bank/enable
后台/财务管理/银行卡/银行卡列表.bru,后台,银行卡列表,GET,admin-antd.filbet2025.com,/admin/finance/payment/bank/list,{{admin_url}},{{admin_url}}/admin/finance/payment/bank/list,hardcoded_env,yes,finance,https://admin-antd.filbet2025.com/admin/finance/payment/bank/list
后台/财务管理/银行卡/银行卡添加.bru,后台,银行卡添加,POST,admin-antd.filbet2025.com,/admin/finance/payment/bank/insert,{{admin_url}},{{admin_url}}/admin/finance/payment/bank/insert,hardcoded_env,yes,finance,https://admin-antd.filbet2025.com/admin/finance/payment/bank/insert
后台/财务管理/银行卡/银行卡编辑.bru,后台,银行卡编辑,POST,admin-antd.filbet2025.com,/admin/finance/payment/bank/update,{{admin_url}},{{admin_url}}/admin/finance/payment/bank/update,hardcoded_env,yes,finance,https://admin-antd.filbet2025.com/admin/finance/payment/bank/update
后台/跑马灯/folder.bru,后台,跑马灯,,,,,,non_request,,,
后台/跑马灯/修改-启用停止切换.bru,后台,修改/启用停止切换,POST,admin-fat.filbet2025.com,/admin/marquee/update,{{admin_url}},{{admin_url}}/admin/marquee/update,hardcoded_env,,,https://admin-fat.filbet2025.com/admin/marquee/update
后台/跑马灯/列表.bru,后台,列表,GET,admin-fat.filbet2025.com,/admin/marquee/list,{{admin_url}},{{admin_url}}/admin/marquee/list?ty=1,hardcoded_env,,,https://admin-fat.filbet2025.com/admin/marquee/list?ty=1
后台/跑马灯/删除.bru,后台,删除,POST,admin-fat.filbet2025.com,/admin/marquee/delete,{{admin_url}},{{admin_url}}/admin/marquee/delete,hardcoded_env,,,https://admin-fat.filbet2025.com/admin/marquee/delete
后台/跑马灯/添加.bru,后台,添加,POST,admin-fat.filbet2025.com,/admin/marquee/add,{{admin_url}},{{admin_url}}/admin/marquee/add,hardcoded_env,,,https://admin-fat.filbet2025.com/admin/marquee/add
后台/轮播图-首页弹窗/folder.bru,后台,轮播图/首页弹窗,,,,,,non_request,,,
后台/轮播图-首页弹窗/名单数量-todo.bru,后台,名单数量-todo,GET,127.0.0.1:7095,/admin/banner/user/count,{{admin_url}},{{admin_url}}/admin/banner/user/count,"todo,hardcoded_env",,,http://127.0.0.1:7095/admin/banner/user/count
后台/轮播图-首页弹窗/新增轮播图.bru,后台,新增轮播图,POST,admin-antd.filbet2025.com,/admin/banner/insert,{{admin_url}},{{admin_url}}/admin/banner/insert,hardcoded_env,,,https://admin-antd.filbet2025.com/admin/banner/insert
后台/轮播图-首页弹窗/查看名单-todo.bru,后台,查看名单-todo,GET,127.0.0.1:7095,/admin/banner/user/list,{{admin_url}},{{admin_url}}/admin/banner/user/list,"todo,hardcoded_env",,,http://127.0.0.1:7095/admin/banner/user/list
后台/轮播图-首页弹窗/轮播图修改.bru,后台,轮播图修改,POST,admin-antd.filbet2025.com,/admin/banner/update,{{admin_url}},{{admin_url}}/admin/banner/update,hardcoded_env,,,https://admin-antd.filbet2025.com/admin/banner/update
后台/轮播图-首页弹窗/轮播图列表.bru,后台,轮播图列表,POST,admin-antd.filbet2025.com,/admin/banner/list,{{admin_url}},{{admin_url}}/admin/banner/list,hardcoded_env,,,https://admin-antd.filbet2025.com/admin/banner/list
后台/轮播图-首页弹窗/轮播图删除.bru,后台,轮播图删除,GET,admin-antd.filbet2025.com,/admin/banner/delete,{{admin_url}},{{admin_url}}/admin/banner/delete?id=1,hardcoded_env,,,https://admin-antd.filbet2025.com/admin/banner/delete?id=1
后台/轮播图-首页弹窗/轮播图更新状态.bru,后台,轮播图更新状态,POST,admin-antd.filbet2025.com,/admin/banner/update/state,{{admin_url}},{{admin_url}}/admin/banner/update/state,hardcoded_env,,,https://admin-antd.filbet2025.com/admin/banner/update/state
后台/轮播图-首页弹窗/轮播图菜单.bru,后台,轮播图菜单,GET,admin-antd.filbet2025.com,/admin/banner/menu,{{admin_url}},{{admin_url}}/admin/banner/menu,hardcoded_env,,,https://admin-antd.filbet2025.com/admin/banner/menu
后台/运营管理/folder.bru,后台,运营管理,,,,,,non_request,,,
后台/运营管理/会员反馈/folder.bru,后台,会员反馈,,,,,,non_request,,,
后台/运营管理/会员反馈/反馈列表.bru,后台,反馈列表,GET,{{admin_url}},/admin/feedback/list,{{admin_url}},{{admin_url}}/admin/feedback/list,,,,{{admin_url}}/admin/feedback/list
后台/运营管理/会员反馈/反馈回复.bru,后台,反馈回复,POST,{{admin_url}},/admin/feedback/reply,{{admin_url}},{{admin_url}}/admin/feedback/reply,,,,{{admin_url}}/admin/feedback/reply
后台/运营管理/会员反馈/反馈回复修改.bru,后台,反馈回复修改,POST,{{admin_url}},/admin/feedback/reply/update,{{admin_url}},{{admin_url}}/admin/feedback/reply/update,,,,{{admin_url}}/admin/feedback/reply/update
后台/运营管理/会员反馈/反馈挂起.bru,后台,反馈挂起,POST,{{admin_url}},/admin/feedback/pending,{{admin_url}},{{admin_url}}/admin/feedback/pending,,,,{{admin_url}}/admin/feedback/pending
后台/运营管理/会员反馈/问题分类/folder.bru,后台,问题分类,,,,,,non_request,,,
后台/运营管理/会员反馈/问题分类/反馈问题分类修改.bru,后台,反馈问题分类修改,POST,{{admin_url}},/admin/feedback/category/edit,{{admin_url}},{{admin_url}}/admin/feedback/category/edit,,,,{{admin_url}}/admin/feedback/category/edit
后台/运营管理/会员反馈/问题分类/反馈问题分类停用启用.bru,后台,反馈问题分类停用启用,POST,{{admin_url}},/admin/feedback/category/update/state,{{admin_url}},{{admin_url}}/admin/feedback/category/update/state,,,,{{admin_url}}/admin/feedback/category/update/state
后台/运营管理/会员反馈/问题分类/反馈问题分类列表.bru,后台,反馈问题分类列表,GET,{{admin_url}},/admin/feedback/category/list,{{admin_url}},{{admin_url}}/admin/feedback/category/list,,,,{{admin_url}}/admin/feedback/category/list
后台/运营管理/会员反馈/问题分类/反馈问题分类添加.bru,后台,反馈问题分类添加,POST,{{admin_url}},/admin/feedback/category/insert,{{admin_url}},{{admin_url}}/admin/feedback/category/insert,,,,{{admin_url}}/admin/feedback/category/insert
后台/运营管理/会员反馈/问题模版/folder.bru,后台,问题模版,,,,,,non_request,,,
后台/运营管理/会员反馈/问题模版/反馈问题模版修改.bru,后台,反馈问题模版修改,POST,{{admin_url}},/admin/feedback/template/edit,{{admin_url}},{{admin_url}}/admin/feedback/template/edit,,,,{{admin_url}}/admin/feedback/template/edit
后台/运营管理/会员反馈/问题模版/反馈问题模版停用启用.bru,后台,反馈问题模版停用启用,POST,{{admin_url}},/admin/feedback/template/update/state,{{admin_url}},{{admin_url}}/admin/feedback/template/update/state,,,,{{admin_url}}/admin/feedback/template/update/state
后台/运营管理/会员反馈/问题模版/反馈问题模版列表.bru,后台,反馈问题模版列表,GET,{{admin_url}},/admin/feedback/template/list,{{admin_url}},{{admin_url}}/admin/feedback/template/list,,,,{{admin_url}}/admin/feedback/template/list
后台/运营管理/会员反馈/问题模版/反馈问题模版添加.bru,后台,反馈问题模版添加,POST,{{admin_url}},/admin/feedback/template/insert,{{admin_url}},{{admin_url}}/admin/feedback/template/insert,,,,{{admin_url}}/admin/feedback/template/insert
后台/运营管理/厂商业绩报表--yasser.bru,后台,厂商业绩报表--yasser,GET,47.254.235.130:1111,/admin/reports/platform,{{admin_url}},{{admin_url}}/admin/reports/platform?start_time=20250507&end_time=20250510,hardcoded_env,,,47.254.235.130:1111/admin/reports/platform?start_time=20250507&end_time=20250510
后台/运营管理/商城管理/folder.bru,后台,商城管理,,,,,,non_request,,,
后台/运营管理/场馆业绩报表--yasser.bru,后台,场馆业绩报表--yasser,GET,47.254.235.130:1111,/admin/reports/venue,{{admin_url}},{{admin_url}}/admin/reports/venue?start_time=20250507&end_time=20250510,hardcoded_env,,,47.254.235.130:1111/admin/reports/venue?start_time=20250507&end_time=20250510
后台/运营管理/客户端管理/folder.bru,后台,客户端管理,,,,,,non_request,,,
后台/运营管理/客户端管理/三方登录开关/folder.bru,后台,三方登录开关,,,,,,non_request,,,
后台/运营管理/客户端管理/三方登录开关/修改.bru,后台,修改,POST,admin-fat.filbet2025.com,/admin/trd/update,{{admin_url}},{{admin_url}}/admin/trd/update,hardcoded_env,,,https://admin-fat.filbet2025.com/admin/trd/update
后台/运营管理/客户端管理/三方登录开关/列表.bru,后台,列表,GET,admin-fat.filbet2025.com,/admin/trd/list,{{admin_url}},{{admin_url}}/admin/trd/list,hardcoded_env,,,https://admin-fat.filbet2025.com/admin/trd/list
后台/运营管理/客户端管理/平台倍率/folder.bru,后台,平台倍率,,,,,,non_request,,,
后台/运营管理/客户端管理/平台倍率/平台充值倍率列表-aliang.bru,后台,平台充值倍率列表-aliang,GET,admin-fat.filbet2025.com,/admin/sys/config/deposit/multiple/list,{{admin_url}},{{admin_url}}/admin/sys/config/deposit/multiple/list,hardcoded_env,,finance,https://admin-fat.filbet2025.com/admin/sys/config/deposit/multiple/list
后台/运营管理/客户端管理/平台倍率/平台充值倍率异动记录-aliang.bru,后台,平台充值倍率异动记录-aliang,GET,admin-fat.filbet2025.com,/admin/sys/config/deposit/multiple/log,{{admin_url}},{{admin_url}}/admin/sys/config/deposit/multiple/log?page=1&page_size=20,hardcoded_env,,finance,https://admin-fat.filbet2025.com/admin/sys/config/deposit/multiple/log?page=1&page_size=20
后台/运营管理/客户端管理/平台倍率/平台充值倍率更新-aliang.bru,后台,平台充值倍率更新-aliang,POST,admin-fat.filbet2025.com,/admin/sys/config/deposit/multiple/update,{{admin_url}},{{admin_url}}/admin/sys/config/deposit/multiple/update,hardcoded_env,,finance,https://admin-fat.filbet2025.com/admin/sys/config/deposit/multiple/update
后台/运营管理/客户端管理/版本号管理/folder.bru,后台,版本号管理,,,,,,non_request,,,
后台/运营管理/客户端管理/版本号管理/版本管理列表.bru,后台,版本管理列表,GET,{{cur_admin_url}},/admin/client/version/list,{{admin_url}},{{admin_url}}/admin/client/version/list?page=1&page_size=10,,,,{{cur_admin_url}}/admin/client/version/list?page=1&page_size=10
后台/运营管理/客户端管理/版本号管理/版本管理新增.bru,后台,版本管理新增,POST,{{cur_admin_url}},/admin/client/version/insert,{{admin_url}},{{admin_url}}/admin/client/version/insert,,,,{{cur_admin_url}}/admin/client/version/insert
后台/运营管理/客户端管理/版本号管理/版本管理更新.bru,后台,版本管理更新,POST,{{cur_admin_url}},/admin/client/version/update,{{admin_url}},{{admin_url}}/admin/client/version/update,,,,{{cur_admin_url}}/admin/client/version/update
后台/运营管理/客户端管理/素材管理/folder.bru,后台,素材管理,,,,,,non_request,,,
后台/运营管理/客户端管理/素材管理/删除素材.bru,后台,删除素材,GET,admin-fat.filbet2025.com,/admin/ad/material/delete,{{admin_url}},{{admin_url}}/admin/ad/material/delete?id=123,hardcoded_env,,,https://admin-fat.filbet2025.com/admin/ad/material/delete?id=123
后台/运营管理/客户端管理/素材管理/删除素材类型.bru,后台,删除素材类型,GET,admin-fat.filbet2025.com,/admin/ad/material/type/delete,{{admin_url}},{{admin_url}}/admin/ad/material/type/delete?id=123,hardcoded_env,,,https://admin-fat.filbet2025.com/admin/ad/material/type/delete?id=123
后台/运营管理/客户端管理/素材管理/新增素材.bru,后台,新增素材,POST,admin-fat.filbet2025.com,/admin/ad/material/insert,{{admin_url}},{{admin_url}}/admin/ad/material/insert,hardcoded_env,,,https://admin-fat.filbet2025.com/admin/ad/material/insert
后台/运营管理/客户端管理/素材管理/新增素材种类.bru,后台,新增素材种类,POST,admin-fat.filbet2025.com,/admin/ad/material/type/insert,{{admin_url}},{{admin_url}}/admin/ad/material/type/insert,hardcoded_env,,,https://admin-fat.filbet2025.com/admin/ad/material/type/insert
后台/运营管理/客户端管理/素材管理/更新素材状态或排序.bru,后台,更新素材状态或排序,POST,admin-fat.filbet2025.com,/admin/ad/material/update/state,{{admin_url}},{{admin_url}}/admin/ad/material/update/state,hardcoded_env,,,https://admin-fat.filbet2025.com/admin/ad/material/update/state
后台/运营管理/客户端管理/素材管理/更新素材种类状态.bru,后台,更新素材种类状态,POST,admin-fat.filbet2025.com,/admin/ad/material/type/update/state,{{admin_url}},{{admin_url}}/admin/ad/material/type/update/state,hardcoded_env,,,https://admin-fat.filbet2025.com/admin/ad/material/type/update/state
后台/运营管理/客户端管理/素材管理/素材列表.bru,后台,素材列表,POST,admin-fat.filbet2025.com,/admin/ad/material/list,{{admin_url}},{{admin_url}}/admin/ad/material/list,hardcoded_env,,,https://admin-fat.filbet2025.com/admin/ad/material/list
后台/运营管理/客户端管理/素材管理/素材种类列表.bru,后台,素材种类列表,GET,admin-fat.filbet2025.com,/admin/ad/material/type/list,{{admin_url}},{{admin_url}}/admin/ad/material/type/list,hardcoded_env,,,https://admin-fat.filbet2025.com/admin/ad/material/type/list
后台/运营管理/客户端管理/素材管理/素材管理支持的平台枚举.bru,后台,素材管理支持的平台枚举,GET,admin-fat.filbet2025.com,/admin/ad/material/platform/menu,{{admin_url}},{{admin_url}}/admin/ad/material/platform/menu,hardcoded_env,,,https://admin-fat.filbet2025.com/admin/ad/material/platform/menu
后台/运营管理/客户端管理/素材管理/素材详情.bru,后台,素材详情,GET,admin-fat.filbet2025.com,/admin/ad/material/detail,{{admin_url}},{{admin_url}}/admin/ad/material/detail?id=123,hardcoded_env,,,https://admin-fat.filbet2025.com/admin/ad/material/detail?id=123
后台/运营管理/客户端管理/素材管理/编辑素材.bru,后台,编辑素材,POST,admin-fat.filbet2025.com,/admin/ad/material/update,{{admin_url}},{{admin_url}}/admin/ad/material/update,hardcoded_env,,,https://admin-fat.filbet2025.com/admin/ad/material/update
后台/运营管理/客户端管理/素材管理/编辑素材种类.bru,后台,编辑素材种类,POST,admin-fat.filbet2025.com,/admin/ad/material/type/update,{{admin_url}},{{admin_url}}/admin/ad/material/type/update,hardcoded_env,,,https://admin-fat.filbet2025.com/admin/ad/material/type/update
后台/运营管理/客户端管理/门店客户端/folder.bru,后台,门店客户端,,,,,,non_request,,,
后台/运营管理/客户端管理/门店客户端/更新场馆状态.bru,后台,更新场馆状态,POST,{{admin_url}},/admin/shop/gs/update,{{admin_url}},{{admin_url}}/admin/shop/gs/update,,,,{{admin_url}}/admin/shop/gs/update
后台/运营管理/客户端管理/门店客户端/门店列表.bru,后台,门店列表,GET,{{admin_url}},/admin/shop/gs/list,{{admin_url}},{{admin_url}}/admin/shop/gs/list,,,,{{admin_url}}/admin/shop/gs/list
后台/运营管理/客户端配置/folder.bru,后台,客户端配置,,,,,,non_request,,,
后台/运营管理/客户端配置/合规化开关更新.bru,后台,合规化开关更新,POST,{{admin_url}},/sys/config/compliance/update,{{admin_url}},{{admin_url}}/sys/config/compliance/update,,,,{{admin_url}}/sys/config/compliance/update
后台/运营管理/客户端配置/合规化开关状态.bru,后台,合规化开关状态,GET,{{admin_url}},/sys/config/compliance/status,{{admin_url}},{{admin_url}}/sys/config/compliance/status,,,,{{admin_url}}/sys/config/compliance/status
后台/运营管理/客户端配置/合规化开关详情.bru,后台,合规化开关详情,GET,{{admin_url}},/sys/config/compliance/detail,{{admin_url}},{{admin_url}}/sys/config/compliance/detail,,,,{{admin_url}}/sys/config/compliance/detail
后台/运营管理/推广管理/folder.bru,后台,推广管理,,,,,,non_request,,,
后台/运营管理/推广管理/推广数据/folder.bru,后台,推广数据,,,,,,non_request,,,
后台/运营管理/推广管理/推广数据/推广数据列表-todo.bru,后台,推广数据列表-todo,GET,{{admin_url}},/admin/channel/promoData/list,{{admin_url}},{{admin_url}}/admin/channel/promoData/list,todo,,,{{admin_url}}/admin/channel/promoData/list
后台/运营管理/推广管理/推广数据/推广数据日志-todo.bru,后台,推广数据日志-todo,GET,{{admin_url}},/admin/channel/promoData/logs,{{admin_url}},{{admin_url}}/admin/channel/promoData/logs,todo,,,{{admin_url}}/admin/channel/promoData/logs
后台/运营管理/推广管理/推广数据/推广数据详细-todo.bru,后台,推广数据详细-todo,GET,{{admin_url}},/admin/channel/promoData/detail,{{admin_url}},{{admin_url}}/admin/channel/promoData/detail,todo,,,{{admin_url}}/admin/channel/promoData/detail
后台/运营管理/推广管理/推广数据/推广数据面板消耗详情-todo.bru,后台,推广数据面板消耗详情-todo,GET,{{admin_url}},/admin/channel/promoData/consumption,{{admin_url}},{{admin_url}}/admin/channel/promoData/consumption,todo,,,{{admin_url}}/admin/channel/promoData/consumption
后台/运营管理/推广管理/推广数据/更新推广数据-todo.bru,后台,更新推广数据-todo,POST,{{admin_url}},/admin/channel/promoData/update,{{admin_url}},{{admin_url}}/admin/channel/promoData/update,todo,,,{{admin_url}}/admin/channel/promoData/update
后台/运营管理/推广管理/推广数据/更新推广数据面板消耗-todo.bru,后台,更新推广数据面板消耗-todo,POST,{{admin_url}},/admin/channel/promoData/update/consumption,{{admin_url}},{{admin_url}}/admin/channel/promoData/update/consumption,todo,,,{{admin_url}}/admin/channel/promoData/update/consumption
后台/运营管理/推广管理/渠道管理/folder.bru,后台,渠道管理,,,,,,non_request,,,
后台/运营管理/推广管理/渠道管理/删除渠道管理-todo.bru,后台,删除渠道管理-todo,POST,{{admin_url}},/admin/channel/manage/delete,{{admin_url}},{{admin_url}}/admin/channel/manage/delete,todo,,,{{admin_url}}/admin/channel/manage/delete
后台/运营管理/推广管理/渠道管理/新增渠道管理-todo.bru,后台,新增渠道管理-todo,POST,{{admin_url}},/admin/channel/manage/insert,{{admin_url}},{{admin_url}}/admin/channel/manage/insert,todo,,,{{admin_url}}/admin/channel/manage/insert
后台/运营管理/推广管理/渠道管理/更新渠道管理-todo.bru,后台,更新渠道管理-todo,POST,{{admin_url}},/admin/channel/manage/update,{{admin_url}},{{admin_url}}/admin/channel/manage/update,todo,,,{{admin_url}}/admin/channel/manage/update
后台/运营管理/推广管理/渠道管理/更新渠道管理分组-todo.bru,后台,更新渠道管理分组-todo,POST,{{admin_url}},/admin/channel/manage/update/group,{{admin_url}},{{admin_url}}/admin/channel/manage/update/group,todo,,,{{admin_url}}/admin/channel/manage/update/group
后台/运营管理/推广管理/渠道管理/更新渠道管理状态-todo.bru,后台,更新渠道管理状态-todo,POST,{{admin_url}},/admin/channel/manage/update/state,{{admin_url}},{{admin_url}}/admin/channel/manage/update/state,todo,,,{{admin_url}}/admin/channel/manage/update/state
后台/运营管理/推广管理/渠道管理/渠道分组/folder.bru,后台,渠道分组,,,,,,non_request,,,
后台/运营管理/推广管理/渠道管理/渠道分组/删除渠道分组-todo.bru,后台,删除渠道分组-todo,POST,{{admin_url}},/admin/channel/group/delete,{{admin_url}},{{admin_url}}/admin/channel/group/delete,todo,,,{{admin_url}}/admin/channel/group/delete
后台/运营管理/推广管理/渠道管理/渠道分组/新增渠道分组-todo.bru,后台,新增渠道分组-todo,POST,{{admin_url}},/admin/channel/group/insert,{{admin_url}},{{admin_url}}/admin/channel/group/insert,todo,,,{{admin_url}}/admin/channel/group/insert
后台/运营管理/推广管理/渠道管理/渠道分组/更新渠道分组-todo.bru,后台,更新渠道分组-todo,POST,{{admin_url}},/admin/channel/group/update,{{admin_url}},{{admin_url}}/admin/channel/group/update,todo,,,{{admin_url}}/admin/channel/group/update
后台/运营管理/推广管理/渠道管理/渠道分组/渠道分组列表-todo.bru,后台,渠道分组列表-todo,GET,{{admin_url}},/admin/channel/group/list,{{admin_url}},{{admin_url}}/admin/channel/group/list,todo,,,{{admin_url}}/admin/channel/group/list
后台/运营管理/推广管理/渠道管理/渠道分组/渠道分组字黄-todo.bru,后台,渠道分组字黄-todo,GET,{{admin_url}},/admin/channel/group/dict,{{admin_url}},{{admin_url}}/admin/channel/group/dict,todo,,,{{admin_url}}/admin/channel/group/dict
后台/运营管理/推广管理/渠道管理/渠道汇率/folder.bru,后台,渠道汇率,,,,,,non_request,,,
后台/运营管理/推广管理/渠道管理/渠道汇率/更新渠道汇率-todo.bru,后台,更新渠道汇率-todo,POST,{{admin_url}},/admin/channel/exchangeRate/update,{{admin_url}},{{admin_url}}/admin/channel/exchangeRate/update,todo,,,{{admin_url}}/admin/channel/exchangeRate/update
后台/运营管理/推广管理/渠道管理/渠道汇率/渠道汇率列表-todo.bru,后台,渠道汇率列表-todo,GET,{{admin_url}},/admin/channel/exchangeRate/list,{{admin_url}},{{admin_url}}/admin/channel/exchangeRate/list,todo,,,{{admin_url}}/admin/channel/exchangeRate/list
后台/运营管理/推广管理/渠道管理/渠道管理列表-todo.bru,后台,渠道管理列表-todo,GET,{{admin_url}},/admin/channel/manage/list,{{admin_url}},{{admin_url}}/admin/channel/manage/list,todo,,,{{admin_url}}/admin/channel/manage/list
后台/运营管理/推广管理/渠道管理/渠道管理字典-todo.bru,后台,渠道管理字典-todo,GET,{{admin_url}},/admin/channel/manage/dict,{{admin_url}},{{admin_url}}/admin/channel/manage/dict,todo,,,{{admin_url}}/admin/channel/manage/dict
后台/运营管理/推广管理/渠道管理/渠道管理导出-todo.bru,后台,渠道管理导出-todo,GET,{{admin_url}},/admin/channel/manage/export,{{admin_url}},{{admin_url}}/admin/channel/manage/export,todo,,,{{admin_url}}/admin/channel/manage/export
后台/运营管理/推广管理/渠道管理/渠道管理详情-todo.bru,后台,渠道管理详情-todo,GET,{{admin_url}},/admin/channel/manage/detail,{{admin_url}},{{admin_url}}/admin/channel/manage/detail,todo,,,{{admin_url}}/admin/channel/manage/detail
后台/运营管理/日常报表/folder.bru,后台,日常报表,,,,,,non_request,,,
后台/运营管理/日常报表/渠道业绩/folder.bru,后台,渠道业绩,,,,,,non_request,,,
后台/运营管理/日常报表/渠道业绩/渠道报表-todo.bru,后台,渠道报表-todo,GET,{{admin_url_new}},/admin/reports/channel,{{admin_url}},{{admin_url}}/admin/reports/channel,todo,,,{{admin_url_new}}/admin/reports/channel
后台/运营管理/日常报表/渠道业绩/渠道报表导出-todo.bru,后台,渠道报表导出-todo,GET,{{admin_url_new}},/admin/reports/channel,{{admin_url}},{{admin_url}}/admin/reports/channel,todo,,,{{admin_url_new}}/admin/reports/channel
后台/运营管理/日常报表/渠道业绩/渠道报表明细-todo.bru,后台,渠道报表明细-todo,GET,{{admin_url_new}},/admin/reports/channel/detail,{{admin_url}},{{admin_url}}/admin/reports/channel/detail,todo,,,{{admin_url_new}}/admin/reports/channel/detail
后台/运营管理/日常报表/渠道业绩/渠道报表明细导出-todo.bru,后台,渠道报表明细导出-todo,GET,{{admin_url_new}},/admin/reports/channel/detail/export,{{admin_url}},{{admin_url}}/admin/reports/channel/detail/export,todo,,,{{admin_url_new}}/admin/reports/channel/detail/export
后台/运营管理/消息模板/folder.bru,后台,消息模板,,,,,,non_request,,,
后台/运营管理/消息模板/更新消息模板-todo.bru,后台,更新消息模板-todo,POST,{{admin_url}},/admin/message/templates/update,{{admin_url}},{{admin_url}}/admin/message/templates/update,todo,,,{{admin_url}}/admin/message/templates/update
后台/运营管理/消息模板/更新用户列表.bru,后台,更新用户列表,GET,admin-fat.filbet2025.com,/admin/message/user/list,{{admin_url}},{{admin_url}}/admin/message/user/list?updated_name=bali,hardcoded_env,,,https://admin-fat.filbet2025.com/admin/message/user/list?updated_name=bali
后台/运营管理/消息模板/消息模板导出-todo.bru,后台,消息模板导出-todo,GET,{{admin_url}},/admin/message/templates/export,{{admin_url}},{{admin_url}}/admin/message/templates/export,todo,,,{{admin_url}}/admin/message/templates/export
后台/运营管理/消息模板/获取消息模板列表-todo.bru,后台,获取消息模板列表-todo,GET,{{admin_url}},/admin/message/templates/list,{{admin_url}},{{admin_url}}/admin/message/templates/list,todo,,,{{admin_url}}/admin/message/templates/list
后台/运营管理/渠道管理/folder.bru,后台,渠道管理,,,,,,non_request,,,
后台/运营管理/渠道管理/域名库管理/folder.bru,后台,域名库管理,,,,,,non_request,,,
后台/运营管理/渠道管理/域名库管理/删除域名-todo.bru,后台,删除域名-todo,GET,{{admin_url_new}},/admin/domain/delete,{{admin_url}},{{admin_url}}/admin/domain/delete?id=32813546702171106,todo,,,{{admin_url_new}}/admin/domain/delete?id=32813546702171106
后台/运营管理/渠道管理/域名库管理/域名列表-todo.bru,后台,域名列表-todo,POST,{{admin_url_new}},/admin/domain/list,{{admin_url}},{{admin_url}}/admin/domain/list,todo,,,{{admin_url_new}}/admin/domain/list
后台/运营管理/渠道管理/域名库管理/域名列表导出-todo.bru,后台,域名列表导出-todo,POST,{{admin_url_new}},/admin/domain/export,{{admin_url}},{{admin_url}}/admin/domain/export,todo,,,{{admin_url_new}}/admin/domain/export
后台/运营管理/渠道管理/域名库管理/域名菜单-todo.bru,后台,域名菜单-todo,GET,{{admin_url_new}},/admin/domain/menus,{{admin_url}},{{admin_url}}/admin/domain/menus,todo,,,{{admin_url_new}}/admin/domain/menus
后台/运营管理/渠道管理/域名库管理/新增域名-todo.bru,后台,新增域名-todo,POST,{{admin_url_new}},/admin/domain/insert,{{admin_url}},{{admin_url}}/admin/domain/insert,todo,,,{{admin_url_new}}/admin/domain/insert
后台/运营管理/渠道管理/域名库管理/编辑域名-todo.bru,后台,编辑域名-todo,POST,{{admin_url_new}},/admin/domain/update,{{admin_url}},{{admin_url}}/admin/domain/update,todo,,,{{admin_url_new}}/admin/domain/update
后台/运营管理/渠道管理/引流渠道管理/folder.bru,后台,引流渠道管理,,,,,,non_request,,,
后台/运营管理/渠道管理/引流渠道管理/删除渠道-todo.bru,后台,删除渠道-todo,GET,{{admin_url_new}},/admin/channel/delete,{{admin_url}},{{admin_url}}/admin/channel/delete?id=32811914581044194,todo,,,{{admin_url_new}}/admin/channel/delete?id=32811914581044194
后台/运营管理/渠道管理/引流渠道管理/新增渠道-todo.bru,后台,新增渠道-todo,POST,{{admin_url_new}},/admin/channel/insert,{{admin_url}},{{admin_url}}/admin/channel/insert,todo,,,{{admin_url_new}}/admin/channel/insert
后台/运营管理/渠道管理/引流渠道管理/渠道列表-todo.bru,后台,渠道列表-todo,POST,{{admin_url_new}},/admin/channel/list,{{admin_url}},{{admin_url}}/admin/channel/list,todo,,,{{admin_url_new}}/admin/channel/list
后台/运营管理/渠道管理/引流渠道管理/渠道列表导出-todo.bru,后台,渠道列表导出-todo,POST,{{admin_url_new}},/admin/channel/export,{{admin_url}},{{admin_url}}/admin/channel/export,todo,,,{{admin_url_new}}/admin/channel/export
后台/运营管理/渠道管理/引流渠道管理/渠道菜单-todo.bru,后台,渠道菜单-todo,GET,{{admin_url_new}},/admin/channel/menus,{{admin_url}},{{admin_url}}/admin/channel/menus,todo,,,{{admin_url_new}}/admin/channel/menus
后台/运营管理/渠道管理/引流渠道管理/渠道过滤-todo.bru,后台,渠道过滤-todo,GET,{{admin_url_new}},/admin/channel/dict,{{admin_url}},{{admin_url}}/admin/channel/dict,todo,,,{{admin_url_new}}/admin/channel/dict
后台/运营管理/渠道管理/引流渠道管理/编辑渠道-todo.bru,后台,编辑渠道-todo,POST,{{admin_url_new}},/admin/channel/update,{{admin_url}},{{admin_url}}/admin/channel/update,todo,,,{{admin_url_new}}/admin/channel/update
后台/运营管理/站内信管理/folder.bru,后台,站内信管理,,,,,,non_request,,,
后台/运营管理/站内信管理/发送站内信消息-todo.bru,后台,发送站内信消息-todo,POST,{{admin_url}},/admin/message/send,{{admin_url}},{{admin_url}}/admin/message/send,todo,,,{{admin_url}}/admin/message/send
后台/运营管理/站内信管理/已阅读名单-todo.bru,后台,已阅读名单-todo,GET,{{admin_url}},/admin/message/list,{{admin_url}},{{admin_url}}/admin/message/list,todo,,,{{admin_url}}/admin/message/list
后台/运营管理/站内信管理/撤销站内信-todo.bru,后台,撤销站内信-todo,POST,{{admin_url}},/admin/message/revoke,{{admin_url}},{{admin_url}}/admin/message/revoke,todo,,,{{admin_url}}/admin/message/revoke
后台/运营管理/站内信管理/站内信导出-todo.bru,后台,站内信导出-todo,GET,{{admin_url}},/admin/message/export,{{admin_url}},{{admin_url}}/admin/message/export?topic_id=your_topic_id,todo,,,{{admin_url}}/admin/message/export?topic_id=your_topic_id
后台/运营管理/站内信管理/获取消息列表-todo.bru,后台,获取消息列表-todo,GET,{{admin_url}},/admin/message/list,{{admin_url}},{{admin_url}}/admin/message/list,todo,,,{{admin_url}}/admin/message/list
后台/运营管理/运营小工具/folder.bru,后台,运营小工具,,,,,,non_request,,,
后台/运营管理/运营小工具/首存导出.bru,后台,首存导出,GET,(relative_abs),/admin/ops-tools/turnover/export,{{admin_url}},{{admin_url}}/admin/ops-tools/turnover/export,,,,/admin/ops-tools/turnover/export
后台/运营管理/运营小工具/首存未二存.bru,后台,首存未二存,GET,(relative_abs),/admin/ops-tools/first-deposit-no-second/export,{{admin_url}},{{admin_url}}/admin/ops-tools/first-deposit-no-second/export,,,finance,/admin/ops-tools/first-deposit-no-second/export
后台/运营管理/邀请好友/folder.bru,后台,邀请好友,,,,,,non_request,,,
后台/运营管理/邀请好友/保存配置信息.bru,后台,保存配置信息,POST,(relative_abs),/admin/promo/invite/config/update,{{admin_url}},{{admin_url}}/admin/promo/invite/config/update,,,,/admin/promo/invite/config/update
后台/运营管理/邀请好友/基础奖励数据导出.bru,后台,基础奖励数据导出,GET,(relative_abs),/admin/promo/invite/base/export,{{admin_url}},{{admin_url}}/admin/promo/invite/base/export,,,,/admin/promo/invite/base/export
后台/运营管理/邀请好友/好友转线.bru,后台,好友转线,POST,(relative_abs),/admin/promo/invite/friends/transfer,{{admin_url}},{{admin_url}}/admin/promo/invite/friends/transfer,,,,/admin/promo/invite/friends/transfer
后台/运营管理/邀请好友/好友转线列表.bru,后台,好友转线列表,GET,(relative_abs),/admin/promo/invite/friends/transfer/list,{{admin_url}},{{admin_url}}/admin/promo/invite/friends/transfer/list,,,,/admin/promo/invite/friends/transfer/list
后台/运营管理/邀请好友/好友转线导出.bru,后台,好友转线导出,GET,(relative_abs),/admin/promo/invite/friends/transfer/export,{{admin_url}},{{admin_url}}/admin/promo/invite/friends/transfer/export,,,,/admin/promo/invite/friends/transfer/export
后台/运营管理/邀请好友/派发佣金统计列表.bru,后台,派发佣金统计列表,GET,(relative_abs),/admin/promo/invite/statistics/list,{{admin_url}},{{admin_url}}/admin/promo/invite/statistics/list,,,,/admin/promo/invite/statistics/list
后台/运营管理/邀请好友/派发佣金统计导出.bru,后台,派发佣金统计导出,GET,(relative_abs),/admin/promo/invite/statistics/export,{{admin_url}},{{admin_url}}/admin/promo/invite/statistics/export,,,,/admin/promo/invite/statistics/export
后台/运营管理/邀请好友/结算佣金列表.bru,后台,结算佣金列表,GET,(relative_abs),/admin/promo/invite/commission/list,{{admin_url}},{{admin_url}}/admin/promo/invite/commission/list,,,,/admin/promo/invite/commission/list
后台/运营管理/邀请好友/结算佣金奖励导出.bru,后台,结算佣金奖励导出,GET,(relative_abs),/admin/promo/invite/commission/export,{{admin_url}},{{admin_url}}/admin/promo/invite/commission/export,,,,/admin/promo/invite/commission/export
后台/运营管理/邀请好友/获取配置信息.bru,后台,获取配置信息,GET,(relative_abs),/admin/promo/invite/config/info,{{admin_url}},{{admin_url}}/admin/promo/invite/config/info,,,,/admin/promo/invite/config/info
后台/运营管理/邀请好友/邀请基础奖励列表.bru,后台,邀请基础奖励列表,GET,(relative_abs),/admin/promo/invite/base/list,{{admin_url}},{{admin_url}}/admin/promo/invite/base/list,,,,/admin/promo/invite/base/list
后台/运营管理/邀请好友/邀请里程碑奖励列表.bru,后台,邀请里程碑奖励列表,GET,(relative_abs),/admin/promo/invite/upgrade/list,{{admin_url}},{{admin_url}}/admin/promo/invite/upgrade/list,,,,/admin/promo/invite/upgrade/list
后台/运营管理/邀请好友/里程碑奖励导出.bru,后台,里程碑奖励导出,GET,(relative_abs),/admin/promo/invite/upgrade/export,{{admin_url}},{{admin_url}}/admin/promo/invite/upgrade/export,,,,/admin/promo/invite/upgrade/export
后台/运营管理/首页板块配置/folder.bru,后台,首页板块配置,,,,,,non_request,,,
后台/运营管理/首页板块配置/列表.bru,后台,列表,GET,{{admin_url}},/admin/home/section/list,{{admin_url}},{{admin_url}}/admin/home/section/list?prefix=fat,,,,{{admin_url}}/admin/home/section/list?prefix=fat
后台/运营管理/首页板块配置/新增自定义板块.bru,后台,新增自定义板块,POST,{{admin_url}},/admin/home/section/create,{{admin_url}},{{admin_url}}/admin/home/section/create,,,,{{admin_url}}/admin/home/section/create
后台/运营管理/首页板块配置/更新基础分类板块.bru,后台,更新基础分类板块,POST,{{admin_url}},/admin/home/section/update,{{admin_url}},{{admin_url}}/admin/home/section/update,,,,{{admin_url}}/admin/home/section/update
后台/运营管理/首页板块配置/更新系统板块.bru,后台,更新系统板块,POST,{{admin_url}},/admin/home/section/update,{{admin_url}},{{admin_url}}/admin/home/section/update,,,,{{admin_url}}/admin/home/section/update
后台/运营管理/首页板块配置/更新自定义板块.bru,后台,更新自定义板块,POST,{{admin_url}},/admin/home/section/update,{{admin_url}},{{admin_url}}/admin/home/section/update,,,,{{admin_url}}/admin/home/section/update
后台/运营管理/首页板块配置/详情.bru,后台,详情,GET,{{admin_url}},/admin/home/section/detail,{{admin_url}},{{admin_url}}/admin/home/section/detail?id=13,,,,{{admin_url}}/admin/home/section/detail?id=13
后台/集成后台参数/folder.bru,后台,集成后台参数,,,,,,non_request,,,
后台/集成后台参数/接口管理/folder.bru,后台,接口管理,,,,,,non_request,,,
后台/集成后台参数/接口管理/任务管理/folder.bru,后台,任务管理,,,,,,non_request,,,
后台/集成后台参数/接口管理/任务管理/业绩管理.bru,后台,业绩管理,GET,{{admin_url}},/admin/reports/gnode,{{admin_url}},{{admin_url}}/admin/reports/gnode?day=20251013,,,,{{admin_url}}/admin/reports/gnode?day=20251013
后台/集成后台参数/接口管理/集成参数/folder.bru,后台,集成参数,,,,,,non_request,,,
后台/集成后台参数/接口管理/集成参数/豁免清单列表.bru,后台,豁免清单列表,GET,{{admin_url}},/admin/member/exemption/list,{{admin_url}},{{admin_url}}/admin/member/exemption/list,,,,{{admin_url}}/admin/member/exemption/list
后台/集成后台参数/接口管理/集成参数/豁免清单导入.bru,后台,豁免清单导入,POST,{{admin_url}},/admin/member/exemption/insert,{{admin_url}},{{admin_url}}/admin/member/exemption/insert,,,,{{admin_url}}/admin/member/exemption/insert
后台/集成后台参数/接口管理/集成参数/集成参数提交.bru,后台,集成参数提交,POST,{{admin_url}},/admin/sys/config/gnode/submit,{{admin_url}},{{admin_url}}/admin/sys/config/gnode/submit,,,,{{admin_url}}/admin/sys/config/gnode/submit
后台/集成后台参数/接口管理/集成参数/集成参数获取.bru,后台,集成参数获取,POST,{{admin_url}},/admin/sys/config/gnode/list,{{admin_url}},{{admin_url}}/admin/sys/config/gnode/list?ty=5,,,,{{admin_url}}/admin/sys/config/gnode/list?ty=5
后台/集成后台参数/首页/folder.bru,后台,首页,,,,,,non_request,,,
后台/集成后台参数/首页/首页.bru,后台,首页,GET,{{admin_url}},/admin/reports/bi/gnode,{{admin_url}},{{admin_url}}/admin/reports/bi/gnode,,,,{{admin_url}}/admin/reports/bi/gnode
后台/风控管理/folder.bru,后台,风控管理,,,,,,non_request,,,
后台/风控管理/上下分记录/folder.bru,后台,上下分记录,,,,,,non_request,,,
后台/风控管理/上下分记录/手动上下分列表-wesley.bru,后台,手动上下分列表-wesley,GET,{{admin_url}},/admin/finance/adjust/list,{{admin_url}},"{{admin_url}}/admin/finance/adjust/list?uid=1&operator_uid=2&action=1,2&page=1&page_size=10&bill_no=&amount_min=1&amount_max=100&phone=",,,finance,"{{admin_url}}/admin/finance/adjust/list?uid=1&operator_uid=2&action=1,2&page=1&page_size=10&bill_no=&amount_min=1&amount_max=100&phone="
后台/风控管理/上下分记录/手动上下分数据导出 - owen.bru,后台,手动上下分数据导出 - owen,POST,admin-fat.filbet2025.com,/admin/finance/adjust/export,{{admin_url}},{{admin_url}}/admin/finance/adjust/export,hardcoded_env,,finance,https://admin-fat.filbet2025.com/admin/finance/adjust/export
后台/风控管理/上下分记录/批量上下分.bru,后台,批量上下分,POST,{{admin_url}},/admin/finance/adjust/import,{{admin_url}},{{admin_url}}/admin/finance/adjust/import,,,finance,{{admin_url}}/admin/finance/adjust/import
后台/风控管理/上下分记录/批量上下分失败列表.bru,后台,批量上下分失败列表,GET,127.0.0.1:7095,/admin/finance/adjust/import/failure/list,{{admin_url}},{{admin_url}}/admin/finance/adjust/import/failure/list?page=1&page_size=20,hardcoded_env,,finance,http://127.0.0.1:7095/admin/finance/adjust/import/failure/list?page=1&page_size=20
后台/风控管理/上下分记录/添加手动上下分-wesley.bru,后台,添加手动上下分-wesley,POST,{{admin_url}},/admin/finance/adjust/insert,{{admin_url}},{{admin_url}}/admin/finance/adjust/insert,,,finance,{{admin_url}}/admin/finance/adjust/insert
后台/风控管理/大量小額提款檢查/folder.bru,后台,大量小額提款檢查,,,,,,non_request,,,
后台/风控管理/大量小額提款檢查/大量小額提款檢查列表.bru,后台,大量小額提款檢查列表,GET,(relative_abs),/admin/finance/withdraws/limit/list,{{admin_url}},{{admin_url}}/admin/finance/withdraws/limit/list,,,finance,/admin/finance/withdraws/limit/list
后台/风控管理/大量小額提款檢查/更新大量小額提款檢查状态.bru,后台,更新大量小額提款檢查状态,GET,(relative_abs),/admin/finance/withdraws/limit/state,{{admin_url}},{{admin_url}}/admin/finance/withdraws/limit/state,,,finance,/admin/finance/withdraws/limit/state
后台/风控管理/大量小額提款檢查/更新大量小額提款檢查配置.bru,后台,更新大量小額提款檢查配置,POST,(relative_abs),/admin/finance/withdraws/limit/conf,{{admin_url}},{{admin_url}}/admin/finance/withdraws/limit/conf,,,finance,/admin/finance/withdraws/limit/conf
后台/风控管理/存-提审核/folder.bru,后台,存/提审核,,,,,,non_request,,,
后台/风控管理/存-提审核/充值列表-wesley.bru,后台,充值列表-wesley,GET,{{admin_url}},/admin/finance/deposit/risk/list,{{admin_url}},{{admin_url}}/admin/finance/deposit/risk/list,,yes,finance,{{admin_url}}/admin/finance/deposit/risk/list
后台/风控管理/存-提审核/充值补单-wesley.bru,后台,充值补单-wesley,GET,{{admin_url}},/admin/finance/deposit/manual/success,{{admin_url}},{{admin_url}}/admin/finance/deposit/manual/success,,yes,finance,{{admin_url}}/admin/finance/deposit/manual/success
后台/风控管理/存-提审核/出款失败-wesley.bru,后台,出款失败-wesley,POST,{{admin_url}},/admin/finance/withdraw/fail,{{admin_url}},{{admin_url}}/admin/finance/withdraw/fail,,yes,finance,{{admin_url}}/admin/finance/withdraw/fail
后台/风控管理/存-提审核/出款成功-wesley.bru,后台,出款成功-wesley,POST,{{admin_url}},/admin/finance/withdraw/success,{{admin_url}},{{admin_url}}/admin/finance/withdraw/success,,yes,finance,{{admin_url}}/admin/finance/withdraw/success
后台/风控管理/存-提审核/批量提现同意-cold.bru,后台,批量提现同意-cold,POST,{{admin_url}},/admin/finance/withdraw/batch/agree,{{admin_url}},{{admin_url}}/admin/finance/withdraw/batch/agree,,yes,finance,{{admin_url}}/admin/finance/withdraw/batch/agree
后台/风控管理/存-提审核/批量提现拒绝-cold.bru,后台,批量提现拒绝-cold,POST,{{admin_url}},/admin/finance/withdraw/batch/reject,{{admin_url}},{{admin_url}}/admin/finance/withdraw/batch/reject,,yes,finance,{{admin_url}}/admin/finance/withdraw/batch/reject
后台/风控管理/存-提审核/提现同意-wesley.bru,后台,提现同意-wesley,POST,{{admin_url}},/admin/finance/withdraw/agree,{{admin_url}},{{admin_url}}/admin/finance/withdraw/agree,,yes,finance,{{admin_url}}/admin/finance/withdraw/agree
后台/风控管理/存-提审核/提现审核列表-wesley.bru,后台,提现审核列表-wesley,GET,{{admin_url}},/admin/finance/withdraw/risk/audit/list,{{admin_url}},{{admin_url}}/admin/finance/withdraw/risk/audit/list,,yes,finance,{{admin_url}}/admin/finance/withdraw/risk/audit/list
后台/风控管理/存-提审核/提现审核列表导出.bru,后台,提现审核列表导出,POST,admin-fat.filbet2025.com,/admin/finance/withdraw/risk/audit/export,{{admin_url}},{{admin_url}}/admin/finance/withdraw/risk/audit/export,hardcoded_env,yes,finance,https://admin-fat.filbet2025.com/admin/finance/withdraw/risk/audit/export
后台/风控管理/存-提审核/提现拒绝-wesley.bru,后台,提现拒绝-wesley,POST,{{admin_url}},/admin/finance/withdraw/reject,{{admin_url}},{{admin_url}}/admin/finance/withdraw/reject?id=2,,yes,finance,{{admin_url}}/admin/finance/withdraw/reject?id=2
后台/风控管理/存-提审核/提现订单.bru,后台,提现订单,POST,(relative_odd),/finance/withdraw/risk/list,{{admin_url}},{{admin_url}}/finance/withdraw/risk/list,odd_relative_url,yes,finance,admin/finance/withdraw/risk/list
活动/Vip/folder.bru,活动,Vip,,,,,,non_request,,,
活动/Vip/vip配置.bru,活动,vip配置,GET,client-fat.filbet2025.com,/promo/vip/config,{{api_url}},{{api_url}}/promo/vip/config,hardcoded_env,,,https://client-fat.filbet2025.com/promo/vip/config
活动/Vip/测试(这个不用管).bru,活动,测试(这个不用管),GET,client-fat.filbet2025.com,/promo/vip/test,{{api_url}},{{api_url}}/promo/vip/test,hardcoded_env,,,https://client-fat.filbet2025.com/promo/vip/test
活动/Vip/签到.bru,活动,签到,POST,client-fat.filbet2025.com,/promo/vip/sign/in,{{api_url}},{{api_url}}/promo/vip/sign/in,hardcoded_env,,,https://client-fat.filbet2025.com/promo/vip/sign/in
活动/Vip/签到配置.bru,活动,签到配置,GET,client-fat.filbet2025.com,/promo/vip/sign/in/config,{{api_url}},{{api_url}}/promo/vip/sign/in/config,hardcoded_env,,,https://client-fat.filbet2025.com/promo/vip/sign/in/config
活动/Vip/补签.bru,活动,补签,POST,client-fat.filbet2025.com,/promo/vip/clock/in,{{api_url}},{{api_url}}/promo/vip/clock/in,hardcoded_env,,,https://client-fat.filbet2025.com/promo/vip/clock/in
活动/Vip/详情(老页面).bru,活动,详情(老页面),GET,client-fat.filbet2025.com,/promo/rotate/bet/detail,{{api_url}},{{api_url}}/promo/rotate/bet/detail?pid=13&is_welfare=1,"old_or_copy,hardcoded_env",,,https://client-fat.filbet2025.com/promo/rotate/bet/detail?pid=13&is_welfare=1
活动/Vip/详情.bru,活动,详情,GET,client-fat.filbet2025.com,/promo/vip/detail,{{api_url}},{{api_url}}/promo/vip/detail,hardcoded_env,,,https://client-fat.filbet2025.com/promo/vip/detail
活动/cq9返水/folder.bru,活动,cq9返水,,,,,,non_request,,,
活动/cq9返水/获取CQ9活动详情.bru,活动,获取CQ9活动详情,GET,{{test_url}},/promo/cq9/detail,,/promo/cq9/detail?pid=1,,,,{{test_url}}/promo/cq9/detail?pid=1
活动/cq9返水/领取奖励.bru,活动,领取奖励,POST,{{test_url}},/promo/cq9/claim,,/promo/cq9/claim,,,,{{test_url}}/promo/cq9/claim
活动/cq9返水/领取记录列表.bru,活动,领取记录列表,GET,{{test_url}},/promo/blindbox/transaction/bonus,,/promo/blindbox/transaction/bonus?type=4005&page&page_size&time_flag=15,,,finance,{{test_url}}/promo/blindbox/transaction/bonus?type=4005&page&page_size&time_flag=15
活动/folder.bru,活动,活动,,,,,,non_request,,,
活动/freeSpin/folder.bru,活动,freespin,,,,,,non_request,,,
活动/freeSpin/列表.bru,活动,列表,GET,client-fat.filbet2025.com,/promo/rotation/list,{{api_url}},{{api_url}}/promo/rotation/list?ty=1,hardcoded_env,,,https://client-fat.filbet2025.com/promo/rotation/list?ty=1
活动/freeSpin/创建(带入游戏).bru,活动,创建(带入游戏),POST,client-fat.filbet2025.com,/promo/rotation/game/create,{{api_url}},{{api_url}}/promo/rotation/game/create,hardcoded_env,,,https://client-fat.filbet2025.com/promo/rotation/game/create
活动/freeSpin/统计.bru,活动,统计,GET,client-fat.filbet2025.com,/promo/rotation/summary,{{api_url}},{{api_url}}/promo/rotation/summary,hardcoded_env,,,https://client-fat.filbet2025.com/promo/rotation/summary
活动/freeSpin/详情(选择厂商或游戏).bru,活动,详情(选择厂商或游戏),GET,client-fat.filbet2025.com,/promo/rotation/detail,{{api_url}},{{api_url}}/promo/rotation/detail?id=567455611478928362&use_method=3,hardcoded_env,,,https://client-fat.filbet2025.com/promo/rotation/detail?id=567455611478928362&use_method=3
活动/kyc送免费旋转/folder.bru,活动,kyc送免费旋转,,,,,,non_request,yes,kyc,
活动/kyc送免费旋转/弹窗上报.bru,活动,弹窗上报,GET,client-fat.filbet2025.com,/promo/rotate/kyc/popup,{{api_url}},{{api_url}}/promo/rotate/kyc/popup,hardcoded_env,yes,kyc,https://client-fat.filbet2025.com/promo/rotate/kyc/popup
活动/kyc送免费旋转/详情(老页面).bru,活动,详情(老页面),GET,client-fat.filbet2025.com,/promo/rotate/bet/detail,{{api_url}},{{api_url}}/promo/rotate/bet/detail?pid=13&is_welfare=1,"old_or_copy,hardcoded_env",yes,kyc,https://client-fat.filbet2025.com/promo/rotate/bet/detail?pid=13&is_welfare=1
活动/kyc送免费旋转/详情.bru,活动,详情,GET,client-fat.filbet2025.com,/promo/rotate/kyc/detail,{{api_url}},{{api_url}}/promo/rotate/kyc/detail,hardcoded_env,yes,kyc,https://client-fat.filbet2025.com/promo/rotate/kyc/detail
活动/playstar/folder.bru,活动,playstar,,,,,,non_request,,,
活动/playstar/详情.bru,活动,详情,GET,(relative_abs),/promo/playstar/detail,,/promo/playstar/detail,,,,/promo/playstar/detail
活动/pt/folder.bru,活动,pt,,,,,,non_request,,,
活动/pt/pt相关数据.bru,活动,pt相关数据,GET,client-fat.filbet2025.com,/promo/pt/info,{{api_url}},{{api_url}}/promo/pt/info,hardcoded_env,,,https://client-fat.filbet2025.com/promo/pt/info
活动/tpg 返利/folder.bru,活动,tpg 返利,,,,,,non_request,,,
活动/tpg 返利/tpg活动详情.bru,活动,tpg活动详情,GET,{{test_url}},/promo/tpg/detail,,/promo/tpg/detail?pid=7,,,,{{test_url}}/promo/tpg/detail?pid=7
活动/tpg 返利/领取记录.bru,活动,领取记录,GET,{{test_url}},/promo/blindbox/transaction/bonus,,/promo/blindbox/transaction/bonus?type=4006&page&page_size&time_flag=15,,,finance,{{test_url}}/promo/blindbox/transaction/bonus?type=4006&page&page_size&time_flag=15
活动/世界杯活动/folder.bru,活动,世界杯活动,,,,,,non_request,,,
活动/世界杯活动/世界杯活动详情.bru,活动,世界杯活动详情,GET,(relative_abs),/promo/world/cup/rank,,/promo/world/cup/rank,,,,/promo/world/cup/rank
活动/世界杯活动/冠军排行榜.bru,活动,冠军排行榜,GET,(relative_abs),/promo/world/cup/rank,,/promo/world/cup/rank,,,,/promo/world/cup/rank
活动/世界杯活动/手动添加.bru,活动,手动添加,POST,(relative_abs),/free/spin/insert,,/free/spin/insert,,,,/free/spin/insert
活动/优惠通知/folder.bru,活动,优惠通知,,,,,,non_request,,,
活动/优惠通知/通知接口.bru,活动,通知接口,GET,(relative_abs),/promo/notify/list,,/promo/notify/list,,,,/promo/notify/list
活动/后台-活动管理/KYC通过送免费旋转/folder.bru,活动,KYC通过送免费旋转,,,,,,non_request,yes,kyc,
活动/后台-活动管理/KYC通过送免费旋转/列表.bru,活动,列表,GET,admin-fat.filbet2025.com,/admin/promo/rotate/kyc/list,{{admin_url}},{{admin_url}}/admin/promo/rotate/kyc/list,hardcoded_env,yes,kyc,https://admin-fat.filbet2025.com/admin/promo/rotate/kyc/list
活动/后台-活动管理/KYC通过送免费旋转/导出.bru,活动,导出,GET,admin-fat.filbet2025.com,/admin/promo/rotate/kyc/export,{{admin_url}},{{admin_url}}/admin/promo/rotate/kyc/export?topic_id=1234567,hardcoded_env,yes,kyc,https://admin-fat.filbet2025.com/admin/promo/rotate/kyc/export?topic_id=1234567
活动/后台-活动管理/KYC通过送免费旋转/活动编辑.bru,活动,活动编辑,GET,(relative_abs),/aa,,/aa,,yes,kyc,/aa
活动/后台-活动管理/KYC通过送免费旋转/编辑.bru,活动,编辑,GET,(relative_abs),/admin/promo/update,,/admin/promo/update,,yes,kyc,/admin/promo/update
活动/后台-活动管理/folder.bru,活动,后台-活动管理,,,,,,non_request,,,
活动/后台-活动管理/freeSpin/folder.bru,活动,freeSpin,,,,,,non_request,,,
活动/后台-活动管理/freeSpin/fs批量派发记录.bru,活动,fs批量派发记录,GET,admin-fat.filbet2025.com,/admin/promo/free/spin/import/log,{{admin_url}},{{admin_url}}/admin/promo/free/spin/import/log,hardcoded_env,,,https://admin-fat.filbet2025.com/admin/promo/free/spin/import/log
活动/后台-活动管理/freeSpin/作废.bru,活动,作废,POST,admin-fat.filbet2025.com,/admin/promo/free/spin/invalid,{{admin_url}},{{admin_url}}/admin/promo/free/spin/invalid,"deprecated,hardcoded_env",,,https://admin-fat.filbet2025.com/admin/promo/free/spin/invalid
活动/后台-活动管理/freeSpin/列表.bru,活动,列表,GET,admin-fat.filbet2025.com,/admin/promo/free/spin/list,{{admin_url}},{{admin_url}}/admin/promo/free/spin/list?batch_id=12,hardcoded_env,,,https://admin-fat.filbet2025.com/admin/promo/free/spin/list?batch_id=12
活动/后台-活动管理/freeSpin/同步.bru,活动,同步,GET,admin-fat.filbet2025.com,/admin/promo/free/spin/synchronous,{{admin_url}},{{admin_url}}/admin/promo/free/spin/synchronous?id=577845575186181098,hardcoded_env,,,https://admin-fat.filbet2025.com/admin/promo/free/spin/synchronous?id=577845575186181098
活动/后台-活动管理/freeSpin/失败明细.bru,活动,失败明细,GET,admin-fat.filbet2025.com,/admin/promo/free/spin/import/fail,{{admin_url}},{{admin_url}}/admin/promo/free/spin/import/fail?batch_id=691526014311918570,hardcoded_env,,,https://admin-fat.filbet2025.com/admin/promo/free/spin/import/fail?batch_id=691526014311918570
活动/后台-活动管理/freeSpin/失败清单下载.bru,活动,失败清单下载,GET,admin-fat.filbet2025.com,/admin/promo/free/spin/import/export,{{admin_url}},{{admin_url}}/admin/promo/free/spin/import/export?batch_id=691526014311918570&topic_id=test123,hardcoded_env,,,https://admin-fat.filbet2025.com/admin/promo/free/spin/import/export?batch_id=691526014311918570&topic_id=test123
活动/后台-活动管理/freeSpin/导出.bru,活动,导出,GET,admin-fat.filbet2025.com,/admin/promo/free/spin/export,{{admin_url}},{{admin_url}}/admin/promo/free/spin/export,hardcoded_env,,,https://admin-fat.filbet2025.com/admin/promo/free/spin/export
活动/后台-活动管理/freeSpin/手动派发.bru,活动,手动派发,POST,admin-fat.filbet2025.com,/admin/promo/free/spin/insert,{{admin_url}},{{admin_url}}/admin/promo/free/spin/insert,hardcoded_env,,,https://admin-fat.filbet2025.com/admin/promo/free/spin/insert
活动/后台-活动管理/freeSpin/批量派发.bru,活动,批量派发,POST,admin-fat.filbet2025.com,/admin/promo/free/spin/import,{{admin_url}},{{admin_url}}/admin/promo/free/spin/import,hardcoded_env,,,https://admin-fat.filbet2025.com/admin/promo/free/spin/import
活动/后台-活动管理/freeSpin/详情.bru,活动,详情,GET,admin-fat.filbet2025.com,/admin/promo/free/spin/detail,{{admin_url}},{{admin_url}}/admin/promo/free/spin/detail?id=567461362775682026,hardcoded_env,,,https://admin-fat.filbet2025.com/admin/promo/free/spin/detail?id=567461362775682026
活动/后台-活动管理/pt排行榜/folder.bru,活动,pt排行榜,,,,,,non_request,,,
活动/后台-活动管理/pt排行榜/列表.bru,活动,列表,GET,admin-fat.filbet2025.com,/admin/promo/pt/list,{{admin_url}},{{admin_url}}/admin/promo/pt/list,hardcoded_env,,,https://admin-fat.filbet2025.com/admin/promo/pt/list
活动/后台-活动管理/pt排行榜/导出.bru,活动,导出,GET,admin-fat.filbet2025.com,/admin/promo/pt/export,{{admin_url}},{{admin_url}}/admin/promo/pt/export?topic_id=23456,hardcoded_env,,,https://admin-fat.filbet2025.com/admin/promo/pt/export?topic_id=23456
活动/后台-活动管理/vip/folder.bru,活动,vip,,,,,,non_request,,,
活动/后台-活动管理/复存阶梯活动/folder.bru,活动,复存阶梯活动,,,,,,non_request,,,
活动/后台-活动管理/复存阶梯活动/复存报表.bru,活动,复存报表,GET,(relative_abs),/admin/promo/deposit/restore/list,,/admin/promo/deposit/restore/list,,,finance,/admin/promo/deposit/restore/list
活动/后台-活动管理/复存阶梯活动/复存报表导出.bru,活动,复存报表导出,GET,(relative_abs),/admin/promo/deposit/restore/export,,/admin/promo/deposit/restore/export,,,finance,/admin/promo/deposit/restore/export
活动/后台-活动管理/大转盘/folder.bru,活动,大转盘,,,,,,non_request,,,
活动/后台-活动管理/大转盘/中奖记录.bru,活动,中奖记录,GET,(relative_abs),/aa,,/aa,,,,/aa
活动/后台-活动管理/大转盘/中奖记录导出.bru,活动,中奖记录导出,GET,(relative_abs),/aa,,/aa,,,,/aa
活动/后台-活动管理/大转盘/发放报表.bru,活动,发放报表,GET,(relative_abs),/admin/promo/turntable/reward/give/list,,/admin/promo/turntable/reward/give/list,,,,/admin/promo/turntable/reward/give/list
活动/后台-活动管理/大转盘/发放报表导出.bru,活动,发放报表导出,GET,(relative_abs),/admin/promo/turntable/reward/give/export,,/admin/promo/turntable/reward/give/export,,,,/admin/promo/turntable/reward/give/export
活动/后台-活动管理/大转盘/大转盘-奖励商品列表.bru,活动,大转盘-奖励商品列表,GET,(relative_abs),/admin/promo/turntable/reward/goods/list,,/admin/promo/turntable/reward/goods/list?pid=12,,,,/admin/promo/turntable/reward/goods/list?pid=12
活动/后台-活动管理/大转盘/大转盘-新增奖励商品.bru,活动,大转盘-新增奖励商品,POST,(relative_abs),/admin/promo/turntable/reward/goods/insert,,/admin/promo/turntable/reward/goods/insert,,,,/admin/promo/turntable/reward/goods/insert
活动/后台-活动管理/大转盘/大转盘-编辑奖励商品.bru,活动,大转盘-编辑奖励商品,POST,(relative_abs),/admin/promo/turntable/reward/goods/update,,/admin/promo/turntable/reward/goods/update,,,,/admin/promo/turntable/reward/goods/update
活动/后台-活动管理/大转盘/清理商品名单.bru,活动,清理商品名单,POST,(relative_abs),/admin/promo/turntable/reward/menu/clear,,/admin/promo/turntable/reward/menu/clear,,,,/admin/promo/turntable/reward/menu/clear
活动/后台-活动管理/存款活动（一存，2存，3存，多存）/folder.bru,活动,存款活动（一存，2存，3存，多存）,,,,,,non_request,,,
活动/后台-活动管理/存款活动（一存，2存，3存，多存）/编辑活动.bru,活动,编辑活动,GET,(relative_abs),/admin/promo/update,,/admin/promo/update,,,,/admin/promo/update
活动/后台-活动管理/存款活动（一存，2存，3存，多存）/首存阶梯报表.bru,活动,首存阶梯报表,GET,(relative_abs),/admin/promo/deposit/first/list,,/admin/promo/deposit/first/list,,,finance,/admin/promo/deposit/first/list
活动/后台-活动管理/存款活动（一存，2存，3存，多存）/首存阶梯报表导出.bru,活动,首存阶梯报表导出,GET,(relative_abs),/admin/promo/deposit/first/export,,/admin/promo/deposit/first/export,,,finance,/admin/promo/deposit/first/export
活动/后台-活动管理/投注返水/folder.bru,活动,投注返水,,,,,,non_request,,,
活动/后台-活动管理/投注返水/返水列表.bru,活动,返水列表,GET,admin-fat.filbet2025.com,/admin/promo/rebate/rebat/report,{{admin_url}},{{admin_url}}/admin/promo/rebate/rebat/report?uid=35404900540148714,hardcoded_env,,,https://admin-fat.filbet2025.com/admin/promo/rebate/rebat/report?uid=35404900540148714
活动/后台-活动管理/投注返水/返水列表导出.bru,活动,返水列表导出,GET,admin-fat.filbet2025.com,/admin/promo/rebate/rebat/export,{{admin_url}},{{admin_url}}/admin/promo/rebate/rebat/export,hardcoded_env,,,https://admin-fat.filbet2025.com/admin/promo/rebate/rebat/export
活动/后台-活动管理/抽奖活动/folder.bru,活动,抽奖活动,,,,,,non_request,,,
活动/后台-活动管理/抽奖活动/中奖人列表导出.bru,活动,中奖人列表导出,GET,(relative_abs),/admin/promo/lottery/user/win/export,,/admin/promo/lottery/user/win/export,,,,/admin/promo/lottery/user/win/export
活动/后台-活动管理/抽奖活动/中奖人名单列表.bru,活动,中奖人名单列表,GET,(relative_abs),/admin/promo/lottery/user/win/list,,/admin/promo/lottery/user/win/list,,,,/admin/promo/lottery/user/win/list
活动/后台-活动管理/抽奖活动/创建抽奖任务.bru,活动,创建抽奖任务,POST,(relative_abs),/admin/promo/lottery/task/insert,,/admin/promo/lottery/task/insert,,,,/admin/promo/lottery/task/insert
活动/后台-活动管理/抽奖活动/抽奖人员名单报表.bru,活动,抽奖人员名单报表,GET,(relative_abs),/admin/promo/lottery/user/record/list,,/admin/promo/lottery/user/record/list,,,,/admin/promo/lottery/user/record/list
活动/后台-活动管理/抽奖活动/抽奖人员名单报表导出.bru,活动,抽奖人员名单报表导出,GET,(relative_abs),/admin/promo/lottery/user/record/export,,/admin/promo/lottery/user/record/export,,,,/admin/promo/lottery/user/record/export
活动/后台-活动管理/抽奖活动/抽奖任务报表.bru,活动,抽奖任务报表,GET,(relative_abs),/admin/promo/lottery/task/record/list,,/admin/promo/lottery/task/record/list,,,,/admin/promo/lottery/task/record/list
活动/后台-活动管理/抽奖活动/抽奖任务报表导出.bru,活动,抽奖任务报表导出,GET,(relative_abs),/admin/promo/lottery/task/record/export,,/admin/promo/lottery/task/record/export,,,,/admin/promo/lottery/task/record/export
活动/后台-活动管理/抽奖活动/清空抽奖用户名单.bru,活动,清空抽奖用户名单,POST,(relative_abs),/admin/promo/lottery/user/clear,,/admin/promo/lottery/user/clear,,,,/admin/promo/lottery/user/clear
活动/后台-活动管理/抽奖活动/编辑抽奖活动.bru,活动,编辑抽奖活动,GET,,,,,invalid_url,,,
活动/后台-活动管理/日存款+投注活动/folder.bru,活动,日存款+投注活动,,,,,,non_request,,,
活动/后台-活动管理/日存款+投注活动/编辑活动.bru,活动,编辑活动,GET,(relative_abs),/admin/promo/update,,/admin/promo/update,,,,/admin/promo/update
活动/后台-活动管理/每日多存阶梯活动/folder.bru,活动,每日多存阶梯活动,,,,,,non_request,,,
活动/后台-活动管理/每日多存阶梯活动/每日多存导出.bru,活动,每日多存导出,GET,,,,,invalid_url,,,
活动/后台-活动管理/每日多存阶梯活动/每日多存报表.bru,活动,每日多存报表,GET,(relative_abs),/admin/promo/deposit/repeatedly/list,,/admin/promo/deposit/repeatedly/list,,,finance,/admin/promo/deposit/repeatedly/list
活动/后台-活动管理/王牌翻转活动/folder.bru,活动,王牌翻转活动,,,,,,non_request,,,
活动/后台-活动管理/王牌翻转活动/报表.bru,活动,报表,GET,(relative_abs),/admin/promo//flip/card/report,,/admin/promo//flip/card/report,,,,/admin/promo//flip/card/report
活动/后台-活动管理/王牌翻转活动/报表导出.bru,活动,报表导出,GET,(relative_abs),/admin/promo//flip/card/export,,/admin/promo//flip/card/export,,,,/admin/promo//flip/card/export
活动/后台-活动管理/王牌翻转活动/编辑.bru,活动,编辑,GET,(relative_abs),/admin/promo/update,,/admin/promo/update,,,,/admin/promo/update
活动/后台-活动管理/编辑活动.bru,活动,编辑活动,GET,(relative_abs),/admin/promo/update,,/admin/promo/update,,,,/admin/promo/update
活动/大转盘活动/folder.bru,活动,大转盘活动,,,,,,non_request,,,
活动/大转盘活动/免费旋转游戏列表.bru,活动,免费旋转游戏列表,GET,(relative_abs),/promo/turntable/game/list,,/promo/turntable/game/list,,,game,/promo/turntable/game/list
活动/大转盘活动/剩余次数.bru,活动,剩余次数,GET,(relative_abs),/promo/turntable/num,,/promo/turntable/num,,,,/promo/turntable/num
活动/大转盘活动/批量抽奖接口.bru,活动,批量抽奖接口,GET,(relative_abs),/promo/turntable/batch/claim,,/promo/turntable/batch/claim?pid=16&num=5&turntable_ty=1,,,,/promo/turntable/batch/claim?pid=16&num=5&turntable_ty=1
活动/大转盘活动/抽奖接口.bru,活动,抽奖接口,GET,(relative_abs),/promo/turntable/claim,,/promo/turntable/claim?pid=16,,,,/promo/turntable/claim?pid=16
活动/大转盘活动/抽奖记录.bru,活动,抽奖记录,GET,(relative_abs),/promo/turntable/record,,/promo/turntable/record?pid=16,,,,/promo/turntable/record?pid=16
活动/大转盘活动/活动详情.bru,活动,活动详情,GET,(relative_abs),/promo/turntable/detail,,/promo/turntable/detail?pid=16,,,,/promo/turntable/detail?pid=16
活动/大转盘活动/转盘最近50名中奖者.bru,活动,转盘最近50名中奖者,GET,(relative_abs),/promo/turntable/final/List,,/promo/turntable/final/List?pid=16,,,,/promo/turntable/final/List?pid=16
活动/存款阶梯活动/folder.bru,活动,存款阶梯活动,,,,,,non_request,,,
活动/存款阶梯活动/存款阶梯活动详情.bru,活动,存款阶梯活动详情,GET,(relative_abs),/promo/deposit/ladder/detail,,/promo/deposit/ladder/detail,,,finance,/promo/deposit/ladder/detail
活动/存款阶梯活动/存款阶梯配置活动.bru,活动,存款阶梯配置活动,GET,(relative_abs),/promo/deposit/ladder/deposit/conf,,/promo/deposit/ladder/deposit/conf,,,finance,/promo/deposit/ladder/deposit/conf
活动/投注返积分/folder.bru,活动,投注返积分,,,,,,non_request,,,
活动/投注返积分/总积分.bru,活动,总积分,GET,{{test_url}},/promo/task/tokens/balance,,/promo/task/tokens/balance,,,,{{test_url}}/promo/task/tokens/balance
活动/投注返积分/积分账变.bru,活动,积分账变,GET,{{test_url}},/promo/task/transaction,,/promo/task/transaction,,,finance,{{test_url}}/promo/task/transaction
活动/抽奖活动/folder.bru,活动,抽奖活动,,,,,,non_request,,,
活动/抽奖活动/批量开奖名单.bru,活动,批量开奖名单,GET,(relative_abs),/promo/lottery/machine/claim,,/promo/lottery/machine/claim,,,,/promo/lottery/machine/claim
活动/抽奖活动/活动详情.bru,活动,活动详情,GET,(relative_abs),/promo/lottery/machine/detail,,/promo/lottery/machine/detail,,,,/promo/lottery/machine/detail
活动/每日充值+投注阶梯送礼金和旋转次数/folder.bru,活动,每日充值+投注阶梯送礼金和旋转次数,,,,,,non_request,,,
活动/每日充值+投注阶梯送礼金和旋转次数/弹目消息.bru,活动,弹目消息,GET,(relative_abs),/promo/rotate/bet/detail,,/promo/rotate/bet/detail?pid=13&is_barrage=1,,,,/promo/rotate/bet/detail?pid=13&is_barrage=1
活动/每日充值+投注阶梯送礼金和旋转次数/活动详情.bru,活动,活动详情,GET,client-fat.filbet2025.com,/promo/rotate/bet/detail,{{api_url}},{{api_url}}/promo/rotate/bet/detail?pid=13&is_welfare=1,hardcoded_env,,,https://client-fat.filbet2025.com/promo/rotate/bet/detail?pid=13&is_welfare=1
活动/每日充值+投注阶梯送礼金和旋转次数/福利详情.bru,活动,福利详情,GET,(relative_abs),/promo/rotate/bet/detail,,/promo/rotate/bet/detail?pid=13&is_welfare=1,,,,/promo/rotate/bet/detail?pid=13&is_welfare=1
活动/每日充值+投注阶梯送礼金和旋转次数/获取历史总旋转次数.bru,活动,获取历史总旋转次数,GET,(relative_abs),/promo/rotate/total,,/promo/rotate/total,,,,/promo/rotate/total
活动/注册kyc送旋转活动/folder.bru,活动,注册kyc送旋转活动,,,,,,non_request,yes,kyc,
活动/注册kyc送旋转活动/活动详情.bru,活动,活动详情,GET,(relative_abs),/promo/rotate/reg/detail,,/promo/rotate/reg/detail?pid=11,,yes,kyc,/promo/rotate/reg/detail?pid=11
活动/王牌活动/folder.bru,活动,王牌活动,,,,,,non_request,,,
活动/王牌活动/top10盈利-=100记录.bru,活动,top10盈利>=100记录,GET,(relative_abs),/promo/filpcard/top10,,/promo/filpcard/top10?pid=23,,,,/promo/filpcard/top10?pid=23
活动/王牌活动/活动详情.bru,活动,活动详情,GET,(relative_abs),/promo/filpcard/detail,,/promo/filpcard/detail?pid=23,,,,/promo/filpcard/detail?pid=23
活动/王牌活动/翻牌抽奖.bru,活动,翻牌抽奖,GET,(relative_abs),/promo/filpcard/lottery,,/promo/filpcard/lottery,,,,/promo/filpcard/lottery
活动/王牌活动/领取奖励.bru,活动,领取奖励,GET,(relative_abs),/promo/filpcard/claim,,/promo/filpcard/claim?pid=23,,,,/promo/filpcard/claim?pid=23
活动/盲盒/bonus列表 - felix.bru,活动,bonus列表 - felix,GET,{{test_url}},/promo/blindbox/transaction/bonus,,/promo/blindbox/transaction/bonus?type=4001&page&page_size&time_flag=15,,,finance,{{test_url}}/promo/blindbox/transaction/bonus?type=4001&page&page_size&time_flag=15
活动/盲盒/folder.bru,活动,盲盒,,,,,,non_request,,,
活动/盲盒/后台新增活动.bru,活动,后台新增活动,POST,{{test_url}},/admin/promo/insert,,/admin/promo/insert,,,,{{test_url}}/admin/promo/insert
活动/盲盒/后台用户盲盒活动数据导出.bru,活动,后台用户盲盒活动数据导出,GET,{{test_url}},/admin/member/promo/report,,/admin/member/promo/report?action=export&pid=1&bonusmin=5000&bonusmax=700000,,,,{{test_url}}/admin/member/promo/report?action=export&pid=1&bonusmin=5000&bonusmax=700000
活动/盲盒/后台用户盲盒活动汇总.bru,活动,后台用户盲盒活动汇总,GET,{{test_url}},/admin/member/promo/report,,/admin/member/promo/report?action=user_summary&pid=1&uid=1908035286764179456,,,,{{test_url}}/admin/member/promo/report?action=user_summary&pid=1&uid=1908035286764179456
活动/盲盒/后台盲盒活动汇总.bru,活动,后台盲盒活动汇总,GET,{{test_url}},/admin/member/promo/report,,/admin/member/promo/report?action=summary&pid=1&uid=1908035286764179456,,,,{{test_url}}/admin/member/promo/report?action=summary&pid=1&uid=1908035286764179456
活动/盲盒/后台获取今日实时数据.bru,活动,后台获取今日实时数据,GET,{{base_url}},/admin/member/promo/report,,/admin/member/promo/report?pid=1&action=today,,,,{{base_url}}//admin/member/promo/report?pid=1&action=today
活动/盲盒/后台获取明细列表.bru,活动,后台获取明细列表,GET,{{test_url}},/admin/member/promo/list,,/admin/member/promo/list?page=1&pagesize=20&pid=1&bonusmin=5000&bonusmax=700000,,,,{{test_url}}/admin/member/promo/list?page=1&pagesize=20&pid=1&bonusmin=5000&bonusmax=700000
活动/盲盒/查询盲盒待领取记录.bru,活动,查询盲盒待领取记录,GET,{{test_url}},/promo/blindbox/query/bonus,,/promo/blindbox/query/bonus?type=4001,,,,{{test_url}}/promo/blindbox/query/bonus?type=4001
活动/盲盒/每日领取分析.bru,活动,每日领取分析,GET,{{base_url}},/admin/member/promo/report,,/admin/member/promo/report?pid=1&action=daily&st=2025-03-02&et=2025-04-03,,,,{{base_url}}/admin/member/promo/report?pid=1&action=daily&st=2025-03-02&et=2025-04-03
活动/盲盒/获取盲盒详情 - felix.bru,活动,获取盲盒详情 - felix,GET,{{test_url}},/promo/blindbox/detail,,/promo/blindbox/detail?pid=1&ym=2025-06,,,,{{test_url}}/promo/blindbox/detail?pid=1&ym=2025-06
活动/盲盒/获取礼金总计.bru,活动,获取礼金总计,GET,{{test_url}},/promo/bonus/total,,/promo/bonus/total,,,,{{test_url}}/promo/bonus/total
活动/盲盒/领取盲盒 - felix.bru,活动,领取盲盒 - felix,POST,{{test_url}},/promo/blindbox/claim,,/promo/blindbox/claim,,,,{{test_url}}/promo/blindbox/claim
活动/老虎机排行榜/folder.bru,活动,老虎机排行榜,,,,,,non_request,,,
活动/老虎机排行榜/公共礼金列表记录.bru,活动,公共礼金列表记录,GET,{{test_url}},/promo/blindbox/transaction/bonus,,/promo/blindbox/transaction/bonus?type=4007&page&page_size&time_flag=15,old_or_copy,,finance,{{test_url}}/promo/blindbox/transaction/bonus?type=4007&page&page_size&time_flag=15
活动/老虎机排行榜/历史top100列表.bru,活动,历史top100列表,GET,{{test_url}},/promo/slot/machine/history/bonus,,/promo/slot/machine/history/bonus?history=1&ymd=20250906,old_or_copy,,,{{test_url}}/promo/slot/machine/history/bonus?history=1&ymd=20250906
活动/老虎机排行榜/实时滚动有效投注top100.bru,活动,实时滚动有效投注top100,GET,{{test_url}},/promo/slot/machine/detail,,/promo/slot/machine/detail?pid=10&handler=2,old_or_copy,,,{{test_url}}/promo/slot/machine/detail?pid=10&handler=2
活动/老虎机排行榜/实时滚动负盈利排行榜.bru,活动,实时滚动负盈利排行榜,GET,{{test_url}},/promo/slot/machine/detail,,/promo/slot/machine/detail?pid=10&handler=1,old_or_copy,,,{{test_url}}/promo/slot/machine/detail?pid=10&handler=1
活动/老虎机排行榜/排行榜详情.bru,活动,排行榜详情,GET,{{test_url}},/promo/slot/machine/detail,,/promo/slot/machine/detail?pid=10,old_or_copy,,,{{test_url}}/promo/slot/machine/detail?pid=10
活动/老虎机排行榜/用户领取记录.bru,活动,用户领取记录,GET,{{test_url}},/promo/slot/machine/bonus,,/promo/slot/machine/bonus?last_id=0,old_or_copy,,,{{test_url}}/promo/slot/machine/bonus?last_id=0
活动/邀请好友/folder.bru,活动,邀请好友,,,,,,non_request,,,
活动/邀请好友/佣金奖励列表.bru,活动,佣金奖励列表,GET,(relative_abs),/promo/inviter/commission/list,,/promo/inviter/commission/list,,,,/promo/inviter/commission/list
活动/邀请好友/佣金奖励详情.bru,活动,佣金奖励详情,GET,(relative_abs),/promo/inviter/rewards/commission,,/promo/inviter/rewards/commission,,,,/promo/inviter/rewards/commission
活动/邀请好友/基础奖励列表.bru,活动,基础奖励列表,GET,(relative_abs),/promo/inviter/reward/list,,/promo/inviter/reward/list,,,,/promo/inviter/reward/list
活动/邀请好友/基础奖励详情.bru,活动,基础奖励详情,GET,(relative_abs),/promo/inviter/rewards/base,,/promo/inviter/rewards/base,,,,/promo/inviter/rewards/base
活动/邀请好友/好友列表.bru,活动,好友列表,GET,(relative_abs),/promo/inviter/friend/list,,/promo/inviter/friend/list,,,,/promo/inviter/friend/list
活动/邀请好友/邀请奖励排行榜.bru,活动,邀请奖励排行榜,GET,(relative_abs),/promo/inviter/rankings/list,,/promo/inviter/rankings/list,,,,/promo/inviter/rankings/list
活动/邀请好友/邀请奖励跑马灯.bru,活动,邀请奖励跑马灯,GET,(relative_abs),/promo/inviter/last/list,,/promo/inviter/last/list,,,,/promo/inviter/last/list
活动/邀请好友/邀请好友数据展示.bru,活动,邀请好友数据展示,GET,client-fat.filbet2025.com,/promo/inviter/statistics,{{api_url}},{{api_url}}/promo/inviter/statistics?stime=1775012314000&etime=1777564799000&level=1,hardcoded_env,,,https://client-fat.filbet2025.com/promo/inviter/statistics?stime=1775012314000&etime=1777564799000&level=1
活动/邀请好友/里程碑奖励详情.bru,活动,里程碑奖励详情,GET,(relative_abs),/promo/inviter/rewards/upgrade,,/promo/inviter/rewards/upgrade,,,,/promo/inviter/rewards/upgrade
活动/阶梯充值送旋转活动/folder.bru,活动,阶梯充值送旋转活动,,,,,,non_request,,,
活动/阶梯充值送旋转活动/活动详情.bru,活动,活动详情,GET,(relative_abs),/promo/rotate/deposit/detail,,/promo/rotate/deposit/detail?pid=12,,,finance,/promo/rotate/deposit/detail?pid=12
游戏集成平台/folder.bru,游戏集成平台,游戏集成平台,,,,,,non_request,,,
游戏集成平台/商户管理/folder.bru,游戏集成平台,商户管理,,,,,,non_request,,,
游戏集成平台/商户管理/商户key生成.bru,游戏集成平台,商户key生成,POST,{{admin_url}},/platform/merchant/resetkey,{{admin_url}},{{admin_url}}/platform/merchant/resetkey,,,,{{admin_url}}/platform/merchant/resetkey
游戏集成平台/商户管理/商户列表.bru,游戏集成平台,商户列表,GET,{{admin_url}},/platform/merchant/list,{{admin_url}},{{admin_url}}/platform/merchant/list,,,,{{admin_url}}/platform/merchant/list
游戏集成平台/商户管理/商户更新.bru,游戏集成平台,商户更新,POST,{{admin_url}},/platform/merchant/update/state,{{admin_url}},{{admin_url}}/platform/merchant/update/state,,,,{{admin_url}}/platform/merchant/update/state
游戏集成平台/商户管理/注单管理.bru,游戏集成平台,注单管理,POST,{{admin_url}},/platform/record/bet,{{admin_url}},{{admin_url}}/platform/record/bet,,,,{{admin_url}}/platform/record/bet
游戏集成平台/商户管理/注单管理合计.bru,游戏集成平台,注单管理合计,POST,{{admin_url}},/platform/record/bet/stat,{{admin_url}},{{admin_url}}/platform/record/bet/stat,,,,{{admin_url}}/platform/record/bet/stat
游戏集成平台/商户管理/注单管理导出.bru,游戏集成平台,注单管理导出,GET,{{admin_url}},/platform/record/export,{{admin_url}},{{admin_url}}/platform/record/export,,,,{{admin_url}}/platform/record/export
游戏集成平台/商户管理/玩家管理.bru,游戏集成平台,玩家管理,GET,{{admin_url}},/platform/member/list,{{admin_url}},{{admin_url}}/platform/member/list,,,,{{admin_url}}/platform/member/list
游戏集成平台/商户管理/玩家管理导出.bru,游戏集成平台,玩家管理导出,GET,{{admin_url}},/platform/member/export,{{admin_url}},{{admin_url}}/platform/member/export,,,,{{admin_url}}/platform/member/export
游戏集成平台/报表/folder.bru,游戏集成平台,报表,,,,,,non_request,,,
游戏集成平台/报表/首页报表.bru,游戏集成平台,首页报表,POST,{{admin_url}},/platform/report/bi,{{admin_url}},{{admin_url}}/platform/report/bi,,,,{{admin_url}}/platform/report/bi
游戏集成平台/游戏管理/+查询场馆列表-owen.bru,游戏集成平台,+查询场馆列表-owen,POST,{{cbor_request_proxy}},/platform/gameclass/list,{{admin_url}},{{admin_url}}/platform/gameclass/list,,,,{{cbor_request_proxy}}/platform/gameclass/list
游戏集成平台/游戏管理/+获取 -权重标签- 列表-owen.bru,游戏集成平台,+获取 <权重标签> 列表-owen,POST,{{cbor_request_proxy}},/platform/game/dictweighttag/list,{{admin_url}},{{admin_url}}/platform/game/dictweighttag/list,,,,{{cbor_request_proxy}}/platform/game/dictweighttag/list
游戏集成平台/游戏管理/+获取 -类型标签- 列表-owen.bru,游戏集成平台,+获取 <类型标签> 列表-owen,POST,{{cbor_request_proxy}},/platform/game/dicttypetag/list,{{admin_url}},{{admin_url}}/platform/game/dicttypetag/list,,,,{{cbor_request_proxy}}/platform/game/dicttypetag/list
游戏集成平台/游戏管理/folder.bru,游戏集成平台,游戏管理,,,,,,non_request,,,
游戏集成平台/游戏管理/厂商名称列表.bru,游戏集成平台,厂商名称列表,GET,{{admin_url}},/platform/venue/name/list,{{admin_url}},{{admin_url}}/platform/venue/name/list,,,,{{admin_url}}/platform/venue/name/list
游戏集成平台/游戏管理/厂商管理.bru,游戏集成平台,厂商管理,GET,{{admin_url}},/platform/venue/list,{{admin_url}},{{admin_url}}/platform/venue/list,,,,{{admin_url}}/platform/venue/list
游戏集成平台/游戏管理/厂商管理更新.bru,游戏集成平台,厂商管理更新,POST,{{admin_url}},/platform/venue/update/state,{{admin_url}},{{admin_url}}/platform/venue/update/state,,,,{{admin_url}}/platform/venue/update/state
游戏集成平台/游戏管理/游戏列表.bru,游戏集成平台,游戏列表,GET,{{admin_url}},/platform/game/list,{{admin_url}},{{admin_url}}/platform/game/list,,,game,{{admin_url}}/platform/game/list
游戏集成平台/游戏管理/游戏名称列表.bru,游戏集成平台,游戏名称列表,GET,{{admin_url}},/platform/game/name/list,{{admin_url}},{{admin_url}}/platform/game/name/list,,,,{{admin_url}}/platform/game/name/list
游戏集成平台/游戏管理/游戏导出.bru,游戏集成平台,游戏导出,POST,{{admin_url}},/platform/game/export,{{admin_url}},{{admin_url}}/platform/game/export?topic_id=防冲突id,,,,{{admin_url}}/platform/game/export?topic_id=防冲突id
游戏集成平台/游戏管理/游戏更新状态.bru,游戏集成平台,游戏更新状态,POST,{{admin_url}},/platform/game/update/state,{{admin_url}},{{admin_url}}/platform/game/update/state,,,,{{admin_url}}/platform/game/update/state
游戏集成平台/游戏管理/游戏编辑.bru,游戏集成平台,游戏编辑,POST,{{admin_url}},/platform/game/update,{{admin_url}},{{admin_url}}/platform/game/update,,,,{{admin_url}}/platform/game/update
游戏集成平台/系统管理/folder.bru,游戏集成平台,系统管理,,,,,,non_request,,,
游戏集成平台/系统管理/用户管理/folder.bru,游戏集成平台,用户管理,,,,,,non_request,,,
游戏集成平台/系统管理/用户管理/修改账户信息-seven.bru,游戏集成平台,修改账户信息-seven,POST,{{admin_url}},/platform/user/update,{{admin_url}},{{admin_url}}/platform/user/update,,,,{{admin_url}}/platform/user/update
游戏集成平台/系统管理/用户管理/后台删除账户-seven.bru,游戏集成平台,后台删除账户-seven,GET,{{admin_url}},/platform/user/delete,{{admin_url}},{{admin_url}}/platform/user/delete?id=106260745782845282,,,,{{admin_url}}/platform/user/delete?id=106260745782845282
游戏集成平台/系统管理/用户管理/后台员工修改密码.bru,游戏集成平台,后台员工修改密码,POST,(relative_abs),/platform/user/update/password,{{admin_url}},{{admin_url}}/platform/user/update/password,,,auth,/platform/user/update/password
游戏集成平台/系统管理/用户管理/后台登出-seven.bru,游戏集成平台,后台登出-seven,GET,{{admin_url}},/platform/logout,{{admin_url}},{{admin_url}}/platform/logout,,,auth,{{admin_url}}/platform/logout
游戏集成平台/系统管理/用户管理/后台账户列表-seven.bru,游戏集成平台,后台账户列表-seven,GET,{{admin_url}},/platform/user/list,{{admin_url}},{{admin_url}}/platform/user/list,,,,{{admin_url}}/platform/user/list
游戏集成平台/系统管理/用户管理/后台账户详情(当前登陆信息)-seven.bru,游戏集成平台,后台账户详情(当前登陆信息)-seven,GET,{{admin_url}},/platform/me/detail,{{admin_url}},{{admin_url}}/platform/me/detail,,,,{{admin_url}}/platform/me/detail
游戏集成平台/系统管理/用户管理/后台账户详情-seven.bru,游戏集成平台,后台账户详情-seven,GET,{{admin_url}},/platform/user/detail,{{admin_url}},{{admin_url}}/platform/user/detail?id=106260745782845282,,,,{{admin_url}}/platform/user/detail?id=106260745782845282
游戏集成平台/系统管理/用户管理/后端账号登陆-seven.bru,游戏集成平台,后端账号登陆-seven,POST,{{admin_url}},/platform/login,{{admin_url}},{{admin_url}}/platform/login,,,auth,{{admin_url}}/platform/login
游戏集成平台/系统管理/用户管理/新增账户-seven.bru,游戏集成平台,新增账户-seven,POST,{{admin_url}},/platform/user/insert,{{admin_url}},{{admin_url}}/platform/user/insert,,,,{{admin_url}}/platform/user/insert
游戏集成平台/系统管理/用户管理/谷歌验证码校验.bru,游戏集成平台,谷歌验证码校验,POST,admin-platform-dev.filbet2025.com,/platform/login/auth,{{admin_url}},{{admin_url}}/platform/login/auth,hardcoded_env,,auth,https://admin-platform-dev.filbet2025.com/platform/login/auth
游戏集成平台/系统管理/角色管理/folder.bru,游戏集成平台,角色管理,,,,,,non_request,,,
游戏集成平台/系统管理/角色管理/新增角色.bru,游戏集成平台,新增角色,POST,admin-antd.filbet2025.com,/platform/group/insert,{{admin_url}},{{admin_url}}/platform/group/insert,hardcoded_env,,,https://admin-antd.filbet2025.com/platform/group/insert
游戏集成平台/系统管理/角色管理/更新角色.bru,游戏集成平台,更新角色,POST,{{admin_url}},/platform/group/update,{{admin_url}},{{admin_url}}/platform/group/update,,,,{{admin_url}}/platform/group/update
游戏集成平台/系统管理/角色管理/权限列表.bru,游戏集成平台,权限列表,GET,admin-antd.filbet2025.com,/platform/priv/list,{{admin_url}},{{admin_url}}/platform/priv/list?pid=0,hardcoded_env,,,https://admin-antd.filbet2025.com/platform/priv/list?pid=0
游戏集成平台/系统管理/角色管理/角色列表.bru,游戏集成平台,角色列表,GET,{{admin_url}},/platform/group/list,{{admin_url}},{{admin_url}}/platform/group/list?page=1&page_size=20,,,,{{admin_url}}/platform/group/list?page=1&page_size=20
游戏集成平台/系统管理/角色管理/角色权限列表.bru,游戏集成平台,角色权限列表,GET,admin-antd.filbet2025.com,/platform/priv/by/group,{{admin_url}},{{admin_url}}/platform/priv/by/group?gid=0,hardcoded_env,,,https://admin-antd.filbet2025.com/platform/priv/by/group?gid=0
游戏集成平台/首页.bru,游戏集成平台,首页,GET,{{admin_url}},/platform/report/bi,{{admin_url}},{{admin_url}}/platform/report/bi,,,,{{admin_url}}/platform/report/bi
